time,100u,100v,10fg,10u,10v,2d,2t,asn,cbh,cp,crr,csf,csfr,es,hcc,i10fg,ilspf,istl1,istl2,istl3,istl4,lcc,lsf,lsp,lspf,lsrr,lssfr,mcc,mn2t,mntpr,msl,mx2t,mxtpr,ptype,rsn,sd,sf,skt,smlt,sp,tcc,tciw,tclw,tcrw,tcsw,tp,tsn,u10n,v10n,viiwd,viiwe,viiwn,vilwd,vilwe,vilwn
1974-12-31 18:00:00,,,7.35020498693342,,,,,,609.1746327925702,3.95923412057775e-06,2.8355190387138953e-07,2.931274429580869e-06,8.881841538220468e-07,1.3099796075502014e-07,,7.264216011092508,0.3130178959411982,,,,,,2.6798283560036203e-05,3.54297591384346e-05,1099.8994082840236,1.472250156148651e-06,5.554980956591093e-06,,268.57579510028546,6.9053215388010236e-06,,268.9456490059576,1.0279883470761e-05,,,,2.9726493993454432e-05,,0.0,,,,,,,3.938500345105956e-05,,,,,,,,,
1975-01-01 00:00:00,-0.6788460432425053,1.4611366599269167,,-0.42732287299703564,0.22471024439885065,261.23923551119293,266.29279331907014,0.762949245215873,,,,,,,0.0,,,271.45973205566406,271.45997619628906,271.45970153808594,271.4599609375,0.29397871931629066,,,,,,0.07385633118759245,,,101543.71893491125,,,2.8757396449704142,124.01996301052839,0.14024408047015852,,264.5395998080101,,74071.11702570267,0.31497535479844674,0.003954080434945913,0.053678720852996624,0.00047573817552194086,0.005842784452720507,,258.7240259294679,-0.17807260772885655,0.012006291270961422,-1.1097248038311473e-07,0.027449579401073988,0.021796124922552493,-1.7226850007765392e-07,0.1599847137619405,0.04171357422890748
1975-01-01 18:00:00,,,8.133108697699372,,,,,,806.7529456685986,0.00030529305074341906,7.699615151219115e-05,3.452784210972532e-05,8.760361805470032e-06,2.8677879645490535e-07,,7.735840983644745,0.5195437098395895,,,,,,0.0001798238627303987,0.00023398103093254496,2041.3192218125926,1.4660736689200768e-05,3.3738962291965826e-05,,270.81261538894927,9.918292245921299e-05,,271.1278681106116,0.00019635839911772576,,,,0.0002143504704244038,,0.0,,,,,,,0.0005392708389237303,,,,,,,,,
1975-01-02 00:00:00,-1.311756015529294,0.8346342222225032,,-0.6959721491887019,0.11705995593550643,268.6471860084308,271.38672163923815,0.7959345924783741,,,,,,,0.05865957045696191,,,271.45941162109375,271.4596862792969,271.45982360839844,271.4599609375,0.6517770078760632,,,,,,0.6786498198142419,,,101436.23724112425,,,3.0414201183431953,110.7737074631911,0.14418598886072284,,269.2034539217074,,73992.13771264793,0.8595500013532018,0.07816487244335857,0.09582844570543639,0.014497858532787075,0.11245084972776605,,264.0420058210926,-0.47697097733175964,0.10200923716528176,2.3683361721517156e-06,1.0478997654419326,0.85860259833156,-3.615355486954017e-06,0.9708937018571596,0.5560083332706275
1975-01-02 18:00:00,,,5.285410993197966,,,,,,517.3632151651725,5.0824422102708086e-06,7.831513573079419e-08,1.3315157424768753e-06,5.202841829266068e-07,1.2654442890008536e-07,,5.221636281210995,0.2455778404100407,,,,,,1.7848328725826107e-05,2.4938636277554303e-05,972.6512573964498,1.0071950551320815e-06,3.777775009708292e-06,,266.7579474815956,4.466512852166532e-06,,267.1870722121741,7.070534857067131e-06,,,,1.9179646080062233e-05,,0.0,,,,,,,3.0020902142722227e-05,,,,,,,,,
1975-01-03 00:00:00,-0.17167405687140289,0.531091080614801,,-0.037775722481089936,-0.2409301565949028,262.68857073360647,268.0545618181398,0.797642104371765,,,,,,,0.0,,,271.45970153808594,271.45973205566406,271.45997619628906,271.4599609375,0.3975895085983728,,,,,,0.09267294618504993,,,101781.05824704142,,,2.6568047337278107,116.02067954159347,0.14489984512329102,,261.505619929387,,74126.36436760356,0.4070450822277182,0.0044523216563569015,0.06230871913999046,0.0006958210962058524,0.008858562221188518,,256.8102213842629,-0.01695252628721429,-0.11061162215012771,1.9485998790078803e-07,0.014986206771883033,0.019981435759092225,5.991835479167174e-07,-0.013330589384722286,0.09233227484589497
1975-01-03 18:00:00,,,6.0060047962256435,,,,,,624.9516347249349,3.9343143532262046e-07,1.4205975733565156e-07,3.3702580092926704e-07,3.130346007601044e-07,8.900631591126588e-08,,5.742870466243586,0.1742673794898761,,,,,,8.189378405463767e-06,8.520312034166776e-06,723.3598372781065,8.902534533887219e-08,1.5387653246433776e-06,,264.7634172608866,1.5069129904346353e-06,,265.17278267222747,2.0533568672174533e-06,,,,8.52657228531922e-06,,0.0,,,,,,,8.91395839008354e-06,,,,,,,,,
1975-01-04 00:00:00,0.707629536735941,0.2131182710094565,,0.28648357278496556,-0.304578555406198,258.2606572258402,263.4870483579015,0.7943601541265228,,,,,,,0.0,,,271.45982360839844,271.46075439453125,271.4599609375,271.4599609375,0.1998773157243898,,,,,,0.06480561205621302,,,102147.52921597633,,,2.4023668639053253,119.25202661999585,0.14507580932075456,,259.7253565139319,,74215.60147004438,0.21406094703448594,0.004388735844538762,0.0068240871090860765,9.014673486969175e-06,0.0020378242582964473,,255.402537058091,0.08915377827085687,-0.2033826387845553,1.1472303741308447e-07,0.021473179201198494,0.02306135730630547,3.5126855792016196e-07,0.005080940455374633,0.014882022944780497
1975-01-04 18:00:00,,,6.069364135787332,,,,,,453.5985178629557,0.0,0.0,0.0,0.0,-1.0778680028732778e-08,,5.8800489662667,0.04019453962879068,,,,,,3.4161077360429707e-07,3.622707045642582e-07,153.28994082840237,0.0,2.38019391651866e-08,,262.5478925535665,3.2812588401800076e-08,,262.88400169237127,3.4094672407624283e-07,,,,3.4161077360429707e-07,,0.0,,,,,,,3.622707045642582e-07,,,,,,,,,
1975-01-05 00:00:00,0.7036213677310379,-0.9133598790366269,,0.2343445727105677,-0.5095661039183126,255.66080470339082,262.5291001359387,0.7908075645830505,,,,,,,0.0,,,271.46022033691406,271.45953369140625,271.45973205566406,271.4599609375,0.030196150379068046,,,,,,0.004766475519485022,,,102275.18528106509,,,0.3905325443786982,123.50993157561714,0.1451397986101681,,256.7226078552607,,74269.07451923077,0.03180662979035688,7.657010174361911e-05,0.0007576039556920881,0.0,6.841414073515221e-05,,252.51992752707216,0.18040710793444392,-0.25844022649279713,-2.4840319087667207e-08,-0.0003637056591088426,-0.0003164125573352949,-2.475964246777895e-07,0.0001456580006313571,-0.00046055517076740605
1975-01-05 18:00:00,,,5.257881994078145,,,,,,1245.7904256184895,9.210725155102431e-07,4.058864970619862e-09,8.861561851388604e-07,0.0,1.0597644839263604e-07,,5.168881495323407,0.047594962035410505,,,,,,2.51329244946587e-06,2.523189818365334e-06,205.1190828402367,3.6079278105550265e-09,5.773428452790842e-07,,264.2886889756784,5.348767401904044e-07,,264.667155248879,1.911536829006037e-06,,,,3.3989636855717945e-06,,0.0,,,,,,,3.4373628317251714e-06,,,,,,,,,
1975-01-06 00:00:00,1.2325472270948648,-0.4118776772854596,,0.3671929511798204,-0.4361553079277806,259.4966670831985,265.6162153616459,0.786298147320042,,,,,,,0.0,,,271.45982360839844,271.4602508544922,271.4600830078125,271.4599609375,0.06312777728018676,,,,,,0.021114462226100222,,,102027.35336538461,,,1.5088757396449703,126.94789385372366,0.14506870190772783,,259.1688664001826,,74301.16498705621,0.07353941787629438,0.00045319986061231627,0.003532787751869337,3.0314825342957083e-07,0.00059227689483462,,255.20411212627704,0.2175073895228685,-0.2693980911074305,2.1219147433220795e-08,0.002174394355984212,-0.0004417385090384963,-3.757213562494144e-08,0.013498409178670076,-0.002200797795367664
1975-01-06 18:00:00,,,5.562372004492043,,,,,,1195.550745346967,1.3081059300687892e-06,0.0,1.3078414124144605e-06,2.8890287558707965e-07,8.211137737924531e-08,,5.493397881998819,0.015979112252681213,,,,,,6.492894429426927e-06,7.498281947254429e-06,109.37943786982248,8.287255448349834e-08,1.342812850630495e-06,,264.42180746405785,1.5549670309710078e-06,,264.6990460277309,3.595235785083658e-06,,,,7.80084605753069e-06,,0.0,,,,,,,8.806850783218293e-06,,,,,,,,,
1975-01-07 00:00:00,0.8699170174683339,-0.4240243505444047,,0.2829212154862443,-0.39429901619634683,257.9261280488686,264.4911209196734,0.7818436343994366,,,,,,,0.0,,,271.46014404296875,271.4595947265625,271.4600830078125,271.4599609375,0.07520009780071191,,,,,,0.05819286820451183,,,101754.7573964497,,,0.3609467455621302,130.8106897117118,0.1450491205475034,,258.90393924148833,,74160.94582100592,0.09820953910872782,0.0015485977985449796,0.00603848519409902,5.599380244870157e-05,0.004138788527990939,,254.82611093013244,0.10688848714151326,-0.21045528502153926,9.253512844601756e-08,0.00646215185208574,-0.0032910845688814243,1.452461800957512e-07,0.010845023161902495,-0.005409020291277643
1975-01-07 18:00:00,,,5.293698243135531,,,,,,772.5425706946331,3.4535424949149407e-06,0.0,3.4537188400178265e-06,0.0,1.7527919931260775e-07,,5.225052066103241,0.061547634869637574,,,,,,1.1153651412422135e-05,1.2176188491505278e-05,254.4574704142012,8.873327376221763e-08,1.950310708503046e-06,,265.6665532038762,2.8608245609780037e-06,,265.95666296242257,3.8521705999882265e-06,,,,1.460728207988852e-05,,0.0,,,,,,,1.562981915897166e-05,,,,,,,,,
1975-01-08 00:00:00,0.6285929665762997,-0.30689917231452535,,0.17101757342998797,-0.5509198205710868,257.80804163464427,264.41343409069896,0.777549699566068,,,,,,,0.0015174933439175758,,,271.4600067138672,271.4593048095703,271.4600372314453,271.4599609375,0.08074698363535503,,,,,,0.03455348268768491,,,101808.98335798817,,,1.8224852071005917,132.2469877886349,0.14511547427205645,,259.8966017503005,,74258.6393306213,0.09409102039224297,0.0018464884109045626,0.005591917320116032,4.989261457905967e-05,0.004749862400032359,,255.7972155689488,0.03880713536189152,-0.2825044372378016,2.9136161109812824e-07,0.009996205159137852,-0.0009714294026589253,1.8643791089523252e-07,0.02153843512191002,7.486841558704715e-06
1975-01-08 18:00:00,,,5.606830522858885,,,,,,3136.691566162109,1.572535411846003e-06,4.74306330437491e-09,1.545620740518062e-06,3.4977224539722916e-07,1.2817975318107286e-07,,5.4381221490498834,0.12215328780857064,,,,,,2.3300919307054147e-05,2.3288090200819207e-05,497.73631656804736,0.0,4.137353696061309e-06,,266.70988491442074,4.495554686298032e-06,,267.01377976998776,5.283629929525612e-06,,,,2.4845878753436388e-05,,0.0,,,,,,,2.4859501412634314e-05,,,,,,,,,
1975-01-09 00:00:00,-0.11894297176564234,0.29136545418282234,,-0.15342119318493724,-0.40556229924309184,260.5803344545985,267.06823477660413,0.7739554491974193,,,,,,,0.1232460518560466,,,271.45936584472656,271.4605407714844,271.4599914550781,271.4599609375,0.1315592929456361,,,,,,0.26258091672637757,,,101848.4561760355,,,2.2189349112426036,132.2003901554988,0.14527003722783377,,262.2253456792888,,74274.5147466716,0.3881495549128606,0.010299084454598512,0.005529414972610022,0.0,0.00982172813641249,,257.9913761658076,-0.059674323663203674,-0.24821555120705147,-8.428235468644093e-07,0.12389935262104464,0.05657841585791455,1.233958282036784e-07,0.014208514123504773,0.017934245977705047
1975-01-09 18:00:00,,,4.971071852734808,,,,,,1286.2918996503277,1.0134773494223872e-06,0.0,1.010325180708304e-06,5.16316418111677e-07,1.361828501275658e-07,,4.88414713052603,0.12175213514700443,,,,,,8.083064351561506e-06,8.06754598250756e-06,530.2610946745563,0.0,1.3544681597743513e-06,,265.7783241949138,1.4268082274487739e-06,,266.1054747993424,2.00054701968763e-06,,,,9.094050826405633e-06,,0.0,,,,,,,9.079656657382582e-06,,,,,,,,,
1975-01-10 00:00:00,-0.23223926047601642,-0.1487583803707326,,-0.08867478793894751,-0.6121531887167304,259.9211330978123,264.74489588991423,0.7718598324166247,,,,,,,0.019640047874676405,,,271.4600067138672,271.4603576660156,271.46019687472716,271.4599609375,0.14825313048955252,,,,,,0.11302284376155695,,,101839.71412721893,,,2.0710059171597632,131.87839034041005,0.1454449377116367,,261.8086911714994,,74160.07535133135,0.2093912158492049,0.006205237123387805,0.0022565119365263266,3.753946377680852e-07,0.004728413192478157,,257.2894290720923,-0.055064003848465236,-0.35915664808284603,-2.3136097555856095e-08,0.0372352035793327,0.037240383893075074,6.617219750452567e-09,-0.0002644848982257956,0.006136792563122405
1975-01-10 18:00:00,,,5.1181955788967874,,,,,,1048.4593449422757,2.3319766189925066e-06,1.5066264296424459e-06,4.2898426129973147e-07,1.1089489348894041e-07,1.942530518819221e-07,,4.995591067703518,0.17356574605907915,,,,,,9.781730598246557e-06,9.771326237176296e-06,750.1634615384615,0.0,2.0241552203364625e-06,,265.4190377681213,1.7375613634402935e-06,,265.7251927302434,4.0008074785830705e-06,,,,1.0206149174616887e-05,,0.0,,,,,,,1.2105826795453856e-05,,,,,,,,,
1975-01-11 00:00:00,-0.18482752241326508,0.12980697564119417,,-0.0525385896129721,-0.44743688007783605,259.6218415209527,265.1285220716127,0.7692376992406225,,,,,,,0.0,,,271.46018981933594,271.4596710205078,271.45985412597656,271.4599609375,0.19065026277621117,,,,,,0.0563501211313101,,,101712.67400147929,,,2.2485207100591715,131.51765161999583,0.145488355286728,,261.5467935595992,,73967.43897928995,0.23454257581360946,0.005516447259124214,0.0016041140584550665,1.4446190828402367e-06,0.003356504722459782,,257.43649301021054,-0.04807339723293598,-0.24454990928695047,6.126788455666424e-08,0.022062766792792718,0.022909220844591946,-2.157385796845819e-07,0.001417928491030219,0.004732972628177976
1975-01-11 18:00:00,,,5.2306690554647055,,,,,,1370.8741410199334,1.141508302745029e-05,2.038681648186678e-06,1.0663698587191881e-06,1.0742723236422567e-07,1.097750256665343e-07,,5.106051879521658,0.20175920294586724,,,,,,1.7533464544623563e-05,1.7595097158082137e-05,866.5684171597633,6.674662144226435e-08,3.7535275580614984e-06,,265.46267989119127,5.107990207051384e-06,,265.7944656462359,7.082901057406995e-06,,,,1.859982338177382e-05,,0.0,,,,,,,2.9011679118906957e-05,,,,,,,,,
1975-01-12 00:00:00,0.497731237016486,0.02664576761821318,,0.17562301906608266,-0.3982836875689806,260.8501809927133,265.44266234629254,0.7677628429683708,,,,,,,0.0006514583113630848,,,271.4597930908203,271.4605255126953,271.4597625732422,271.4599609375,0.24558154224644047,,,,,,0.15274147169124444,,,101685.84079142012,,,2.5562130177514795,131.42935650165265,0.14576809505033775,,262.4244453385031,,73901.01007766272,0.32917596038276625,0.011589170837676367,0.006097646859975962,1.693142236337154e-05,0.011728726900540866,,257.6991295447716,0.0929402391586078,-0.20259302466578738,1.522381116633342e-07,0.08286189276466047,0.02390904371907725,-1.996908847142022e-07,0.03111192571500746,0.009490983571702912
1975-01-12 18:00:00,,,5.69882580232338,,,,,,688.2755802699497,2.4956469176083625e-06,1.3845294890319102e-07,2.954855076307376e-07,6.054078928641314e-08,9.892128810759072e-08,,5.637974056266469,0.14594173995700813,,,,,,1.307643024173714e-05,1.5675668885721962e-05,591.8494822485208,3.484110816343296e-07,2.4916460880866416e-06,,263.2945534068452,3.105238873577682e-06,,263.89497709556446,5.166977643966675e-06,,,,1.3371720116519364e-05,,0.0,,,,,,,1.8190526397975943e-05,,,,,,,,,
1975-01-13 00:00:00,1.2519876660679925,-0.9773124378813794,,0.39858945586977623,-0.5589879560752733,259.67676620934844,264.1475886960001,0.7667397761485986,,,,,,,0.0,,,271.45924377441406,271.459716796875,271.45985412597656,271.4599609375,0.15469143658700074,,,,,,0.05787839268791605,,,101760.31286982249,,,2.0414201183431953,131.56045857265858,0.14635976531801845,,259.8384035550631,,73861.57188424557,0.18158103446283283,0.003177428386620516,0.0032538126206256932,6.154373552672257e-05,0.006587169579500277,,255.93327448918268,0.27293753765038486,-0.2084725735455575,2.361510419796535e-07,0.012043450711041513,-0.005938487645437026,-2.814319255378114e-07,0.002837494721074076,-0.0019317108851212722
1975-01-13 18:00:00,,,6.564939713337012,,,,,,717.4977685546875,2.7129040843636325e-07,3.337331072113218e-08,0.0,0.0,1.8697975985409648e-07,,6.409014414048054,0.10670886519392567,,,,,,1.4031779836620804e-05,2.566032861111432e-05,478.9852071005917,1.998320662763697e-06,3.3137669577401067e-06,,265.8158015866251,4.715886870784873e-06,,266.10273471809705,6.222116523945825e-06,,,,1.4031779836620804e-05,,1.6899812503679264e-06,,,,,,,2.587820298572969e-05,,,,,,,,,
1975-01-14 00:00:00,0.7325307575203258,-0.3692508336354995,,0.2472075625989564,-0.35691356094631216,260.2478659364599,265.1017238458938,0.7644074418135649,,,,,,,0.0,,,271.4601745605469,271.45994567871094,271.4600067138672,271.4599609375,0.1320620203864645,,,,,,0.08661620010285688,,,101628.86094674557,,,2.1538461538461537,131.54245284041005,0.14658146355984478,,260.1595900496082,,74083.27738997781,0.15856789131841717,0.0023856811974880964,0.030636307755870933,0.0002339965493015989,0.006903766880373983,,256.36870489176914,0.08740159992635603,-0.1352967189613884,1.2479277439422343e-07,0.014410075118500718,-0.0021390062067988356,-1.669871020158367e-08,0.16753080987828556,-0.026642041446189202
1975-01-14 18:00:00,,,6.643095174484705,,,,,,650.6412173722141,0.0,0.0,0.0,0.0,2.2692193642097453e-07,,6.550278889356986,0.1393584302191198,,,,,,9.94286593600843e-06,1.4902439695843578e-05,586.1793639053254,7.997140200180415e-07,2.0299305224559716e-06,,266.8859740488628,2.649177372808287e-06,,267.2284764397074,4.0561798408892024e-06,,,,9.94286593600843e-06,,0.0,,,,,,,1.4863731945760151e-05,,,,,,,,,
1975-01-15 00:00:00,1.078108950479496,-0.07788192026713896,,0.37571940337412457,-0.3489636528421436,261.8664252828564,266.5781360152205,0.7613611767983296,,,,,,,0.0,,,271.4603729248047,271.4601745605469,271.45985412597656,271.4599609375,0.18602134208002033,,,,,,0.10591107430542715,,,101640.69951923077,,,2.4497041420118344,132.11634799573548,0.14672808957523142,,261.9235421807103,,74198.40925480769,0.2130243425538554,0.0022533123309795675,0.04917785825108635,0.00016989122481035764,0.003904873097436668,,257.85635818391154,0.13962405884759665,-0.1341710277563016,5.828159368395827e-08,0.012081134939595875,0.0008066507089420183,-7.387111858966259e-08,0.28276884203126446,-0.054041526726717075
1975-01-15 18:00:00,,,7.662825872206829,,,,,,754.2719067232108,1.7136335372924805e-07,0.0,1.7122007333315335e-07,9.84170997636558e-08,3.7215402607588007e-07,,7.564126347649027,0.20237054768398668,,,,,,2.063890180644199e-05,2.210961996450932e-05,791.9315828402367,4.7334883163666584e-07,4.439091188667794e-06,,267.9452572433201,4.554200454576481e-06,,268.32231781186437,5.651529900421052e-06,,,,2.0810132901344073e-05,,0.0,,,,,,,2.2281732784925833e-05,,,,,,,,,
1975-01-16 00:00:00,0.8009735931306196,1.1675709944504957,,0.26985108076468023,0.08906111632578471,263.2830426819931,267.3917769031412,0.7594176506149698,,,,,,,0.0,,,271.4606628417969,271.4596252441406,271.4595947265625,271.4599609375,0.23724952110877404,,,,,,0.03735676601793639,,,101529.88590976331,,,2.7514792899408285,130.95082931969998,0.1468367209801307,,263.0812875420384,,74155.78515625,0.24419089572052277,0.0033445640428531806,0.0294063266934331,0.00015051054531300563,0.005143001940123428,,259.6394278622238,0.08838585177822227,-0.002166437679493921,2.0231951814084233e-09,0.01796834142911372,0.01824416775675215,3.9113042449038585e-07,0.16273581546031424,0.03559934599159737
1975-01-16 18:00:00,,,6.209884350116436,,,,,,533.6414702478116,4.0178247810115475e-06,2.062907056695611e-06,3.10365176765171e-06,5.496897288328092e-07,5.462506441392567e-08,,5.874177520797097,0.3451435156827848,,,,,,4.6812923702262565e-05,6.631545766570864e-05,1252.7843934911243,4.543906309195524e-06,9.724594784911568e-06,,267.7717424200837,1.3247000042503402e-05,,268.1253774970241,1.7013863698970638e-05,,,,4.991501040712616e-05,,2.7755341498104075e-07,,,,,,,7.033224641924074e-05,,,,,,,,,
1975-01-17 00:00:00,0.9730494628996539,0.5923179141163121,,0.3148791070520525,-0.02780281721487553,263.86982772195125,267.70066228561853,0.7612352536980217,,,,,,,0.0,,,271.46006774902344,271.46083068847656,271.46006774902344,271.4599609375,0.348033385869314,,,,,,0.08078580777320636,,,101405.26460798817,,,2.7633136094674557,129.0794813167414,0.14770951637854943,,263.49240735296667,,73864.96801035503,0.3604786889792899,0.007779691346298308,0.04969643135747966,0.00045541052282209227,0.011692475990430844,,259.4382796428613,0.12484471544006168,0.007130900078271268,9.069625393641815e-08,0.03363982860147732,0.031845913887211294,5.824638278493603e-07,0.17206963178420648,0.040535126917460966
1975-01-17 18:00:00,,,6.394666745112493,,,,,,902.137647478768,6.960561642279991e-07,0.0,6.966072426745173e-07,6.708002390240776e-08,6.968700704984533e-08,,6.270130586341994,0.13073378342848557,,,,,,1.3329220946723893e-05,1.643492272619665e-05,481.2352071005917,3.742842146983513e-07,2.6326560409816765e-06,,265.33679867355073,3.266153779960948e-06,,265.78448829425156,4.224831888661582e-06,,,,1.402587227567413e-05,,6.902312650483035e-07,,,,,,,1.7127077255023302e-05,,,,,,,,,
1975-01-18 00:00:00,1.9168365170969766,-0.06748569082226273,,0.5977865704417934,-0.32133061222776155,259.8694795687523,264.73756038507764,0.7606275056946207,,,,,,,0.0,,,271.45994567871094,271.4597473144531,271.46009826660156,271.4599609375,0.13040088901858357,,,,,,0.05246450209758691,,,101718.68398668639,,,1.8875739644970415,131.14473187147513,0.14828105791080634,,260.8254518226759,,74112.16762204142,0.1420512904782267,0.0014920940060587325,0.015700481347078403,6.971997622202134e-05,0.004942312748474482,,256.14396333412304,0.413201295765194,-0.14984916371001294,2.11248926359598e-07,0.01278435406555799,-0.0015527102324736895,5.097339582800337e-07,0.0678412187086782,0.0005266158538457205
1975-01-18 18:00:00,,,6.717917899408284,,,,,,655.6607496931746,2.7476495804165945e-07,0.0,2.74566569800913e-07,0.0,2.351961660485342e-07,,6.5328542494914945,0.16372283393814718,,,,,,9.322043001299073e-06,1.2437311502603385e-05,619.7965976331361,1.1820191815054628e-06,1.7973699072408959e-06,,267.87268599109535,2.163285995728871e-06,,268.24105609239206,3.850462256804021e-06,,,,9.596810714732965e-06,,2.743929800902598e-07,,,,,,,1.268807423890695e-05,,,,,,,,,
1975-01-19 00:00:00,1.5488766100279678,0.7218251651560766,,0.5228167088074092,0.032576171604133924,262.2128893609583,268.05852043558156,0.757393638763202,,,,,,,0.00020711379643728042,,,271.4600830078125,271.4597930908203,271.45977783203125,271.4599609375,0.157997898801544,,,,,,0.05809508555034209,,,101641.94914940829,,,2.834319526627219,131.21296411999583,0.14840977572830472,,262.5415876038681,,74202.97922059911,0.17023978148691754,0.0012852031098314995,0.032583852052321484,0.00026541489821213944,0.0019406990186702571,,258.7160345675677,0.24550523101930788,0.017074770475985736,6.697623925552202e-08,0.006214943157850638,0.0011265207544939053,1.3621221227604434e-07,0.17061312523113906,-0.028488381374517136
1975-01-19 18:00:00,,,7.485409313405054,,,,,,849.2297557109111,3.1637138075377107e-07,0.0,3.1719799842354813e-07,2.7678603824426437e-08,2.994264470608874e-07,,7.326885155672152,0.19624030660595415,,,,,,1.5192703735193557e-05,1.627634439242662e-05,759.6368343195267,3.496193211283204e-07,3.125121783928053e-06,,268.69112671620746,3.2777043841999665e-06,,269.0704382721489,4.188681142569999e-06,,,,1.5510169006663667e-05,,6.376063732220929e-09,,,,,,,1.6593941922723895e-05,,,,,,,,,
1975-01-20 00:00:00,1.0858119253576155,0.7104482876478567,,0.44538037452472035,-0.08610740074744591,264.4704603387054,268.973378378964,0.7545340068241548,,,,,,,0.32425658096223187,,,271.4600067138672,271.4596405029297,271.4600067138672,271.4599609375,0.23809706106693787,,,,,,0.10026857274523854,,,101715.97965976331,,,2.6094674556213016,131.43462647206684,0.1485302208443365,,263.99708069569965,,74287.88165680473,0.5380481764586014,0.004278211198614899,0.026426062172574278,9.647241005530724e-05,0.0041408200235761835,,260.3050863954443,0.1419889729403885,-0.03755369129970934,-6.153628128662033e-07,0.1066983070599257,-0.002767028187858988,-1.5514551867013136e-07,0.13559366498749012,0.003974717396956224
1975-01-20 18:00:00,,,6.90915343041956,,,,,,2910.6481413941283,4.939205900451841e-06,3.907766149065198e-08,4.665165610567352e-06,1.13303932917894e-06,2.764775661640379e-07,,6.690574334570642,0.28603701619706917,,,,,,3.545920877061652e-05,3.868438435729439e-05,1028.058801775148,5.630313380230108e-07,7.71126274526472e-06,,269.6220583943926,8.11861993293085e-06,,269.98340358395546,1.0996527925750913e-05,,,,4.012371308704805e-05,,1.7576474839678177e-08,,,,,,,4.3624516069536376e-05,,,,,,,,,
1975-01-21 00:00:00,0.05727699099207771,0.701710226973133,,-0.15974922293036647,-0.1676760227722529,264.9056767570902,269.589297593698,0.7548569751209055,,,,,,,0.4449211888059357,,,271.4598846435547,271.4599609375,271.4600372314453,271.4599609375,0.21131246894068972,,,,,,0.3820535332493528,,,101667.47910502959,,,2.698224852071006,129.86942214514377,0.14891385749952327,,265.23281119984284,,74234.53178161982,0.7782229269970451,0.015767106310979013,0.017150924050596338,0.0003955265474037306,0.017543037505179764,,261.57514700804944,-0.04878456564344598,-0.05747740367460533,-3.6892362494164936e-06,0.5557234724597818,0.08482276758498694,5.113610496831308e-07,0.07066357972240903,0.012721914511460524
1975-01-21 18:00:00,,,7.04817972239658,,,,,,1980.1075478293678,7.753276966027254e-05,2.065477286570171e-05,1.1229391634111573e-05,1.9678350031023195e-06,2.9994189780149177e-07,,6.903611995764738,0.340489946173493,,,,,,0.00011533904357774723,0.00011899097431340866,1322.4293639053255,1.2657335083160174e-06,2.464369909297785e-05,,270.1671037843241,2.8703339706511188e-05,,270.52247393907174,6.8162055410577e-05,,,,0.00012656869972951313,,3.6112428918348614e-09,,,,,,,0.00019652444935409276,,,,,,,,,
1975-01-22 00:00:00,-1.0860516700518907,1.1513729941915478,,-0.5780746301955725,0.13588115872716058,267.6218695104475,271.9263323721801,0.7700373682044667,,,,,,,0.13929847852718194,,,271.4604797363281,271.4598693847656,271.4597625732422,271.4599609375,0.35935152493990385,,,,,,0.5096660365719767,,,101754.31573594674,,,2.7633136094674557,124.59210150904909,0.1504798556220602,,267.19143514238164,,74242.8328864645,0.660847253347995,0.039719931212303466,0.029815786688990847,0.0008304330724230885,0.06095160168358648,,262.6870970415646,-0.2803077246310443,-0.0023746772630680243,-2.0404017017878725e-06,0.7420290114479304,0.36093251651825287,-2.9282255019695006e-06,0.311434576880275,0.13336978773393574
1975-01-22 18:00:00,,,6.522019679729755,,,,,,1473.4287422854884,3.535278450102496e-06,1.2402984826169775e-07,1.424862920532565e-06,1.2624793900893286e-07,2.27439126772007e-07,,6.2882484416284505,0.21559404903615015,,,,,,3.226709789072974e-05,3.2752928649180036e-05,920.9441568047338,3.831855093057339e-08,6.4303139610403385e-06,,266.3909093190932,6.782739649157552e-06,,266.8395946434969,8.127238799834392e-06,,,,3.3693817945627066e-05,,1.4811610946288475e-08,,,,,,,3.629067593072293e-05,,,,,,,,,
1975-01-23 00:00:00,0.5241105062721749,0.8858678016436876,,0.057750803479076136,-0.08578637930063102,263.4164076585036,267.4842281905857,0.7864532467176223,,,,,,,0.3650778144068972,,,271.46038818359375,271.46044921875,271.46034240722656,271.4599609375,0.26987515963040865,,,,,,0.13311225845968935,,,101840.26183431952,,,2.7514792899408285,122.29263775165265,0.15313827920947554,,263.20698213295117,,74196.31973465237,0.6318731844954236,0.01092808124176695,0.01628098034399104,2.3287428906683386e-05,0.010585852628628883,,259.805926712307,0.03743335269611968,-0.11253778468927689,-1.3105551185762819e-06,0.2189306728831167,0.04670281946306398,-1.2497226774799996e-08,0.052082393362500964,0.03424884403157517
1975-01-23 18:00:00,,,7.472780120443311,,,,,,1310.927597432197,7.161617102707631e-06,7.756980213187855e-08,6.69282568982367e-06,6.001574929649308e-07,1.978259362292768e-07,,7.388433986866968,0.22708500066452478,,,,,,3.4689638741623015e-05,3.577019335955558e-05,933.9907544378698,1.4486474662842835e-07,7.354296170748197e-06,,266.23289995362774,7.873059377162415e-06,,266.6073881973176,1.0268046305729793e-05,,,,4.138281712165246e-05,,0.0,,,,,,,4.292830560334335e-05,,,,,,,,,
1975-01-24 00:00:00,-0.344855427036624,1.3189238486205332,,-0.2972874838924972,0.0998712855683276,262.77332120816385,268.2168328098997,0.783973436383806,,,,,,,0.03869610848511464,,,271.4595947265625,271.45977783203125,271.4597473144531,271.4599609375,0.25356234036959135,,,,,,0.0759743233404216,,,101735.93047337278,,,2.769230769230769,124.94604474129761,0.15382205522977388,,261.7425950631588,,74020.57872596153,0.3236070061488264,0.008133449854147372,0.016181989002802093,8.031725883483887e-06,0.006699059841900888,,258.07181120200977,-0.10534306743441249,-0.018162467775965585,2.33720194051709e-07,0.08360904678509477,0.06239855501073352,-8.382676403484577e-07,0.09725420000637777,0.05504468458252766
1975-01-24 18:00:00,,,6.8356172911514195,,,,,,772.8156840407004,3.1660338477975517e-06,7.127538411574956e-07,1.350423243976909e-06,1.7702706246333716e-07,1.5429219737485019e-07,,6.525275433557273,0.2431994556675296,,,,,,3.3588892609410035e-05,4.1910882532243896e-05,933.9963017751479,9.997224313972969e-07,6.83156519951905e-06,,266.3560029881946,8.268469184108035e-06,,266.7683193951669,1.0824679622988729e-05,,,,3.4940225132823694e-05,,2.1028271793613773e-06,,,,,,,4.5078569615381004e-05,,,,,,,,,
1975-01-25 00:00:00,1.0152207662367962,0.06273284325232872,,0.25917144639957584,-0.3358880556546725,263.9317715436044,268.36201549281736,0.7846676661418035,,,,,,,0.00880013415093958,,,271.459716796875,271.4601287841797,271.4598693847656,271.4599609375,0.2767268976516272,,,,,,0.15424568131125185,,,101977.59892751479,,,2.7455621301775146,124.66909392768815,0.15492448863193128,,261.718424780129,,74171.51527829142,0.34948586006841714,0.007251321916749491,0.023619296282706176,0.0004369168591922557,0.011106457230607433,,258.17894749387483,0.11757643053517539,-0.12322411205641617,2.2748746453183732e-07,0.0959861743939488,0.011225353309212352,4.736863671851581e-07,0.08727052225869082,0.026687806593419534
1975-01-25 18:00:00,,,6.495953170505501,,,,,,1162.277559329302,3.856887831490421e-06,6.489279354817768e-07,2.807149520287147e-06,2.166289373262394e-06,1.4645788535653454e-07,,6.2465972448947165,0.0647571270282452,,,,,,1.323932903052787e-06,1.4382375944295578e-06,268.42492603550295,5.415310124321097e-08,1.3567620238079827e-07,,266.129798482861,1.754440896257141e-07,,266.51856227175017,3.2526854227280477e-06,,,,4.132096407681527e-06,,1.1864718953533286e-07,,,,,,,5.29670151027702e-06,,,,,,,,,
1975-01-26 00:00:00,1.2545267590404263,-0.8337751253116765,,0.394885164746166,-0.5342775604428625,259.80873730902135,265.7482522817758,0.7803948179504575,,,,,,,0.0,,,271.4600372314453,271.4599914550781,271.4599609375,271.4599609375,0.08170621070636094,,,,,,0.021565138235600037,,,102174.43380177514,,,1.455621301775148,128.6166484765047,0.155052103234466,,260.3374741232607,,74467.46854197486,0.0889868200177977,7.690445205869054e-05,0.007874776625774316,3.206560156754488e-06,1.317632974252193e-05,,256.54244652020157,0.1552460013762028,-0.230034941046901,1.647004796319573e-08,-1.1839955726902955e-06,0.00012351739903658453,-1.9143162878676586e-08,0.021294458620470656,-0.01810833335628171
1975-01-26 18:00:00,,,4.9335622336032126,,,,,,5861.381132646041,1.400687109083819e-06,0.0,1.400532807118794e-06,2.0784750228097453e-07,8.497226023399024e-08,,4.834112867095767,0.04132414146287907,,,,,,4.116313520973251e-06,4.510246437682202e-06,177.29548816568047,8.177039759046227e-08,6.380661793009063e-07,,267.2794746534359,7.357172800239021e-07,,267.582912919084,3.04376056208413e-06,,,,5.516736112402741e-06,,0.0,,,,,,,5.91086741735244e-06,,,,,,,,,
1975-01-27 00:00:00,0.6086660588281394,-0.44135917573285527,,0.23000517399353387,-0.41857914106380306,259.3644633998532,267.69982314250876,0.7756207620603799,,,,,,,0.43450548521865756,,,271.4599914550781,271.4598693847656,271.46022033691406,271.4599609375,0.045648247532590606,,,,,,0.04153225689950074,,,102133.50591715977,,,0.9349112426035503,131.6834014350846,0.15497075876540686,,261.6072013900125,,74569.68694526626,0.4969383104313055,0.0027407584105723004,0.005439329429491032,1.2856704243541469e-05,0.0011389523568238026,,257.69972490841116,0.10565040238510222,-0.19187463952239447,-4.86137225875044e-07,0.08591187494040946,0.020176510662722164,2.5393194324383787e-08,0.008410304013264955,-0.004790355467937402
1975-01-27 18:00:00,,,7.735176588656635,,,,,,503.691553141276,7.066897739320112e-06,1.0227878197763093e-07,1.6431175392760328e-06,2.9247110852828393e-07,3.7807074284920907e-07,,7.4408062534219415,0.16407468897351146,,,,,,2.870951178511219e-05,3.0207210743921043e-05,690.0369822485208,2.883269986104683e-07,7.1246066742394806e-06,,268.4253522884211,6.628393597856781e-06,,268.8824521578275,1.2990814694286098e-05,,,,3.0352607281250362e-05,,0.0,,,,,,,3.727062566745916e-05,,,,,,,,,
1975-01-28 00:00:00,2.0227312900610928,0.5862272646300186,,0.6681004529874001,-0.14192238644029967,262.6414096990281,268.1619090243909,0.7725618009031172,,,,,,,0.00010195497930402586,,,271.45960998535156,271.4598388671875,271.4600524902344,271.4599609375,0.20986568292922522,,,,,,0.03051003901916143,,,101938.86926775148,,,2.473372781065089,132.1604030992858,0.15525376867260454,,263.5062215229463,,74339.61029955621,0.21447943512504622,0.003677320198194515,0.01720961170083672,8.102352097189637e-05,0.01122031127207378,,259.5532934425851,0.4382347750240529,-0.12064489105044032,2.3106618626105198e-07,0.02898920476078414,0.0120856919099946,6.072518530097851e-07,0.09007709755695882,0.046365727664979955
1975-01-28 18:00:00,,,5.303489792276416,,,,,,3975.7170289592977,0.0,0.0,0.0,0.0,-6.559990469046686e-08,,5.196446943565233,0.01930092354497966,,,,,,2.164033395871961e-08,7.663434646891419e-08,34.139238165680474,4.232282469258506e-09,7.907200753468381e-09,,267.2679009070763,1.2696847407775518e-08,,267.64889950724046,7.900226166879637e-08,,,,2.164033395871961e-08,,0.0,,,,,,,7.663434646891419e-08,,,,,,,,,
1975-01-29 00:00:00,0.776513020667804,0.03288774095343415,,0.2789553580199473,-0.21353169164714023,258.2311925041605,268.9904533250797,0.7688597320804934,,,,,,,0.34550015601886097,,,271.46055603027344,271.4603271484375,271.46002197265625,271.4599609375,0.02513655261880547,,,,,,0.14827335515671228,,,101995.48631656804,,,0.5325443786982249,132.47794193064672,0.1554165591855021,,260.95128979203264,,74415.12493065829,0.360126743655233,0.0012632897619665022,0.0011503118029712925,0.0,0.0002488462177254039,,256.8314534023669,0.12043805482119498,-0.11319255264553092,-6.13244621232276e-07,0.033613379657566105,-0.012253846642533702,2.5251418630766113e-07,0.002845345895748431,-0.000978905619425181
1975-01-29 18:00:00,,,6.341958869843793,,,,,,2628.8086312033915,7.247370419770302e-08,0.0,4.6170041097339086e-08,2.6425244782626982e-08,3.3953315404466953e-07,,6.1767192705143135,0.22022919965213572,,,,,,2.2253341223361224e-05,2.959749755069349e-05,803.2732988165681,9.363869855389793e-07,5.195898240839942e-06,,269.56707420574844,5.109224622771585e-06,,270.0114951951969,8.718369627845359e-06,,,,2.229936729521441e-05,,2.2570106625204257e-08,,,,,,,2.9668652799707897e-05,,,,,,,,,
1975-01-30 00:00:00,0.7822101468870626,0.4391000341381547,,0.2847215889473639,-0.22565688184027136,266.5836843456742,270.1893018011511,0.7706261323048518,,,,,,,0.3235358063285873,,,271.45982360839844,271.46014404296875,271.4600372314453,271.4599609375,0.22235134508482804,,,,,,0.09239702394022745,,,101911.32618343196,,,2.7041420118343193,132.31755454159347,0.15557702194304157,,265.8371643427561,,74430.30494175295,0.5485520797985546,0.003109226091892304,0.024843585970829626,0.00046914145791318996,0.006924330130131287,,261.15221572063376,0.09701999122574484,-0.15401999908086111,-7.411576728281405e-08,0.03833556880612345,0.0048531797775150055,7.723503381519485e-07,0.09498182556332921,0.01614626095845149
1975-01-30 18:00:00,,,7.889717085121651,,,,,,1917.371541220761,6.389706092473318e-05,1.4715888620128292e-05,2.9127008816194252e-05,6.1847093189961814e-06,-9.687663100387063e-09,,7.5731623440804565,0.532765224840514,,,,,,0.0004201880573520999,0.0005015759073065583,2021.9215976331361,2.6957611360493496e-05,8.8818679899859e-05,,272.83942336584687,0.00011769765932884442,,273.0894190319896,0.0001693822928434293,,,,0.00044931215647409653,,1.3161647635010572e-08,,,,,,,0.0005654586842779577,,,,,,,,,
1975-01-31 00:00:00,0.42133979120198084,0.9594530071732561,,0.15774857786280164,0.3635981407391249,270.57890599719167,274.1844995261649,0.8051308499285456,,,,,,,0.5843670184795673,,,271.45982360839844,271.4599914550781,271.45977783203125,271.4599609375,0.5264473638590976,,,,,,0.7811165686101603,,,101427.35392011834,,,3.0177514792899407,119.51772096171182,0.16133118522237744,,271.4667176015278,,74068.20229289941,0.9603457045272963,0.2199225935784648,0.06038607083834135,0.011459960034613073,0.47586883450224554,,266.2602464122885,0.1253084942433961,0.22348654481786243,2.0251351066991774e-06,5.1652030174196115,2.3604512594904774,2.9242418075432264e-07,0.6172378810759621,0.30287305843195267
1975-01-31 18:00:00,,,7.490457134133965,,,,,,940.4551751853446,0.000220509852177998,3.84868337557866e-05,6.572580372793434e-06,8.982248031176053e-07,2.0924523957046133e-08,,7.009603015064488,0.6445435193868784,,,,,,0.00020906505500071148,0.0003887117470438267,2279.285414836816,6.247038495611157e-05,4.7670974886629e-05,,270.6251723611143,0.00014059212463566917,,270.9442767081176,0.00019539593136524947,,,,0.00021563761333036704,,2.589896486620226e-08,,,,,,,0.00060922057214937,,,,,,,,,
1975-02-01 00:00:00,-0.5368925410614916,1.0171437799577883,,-0.3618667647683409,0.17746853687354094,267.57150286612426,271.3504589915981,0.8134654016184384,,,,,,,0.48781066533376477,,,271.4604797363281,271.4599914550781,271.4599304199219,271.4599609375,0.4741026748566938,,,,,,0.8625292859133884,,,101284.00055473374,,,3.0710059171597632,119.03891641289525,0.16540707356831025,,268.6256623578495,,73823.42954881657,0.9349450871083863,0.1947064581354694,0.04845961170083672,0.026997380002715884,0.3694438919116407,,263.309419891538,-0.21905065570357282,0.11449314433442065,3.303140615383108e-06,4.734510583285044,2.1338824188920875,-1.3158806136770714e-08,0.5480775550832199,0.20417054306120563
1975-02-01 18:00:00,,,6.901315282787797,,,,,,366.7322208431217,7.532272465835662e-06,8.616965682901575e-07,2.6821649286168566e-06,7.424790125626785e-07,1.605410018099538e-07,,6.617000653546238,0.35734621307553627,,,,,,4.610666156520505e-05,5.634578727406158e-05,1208.735576923077,2.1117656717638996e-06,9.287214843479134e-06,,267.79490300466324,1.1403400164384108e-05,,268.25136832513755,1.8207235096474373e-05,,,,4.879063403112648e-05,,5.886551080899831e-08,,,,,,,6.387237261032918e-05,,,,,,,,,
1975-02-02 00:00:00,0.7143755974854238,0.9932849026290622,,0.14303636833055486,0.06006061395949866,265.046092919344,268.5308061407868,0.8180491331766343,,,,,,,0.0,,,271.4599151611328,271.4601135253906,271.4602603348049,271.4599609375,0.5600130372024941,,,,,,0.10438501482179179,,,101498.74482248521,,,2.8461538461538463,119.78417806230352,0.16821647395749065,,262.9481794368586,,73860.24533099112,0.5669425506387237,0.007989319118522327,0.07916449371879623,0.0008362087272328032,0.013790424053485576,,259.36298094980816,0.05913308809494831,-0.035462599534254804,6.057159263418833e-07,0.06915483531161878,0.04403898701865292,2.043388460861993e-06,0.32219357462324333,0.0444415377441948
1975-02-02 18:00:00,,,5.771438333409778,,,,,,287.9361925037629,3.3589609011390506e-07,7.807920527087866e-09,2.652974303304796e-07,6.26844844433683e-08,-7.438533290181883e-08,,5.708951041543272,0.27146613668407915,,,,,,3.220273192817643e-05,4.936357927040236e-05,931.1656804733727,3.0919909477233887e-06,6.9928768823838095e-06,,264.8691420696191,9.396019771959655e-06,,265.2140118299857,1.2474961182069497e-05,,,,3.246372268044737e-05,,7.957297228497161e-07,,,,,,,4.96802950751852e-05,,,,,,,,,
1975-02-03 00:00:00,1.6914340363451714,-0.22621661530443904,,0.581107325807831,-0.3559322582899466,259.8551007332886,265.2559806327143,0.813734389268435,,,,,,,0.0,,,271.46070861816406,271.45982360839844,271.4601745605469,271.4599609375,0.29098122500808987,,,,,,0.061298618655232985,,,101517.95414201183,,,2.497041420118343,124.1690476998775,0.16876808143931732,,258.87544322719236,,73848.89767474112,0.2974845389642659,0.00388090709257408,0.03142398631078957,0.0008711645589072324,0.012799686228735207,,255.72195551945612,0.41840236779500745,-0.11961552659435386,9.298812676863138e-08,0.02074662609213203,0.003466246836989589,8.719981187877393e-08,0.14394708215837648,0.00042327092244074895
1975-02-03 18:00:00,,,6.550543401368271,,,,,,234.11979517053675,4.3933902530980534e-07,1.9284990235898623e-08,2.1651596624470323e-07,1.3225607177209571e-07,2.803277451536045e-07,,6.4565368234758544,0.3506626828887759,,,,,,3.428721921683769e-05,4.7428191766231015e-05,1242.8790680473373,3.192221095576089e-06,7.426641749207085e-06,,266.45808654424,9.34607002156726e-06,,266.8897886558397,1.3423786008146387e-05,,,,3.450359465807853e-05,,9.094998681333644e-07,,,,,,,4.786552762138773e-05,,,,,,,,,
1975-02-04 00:00:00,1.0970231964743349,0.49140031238984777,,0.4258615787212665,-0.1399154211642474,264.0896217301047,267.3864925768248,0.8104146697817469,,,,,,,0.0,,,271.46018981933594,271.4598846435547,271.4601287841797,271.4599609375,0.3338863214797522,,,,,,0.03973478960567677,,,101379.1801035503,,,2.911242603550296,127.69484281822069,0.16934676706438234,,260.88700785439397,,73843.55304641272,0.33533933741101146,0.003832692930684287,0.04041982030652348,0.0005370625377406735,0.009493765746348004,,258.6636404003617,0.1393365105228311,-0.04593047305677064,1.052481584015341e-07,0.020380793238532615,0.009683805089388814,7.176630029498914e-07,0.1792868172292482,0.028672758644149147
1975-02-04 18:00:00,,,6.322224955586992,,,,,,895.8474731445312,5.369752469147451e-06,7.621690454567678e-08,4.703079807687793e-06,9.213370331645718e-07,2.0730755303589595e-07,,6.145318161101031,0.34746935240615756,,,,,,4.020606625009571e-05,5.140777170305421e-05,1239.8287721893491,2.4017431503216894e-06,1.0130893901960383e-05,,266.97063766569784,1.0470666828945543e-05,,267.3051878799348,1.503416948769925e-05,,,,4.490954283426499e-05,,7.367588182878213e-07,,,,,,,5.6774129528971115e-05,,,,,,,,,
1975-02-05 00:00:00,-0.35898936570748774,0.6634228892580292,,-0.4000641523733647,-0.14102759163760575,264.1382523937338,268.2520026934923,0.8067421556929865,,,,,,,0.005316265941371579,,,271.46067070652396,271.4598388671875,271.45989990234375,271.4599609375,0.34595557218472633,,,,,,0.41037799902921596,,,101516.58006656804,,,2.769230769230769,130.5531314646704,0.16992727257090912,,262.5842902730908,,73962.46488997781,0.5296114408052884,0.030674296723314995,0.029114220974713386,0.0008149894736927642,0.051041958600106324,,259.4222637831107,-0.1508309855263614,-0.0693068927561743,-4.1758916450984026e-06,0.5563866034061951,0.08484245175440636,-4.80211222097939e-07,0.23307288111705532,0.034548918854379086
1975-02-05 18:00:00,,,6.19781871095917,,,,,,815.038566343246,7.036566381623759e-06,4.960825396756801e-09,5.543760999419985e-06,2.0462093797661144e-07,3.00290653366353e-07,,6.083370795616736,0.2811009333683894,,,,,,3.616688166849712e-05,4.1186192331934824e-05,1004.3635355029586,5.988514370466831e-07,7.801904128148006e-06,,266.6453546828772,8.62918309206088e-06,,267.10343039247414,1.264989552413218e-05,,,,4.171275880915173e-05,,0.0,,,,,,,4.82221855919742e-05,,,,,,,,,
1975-02-06 00:00:00,-0.2054876801530285,0.4394364385209845,,-0.26641288734752044,-0.25633004995492786,262.73737899509405,267.16661441960986,0.8042098290821504,,,,,,,0.0,,,271.4603576660156,271.4601593017578,271.4599609375,271.4599609375,0.2422151283399593,,,,,,0.048411623260678625,,,101539.26405325443,,,2.7159763313609466,132.54834688626804,0.17070591661351672,,261.47518821580877,,74005.67830066568,0.260811619504669,0.004400778098924626,0.021610327726285135,0.0002550627352923331,0.008845131778152736,,259.4120021120331,-0.10731129251288239,-0.1592707267174354,3.538249107353257e-07,0.02883685387797742,0.013110654726183626,5.4982302093206075e-08,0.07903834976415706,0.02611054678464077
1975-02-06 18:00:00,,,6.610706007692236,,,,,,482.3085649278429,1.3739046965830424e-06,1.0203906285339559e-08,1.2693320505717801e-06,2.812483959649442e-07,1.3226688883925882e-07,,6.449230290023533,0.23133353509846524,,,,,,3.856931917766142e-05,5.273988261025333e-05,903.7744082840237,2.43047638052314e-06,8.552252540926961e-06,,267.2573364980122,1.0467404444542157e-05,,267.6775832317285,1.373216950681788e-05,,,,3.983812219292454e-05,,6.160340630091154e-07,,,,,,,5.41109657851902e-05,,,,,,,,,
1975-02-07 00:00:00,-0.16365942870371442,0.3505957451092421,,-0.2558002866936859,-0.38342878240100026,261.9185616758448,268.08760847283537,0.8009388139967383,,,,,,,0.0,,,271.4605407714844,271.46043395996094,271.4599151611328,271.4599609375,0.2651078263683432,,,,,,0.0450331106693787,,,101663.44970414201,,,2.63905325443787,132.92981877975916,0.17140494295831263,,261.76110000158906,,74042.10281065089,0.26944782324796596,0.005137618476822531,0.027704703760713604,0.0007461598638952131,0.014432105792344675,,259.21540290787374,-0.12155043585060617,-0.19762089971959942,3.527786850756359e-07,0.034026089490073755,0.014160926128632923,1.0916777058454924e-06,0.1267378767566568,0.045777599927941726
1975-02-07 18:00:00,,,7.177155505976028,,,,,,943.7764050292968,7.156348792758919e-06,2.196626241743212e-07,6.217575637546517e-06,1.7302540632394644e-06,1.320756366338647e-08,,6.857752467048239,0.1052623500485392,,,,,,3.653628057276709e-06,5.954534873454528e-06,380.1623520710059,2.70855056463614e-07,1.1545093454552826e-06,,265.1486015545546,1.1260847191838822e-06,,265.76785115800664,6.542844179819321e-06,,,,9.872239722302679e-06,,0.0,,,,,,,1.3109142258322451e-05,,,,,,,,,
1975-02-08 00:00:00,1.2997842935415416,-0.4968129840828258,,0.38682847333377635,-0.3956701515694342,258.8637009118436,267.80189053687826,0.7967220051048776,,,,,,,0.06038607083834135,,,271.4604034423828,271.45997619628906,271.4596252441406,271.4599609375,0.10609634670280141,,,,,,0.02051476472933617,,,101788.23631656804,,,1.21301775147929,133.90739829159347,0.1717452777207956,,259.3523664305196,,74095.6402089497,0.17224572537213387,0.0009944396611501478,0.009973221276638775,2.970233471435908e-05,0.00040986693117040147,,256.7970290325097,0.2145071766785616,-0.18548541132514998,-4.946530723225149e-08,0.02870543891861594,-0.009791129086849957,6.097066653158774e-07,0.06755884772045373,-0.019108594521968322
1975-02-08 18:00:00,,,6.090620904279178,,,,,,1376.2292981828962,5.4301506668858276e-06,5.2936595572522406e-08,5.231409735933563e-06,1.6903559837115588e-06,5.898643593295593e-08,,6.021838459037465,0.2035249789085614,,,,,,2.798138285529684e-05,4.475286021035098e-05,712.9641272189349,2.568444380393395e-06,6.863351404314211e-06,,267.54519111588155,8.840797215523805e-06,,268.01092086882284,1.5348460547317414e-05,,,,3.321142591668304e-05,,2.825516964909593e-07,,,,,,,5.021656053306083e-05,,,,,,,,,
1975-02-09 00:00:00,-0.25150577838604266,0.4451865811319746,,-0.2350938729280551,-0.2648717214369915,262.14487678482686,267.742748644225,0.7922445567401909,,,,,,,0.007422814002403846,,,271.45994567871094,271.45912170410156,271.46034240722656,271.4599609375,0.19206698265301406,,,,,,0.18159891162398298,,,101486.64940828402,,,2.3550295857988166,134.4114201111201,0.17201143750072231,,262.37833571575095,,74006.96255547338,0.3190452079095784,0.004255007004596778,0.03267881856162167,0.0009052682910445174,0.009163896007650702,,258.85208012507513,-0.18377823801435664,-0.1842492064075357,2.622043949168881e-07,0.09635712550236629,-0.010690893999923616,6.885264522103957e-07,0.14494152181952663,0.022661257425003502
1975-02-09 18:00:00,,,5.411182578498795,,,,,,799.1394782024881,1.9751445076169348e-05,8.754156662162239e-07,9.619933966348862e-06,8.67652348600901e-08,3.875164262063184e-08,,5.1824151834792636,0.3941499608508229,,,,,,7.155502336265067e-05,0.00012508757721037554,1429.8968195266273,1.299914700039745e-05,1.5152893828217094e-05,,266.7482482187847,2.741522690248207e-05,,267.3119695539305,5.654796693452011e-05,,,,8.117464872506949e-05,,1.593928277139833e-06,,,,,,,0.00014484246101605116,,,,,,,,,
1975-02-10 00:00:00,0.3185503920154459,-0.3765718076356064,,-0.04386612367347853,-0.33253285447521325,265.23590774084687,269.001403447439,0.7944748669686402,,,,,,,0.0010755358363044333,,,271.4599151611328,271.4606170654297,271.4601593017578,271.4599609375,0.4481157833302515,,,,,,0.2425581350834412,,,101529.52847633135,,,2.621301775147929,132.36965328419703,0.17361610175589837,,263.5354587171205,,73829.0499029216,0.48973507852949333,0.01198288957042807,0.05285798022027552,0.002211937537560096,0.034114137909116125,,259.79354018713593,-0.08328933264376849,-0.1492940462552584,5.228568958831515e-07,0.08908621877977436,-0.02025441940014179,1.3498787095869434e-06,0.3001463260965218,0.04082215255534155
1975-02-10 18:00:00,,,5.9254916941625835,,,,,,596.6734699922449,2.5363054853924635e-06,2.7735778213252684e-08,2.4662964795468123e-06,9.998326470866005e-07,2.038778646603866e-07,,5.67301209579558,0.31292787811459877,,,,,,4.80344662299523e-05,5.738516531047031e-05,1226.257026627219,1.1296116212415978e-06,1.0151482192722298e-05,,267.7059647599621,1.1595880844183927e-05,,268.0834926627797,1.4953667948231894e-05,,,,5.049783097216363e-05,,1.4000588796547884e-06,,,,,,,5.9919244438938844e-05,,,,,,,,,
1975-02-11 00:00:00,0.028524032005896933,0.603461846797424,,-0.09313791602320926,-0.13591778207812788,265.5235212879068,269.46353095240846,0.7929530115522576,,,,,,,0.0011299968471188517,,,271.4599151611328,271.4596710205078,271.45994567871094,271.4599609375,0.3709625605295396,,,,,,0.11498562965167344,,,101326.57895710059,,,2.8461538461538463,132.8928827590491,0.17453509957127317,,263.46752071944917,,73812.81698409763,0.3902995143769055,0.008977178991193602,0.03763667135473909,0.0003425172094762678,0.010587161814672707,,259.8838794414814,-0.05053284887731428,-0.046622495326770125,-3.586943776583707e-07,0.06296841773761094,0.03537358722743198,4.5124843328111097e-07,0.15767219859263557,0.0429130253001783
1975-02-11 18:00:00,,,6.820862640290571,,,,,,1527.1110627547555,4.935061790534025e-06,4.453485357690845e-07,4.0474287151584965e-06,4.790524935581275e-07,1.1171306200675424e-07,,6.613837711204439,0.24826194266595783,,,,,,2.605013946104332e-06,1.4220204579054251e-05,829.0902366863905,1.4730106444048457e-06,3.9651471923088886e-07,,263.9996512147802,2.3718195906757604e-06,,264.61164052387664,9.141597874771209e-06,,,,6.652663092641435e-06,,1.210498915621515e-06,,,,,,,1.9152444847942105e-05,,,,,,,,,
1975-02-12 00:00:00,1.3332809809396957,-1.062455239380605,,0.45310343793158,-0.6761446676310703,261.7644238895213,265.8549219616771,0.7933546756146223,,,,,,,0.01100086460452108,,,271.4593048095703,271.4602966308594,271.46002197265625,271.4599609375,0.2070364867441753,,,,,,0.05001320923573872,,,101502.30362426036,,,1.863905325443787,133.77354566585382,0.17557152347451838,,259.2844944338827,,73684.57299371302,0.23310481867141272,0.0017386808903259638,0.011787143684703218,0.00047144805185893584,0.00292586151664779,,257.2891228128467,0.213035208586405,-0.28223099793202777,1.1471906039187376e-07,0.018312085582461408,-0.012406841537656163,1.4429332563769314e-07,0.03084911797168119,-0.012543172878626536
1975-02-12 18:00:00,,,6.083307599174906,,,,,,919.6814893450056,2.4679276717485055e-06,2.0545306643085367e-07,2.0571097114382412e-06,1.2014832722364799e-06,-7.4567985269737e-08,,5.868512689714601,0.08137304543038092,,,,,,6.878649341989551e-06,8.599777546154677e-06,243.62426035502958,3.843028208560492e-07,1.0914439280357587e-06,,265.37688116491194,1.5612934115370349e-06,,265.8013167522363,3.5932959889519145e-06,,,,8.934965500464807e-06,,0.0,,,,,,,1.105357556653446e-05,,,,,,,,,
1975-02-13 00:00:00,-0.6183784530007628,0.16520951626568856,,-0.3767199826663768,-0.2661470153628016,258.3686440371903,268.0058702999318,0.7888514272560029,,,,,,,0.003732083111825074,,,271.4594268798828,271.4604034423828,271.4603729248047,271.4599609375,0.0979256714589497,,,,,,0.03354829867210614,,,101523.9600591716,,,1.331360946745562,134.5551423744337,0.17552287761981672,,258.94155721269414,,73969.54132766272,0.10682280952408468,0.0008087271063990847,0.015928505440435465,6.657027633937858e-05,0.0022002225796851887,,255.4185754900148,-0.2969238123244788,-0.11062666650354509,3.1099390991434414e-08,0.010346197990215654,-0.003823992415998109,2.6746482078431e-07,0.061468293448116565,-0.009423361374781681
1975-02-13 18:00:00,,,7.978467185116378,,,,,,1190.774476227937,0.00016070611378144937,3.760360930798322e-05,2.6799253458102073e-05,5.099944461732221e-06,2.544177425735955e-07,,7.5384259703596666,0.46134244478665865,,,,,,0.00015843619961710372,0.00022464743732700688,1748.3184171597634,1.53015527499498e-05,2.9040247025574454e-05,,270.7232199223084,6.471283337068275e-05,,271.08328599196216,0.00014680853256812462,,,,0.00018523254338100818,,3.6421601148046684e-07,,,,,,,0.0003853628903227444,,,,,,,,,
1975-02-14 00:00:00,-0.5841285491130761,0.598631633103952,,-0.39129606506528236,-0.14347673449995954,268.70626767852605,271.8702137964012,0.7955862541170515,,,,,,,0.26249758026303627,,,271.4593963623047,271.45985412597656,271.45997619628906,271.4599609375,0.4529788226065551,,,,,,0.530832844196692,,,101320.33958949705,,,3.0059171597633134,130.43663738183017,0.1771876995380108,,268.0799583119048,,73938.90222818048,0.7835402160706605,0.05050748304502498,0.04208101093829003,0.00639341004501433,0.10851864532027504,,262.0694638765775,-0.26934783980691224,-0.21063396070130477,1.874375370601137e-07,1.0527494389056806,0.13959848387001533,-9.318886355072612e-07,0.5064525735335832,0.08097999265208047
1975-02-14 18:00:00,,,7.144164621477296,,,,,,1227.8910233154297,1.756039023752043e-07,6.857999054902404e-09,4.998798145962185e-08,1.4906671978312837e-08,1.1274045735897948e-07,,7.0336767794817865,0.1355109581580529,,,,,,3.835558891296387e-05,4.121590648177107e-05,578.0980029585799,2.392300421140603e-07,7.967800783687795e-06,,268.4845372487807,8.128451172416732e-06,,268.8133544921875,9.7781155236374e-06,,,,3.840567092218343e-05,,1.2128409990192164e-07,,,,,,,4.138625585115873e-05,,,,,,,,,
1975-02-15 00:00:00,-0.6858340325440175,1.2350690322514821,,-0.39424431817771416,-0.016267274258404792,263.3589025192712,269.4895220875035,0.7927363423200754,,,,,,,0.0,,,271.4599914550781,271.46009826660156,271.4601287841797,271.4599609375,0.1637340297360392,,,,,,0.036612787190273666,,,101634.88276627219,,,2.603550295857988,133.16650517029169,0.17800809363641681,,262.5678686559553,,74081.09536797338,0.16795854737772745,0.0037034277379865478,0.015616016275078587,0.0003995641448794032,0.009644502718773113,,258.8338895718727,-0.2018277094914363,-0.0388299332567926,1.0758100154833074e-07,0.02189386784672164,0.022771395169771634,5.756576646108335e-07,0.04697983312977136,0.0460641011595726
1975-02-15 18:00:00,,,6.977263563483424,,,,,,1130.8518513112829,4.583650086758405e-07,1.30805357761637e-08,3.0518173289722237e-07,7.858103108123914e-08,1.130239775327872e-07,,6.8261572482317865,0.21586292876294377,,,,,,5.433227888931184e-05,6.294268122791538e-05,879.9171597633136,1.3360235641693928e-06,1.1687536211408807e-05,,268.0376734987519,1.254351534081634e-05,,268.3983104638094,1.5044706107596674e-05,,,,5.4637884952612884e-05,,7.391684087952213e-08,,,,,,,6.339835697377222e-05,,,,,,,,,
1975-02-16 00:00:00,-0.24214992861775958,0.34748844282161556,,-0.20928220353888335,-0.424923727498252,263.2650432699531,269.2937284390602,0.7893803327746646,,,,,,,0.004516285552075628,,,271.45989990234375,271.45997619628906,271.4598083496094,271.4599609375,0.24780047715768305,,,,,,0.049581222985623154,,,101856.9587647929,,,2.6449704142011834,133.87975406082424,0.17877547134309124,,263.7130002354729,,74202.3376710429,0.2581684180265348,0.005088507071049256,0.03173173531978088,0.0008686280109473234,0.01818450386002219,,259.7899411895571,-0.1367323892356376,-0.22765008373373358,1.4090720152023617e-07,0.03815396979710187,0.03220439662594767,3.9849980712245557e-07,0.16577016496094021,0.08687010918848613
1975-02-16 18:00:00,,,6.8227081750271585,,,,,,302.77987520459675,6.709545409891027e-07,0.0,5.505218572870514e-07,1.7575544894799677e-07,8.363938767610383e-08,,6.724035883796286,0.17928463185327292,,,,,,3.6479100673156376e-05,3.837886646654479e-05,694.9056952662722,2.1401407009751135e-07,7.549201595712696e-06,,267.04059487969215,7.760639374072734e-06,,267.4855229304387,9.429569427783672e-06,,,,3.7029297394159985e-05,,0.0,,,,,,,3.9050035928128034e-05,,,,,,,,,
1975-02-17 00:00:00,1.9349726502006577,-0.13661075343747112,,0.6607839257054074,-0.41500850542057194,260.91534342568303,266.8946519659821,0.7883432112501924,,,,,,,0.0,,,271.4602508544922,271.4599304199219,271.45982360839844,271.4599609375,0.21088016668014978,,,,,,0.04073699409439719,,,101810.89866863906,,,2.4615384615384617,133.87866770727393,0.1797351272853874,,263.4242086918396,,74163.63533191568,0.2142792650933802,0.005051714428783168,0.014964763934795674,0.0001648685635899651,0.014127200877172707,,259.7053951286,0.5255690326352092,-0.20150858410716763,2.526026333220022e-07,0.026978351427903453,0.018291066856724183,4.4161334327978673e-07,0.05945769946515207,0.02861376078082965
1975-02-17 18:00:00,,,6.575558098110221,,,,,,330.5154154459635,1.0539995252909745e-07,2.2246003613845836e-08,6.209319449145589e-10,4.2348010699711077e-10,1.246942852667847e-07,,6.35796798615766,0.1378277660121579,,,,,,2.2484265135590143e-05,2.2791722822471483e-05,567.4622781065088,9.229048513449155e-08,5.04276456212151e-06,,266.44889497474804,5.022793479219696e-06,,266.8448280469906,5.3418458566157774e-06,,,,2.2484970516001684e-05,,0.0,,,,,,,2.2895854605725532e-05,,,,,,,,,
1975-02-18 00:00:00,1.7083222485152927,-0.3354287457889354,,0.6080586021468484,-0.4206738443769647,262.04286717522075,267.46601172452847,0.7843008210673135,,,,,,,0.0,,,271.45970153808594,271.4599914550781,271.4600830078125,271.4599609375,0.15708390636556951,,,,,,0.030571119319757766,,,101856.47448224852,,,2.1893491124260356,134.81734651644555,0.1802269664741832,,261.5867687879935,,74195.2000739645,0.16006659332817122,0.0023716187336035735,0.006920379999826646,6.298275565254618e-06,0.0093725080320821,,258.68964607193624,0.4536436485820973,-0.15791207939915403,1.0937978294829578e-07,0.0127282509291455,0.00296162088544896,2.5994576976673136e-07,0.03805533027243332,0.0037709024883586274
1975-02-18 18:00:00,,,5.824376636708276,,,,,,812.7973450691469,0.0,0.0,0.0,0.0,4.7398138789256165e-08,,5.650038973114194,0.050551826431906435,,,,,,9.330022617204656e-06,1.542957929464487e-05,205.16494082840237,1.3750288966139392e-06,2.325506958030385e-06,,266.8310744607237,3.3033846398077068e-06,,267.148322923649,3.6659942576165734e-06,,,,9.331212946649134e-06,,0.0,,,,,,,1.542957929464487e-05,,,,,,,,,
1975-02-19 00:00:00,0.6471462983351487,-0.49353597291122525,,0.23186613681048332,-0.5167229669333915,260.0252996139978,267.65407178528915,0.7797832478432966,,,,,,,0.0,,,271.4606628417969,271.45985412597656,271.4599304199219,271.4599609375,0.05378009863859098,,,,,,0.02808014457747781,,,102090.09467455621,,,0.9822485207100592,135.46830343212602,0.18046158728514902,,261.32892549954926,,74482.8072762574,0.06349678716715976,0.0007388464797883344,0.006275831594975037,0.0001599915634245562,0.008036957689996302,,258.1961777365419,0.06974389531908656,-0.20675978011633517,3.822960880669054e-08,0.005226913314676408,-0.0014498264214696263,3.7777899921535565e-07,0.037893662621823726,-0.009387173243528286
1975-02-19 18:00:00,,,5.488410255612706,,,,,,3881.5372859409877,3.969241705166517e-06,5.081804336968964e-09,1.4822852946597444e-06,1.0158993391948339e-07,1.333332148700203e-07,,5.369273970112998,0.0944735735831176,,,,,,1.0959980403177837e-05,1.1286571533722286e-05,392.0580621301775,1.326280497234954e-07,2.7082474714905554e-06,,269.17142111874193,2.039596438407898e-06,,269.4655724700386,4.276456917531392e-06,,,,1.2440970663488264e-05,,2.934234409686729e-09,,,,,,,1.5227531893013496e-05,,,,,,,,,
1975-02-20 00:00:00,-0.04001707156028973,0.8461505788317799,,-0.1056750709488547,-0.2532842681252745,263.39481448562896,270.3603393735265,0.7796306514881066,,,,,,,0.17522805117996487,,,271.46051025390625,271.45982360839844,271.4597930908203,271.4599609375,0.11348015598996856,,,,,,0.19986070260493713,,,102069.52218934911,,,2.088757396449704,135.43765439366447,0.1805443622656828,,264.07670764810234,,74563.8220460429,0.3584797799851767,0.011210131758845346,0.008326062083949703,9.483063714744071e-05,0.011057848055687176,,260.06390254455204,-0.036253898454135694,-0.13823723087649373,-2.649031078701938e-06,0.24172336111649784,0.17969225640629127,3.799341464712775e-09,0.02825006766426625,0.03339032804560379
1975-02-20 18:00:00,,,6.640360013973078,,,,,,1817.485998210117,3.200504906784148e-05,9.812613034389428e-07,2.4633030214253262e-05,3.0359132050057136e-06,4.783954979325715e-07,,6.473549081023628,0.32357156065088755,,,,,,5.7126290699433995e-05,6.202409958698341e-05,1331.7278106508875,9.390817591424525e-07,1.1330172860410791e-05,,272.93010382116194,1.5698593749097114e-05,,273.38647271331246,2.465194322653776e-05,,,,8.176505212953105e-05,,0.0,,,,,,,9.403258738433115e-05,,,,,,,,,
1975-02-21 00:00:00,0.3527774246486686,0.7695298730974367,,0.07491751112176116,-0.006765320456239599,271.3368642231416,275.13131731924926,0.8105951448869423,,,,,,,0.06468539266191291,,,271.4599914550781,271.4597625732422,271.46031188964844,271.4599609375,0.331262712647929,,,,,,0.46849926124663044,,,101923.98779585799,,,2.5976331360946747,129.84489829159347,0.1835528943665634,,270.07034048949475,,74419.34102255917,0.6121701742770403,0.019382269975878077,0.017865509766749155,0.00016128029343644542,0.025312441209511632,,264.96517718614206,0.06654410813687116,-0.007200489382772051,9.402054425373057e-07,0.3383639632950168,0.26302603147262654,3.7090627603321033e-07,0.1032214039763072,0.09272227130868864
1975-02-21 18:00:00,,,6.2932627130542285,,,,,,2785.303622077493,6.884931636279857e-06,7.215511197080979e-09,6.627688217445238e-06,1.807460153596641e-06,1.2263369855171994e-07,,6.112228833712065,0.258031720945821,,,,,,3.485139128724499e-05,3.499440716568535e-05,1072.8154585798816,1.835435650934129e-08,7.380119706752032e-06,,271.23845063158745,6.930053939480754e-06,,271.6496547721547,1.1150168596640141e-05,,,,4.1479983273342515e-05,,0.0,,,,,,,4.187587802932107e-05,,,,,,,,,
1975-02-22 00:00:00,1.0829244929657886,0.2794574365107971,,0.3528961147782365,-0.25525175467045347,267.74020141962717,271.5894914435212,0.8112529191745104,,,,,,,0.23326580341045672,,,271.4600067138672,271.4603576660156,271.4602355957031,271.4599609375,0.24931281276003142,,,,,,0.539187098395895,,,101964.32359467456,,,2.532544378698225,132.8143879365639,0.18453636959459654,,269.0050908376479,,74335.47055288461,0.7130514015636501,0.03328386932534314,0.0032823382044684956,1.7477563147008771e-06,0.030526243866636202,,263.197618473211,0.2937839595523812,-0.1342165343154817,-2.476068391993686e-06,0.7850569312256821,0.6723694261714551,2.9255969008326133e-08,0.006872228638836618,0.018278114879283415
1975-02-22 18:00:00,,,4.694708463002944,,,,,,1923.7061483252862,6.0561316958545935e-05,1.3908073746946436e-05,1.0420408474623099e-05,6.258901010250904e-07,-2.339846256000304e-08,,4.365139210717918,0.39075465456268493,,,,,,7.904986658039882e-05,0.00013031788478941607,1513.8328402366865,1.6698426396183714e-05,1.5455193420839028e-05,,272.80167456632535,3.613915140106833e-05,,273.34718097032174,9.027167537508632e-05,,,,8.947053957267626e-05,,0.0,,,,,,,0.0001908989523994852,,,,,,,,,
1975-02-23 00:00:00,1.2390725288165392,-1.1481820620023286,,0.6111891819880559,-0.6315745912360017,270.55830202723394,273.74723481849804,0.8173175517623946,,,,,,,0.35060309235160875,,,271.460205078125,271.4599914550781,271.46022033691406,271.4599609375,0.33087013741216714,,,,,,0.7445554702856837,,,101932.77403846153,,,2.78698224852071,131.63978549573548,0.18605055611514482,,270.8213923527644,,74324.67723742603,0.8409349639740216,0.0913324454472436,0.010200816498705622,0.005842682877941244,0.1626409948224852,,265.0344195845564,0.5185030289655607,-0.27927613681590063,1.1096817831172658e-06,0.4758015535992278,0.8039727458143442,3.2170839791465825e-07,0.015114359954405113,0.02909334524143377
1975-02-23 18:00:00,,,5.324834693818403,,,,,,885.7207478490369,0.0,0.0,0.0,0.0,8.357782726253235e-08,,5.171217715246438,0.08342422395062869,,,,,,1.3016197367532719e-06,1.4238875116822282e-06,359.02477810650885,1.1337233553006805e-08,3.3307181307550014e-07,,269.26203340609396,2.526708454246352e-07,,269.5968396790634,4.3097916527612676e-07,,,,1.3016197367532719e-06,,0.0,,,,,,,1.4238875116822282e-06,,,,,,,,,
1975-02-24 00:00:00,0.9478666260397646,0.14197899745060846,,0.3255714326215214,-0.24563940601236017,264.03137017424996,270.6877257217317,0.814026646712828,,,,,,,0.005896393363997781,,,271.4599609375,271.4596710205078,271.45965576171875,271.4599609375,0.11651430750739646,,,,,,0.0069927125287479195,,,101995.15532544379,,,1.9289940828402368,134.50551681969998,0.186155025775616,,263.87247904941177,,74429.15611131657,0.12361596462994638,0.0004135567761031834,0.00658999110114645,1.349137026882736e-05,0.0003481108761398045,,260.02710674218173,0.2019759035674778,-0.1076551076223159,-4.298808105014741e-09,0.0010997059688897881,0.0010733773576931962,4.4550289155036407e-07,0.013292490333847745,0.011664561398283264
1975-02-24 18:00:00,,,5.124676851125864,,,,,,635.4706709120009,3.652592029797255e-06,0.0,3.6533414964845194e-06,9.901777527036046e-08,1.8630908554510802e-07,,4.951456995405389,0.11549467730098928,,,,,,4.606574950133555e-06,1.0960994387519431e-05,444.8605769230769,1.1353207939475246e-06,1.1954544740315726e-06,,269.94400105673884,2.2005223663600944e-06,,270.277183939014,3.661365198665822e-06,,,,8.260313223099568e-06,,0.0,,,,,,,1.4611867052563549e-05,,,,,,,,,
1975-02-25 00:00:00,1.117092279287485,0.0702906783515885,,0.37975974901188053,-0.22275485653849042,266.19278766699796,271.2990820168038,0.807775949232677,,,,,,,0.0,,,271.46070861816406,271.4603729248047,271.45985412597656,271.4599609375,0.1348318969004253,,,,,,0.04366225744845599,,,101812.44082840237,,,2.2840236686390534,136.24777366141595,0.18606151490521855,,265.17290609687035,,74380.19140625,0.1457555646727071,0.001090808732975164,0.02354178344004253,0.00034889525915744035,0.003342329397709412,,260.8114469629773,0.1875236133146568,-0.08006892683943348,5.1129375783845055e-08,0.005027285679818693,0.001987485257776443,1.733754466173443e-07,0.09525110030315331,0.010828014661574506
1975-02-25 18:00:00,,,5.439312393143332,,,,,,2355.8352731371683,3.2574246973681028e-06,1.3446093663661439e-06,6.929370602207071e-07,7.721821408300005e-07,1.877692819796172e-07,,5.321952486884665,0.17492576463688056,,,,,,9.310823044127967e-06,1.2393555873949851e-05,694.9056952662722,4.922893978434907e-07,1.812530075304607e-06,,270.9859334731243,2.485848742829272e-06,,271.3587520983092,4.3271340914731904e-06,,,,1.0004013600434072e-05,,0.0,,,,,,,1.564837948105039e-05,,,,,,,,,
1975-02-26 00:00:00,0.9237795941223054,0.08189083415375659,,0.33078287339069434,-0.2952100426487669,266.20965431709965,272.0241743460209,0.8041945371402086,,,,,,,0.1466928515913924,,,271.4593963623047,271.46026611328125,271.4602508544922,271.4599609375,0.21981107271634615,,,,,,0.13526844272952107,,,101759.49519230769,,,2.437869822485207,136.8865264350846,0.18606436746360283,,266.33356092103134,,74315.80082747781,0.39671647286362194,0.004889457506062129,0.014278885880870932,0.000351819766343698,0.00441739686142058,,261.8343803812061,0.1489518803252271,-0.12448642098692042,5.990486413298296e-09,0.06674335298222109,0.03256844063482341,1.975623549777772e-07,0.05283125453441233,0.019000737492502088
1975-02-26 18:00:00,,,5.771194757089107,,,,,,2478.742550376235,1.2880069969673834e-05,1.0680451371966028e-06,8.004436478812313e-06,5.231057045727792e-07,1.373290125719415e-07,,5.5585250967353055,0.24062207464635724,,,,,,9.12881285481199e-06,9.114903634821874e-06,925.0011094674556,0.0,1.8390810348578459e-06,,270.571908081777,3.84006891730269e-06,,270.99035698704466,5.529212528431909e-06,,,,1.713307298852142e-05,,0.0,,,,,,,2.2016597922737076e-05,,,,,,,,,
1975-02-27 00:00:00,0.8964162691105046,0.3836029887904782,,0.3025666016798753,-0.20925028648602187,266.23043714895755,272.61535211145525,0.8025266619829031,,,,,,,0.32652661927352994,,,271.45997619628906,271.45986071647803,271.4601135253906,271.4599609375,0.2983958227394601,,,,,,0.18964246038854474,,,101848.20044378698,,,2.544378698224852,137.43911056969998,0.18633015480267226,,267.0288666493794,,74261.78404678254,0.6616624459712463,0.013927683094206415,0.009629469651442308,2.0509155896993784e-06,0.00973139994243193,,262.0384864581407,0.14818054543444392,-0.13718807062453772,-5.060501172608205e-07,0.2911330417939324,0.17503903943703636,3.0618284439072897e-08,0.03253502633626512,0.023980829445920754
1975-02-27 18:00:00,,,4.900210764281143,,,,,,345.86545017787387,5.266546497683553e-07,8.289253107718462e-09,4.948574234042647e-07,9.316669986445523e-08,-5.4300078815992745e-08,,4.763711822103467,0.21105938973511465,,,,,,2.5599401378067288e-05,2.5686604031444302e-05,827.2059911242603,1.0642788604386812e-08,4.457938071538711e-06,,267.89106416420117,4.809680422382242e-06,,268.2633563160191,6.3754926771807244e-06,,,,2.6094666599521975e-05,,0.0,,,,,,,2.6216080202858827e-05,,,,,,,,,
1975-02-28 00:00:00,1.2072329154381385,-0.7850741606492263,,0.3772694514347957,-0.6018414525590705,264.49555960209415,269.99888574724366,0.8010680548538117,,,,,,,0.0,,,271.4603576660156,271.45965576171875,271.4598693847656,271.4599609375,0.2618645662386742,,,,,,0.05029116297614645,,,101889.05362426036,,,2.3550295857988166,138.0412278034278,0.186875286892321,,264.85971872905304,,74172.76197300295,0.265630597898946,0.0038760822905591252,0.007452225544043547,4.692366842687483e-05,0.007179711697369638,,260.5121099709054,0.2110883403106554,-0.3524172912687945,5.074764632712223e-08,0.010671051063426059,0.0053888776466338596,4.047662525257983e-07,0.01628131525227304,0.0036452381083598505
1975-02-28 18:00:00,,,5.103579786402234,,,,,,494.79342124245386,9.515912398784118e-07,2.368362951119976e-08,6.649808506288472e-07,6.589382754627769e-08,1.3056800655260152e-07,,4.937035831473988,0.1391706297383506,,,,,,9.53586143854807e-06,9.54591310941256e-06,538.1653106508876,0.0,2.3128321537604697e-06,,268.39317908653845,2.2627721876787717e-06,,268.75031402407313,2.8283109326334396e-06,,,,1.0200858821530314e-05,,0.0,,,,,,,1.0457088256023339e-05,,,,,,,,,
1975-03-01 00:00:00,0.7491597226385535,-0.20666041741004357,,0.32331058118470324,-0.3247013656345345,262.9873600344686,269.6196956295939,0.7994066043012946,,,,,,,8.452996699767706e-05,,,271.46009826660156,271.45989990234375,271.46038818359375,271.4599609375,0.14310784875993898,,,,,,0.02065092007789386,,,101739.78476331361,,,1.982248520710059,137.75288183449288,0.18694846587773611,,263.9808967184033,,74136.39030140532,0.14821674414640348,0.00151589071962255,0.004747785760100777,2.309073798755217e-07,0.003692581808778661,,259.83871712769275,0.09172801117925249,-0.18491173354831672,8.643952812434631e-08,0.005341719039688273,0.0023352752202713983,1.1834917126255132e-07,0.013805335963464524,0.0067900246196597284
1975-03-01 18:00:00,,,5.2970032155866456,,,,,,1345.6369277491715,2.0624617853108242e-05,5.17537607949161e-06,1.037032646540354e-05,2.2101552176052297e-06,1.753420055724719e-07,,5.024759766618176,0.29828783746301774,,,,,,5.879433902763051e-05,5.9024998422205097e-05,1153.5861686390533,1.6833724420980588e-08,1.4407879854800433e-05,,269.5792355509199,1.5919818680667313e-05,,269.9490102734086,2.1833287188287317e-05,,,,6.916783970488598e-05,,0.0,,,,,,,7.965913891086917e-05,,,,,,,,,
1975-03-02 00:00:00,0.16265738222020618,0.37395180470844697,,-0.011052041364139354,-0.32690759805532604,265.1658417289779,270.94054859770824,0.8033167913820617,,,,,,,0.08338783760747966,,,271.4605255126953,271.46009826660156,271.4597473144531,271.4599609375,0.3290669819307045,,,,,,0.28074698941506576,,,101452.98909023669,,,2.5857988165680474,136.68931859484792,0.18787367386225412,,266.43899518075074,,73901.34407359468,0.47518873258807953,0.029354999096755534,0.01608129648061899,0.00016501986768824108,0.029104184907549006,,261.3546413444203,-0.011857495505428878,-0.16597151897362702,8.36371069432363e-07,0.3751136399805546,0.03213902373285689,3.636508116487568e-07,0.1582603793026922,0.03114678027361808
1975-03-02 18:00:00,,,6.919185824648163,,,,,,731.660418133403,0.0,0.0,0.0,0.0,1.8106032166004555e-08,,6.531504247315537,0.03260451096754808,,,,,,4.0911719445469816e-08,1.226700621949145e-07,113.29363905325444,1.7380153143106127e-08,1.2592788297991605e-08,,268.7101630938829,1.179040946926062e-08,,269.1955234143861,4.1617444281041976e-08,,,,3.868243491728983e-08,,0.0,,,,,,,1.226700621949145e-07,,,,,,,,,
1975-03-03 00:00:00,-0.014447658019658376,-0.45090096942066443,,-0.14988365963365904,-0.44894974612625393,261.9912466918223,269.9943179519924,0.802937254750517,,,,,,,0.009164302306767751,,,271.46006774902344,271.4600830078125,271.46009826660156,271.4599609375,0.04373232147397374,,,,,,0.0008724991386458719,,,101323.40088757397,,,0.3431952662721893,136.95831822502544,0.18842041986228447,,262.3540596143734,,73891.76368343196,0.053216336041512574,4.95947677002856e-05,0.00126238828580055,1.415599291846597e-06,1.5834379478319158e-05,,258.3506115794887,-0.13421566528681467,-0.22294024743977384,-5.211688252820319e-08,0.0010707928438653024,-0.001176708504645782,-2.6184063201674436e-10,0.000669781912184326,-0.0013506358720847135
1975-03-03 18:00:00,,,6.6631847471880485,,,,,,1273.6734088400135,0.0,0.0,0.0,0.0,-9.018486497762541e-08,,6.583855916762493,0.05025956193370932,,,,,,1.0125515376322368e-07,2.3799865732531574e-06,221.82692307692307,1.7920795541543228e-07,2.7612474410844273e-08,,271.3129746476574,1.867425754754501e-07,,271.60517747867743,7.504035206236078e-07,,,,1.0154033685929676e-07,,0.0,,,,,,,2.3799865732531574e-06,,,,,,,,,
1975-03-04 00:00:00,-0.9882887101032325,-0.41344357101169565,,-0.6123384103267151,-0.4409172182252421,264.60788162502314,273.6339276556433,0.7972413791707281,,,,,,,0.0,,,271.4595489501953,271.4598693847656,271.46026611328125,271.4599609375,0.08366439187315089,,,,,,0.05263487686066938,,,101493.46967455621,,,0.6390532544378699,137.87966160520293,0.18834928365854117,,264.8322103827663,,74142.8098881287,0.10997099566036428,0.0001346532409713113,0.018414649737657173,0.0002463131966675527,3.3053420704497386e-05,,259.3144259481035,-0.6219176343206824,-0.20554155428734053,2.8328067802093213e-08,0.0007183006317106754,-0.0005792963742857148,1.4716188269033588e-07,0.026622588292987654,-0.035189899819842455
1975-03-04 18:00:00,,,6.297144517390685,,,,,,1376.0705799065013,7.348300437250081e-06,5.204384848916319e-06,1.4466084760321669e-07,0.0,1.67105713040849e-08,,6.058479619449412,0.07576539530556582,,,,,,1.1585184411537012e-07,4.9778144564148945e-06,242.76220414201183,3.2403274885648804e-07,6.611425892488491e-08,,272.9590646416478,5.906458789780295e-07,,273.3319263345391,8.476909095719016e-06,,,,2.604589615700513e-07,,0.0,,,,,,,1.2328903350604357e-05,,,,,,,,,
1975-03-05 00:00:00,-0.47902532159929445,0.17726660621236767,,-0.29707981989933896,-0.2874009454038722,264.8630927272097,274.58396505321974,0.7910691139966073,,,,,,,0.013322909202801405,,,271.4608154296875,271.4601135253906,271.4600372314453,271.4599609375,0.10665044840976332,,,,,,0.07799814438678809,,,101570.85650887575,,,1.2603550295857988,138.93238442325028,0.18823962521976267,,266.476434109479,,74262.07114460059,0.14570762137689533,0.001999657534988674,0.02966782609386557,0.0003010450735600037,0.0009642126997547037,,260.3238514555982,-0.3273784140863362,-0.11936752048469859,1.1995005953131167e-07,0.06691601972602661,-0.01043200633934969,2.96245220932867e-07,0.13950647461261137,-0.05149648422320213
1975-03-05 18:00:00,,,5.831492305507322,,,,,,2726.0387965048512,1.3356201747465416e-05,1.2174314824787117e-06,4.887051836273374e-06,9.132912878454084e-07,1.1688709125913315e-07,,5.532239061840893,0.16543786765555657,,,,,,1.2402858078127076e-05,1.4033322856271055e-05,638.3173076923077,3.675417699052032e-07,3.0050858767074947e-06,,272.43556619678026,3.6879933092015734e-06,,272.8428341115015,9.595642428426348e-06,,,,1.7289402922229655e-05,,0.0,,,,,,,2.7389656862563634e-05,,,,,,,,,
1975-03-06 00:00:00,-0.7216487466936281,0.6562543846446381,,-0.3931917946719559,-0.20187588979506635,268.2124949799487,274.29370315822626,0.7873120343191384,,,,,,,0.5177883170765533,,,271.4597930908203,271.4599609375,271.45994567871094,271.4599609375,0.1433900912132489,,,,,,0.4326724441799186,,,101482.43454142012,,,2.3905325443786984,139.27467824721478,0.18822208664121007,,268.9234755476551,,74113.37257303995,0.7832708452668415,0.05983716073120839,0.007317424525876017,0.0005683588558400171,0.09582022943440274,,261.74118339944874,-0.33611901413054157,-0.14036745714718069,-1.2053769858851588e-05,1.708820783174955,0.21317277756139372,-4.1482016752810167e-07,0.05402579509030432,0.007350464456180143
1975-03-06 18:00:00,,,6.184750743166229,,,,,,1907.702673188338,1.0627129021480943e-05,8.131162478373601e-07,8.283943466886261e-06,4.2169900423676303e-07,2.94160890486298e-07,,5.999100809266581,0.18039680796967456,,,,,,3.62718951772656e-05,4.2497759034647747e-05,774.5673076923077,1.013719823938855e-06,8.271422964581371e-06,,271.4524018778603,9.521357053835716e-06,,272.01158810226167,1.4891991248497596e-05,,,,4.455500100491315e-05,,0.0,,,,,,,5.311355788326828e-05,,,,,,,,,
1975-03-07 00:00:00,0.9281985717412282,1.0176792821940586,,0.1922883084539831,0.03330651683920234,270.13630784615964,275.007697923649,0.7962717378633262,,,,,,,0.062193650465745196,,,271.4598388671875,271.45977783203125,271.4600067138672,271.4599609375,0.2173172990245932,,,,,,0.13108482586561576,,,101355.77681213018,,,2.562130177514793,138.20734744100176,0.18902804583487426,,267.841018044737,,73989.41501017012,0.29474165876941566,0.006949356996995733,0.013331717313008758,0.0006870687360594259,0.013127705049232618,,262.6662955199473,0.10782174104769554,0.018682676659533257,-7.804551199023452e-07,0.16270245599819447,0.045503570681669304,-1.6995732873656163e-07,0.07246804462205729,0.02961412790787996
1975-03-07 18:00:00,,,6.3630756400746,,,,,,359.39132606819885,8.307353279294346e-06,6.849905090219171e-07,5.374800347717556e-06,2.135362850843802e-06,4.955105805223995e-08,,6.105286711066432,0.1298141930935651,,,,,,1.53418476059592e-05,1.989454912716115e-05,438.88350591715977,4.7242853063098075e-07,3.1270615800597964e-06,,270.000974214994,4.8266095522592755e-06,,270.4769394552919,8.820341183589055e-06,,,,2.0716669996814616e-05,,0.0,,,,,,,2.8202519614315597e-05,,,,,,,,,
1975-03-08 00:00:00,1.4234608757425342,-0.2932641125289646,,0.39474313498954094,-0.4513597883416351,264.0694148498174,270.70550699629024,0.7939227036470492,,,,,,,0.0033445527567665958,,,271.4606628417969,271.4599304199219,271.45997619628906,271.4599609375,0.15303933408838757,,,,,,0.017693604237934542,,,101412.27292899408,,,2.2958579881656807,138.69694618360532,0.18963256531213163,,265.64749028132513,,73960.89857618343,0.1579866127149593,0.0020004306319197254,0.011042871418789294,0.0003038722382494684,0.004312616833568325,,260.7201369246082,0.24136652219930343,-0.2132050892305092,2.839613486992019e-07,0.025708288821504045,0.003986804428446305,4.791767014736123e-09,0.029163265689403597,0.017007554688397243
1975-03-08 18:00:00,,,5.810282628211749,,,,,,3119.1994326942845,3.808767661540466e-06,1.1989882645698694e-07,3.4028102131284906e-06,4.711803379496174e-07,9.714135315996656e-08,,5.693519688216893,0.115841927613027,,,,,,6.3730238457403235e-06,7.297292616240372e-06,480.62352071005915,1.1604885466000033e-07,1.4460078005254621e-06,,269.6915498993101,2.1233272975718483e-06,,270.1653647338145,2.710203799975694e-06,,,,9.775558519645555e-06,,0.0,,,,,,,1.1095677959848437e-05,,,,,,,,,
1975-03-09 00:00:00,0.2413409080731093,0.26232687256039955,,0.06016344713741505,-0.3141494841265255,263.2657887836885,271.7702259312015,0.7934437651606001,,,,,,,0.05174634583602995,,,271.45933532714844,271.46014404296875,271.4599609375,271.4599609375,0.11158192651511649,,,,,,0.03583102254472541,,,101616.63424556213,,,1.7988165680473374,137.92861685668223,0.18970991168501813,,264.83288628391966,,74124.70141457101,0.18298312757142196,0.0031783369165905833,0.003307116807565181,2.586078890681972e-06,0.002460265300683016,,261.02687722832496,-0.00462491695697491,-0.1875815419755744,1.543890181983981e-07,0.0834147097796378,0.017397911728706937,1.5860602761461735e-07,0.007406671636203337,0.006533158182568804
1975-03-09 18:00:00,,,6.237905942476713,,,,,,2746.345538330078,6.082418137753504e-07,0.0,1.8580987520471833e-07,5.683272018940491e-08,4.630065314711441e-09,,5.974692987972463,0.20141132061298078,,,,,,2.328914827143652e-05,2.3875319393428823e-05,775.521449704142,1.63416802530458e-07,5.800409253532364e-06,,272.35985632902066,4.602254495112853e-06,,272.9172230556872,5.979245230996397e-06,,,,2.3474442888293747e-05,,0.0,,,,,,,2.4481329339495777e-05,,,,,,,,,
1975-03-10 00:00:00,1.0831455196854631,0.2207780928301388,,0.32023616655338444,-0.2731310093896629,266.1489909696861,273.18329850597496,0.794217175280554,,,,,,,0.07962099334897374,,,271.46055603027344,271.46051025390625,271.4599914550781,271.4599609375,0.15525763697878142,,,,,,0.2532786532971986,,,101595.47041420119,,,2.4615384615384617,137.99828216733312,0.18995828741400905,,268.37128696780235,,74126.15708210059,0.3614151025102777,0.0072636269770883655,0.006979270799625555,5.068369871060524e-05,0.00951712794557831,,262.1510667067308,0.19504435915918744,-0.10924684648683085,-6.251513114827272e-07,0.14005632231221396,0.03716648885836968,4.901998633651074e-07,0.04778066871428763,0.01692075657068625
1975-03-10 18:00:00,,,7.180527658857537,,,,,,2311.3419511583115,1.8037723366325424e-05,3.3315557699937085e-06,4.454080522413084e-06,9.508087084843562e-07,4.669238166393128e-09,,6.9407560472657694,0.11366949137851332,,,,,,1.7993196227846765e-05,1.801982433838252e-05,480.03402366863907,1.3551363423907546e-09,3.7236811493980815e-06,,272.2483253253282,5.709789913786939e-06,,272.74775542310005,1.2272252486302303e-05,,,,2.2447232663984128e-05,,0.0,,,,,,,3.605922298318536e-05,,,,,,,,,
1975-03-11 00:00:00,0.8962933015541212,0.1942381266306138,,0.15842678702089208,-0.27138293001073355,264.7533106154944,273.4158832617765,0.7954933759728833,,,,,,,0.21244396683732433,,,271.46031188964844,271.46014404296875,271.46014404296875,271.4599609375,0.1304967756102071,,,,,,0.27037761620515904,,,101626.56934171598,,,2.497041420118343,138.8098576111201,0.19005510792929745,,268.32996273605073,,74165.97457470415,0.46069083129160504,0.03484184219992372,0.007637971957054364,0.0011680577633648933,0.06964408591919724,,261.6627385066106,0.1079025970408197,-0.23466523864565517,-1.0150117240295078e-05,1.2533781740087024,0.301425380819648,-1.2322665142589773e-06,0.08846052721362856,0.025162248784047964
1975-03-11 18:00:00,,,8.157661861216528,,,,,,905.5517126995584,1.1883543793266342e-05,1.2984785896081192e-07,8.874479130174987e-06,1.0925819050278183e-08,1.0990429230994606e-07,,8.056269640047875,0.11713431996001294,,,,,,2.2714571839958957e-05,2.4297004620704425e-05,494.98335798816566,5.973139281808978e-07,4.4575412950572176e-06,,272.48723119250417,6.884865506866274e-06,,272.9308587249214,8.496747919793665e-06,,,,3.1588521934825285e-05,,0.0,,,,,,,3.6180195723765e-05,,,,,,,,,
1975-03-12 00:00:00,1.4464073350443643,0.7058933585353152,,0.3234900017461833,-0.04541032554129877,266.112067589393,274.83878014920026,0.7955948336589971,,,,,,,0.0,,,271.45997619628906,271.4601135253906,271.4597473144531,271.4599609375,0.14411574143629807,,,,,,0.04823587632038184,,,101507.47596153847,,,2.591715976331361,139.173416227984,0.1906067492693839,,268.1095835668801,,74100.90937037722,0.15734032625277367,0.004760127095781134,0.008854396321187633,0.0,0.006798264542980307,,261.8935759053428,0.254002740749946,-0.08051458054040311,1.2612403246447357e-07,0.08997195971077143,0.0411783079079424,2.4962854797582655e-07,0.05497443745077723,0.0422479852637243
1975-03-12 18:00:00,,,8.211065670442299,,,,,,381.38757973528925,1.462077248025928e-06,0.0,1.4626944558860283e-06,1.357691968686482e-07,-8.572122104846205e-10,,8.06268158184706,0.09998344105376294,,,,,,4.32865506798558e-06,6.323162267899372e-06,399.10502958579883,4.263032646574212e-07,8.901349715227206e-07,,271.4116182948005,1.3552947774441284e-06,,271.86635187814926,1.9993126039674295e-06,,,,5.791393610147329e-06,,0.0,,,,,,,7.780103464803751e-06,,,,,,,,,
1975-03-13 00:00:00,2.392061797824837,0.10529607287525425,,0.8478109878901194,-0.3874053447204229,262.31460273336376,270.5804235695382,0.7928203619443454,,,,,,,0.0,,,271.45965576171875,271.4598693847656,271.4599914550781,271.4599609375,0.11575714653060282,,,,,,0.01594534428161982,,,101415.0199704142,,,2.1834319526627217,138.53593471910827,0.19063472747802734,,266.5727795482387,,73996.45238535503,0.11695554834851146,0.0011880355473806166,0.004391190568370932,1.2537519607318224e-05,0.002410775811009153,,261.0161549043373,0.7317799798835664,-0.24101656851683848,1.85844048526353e-07,0.006893304445279332,0.003939517732356956,2.5632768144731865e-07,0.027421127176793986,0.00838163966786932
1975-03-13 18:00:00,,,6.847858203233346,,,,,,560.0588980282055,3.156048306346645e-06,3.0373790736734514e-07,3.0953525262471484e-07,6.623274079088629e-08,-6.284974339781825e-09,,6.710083622904219,0.07738661907128329,,,,,,2.0502102092878353e-06,2.366220633659137e-06,280.60170118343194,2.1315025463259432e-08,5.455015326392721e-07,,271.06062181461493,1.07314812361136e-06,,271.43562307865665,1.702314386001e-06,,,,2.359828123679528e-06,,0.0,,,,,,,5.5207259203555314e-06,,,,,,,,,
1975-03-14 00:00:00,2.422959773498174,-0.053693951939690045,,0.9912827677980682,-0.31043930166571804,260.3619187936275,270.48641218377287,0.797329131668136,,,,,,,0.0,,,271.4598388671875,271.4609375,271.4600524902344,271.4599609375,0.0800833617441753,,,,,,0.01769432654747596,,,101490.4349112426,,,1.5266272189349113,138.0663063907059,0.1904333357274885,,265.8106675006934,,74080.29678254438,0.08323958357410317,0.0008721774851782082,0.003555512287207609,2.8570375498935317e-05,0.001680724014191938,,262.25602288782244,0.8034338721862206,-0.0750408602889473,5.4740844703948995e-08,0.01931275113088977,-0.002338264468153553,2.180623763189899e-07,0.014698005992279956,-0.0007083952074220195
1975-03-14 18:00:00,,,5.800039201093143,,,,,,919.6469949861852,6.775681711953773e-10,3.3878408559768865e-10,0.0,0.0,6.057247629708793e-08,,5.665207902355307,0.0789031982421875,,,,,,7.164284322388779e-06,1.7671101897425906e-05,301.4190088757396,2.2104638215352797e-06,2.223755833665295e-06,,270.5805885269797,4.105798944213686e-06,,270.9886796940008,4.4304061923506695e-06,,,,7.164284322388779e-06,,0.0,,,,,,,1.7671101897425906e-05,,,,,,,,,
1975-03-15 00:00:00,1.2206786793364575,-0.13127920613486385,,0.41389289833384857,-0.3133235400950415,262.71919539412096,270.78336763099804,0.7984379180789699,,,,,,,0.0,,,271.46080017089844,271.4600524902344,271.4600830078125,271.4599609375,0.08663967516295304,,,,,,0.02676901732676128,,,101568.55880177514,,,1.6272189349112427,138.47613904603134,0.19017725160136026,,266.0535418267786,,74140.19036612425,0.09805333967039571,0.0008853822064822948,0.0075273908806975775,0.00019607177147498497,0.009701113729081915,,262.80850319044123,0.22630976572544617,-0.11228147766293858,1.2805112257851948e-07,0.010214105186454908,-0.002243445073006421,6.600204557621267e-07,0.05717347961707184,-0.01082392380787776
1975-03-15 18:00:00,,,6.072399190191686,,,,,,512.2993861852067,0.0,0.0,0.0,0.0,1.248351869844286e-07,,6.004971199487088,0.12382182284925111,,,,,,1.591082508042014e-05,2.001675628346099e-05,465.3864644970414,8.185168166132368e-07,3.950703426225651e-06,,271.13605485724275,4.7006550625231136e-06,,271.6542380067724,4.909646052580613e-06,,,,1.591082508042014e-05,,0.0,,,,,,,2.001675628346099e-05,,,,,,,,,
1975-03-16 00:00:00,0.8156284354847564,-0.08563937237982214,,0.30128475053775944,-0.40056426144210544,263.28390800882374,271.30036492883806,0.8006617818358381,,,,,,,0.0,,,271.4600067138672,271.4598693847656,271.45965576171875,271.4599609375,0.15976945324056951,,,,,,0.0357702131102071,,,101363.26442307692,,,2.3195266272189348,138.66666696762897,0.18993651937450884,,267.33466406827847,,74013.47087647929,0.16386756671250924,0.0020766625037560095,0.014987719834908932,0.00012960377529528015,0.008921154857387203,,263.2624854815782,0.14547103855031482,-0.14214074964354023,3.839163340424248e-08,0.012356075076606764,0.004176629453721131,1.4854784498332873e-07,0.08377174489591381,0.005266521610980909
1975-03-16 18:00:00,,,5.825055692322861,,,,,,374.27027500697545,1.271679644753947e-06,6.954678879863411e-08,1.0099504473646716e-06,2.8662692160296016e-07,3.60648553493328e-08,,5.668601696307842,0.1711096227521727,,,,,,1.3272349651043232e-05,1.634727921006242e-05,708.166050295858,7.01247323194199e-07,2.7222173101097876e-06,,270.97644575672035,3.6925231740319516e-06,,271.41344763400286,4.224931082781955e-06,,,,1.4281925365064271e-05,,0.0,,,,,,,1.761321661740365e-05,,,,,,,,,
1975-03-17 00:00:00,1.3633425898805878,-0.04712777448123729,,0.5117642103567631,-0.32952027066924866,262.56632905316775,271.12687114286706,0.8022666830988325,,,,,,,0.0,,,271.4601593017578,271.46044921875,271.4596252441406,271.4599609375,0.18750704251802885,,,,,,0.052662144045857985,,,101461.54659763313,,,2.408284023668639,137.8368315386349,0.18997806910227036,,267.6860912255282,,74042.1822993713,0.1905011961446006,0.0038975371411566198,0.006842957445855676,4.861869755581286e-05,0.005141399315828402,,262.9566579965445,0.2607186884569698,-0.13985276328036067,1.1588819161368831e-08,0.02108859428281747,0.010615015861811804,1.2913183907574573e-07,0.0277506921911535,0.01129832649989241
1975-03-17 18:00:00,,,5.76134564890664,,,,,,586.8712824041194,1.795997721909066e-06,0.0,4.943834959402592e-07,1.480499800493026e-07,-1.195782107389229e-08,,5.519724010715823,0.09210530117418639,,,,,,6.111504058160725e-06,6.121864332955265e-06,369.9485946745562,0.0,1.5417191051167143e-06,,270.3112106774686,1.5484202190263737e-06,,270.8550704865766,2.5518458975842717e-06,,,,6.605358518792327e-06,,0.0,,,,,,,7.899996091628216e-06,,,,,,,,,
1975-03-18 00:00:00,1.3837814218193822,-0.43621356106368747,,0.47919661617843357,-0.43084386678842396,259.86547400119036,271.20441405166537,0.8002757045644275,,,,,,,0.0,,,271.46034240722656,271.4600067138672,271.45977783203125,271.4599609375,0.09078889203494822,,,,,,0.020949053341115013,,,101654.09097633135,,,2.0118343195266273,139.1215255105284,0.18983846585426103,,266.43351294162005,,74134.6900887574,0.09979645317122782,0.0015178770708614553,0.0015708652473765718,0.0,0.0016810625967894786,,263.6031262098685,0.214653812569274,-0.2358520157943816,2.4019136186895793e-08,0.011446348781361294,0.0010267185080333574,7.833873954003666e-08,0.0037880244736488047,0.0011070808891713972
1975-03-18 18:00:00,,,5.612418535898423,,,,,,172.81027221679688,3.1220577877654124e-06,0.0,1.0555411672451087e-06,8.514024229092005e-08,-4.828865787967731e-08,,5.379807850312904,0.11206758939302884,,,,,,5.3462985704636435e-06,5.3280909385906876e-06,468.9815088757396,0.0,1.3026833181550516e-06,,270.07459760135447,1.2036765644536216e-06,,270.58000923472747,4.579285545461982e-06,,,,6.401768097510705e-06,,0.0,,,,,,,8.442874490862062e-06,,,,,,,,,
1975-03-19 00:00:00,1.0442003724137707,0.10644658218474078,,0.41998457485402124,-0.2764643607054942,262.0218290069399,271.4921994181074,0.7988971133203902,,,,,,,0.0,,,271.4604797363281,271.45985412597656,271.45977783203125,271.4599609375,0.1334382006402552,,,,,,0.013987795135678624,,,101574.08542899408,,,1.893491124260355,139.4307895637828,0.18972006916294437,,266.91236227362816,,74056.11293454142,0.13482521553716717,0.0013275343990890231,0.0020846643391445544,0.0,0.001735574394993528,,262.4371087790946,0.23677120194632625,-0.13219943977671966,6.047088735338752e-08,0.005895478958153778,0.0012832073682158655,-9.344544115485954e-08,0.0056857438330929835,0.001088927769978371
1975-03-19 18:00:00,,,4.938997522613706,,,,,,260.88239425909325,1.414442027108909e-06,3.6116992536733845e-08,1.2277697141353901e-06,1.6168641620839137e-07,2.166104245346767e-08,,4.681022000736033,0.12681642791928624,,,,,,3.2643021563806477e-06,3.2704081055680674e-06,533.396449704142,0.0,9.018894747869503e-07,,270.7771100828634,8.131603341130815e-07,,271.15833684255387,1.3981741913676967e-06,,,,4.492016762671386e-06,,0.0,,,,,,,4.678171061905178e-06,,,,,,,,,
1975-03-20 00:00:00,0.736479533494577,-0.21890350770668165,,0.268454043822881,-0.3807381059996475,261.4851213263337,270.69492091793984,0.8007408426358149,,,,,,,0.0029517179410133137,,,271.459716796875,271.4600067138672,271.4603729248047,271.4599609375,0.1399708584215514,,,,,,0.03786798059587648,,,101659.13683431952,,,1.952662721893491,139.40746763330944,0.1895980806745721,,267.8486155673597,,74137.65077200443,0.15649766188401443,0.0021691576263608314,0.0036109495445116034,0.0,0.0021104022596009383,,263.5492460713584,0.13947723955797725,-0.19927876940845737,1.1675953597261587e-07,0.02297029550214499,0.002767253335091401,1.377492098874115e-07,0.006963063622466647,0.003681822200498637
1975-03-20 18:00:00,,,5.606373990075828,,,,,,601.7486741807726,6.187398581815189e-07,1.0687174529013549e-06,2.0686382725393984e-07,5.894886142403416e-08,7.975045291082823e-08,,5.4137151876144864,0.18095172227487055,,,,,,7.681548595428467e-06,7.71007241582024e-06,731.2884615384615,7.593516568989444e-09,1.9313205452360345e-06,,271.2461591190135,1.8955114677812927e-06,,271.74063318015556,2.193755123036853e-06,,,,7.891002491381041e-06,,0.0,,,,,,,8.328117915159147e-06,,,,,,,,,
1975-03-21 00:00:00,0.2619590533555612,-0.7364188143487512,,0.04320676227998451,-0.6207128727929832,264.8608375865327,271.3545394084863,0.8040459226574418,,,,,,,0.002796274670482387,,,271.4603729248047,271.4601593017578,271.46006774902344,271.4599609375,0.19984210313424555,,,,,,0.020593225603272928,,,101527.15606508875,,,2.0118343195266273,137.891172330055,0.18988724996352338,,268.68834510216345,,74009.17943324705,0.2117719480977256,0.00151284629776633,0.0038773576183431953,4.709736835321731e-06,0.0016434686423758783,,263.4611374894543,0.04023020930544159,-0.3233624915399495,-6.366979548454108e-09,0.018161062643633874,-0.004401539204388681,1.1483129419072271e-07,0.00978808811198942,-0.0013853710078628812
1975-03-21 18:00:00,,,5.71917220685609,,,,,,224.69962524414063,2.9124840322507202e-08,0.0,2.2238426285206214e-08,5.928829130468637e-09,4.142708542547327e-08,,5.588633514720307,0.12419959073941383,,,,,,3.0698596373112245e-06,3.1052609167155428e-06,489.89866863905326,2.5938573629545744e-09,8.583818314343515e-07,,271.8339786868124,8.04618618192052e-07,,272.225212232601,9.182179291572797e-07,,,,3.0921672928262745e-06,,0.0,,,,,,,3.1348868940003523e-06,,,,,,,,,
1975-03-22 00:00:00,-0.7091632312571509,-0.2802468418369632,,-0.36371597312611237,-0.434300749964968,262.9134201862403,271.99353235007743,0.8008448072439115,,,,,,,0.0025037054479474853,,,271.4600830078125,271.4594268798828,271.4599151611328,271.4599609375,0.12706219374075445,,,,,,0.013300382173978366,,,101644.70784023669,,,1.8875739644970415,138.78556489662307,0.18963934260712573,,268.94901867025703,,74176.17728365384,0.13343982583672337,0.000310447794445873,0.0020510600163386418,2.8892602088183343e-06,0.0006780962972245978,,263.8262715537167,-0.3264486775595761,-0.2836430622981145,-1.6665483036974188e-08,0.0012532711542588963,-0.00029961870619531217,-4.0196975005636286e-09,0.004126775128072535,-0.0011875364686963121
1975-03-22 18:00:00,,,5.938301092068825,,,,,,2488.0462866889106,7.464203256121754e-06,1.2824587391678397e-06,1.5816612709203415e-06,9.231886567448723e-07,-6.064244819124444e-08,,5.740147331057216,0.1434029122076091,,,,,,9.513928516376654e-06,9.622887746822199e-06,606.2655325443787,1.71703989094002e-08,2.8072707575453807e-06,,274.22321035170694,2.7704807604558368e-06,,274.63668335683246,5.802591524180576e-06,,,,1.10927241793751e-05,,0.0,,,,,,,1.708942757555719e-05,,,,,,,,,
1975-03-23 00:00:00,-1.3224050928149702,0.1520297202838243,,-0.6657962404059236,-0.4222838384865304,265.77182160326714,274.85843563644136,0.8012176836736103,,,,,,,0.15756415192192122,,,271.45994567871094,271.4604187011719,271.459716796875,271.4599609375,0.1328073535445174,,,,,,0.44629763992580435,,,101813.43602071005,,,2.3254437869822486,139.5045460356763,0.18937921241895686,,271.5809881447335,,74368.57969674557,0.5193303576587925,0.02013871232433432,0.005758138803335337,1.2134571047224236e-05,0.023294550427318324,,264.21443952752287,-0.5742120291354388,-0.2677201716857549,-5.254079122785148e-06,0.4881706802088203,0.08789954605628048,-6.235196026449902e-07,0.06678038677228229,0.003961620246164897
1975-03-23 18:00:00,,,6.618628287456445,,,,,,1698.3594455203495,4.982719054588905e-05,1.0003616823952579e-05,1.105846914313954e-05,1.4379234797150425e-06,2.699171915142041e-07,,6.356508903954861,0.2481617222170858,,,,,,5.9346387372214415e-05,6.581490209116738e-05,1012.1985946745563,1.1976477662487143e-06,1.3608000511248435e-05,,276.75212936852813,2.044117485983132e-05,,277.3005385539941,3.415972170745127e-05,,,,7.040560598204121e-05,,0.0,,,,,,,0.00011561026234598555,,,,,,,,,
1975-03-24 00:00:00,-0.8808925109502126,0.0418777860833343,,-0.5253370443039392,-0.38650752524652426,269.2700626892451,276.2780776164941,0.8189599591599414,,,,,,,0.10343111478365384,,,271.4597930908203,271.4601745605469,271.4599151611328,271.4599609375,0.24134131437222633,,,,,,0.35493162256726146,,,101855.69526627219,,,2.4615384615384617,136.13095598390117,0.19144962243074495,,274.07148796849,,74405.9813470784,0.4795458579528767,0.019508730567190602,0.015479906675073088,0.00039533327317096777,0.02563589423365847,,265.6426053018965,-0.26902953266392093,-0.26625153581066247,-1.984922740244742e-06,0.42290857980942587,0.23668964092548078,-2.3959203176861686e-07,0.0795078081651949,0.05328579026841994
1975-03-24 18:00:00,,,7.396343073195959,,,,,,2045.3741269083419,3.96248327909842e-05,4.519956439909851e-06,2.6833288062959027e-05,3.399558850294034e-06,-9.25709054920376e-08,,6.778983646595972,0.38731321075258873,,,,,,0.00021083785232002214,0.00023419458485213963,1514.0388313609467,6.406375113323595e-06,4.7217018505525304e-05,,277.8362798747226,5.5628635826900865e-05,,278.14076368343194,9.021850732656625e-05,,,,0.0002376763425635163,,2.9607020186249322e-06,,,,,,,0.0002738142154625887,,,,,,,,,
1975-03-25 00:00:00,-0.13947573216003778,-0.356150367556239,,-0.19493934247620712,-0.37317818297436955,271.85979393953403,277.5216692862426,0.834966362228055,,,,,,,0.5277085163184172,,,271.46018981933594,271.4600830078125,271.45989990234375,271.4599609375,0.36478554990870005,,,,,,0.8082330300963136,,,101643.61094674557,,,2.5976331360946747,132.0770312427769,0.19398775608581903,,276.6553326668824,,74248.34310281066,0.9854552481301437,0.13501871972394414,0.025065292268109746,0.0042903775999531945,0.22841848622588717,,267.6482294748521,0.0054932430651060925,-0.16643770770913752,3.7897353924359e-06,2.9237782468457194,2.3429601978973524,6.068512878639723e-07,0.3268756189289883,0.2086192315083394
1975-03-25 18:00:00,,,6.616284641288441,,,,,,906.7343861649676,0.00015973692109598917,2.100984373036221e-05,7.08241610837406e-05,1.5392811340693185e-05,1.1723695072991575e-07,,6.130596217319105,0.3545696551983173,,,,,,8.848917907511694e-05,9.391540606346356e-05,1431.1305473372781,1.5800548772487414e-06,2.0505893512590398e-05,,273.8776179206442,3.7371980015342754e-05,,274.3101481601331,8.987075478367552e-05,,,,0.00015931342833140898,,0.0,,,,,,,0.0002536604390341855,,,,,,,,,
1975-03-26 00:00:00,0.2380829421726204,0.5025792827267619,,0.09471514662341958,-0.019913159883939303,270.6528334758691,274.62117437780256,0.8477081212066334,,,,,,,0.00705829597789155,,,271.4596710205078,271.4596862792969,271.45977783203125,271.4599609375,0.3546342116135817,,,,,,0.3308200271877311,,,101353.28587278107,,,2.7810650887573964,130.04811574721478,0.1978919633041472,,271.06904024203146,,73974.03769877959,0.45734183985420324,0.031937886977336814,0.021235015255605012,0.0004154972776153384,0.044855287089150334,,265.9623531364125,0.19976531824416663,0.05489430060753456,1.815081051875942e-06,0.36245508587527564,0.35794763734354773,-4.092859622289443e-07,0.09188293454033383,0.12437075272907872
1975-03-26 18:00:00,,,4.873970088168714,,,,,,609.3433025013317,8.461919761973725e-07,0.0,8.460707389391386e-07,0.0,9.191071997105954e-08,,4.7880835843509475,0.1126351441151997,,,,,,3.208731405833769e-06,4.08847303785516e-06,430.5695266272189,1.6216034367239687e-07,6.873381032040838e-07,,270.2632155559472,8.16995840100847e-07,,270.6740415674695,2.306417600643e-06,,,,4.0524986368664625e-06,,0.0,,,,,,,4.929551006068845e-06,,,,,,,,,
1975-03-27 00:00:00,1.0995132796157747,-0.14355501479651095,,0.38888067324486003,-0.3529173777653621,264.5224314130975,271.54736860828285,0.8435690745094119,,,,,,,0.01147785976793639,,,271.460205078125,271.4603576660156,271.4601745605469,271.4599609375,0.15304736978203587,,,,,,0.0855002318613628,,,101578.22078402367,,,1.4082840236686391,134.21754067325028,0.19836060676348985,,265.1731798521866,,74100.35861224112,0.1918415317873983,0.0010143454963638938,0.009048935929699057,2.97268466836602e-05,0.0015896735106699566,,260.5385263657429,0.3015135942831547,-0.16796775118133725,1.6293839755407453e-08,0.007168577740123198,0.004338338309843865,1.0478389095521902e-07,0.015549630984752136,0.009755068717623603
1975-03-27 18:00:00,,,5.107596572334244,,,,,,4324.279451795444,1.4469556554534731e-06,6.775681711953773e-10,1.4463494691623034e-06,9.21678701801413e-07,8.909487593974147e-08,,4.96557390901464,0.11909024390948594,,,,,,7.741968836304705e-06,8.212611872768966e-06,567.9974112426036,1.3462984218047217e-07,1.3875659312722246e-06,,271.9513697878144,1.4656482363593648e-06,,272.3885367128271,2.029114926355125e-06,,,,9.18901266430962e-06,,0.0,,,,,,,9.658707845845872e-06,,,,,,,,,
1975-03-28 00:00:00,1.2320245088204829,-0.08872549068292923,,0.42174265370566466,-0.3020950012658475,265.92871870232756,273.814623228897,0.8365590921520482,,,,,,,0.36823692547499076,,,271.4599609375,271.4605255126953,271.46014404296875,271.4599609375,0.16286292442908654,,,,,,0.1972206612310466,,,101886.79844674557,,,2.100591715976331,137.67755361703726,0.19822621768748266,,268.0059750348153,,74341.99963017751,0.6253471035929121,0.006381033879023503,0.00806662881162745,1.668295211340549e-05,0.0037283530602088342,,262.2335971629126,0.2637631367649552,-0.08932191486189352,1.7991352418386626e-07,0.13552624502318453,0.08582425015448447,8.997176337288693e-08,0.012193503376294875,0.018107097816361477
1975-03-28 18:00:00,,,4.847731347620135,,,,,,860.0239932819949,2.916968433109261e-07,5.643043292344674e-08,2.7640166102781805e-07,6.428467848244504e-08,1.9578839901603274e-07,,4.678860596651156,0.11249158509384245,,,,,,1.7205936580720033e-06,1.713617004939085e-06,458.5765532544379,0.0,4.5589893262767226e-07,,271.01513319749097,5.033715854029684e-07,,271.59490804277226,6.192578719212459e-07,,,,1.997967972557926e-06,,0.0,,,,,,,2.0059365668945765e-06,,,,,,,,,
1975-03-29 00:00:00,1.2859422017836712,-0.48150653951972194,,0.4335063900467912,-0.42876175874789085,266.2221578564164,273.0654457588873,0.8312903222953074,,,,,,,0.00233822884644277,,,271.4599609375,271.4605255126953,271.45957946777344,271.4599609375,0.11913457565759061,,,,,,0.008303839779464452,,,101980.72892011834,,,1.78698224852071,139.4635650815343,0.19831676313862998,,266.8645907971986,,74306.09342640532,0.12556529750485393,0.0004978391545764088,0.003845807363295696,2.2829416588213318e-06,6.113214605658718e-05,,261.36059768947626,0.2538824197808666,-0.19031861547887677,4.8081535260818525e-08,0.00331983921261361,-0.000541762663767888,4.229322575258653e-09,0.007938531496060582,-0.0014335265790922402
1975-03-29 18:00:00,,,4.285805222550793,,,,,,3416.615549926758,4.701084903711398e-07,0.0,9.262250989851867e-08,5.928829130468637e-10,-5.4620748350311336e-08,,4.2026404262294434,0.04393917286889793,,,,,,3.326571265444953e-07,3.2670547932210053e-07,169.3032544378698,0.0,9.983164925106178e-08,,272.37150384124214,9.677144175274132e-08,,272.7279952009754,4.939701871053707e-07,,,,4.2522177320612956e-07,,0.0,,,,,,,7.927043021783321e-07,,,,,,,,,
1975-03-30 00:00:00,0.007531431299694896,-0.9621146896181727,,0.07317847754122943,-0.5747038880748861,263.12203410673425,273.59311328413924,0.8274660621874431,,,,,,,0.14987155530579696,,,271.46014404296875,271.4599609375,271.46044552158673,271.4599609375,0.042596670297475964,,,,,,0.15149557802098743,,,101794.0551035503,,,0.7100591715976331,140.22465975609052,0.19808098832531087,,267.1565927358774,,74276.35438239644,0.3251137818105122,0.002308044207872018,0.0024406275100256566,2.8892161225426127e-06,0.0011881455867248174,,261.51582914273416,0.008869313276731051,-0.28886209860355894,4.354072958589173e-08,0.020838693357430972,0.0032368360318728454,4.4546173287888975e-08,0.001205935104358831,-0.00237164082082771
1975-03-30 18:00:00,,,4.499485946971284,,,,,,1873.069169921875,1.031986972284035e-05,2.0044486550889777e-06,4.419979788142549e-06,3.3704398651800212e-06,2.6349110927325313e-07,,4.511082214716623,0.15803545889769785,,,,,,4.4619278794915015e-06,4.494904413731141e-06,598.1549556213017,0.0,1.7980036474543916e-06,,271.70637846275196,2.8569449687145165e-06,,272.11029820188264,7.801441222252931e-06,,,,8.883384557870719e-06,,0.0,,,,,,,1.4803466006848939e-05,,,,,,,,,
1975-03-31 00:00:00,-0.6882794679269283,-1.306833075348442,,-0.3246523501604972,-0.8290674672324276,265.52109911314835,271.52233931863094,0.8234079420213869,,,,,,,0.04813524957239275,,,271.46003306974495,271.45970153808594,271.4603271484375,271.4599609375,0.15672564083302515,,,,,,0.20274416229428624,,,101787.97559171598,,,2.366863905325444,140.26499352088342,0.19797493296967456,,268.1157510068995,,74243.81178346893,0.3292393430450259,0.005882974207048586,0.004889809873682508,1.0343213405834852e-05,0.0064836310211723374,,261.98240264350846,-0.21199511353080794,-0.45336048983963284,-2.651145842240451e-07,-0.0015909615353014341,-0.011691543477526782,-6.308919882240633e-08,0.006359763421426863,-0.002459784341458033
1975-03-31 18:00:00,,,5.2817002809964695,,,,,,314.54048495822485,0.0,6.951083092999881e-07,0.0,0.0,2.175639893672947e-07,,5.157550495757154,0.030293210723696375,,,,,,1.1351389380601736e-07,1.1578640354984611e-07,105.73039940828403,0.0,4.135878183520757e-08,,272.9561911137146,3.458878311973352e-08,,273.37787253475756,8.683756390619561e-08,,,,1.1351389380601736e-07,,0.0,,,,,,,1.1578640354984611e-07,,,,,,,,,
1975-04-01 00:00:00,-0.45538326127994694,-1.0825440277009322,,-0.32133235592813886,-0.7681886176385823,267.14607428375786,273.4159267809264,0.8206864574251795,,,,,,,0.0005937581936988604,,,271.4591979980469,271.45994567871094,271.4600133045009,271.4599609375,0.02326974360900518,,,,,,0.000693340978678867,,,101925.33912721893,,,0.4319526627218935,140.95586815106094,0.19800609949777817,,267.1720980130709,,74425.6141364645,0.024338219998150886,2.0851309482867902e-05,0.0007135388413829916,0.0,0.0,,261.58156201966415,-0.1645128204977724,-0.3861974513036965,-3.917216148822273e-08,-0.00010875177498391592,0.00013920093732252276,7.486895435502544e-08,0.0006223994453772407,-0.0010794383093450197
1975-04-01 18:00:00,,,4.948285802581607,,,,,,711.8517232259114,0.0,0.0,0.0,0.0,-7.862252879511708e-08,,4.854305651060928,0.03452486117210614,,,,,,1.3639742629767875e-07,1.359910059433717e-07,116.40347633136095,0.0,8.381214323481159e-08,,274.09588180632284,6.850662823083132e-08,,274.43841417301337,1.0205352866261669e-07,,,,1.3639742629767875e-07,,0.0,,,,,,,1.359910059433717e-07,,,,,,,,,
1975-04-02 00:00:00,0.26895210446690665,-0.9543767172909348,,-0.02567592598277436,-0.7696076963074814,266.45565461830273,275.9206748826969,0.8146463942950999,,,,,,,0.002498288126386834,,,271.45960998535156,271.4602508544922,271.4598388671875,271.4599609375,0.022057798487194896,,,,,,0.002955803504356971,,,101817.32951183432,,,0.47337278106508873,142.11202569543963,0.1976937570515469,,268.13171585353876,,74430.44554363906,0.025280653372318787,2.1270040929670163e-05,0.0007524095343414848,0.0,1.328727285537494e-06,,261.5528401030591,-0.04590671337567843,-0.39858708579159347,-1.3894297415433663e-09,-9.922270283182896e-05,0.0006166131582838544,-1.2656576704501157e-07,0.0006913076397362192,-0.0004724096837481098
1975-04-02 18:00:00,,,5.286860477289505,,,,,,1605.8319030761718,0.0,0.0,0.0,0.0,2.5905858728409187e-08,,5.161259194097576,0.03378873746070636,,,,,,5.568261947152177e-07,1.0505483965196553e-06,105.59781804733728,1.1221817060864184e-07,1.900173591438835e-07,,275.9790076080864,1.9680664560498572e-07,,276.37005732609674,4.281108019620004e-07,,,,5.568261947152177e-07,,0.0,,,,,,,1.0505483965196553e-06,,,,,,,,,
1975-04-03 00:00:00,-0.5689340117415027,-0.2235306452011921,,-0.37484929124279137,-0.392175296354576,266.7343937800481,277.92970537716116,0.8096738228431115,,,,,,,0.0,,,271.45977783203125,271.460205078125,271.45957946777344,271.4599609375,0.03985555073213295,,,,,,0.03719867051705806,,,101641.76775147929,,,0.9289940828402367,142.43312406822068,0.19714891275710608,,270.46833385941545,,74371.69894138313,0.06502740622977533,0.0004595073722523345,0.01348838580430612,0.000206288501355775,0.0005330785491762782,,262.72334614590073,-0.3046368028990616,-0.20994999563905614,1.8480841525096362e-09,0.0012998465743444905,-0.0012455777920914826,2.254607820571345e-07,0.03483391349126733,-0.02247322346331805
1975-04-03 18:00:00,,,6.343603156727447,,,,,,5305.983475380755,0.0,0.0,0.0,0.0,4.804707671303478e-08,,6.236776357571754,0.030833769126756658,,,,,,2.5251447691543568e-08,2.5167236016435032e-08,86.79918639053254,0.0,2.3009763898316924e-08,,277.1475431002103,1.2696933513782786e-08,,277.4321210511337,2.150032559090112e-08,,,,2.5251447691543568e-08,,0.0,,,,,,,2.5167236016435032e-08,,,,,,,,,
1975-04-04 00:00:00,-0.7288940700553578,-0.8020495409090843,,-0.4275007135063939,-0.6649906451885517,267.2744041307438,277.3627967608751,0.8024464397740787,,,,,,,0.3244034806652182,,,271.46022033691406,271.46006774902344,271.4601287841797,271.4599609375,0.027225020369129067,,,,,,0.16746737688956176,,,101623.83357988166,,,0.4437869822485207,143.4207812427769,0.19644605196439302,,271.46087890263846,,74412.30057322486,0.36053882124861314,0.0008082957662774261,0.0013167336142274756,1.747778357838738e-06,0.00015537484863100673,,263.2602504752797,-0.39894706116625545,-0.32745925632454237,-1.616305683902396e-07,0.01601039164165068,-0.0110327544781936,-1.0618268842492032e-07,0.003177954565965124,-0.0023622493860284252
1975-04-04 18:00:00,,,5.929021936901928,,,,,,2338.527559068468,0.0,0.0,0.0,0.0,8.535663745043657e-08,,5.85010317514634,0.04354524330274593,,,,,,1.2843296504937686e-07,2.699505989632663e-07,147.32562869822485,6.1471939649014074e-09,1.1530765414943357e-07,,278.7865500365489,3.727339621434903e-08,,279.2083782670061,2.3686316018626534e-07,,,,1.2843296504937686e-07,,0.0,,,,,,,2.699505989632663e-07,,,,,,,,,
1975-04-05 00:00:00,-1.2081035072281516,0.044821767411993806,,-0.7611078059179543,-0.2869120321330234,269.45613928800503,279.6248856042264,0.8034734517864927,,,,,,,0.4923199535121579,,,271.45997619628906,271.4596862792969,271.4597930908203,271.4599609375,0.050928104558639976,,,,,,0.04099178878513313,,,101501.10946745562,,,1.3964497041420119,142.8571717753213,0.19563343115812223,,273.9845771563829,,74306.54696745562,0.524350228394277,0.0013500783570419403,0.013103575396114552,0.00010466716698640903,0.00011001633116479456,,264.81619569676866,-0.7527878270346737,-0.07406096486650275,7.678437542332854e-08,0.03629088519587451,-0.010666112597348423,4.224729842279718e-07,0.05857510515213145,-0.032837766162037145
1975-04-05 18:00:00,,,6.447467465372481,,,,,,575.6805763535828,2.8145449930394188e-06,3.692473576971765e-07,0.0,0.0,2.41717720006802e-07,,6.268960157089685,0.16922647148899778,,,,,,1.578894857118821e-06,1.7977501513689932e-05,710.1845414201183,5.197419217352331e-06,3.5076143120872904e-07,,278.4954583884696,3.4885249546999057e-06,,278.8672981036485,7.905683221196283e-06,,,,1.578894857118821e-06,,1.0802129492957211e-06,,,,,,,2.075079277422301e-05,,,,,,,,,
1975-04-06 00:00:00,-1.0157763351350142,-0.13130576229659763,,-0.7430153288079436,-0.300375295108592,273.56715627817005,278.446647779476,0.8066646206308399,,,,,,,0.00022546779474563148,,,271.4606517483673,271.45997619628906,271.4601593017578,271.4599609375,0.25107434515416976,,,,,,0.08962037577431582,,,101433.29068047338,,,2.3076923076923075,142.7362860504692,0.19499290060009478,,275.4049374732746,,74190.78899315829,0.27937136317145894,0.0005306781396357971,0.04536121494647187,0.0027832279543904864,0.0003201481858654135,,265.88569451507027,-0.7438985045844987,-0.10935416588416466,5.394673743354123e-08,0.0029086897213572703,-0.0004506312839730957,1.9535980797934168e-06,0.23489926383450363,-0.05450881550297935
1975-04-06 18:00:00,,,5.732146059973,,,,,,508.4590352376302,1.9872026551051957e-07,0.0,0.0,0.0,3.387510962336539e-08,,5.581024993806196,0.11161840314695821,,,,,,2.3267909708107717e-07,1.879789199702133e-06,422.15976331360946,2.615197875795985e-07,8.991189278970808e-08,,277.17228166027184,8.294970546601087e-08,,277.5763380964832,1.5269722458878919e-06,,,,2.3267909708107717e-07,,0.0,,,,,,,2.0756810550858988e-06,,,,,,,,,
1975-04-07 00:00:00,-0.8675451730129987,0.2534475382968519,,-0.6204600870256594,-0.1428083329511112,271.9907837816949,277.74496171037123,0.8042280762153264,,,,,,,0.0012637539022772974,,,271.4591064453125,271.45997619628906,271.4601135253906,271.4599609375,0.11499592256263869,,,,,,0.014261053864067123,,,101145.01035502959,,,1.7928994082840237,142.38994729307277,0.19422271830090404,,273.972009331517,,74018.21629992603,0.12109663923816567,6.559314812428853e-05,0.010249098377114923,0.00013429314427121857,0.0,,266.35378486588155,-0.572693915056759,0.0456721708619383,8.088260160252098e-09,0.0001071315333136969,-0.0005338496691134026,5.988693632410712e-07,0.0316181977516448,-0.008589504033150758
1975-04-07 18:00:00,,,6.164613125592294,,,,,,151.5257916618796,6.887113906928068e-06,2.615473415019244e-07,4.902559183758392e-07,0.0,2.732388474585863e-07,,6.065880978601219,0.14332643768491124,,,,,,2.102568172491514e-06,3.358294096218764e-06,614.7096893491124,1.930221143735231e-08,4.4535955733801484e-07,,278.0567561945266,8.405103574137716e-07,,278.4774032683062,4.735174616413003e-06,,,,2.5898813319629466e-06,,0.0,,,,,,,1.024137410891832e-05,,,,,,,,,
1975-04-08 00:00:00,-0.7472279904156747,0.4718419983542177,,-0.494453695398816,-0.209171379811665,272.55059353980795,277.57358889607985,0.8038477700137527,,,,,,,0.014571646966877773,,,271.4600372314453,271.45989990234375,271.4596252441406,271.4599609375,0.16772144927075627,,,,,,0.0067406152127057134,,,101231.23409763313,,,2.4023668639053253,144.61022281082424,0.1935834348554442,,275.1957299949149,,74074.6475822855,0.17750251363720415,0.0019638580683420397,0.008397672303329558,3.501473093879293e-05,0.0009036769528360762,,266.30484234510794,-0.4900416932867829,-0.07071364701852291,2.0565986077055974e-07,0.04569167051789456,0.008807345727436553,3.235241529613061e-07,0.022037026430283862,0.013416474740180744
1975-04-08 18:00:00,,,9.575407005626069,,,,,,2289.0942660600713,6.809716041271503e-05,3.2630677406604473e-06,4.6590905217729374e-05,9.106483156159079e-06,5.147589326522054e-09,,8.991752664013022,0.2569215311806583,,,,,,8.085378881036882e-05,8.644145974040737e-05,988.6978550295858,1.4142215957303019e-06,1.9649870296907143e-05,,279.1793812407544,2.3948634869953584e-05,,279.5700842501849,4.9328927457685303e-05,,,,0.00012745324676558816,,1.7082770547923252e-06,,,,,,,0.00015454073629435702,,,,,,,,,
1975-04-09 00:00:00,-0.033928617217837,-0.601634730954142,,-0.09395926661745331,-0.6860093731851973,271.78191452477813,280.4569763544749,0.8242568119743167,,,,,,,0.08617924797464405,,,271.4601745605469,271.4601135253906,271.45982360839844,271.4599609375,0.2420168543708395,,,,,,0.4270071898691753,,,101121.13128698224,,,2.485207100591716,137.68210705638637,0.19388756385216346,,277.29177070933684,,73928.39906157544,0.48551850708631367,0.0357209907372974,0.02332203071410091,0.0001783240476303552,0.06014269766722911,,267.0384188319099,-0.04616270686042379,-0.5717643083199947,-4.042750747995617e-06,0.9207563219597485,0.33881821095827724,-3.291464038055456e-06,0.46300131893722263,0.12841047478850776
1975-04-09 18:00:00,,,7.9682811590341425,,,,,,1560.3319160375702,1.0392237344437098e-06,2.1682181478252074e-08,1.0094875414695966e-06,3.529271695035449e-07,1.1384772679619711e-07,,7.8253148039417155,0.11428851065551035,,,,,,4.551026242724537e-06,4.5545531447822526e-06,436.6257396449704,1.6578506215436925e-08,6.673174232420836e-07,,275.46732768222427,7.75405949742131e-07,,275.86707942443485,1.3169782930577295e-06,,,,5.5604256116426905e-06,,0.0,,,,,,,5.59216773016213e-06,,,,,,,,,
1975-04-10 00:00:00,1.675363230282033,-0.24728100680740628,,0.524688585270086,-0.4298163250353209,265.3291314480573,275.96226077107985,0.8260320421506667,,,,,,,0.0,,,271.46074746628483,271.4603576660156,271.46022033691406,271.4599609375,0.1240716516618898,,,,,,0.039087464823525334,,,101161.0025887574,,,2.136094674556213,140.12515439366447,0.19423851035755768,,272.0154290735369,,73860.54632026626,0.15873284875993898,0.0015206449835963502,0.0065816055388140254,6.062965068591417e-07,0.0012589093496108196,,263.8519114657972,0.36711464302074276,-0.2866345185499925,1.773423234640742e-07,0.014207947183642867,0.007218219810244683,2.3488100528057124e-07,0.04909593248243868,0.029126109441014878
1975-04-10 18:00:00,,,7.139587571635049,,,,,,1752.3563181559246,0.0,0.0,0.0,0.0,1.252986633318019e-07,,6.9420623779296875,0.036886542506471894,,,,,,4.912141060247224e-08,4.762902128449558e-08,107.03069526627219,0.0,6.320663127144413e-08,,274.762024286936,1.8369166742591463e-08,,275.23052879198065,3.9813695640782635e-08,,,,5.053286027361655e-08,,0.0,,,,,,,4.762902128449558e-08,,,,,,,,,
1975-04-11 00:00:00,2.3911570201258687,0.10240668234740488,,0.7596417432706032,-0.2991561099622377,262.9506038688344,275.7910483095068,0.8213428428187173,,,,,,,0.0,,,271.4598083496094,271.4605255126953,271.4600524902344,271.4599609375,0.048543444751987797,,,,,,0.0027323164178069525,,,101190.95599112425,,,0.7100591715976331,141.19763960076506,0.19396181783732577,,270.800098486906,,73946.30743805473,0.051275580592409394,1.831017655028394e-05,0.0005205933158919657,0.0,1.2125930137182833e-06,,264.59799961789827,0.5920492382444573,-0.17693455825895954,-3.2838446439404697e-09,0.0005631432585251523,0.0008082638478138038,-4.179206188215692e-08,8.840805481700502e-06,-0.00016892302406610116
1975-04-11 18:00:00,,,6.560431028964252,,,,,,209.0420684814453,0.0,0.0,0.0,0.0,2.0080771729985209e-07,,6.352586464063656,0.11657335631240755,,,,,,3.338653660384861e-06,3.3315778131315695e-06,463.58986686390534,0.0,9.291733686740582e-07,,274.56618359808385,8.126560973345175e-07,,274.9652751493736,9.718929698481362e-07,,,,3.338653660384861e-06,,0.0,,,,,,,3.32304711877947e-06,,,,,,,,,
1975-04-12 00:00:00,1.8337292642988396,0.22997409775412295,,0.6340482756936339,-0.24445587925657014,263.05250811153616,274.0055277446318,0.8166608016871841,,,,,,,0.003799664198294194,,,271.4595184326172,271.4595031738281,271.46034240722656,271.4599609375,0.10980531590930104,,,,,,0.011798429771287906,,,101098.55399408285,,,1.8461538461538463,142.85624721910827,0.19372198567587948,,271.342440272224,,73824.88396819527,0.11524033405371671,0.0010981672614283815,0.0018278691895614715,0.0,0.0006570674963956754,,263.65815238275474,0.4374411892608778,-0.10072034244706644,-7.188713393131403e-08,0.008460462213212833,0.002628608568180242,-1.789848332240979e-07,0.005749890666190513,0.004127428751196382
1975-04-12 18:00:00,,,5.950131235743416,,,,,,4552.688360761303,2.2548476796178422e-07,0.0,2.2496675422205727e-07,0.0,2.406110684474568e-07,,5.767730746748885,0.19903058836446005,,,,,,9.190511597684148e-06,9.180680358198267e-06,798.7426035502958,0.0,2.019674952566271e-06,,275.3629876311714,1.8801143359855788e-06,,275.87708720370864,2.7561086345706465e-06,,,,9.41665214899729e-06,,0.0,,,,,,,9.404991329068969e-06,,,,,,,,,
1975-04-13 00:00:00,1.466831387852776,0.1037796686386921,,0.5262496936956101,-0.2848973076724442,266.1083489592964,276.04844141852925,0.8189165930776201,,,,,,,0.25017642410549185,,,271.45989990234375,271.45985412597656,271.4599151611328,271.4599609375,0.1827901806351701,,,,,,0.014382672733103735,,,100946.33413461539,,,2.467455621301775,141.58179270727393,0.1937876424845859,,272.6668294872758,,73730.65123428254,0.4362275614540958,0.004051483917637005,0.0037557726075663368,0.0,0.0021031960933166143,,264.44401243311415,0.3356587421259231,-0.13000793569892116,4.841712319905891e-07,0.09932602462172783,-0.015746711979250937,2.1638852397232046e-07,0.017151536068675168,0.006096008339808626
1975-04-13 18:00:00,,,7.3819795980961365,,,,,,2697.603903956667,2.2373784928632205e-06,6.01628872417134e-07,2.205922935135971e-06,6.716544106161806e-07,2.5763192241238196e-07,,6.976228189186232,0.21397697855029585,,,,,,2.059190583652293e-05,2.0588400977603077e-05,848.2721893491124,1.4107608230861686e-09,4.764965917231769e-06,,277.44740719767015,5.120450090727157e-06,,277.8334946491309,6.849464227461956e-06,,,,2.2797233606936664e-05,,0.0,,,,,,,2.2838013411978997e-05,,,,,,,,,
1975-04-14 00:00:00,0.9843775167973083,0.9866304679735173,,0.28402904081626756,0.10354782984806941,267.7976433567747,278.6412678554919,0.8199366091271124,,,,,,,0.6464241585258902,,,271.4596710205078,271.4603271484375,271.46022033691406,271.4599609375,0.1643804967756102,,,,,,0.47984637320041656,,,100966.71301775148,,,2.42603550295858,141.6526137131911,0.19386830132388505,,275.0967820748775,,73759.43195266272,0.8270394589597657,0.02809109887918981,0.004793878137712648,0.00013628443317300468,0.04543664998694505,,265.64647886738976,0.1481178780279216,0.03869205113698745,-2.8365910585043874e-06,0.9007065067778633,-0.01962335328378621,4.996619018183239e-07,0.05965583846413878,0.013798384513904357
1975-04-14 18:00:00,,,7.781266003670777,,,,,,2337.9923840408806,3.1322240829467773e-05,7.402526556387456e-07,1.3294657306558282e-05,3.6035240049192892e-06,2.72499883686099e-07,,7.579994365308412,0.22424253204165126,,,,,,3.0369845015057445e-05,3.039074190974941e-05,902.4271449704142,2.1315025463259432e-08,6.283308274647188e-06,,276.5085723696376,7.198726725296156e-06,,276.9540914501664,2.859400574272201e-05,,,,4.366437006278856e-05,,0.0,,,,,,,6.171276230783858e-05,,,,,,,,,
1975-04-15 00:00:00,-1.6961002011270918,0.7048060456676596,,-0.9383336637147079,-0.13993119347024952,268.9121706810223,277.2799108381102,0.8206924852534864,,,,,,,0.04336227326703495,,,271.4605407714844,271.4604797363281,271.4602508544922,271.4599609375,0.22112621781388683,,,,,,0.12530300885262574,,,100935.84837278107,,,2.3727810650887573,142.83243989662307,0.19447252454136957,,274.14144509219557,,73696.01962370562,0.3073689838838295,0.009784912921973234,0.005533150667269554,0.0,0.008629144296138244,,265.15516075721155,-0.7769016175580448,-0.07290918022923215,-1.4482003177885385e-06,0.1784150501534573,0.06635832927636141,-2.068734496002521e-08,0.029408003451556145,0.027128133532927323
1975-04-15 18:00:00,,,6.539521488212269,,,,,,255.38293131510417,1.3907787186154247e-06,0.0,3.093037996771773e-07,8.114079046531542e-08,1.0937019289173626e-07,,6.356002756829798,0.2338332678439349,,,,,,1.093657059076975e-05,1.1177193483657386e-05,907.560650887574,4.693294032173749e-08,2.5010805510910306e-06,,273.8119275696884,2.2216396924306655e-06,,274.3589223827836,4.189485717101915e-06,,,,1.1245923987507115e-05,,0.0,,,,,,,1.2568997208183334e-05,,,,,,,,,
1975-04-16 00:00:00,-1.0425341397347534,0.05268311359473234,,-0.65890159268351,-0.3643319790179913,267.01186104497964,273.59305297129254,0.824591911050695,,,,,,,0.0,,,271.4598388671875,271.46026611328125,271.4599609375,271.4599609375,0.20937225522374261,,,,,,0.033132067798862797,,,101220.11945266272,,,2.497041420118343,142.33216252975916,0.19558514645819128,,271.5008423935027,,73849.69901072486,0.21697429228111131,0.0033268674590883874,0.007124093862680288,1.7915339864922699e-06,0.003350286088751618,,263.56410361747066,-0.6914192346426157,-0.17864199644009743,1.8009780180267163e-07,0.0199574690589613,0.005883775286365455,6.731098174040354e-08,-0.004242491087264563,0.008225112977112538
1975-04-16 18:00:00,,,5.878246888606506,,,,,,952.0713070956143,4.367406904344728e-07,1.3551578688925716e-09,3.7094743470468465e-07,8.945243113492368e-08,1.1020594856153468e-07,,5.6507524512928615,0.17732627010909763,,,,,,9.65895032036234e-06,1.0635373155040854e-05,734.1065088757397,1.8952689932648247e-07,2.753276091355544e-06,,273.18688901641667,2.743929800902598e-06,,273.5713758299337,3.969660524785871e-06,,,,1.0028481483459473e-05,,0.0,,,,,,,1.1063098202090291e-05,,,,,,,,,
1975-04-17 00:00:00,0.35090973532411474,-0.7410545800564557,,0.0152412448409041,-0.43800278387126135,263.9767319718762,272.9771599402794,0.819677448131629,,,,,,,0.00011070522330921783,,,271.4601135253906,271.4599304199219,271.4601287841797,271.4599609375,0.16777462931074336,,,,,,0.054845324634800297,,,101382.97152366865,,,2.0,142.7636066865639,0.19545577686919263,,271.0528324285203,,73914.56173724112,0.2181782017092733,0.001054904870027621,0.008328161296054456,6.335867932562292e-05,0.004010668873081546,,263.57134124936437,-0.07394655780679375,-0.2103503752036913,2.0753897369368078e-07,0.006020758903072871,-0.0031190059594148715,-2.416034680984077e-07,-0.022822778253160286,-0.002454036086268679
1975-04-17 18:00:00,,,6.428637391716771,,,,,,197.07665460759944,0.0,0.0,0.0,0.0,-1.7447418079659144e-07,,6.249338454748752,0.017555101383367234,,,,,,3.7410993613964e-08,6.534929315631206e-08,56.97115384615385,2.45598011881598e-09,1.4290669602314396e-08,,274.8573256272536,1.811325968898965e-08,,275.2149381919725,5.2939006540725925e-08,,,,3.7410993613964e-08,,0.0,,,,,,,6.534929315631206e-08,,,,,,,,,
1975-04-18 00:00:00,-1.4415132364577796,-0.4743447614139354,,-0.8153395511694914,-0.47471440896480044,262.2962831576195,274.54967963766063,0.8146188449577467,,,,,,,0.0,,,271.46006774902344,271.4599151611328,271.4600372314453,271.4599609375,0.00918723563470784,,,,,,0.0,,,101618.16937869822,,,0.1834319526627219,143.70392658301358,0.1951964254209981,,270.4825831306051,,74239.75561667899,0.00918723563470784,7.042297597467547e-06,0.0003239826337825617,0.0,0.0,,262.5501924774351,-0.8031455835647131,-0.1529821926320093,-2.4312231954144618e-08,7.264878931138444e-05,0.00010358370267427884,-5.7504260940091494e-08,-0.002271037129960822,9.978139365213157e-05
1975-04-18 18:00:00,,,5.123330748292822,,,,,,1438.2675433491552,0.0,0.0,0.0,0.0,-1.043752641344757e-07,,4.94959821080315,0.025460237582054363,,,,,,6.107120229118675e-08,6.116729659529832e-08,104.40236686390533,0.0,6.177589385467168e-08,,275.98453932542066,4.0206339033926735e-08,,276.29877494496003,5.219815045418824e-08,,,,6.107120229118675e-08,,0.0,,,,,,,6.116729659529832e-08,,,,,,,,,
1975-04-19 00:00:00,-1.4531739364714311,0.010777202583628999,,-0.8624420617459089,-0.2313901630379039,267.12779804658607,276.1532248773518,0.8081170630878245,,,,,,,0.02657390346188517,,,271.45960998535156,271.46009826660156,271.4598846435547,271.4599609375,0.03186631061621672,,,,,,0.012910301163351748,,,101579.34874260356,,,0.41420118343195267,144.34325720431536,0.1948236995900171,,272.3775574272201,,74260.27112610947,0.06760311691013314,2.6949014536727815e-05,0.0009873266050801474,0.0,0.0,,262.9303987943209,-0.8307801365146975,-0.036971771858147616,5.7934849837962115e-08,0.000638783803297835,-0.0003780034610439511,-5.345273247037218e-09,0.002297690919374485,-0.0009056326641133551
1975-04-19 18:00:00,,,6.370179023968397,,,,,,662.3208465576172,0.0003902333727955113,8.44091706022003e-05,9.403382180005136e-07,1.1298761388959264e-07,1.7564452288413322e-07,,6.0507304795394985,0.18310944145247782,,,,,,4.176469244195159e-06,1.3117827254639575e-05,776.7525887573964,3.3941527707336923e-06,9.116490740747847e-07,,276.07794631867716,3.434691203416452e-05,,276.6418024548412,0.00018853407639723556,,,,5.117182195539305e-06,,0.0,,,,,,,0.0004033774313842051,,,,,,,,,
1975-04-20 00:00:00,-1.4426639658459546,-0.23578963195078473,,-0.9344840642263198,-0.29911227480194275,273.23919154059956,277.99272209934935,0.8068503991386594,,,,,,,0.08310848439233542,,,271.460205078125,271.46026611328125,271.4598846435547,271.4599609375,0.2308341483392659,,,,,,0.0833290596685466,,,101516.01590236687,,,2.289940828402367,144.13675757413785,0.19464103145712225,,274.18429971728807,,74197.29257581361,0.32511477498613167,0.02427786200709597,0.03339273125462278,0.0010866893113717524,0.02069100825744268,,264.6844565487472,-0.9155777079113842,-0.16967741272153233,5.870791711894789e-06,0.47063334876969015,-0.05264176384231748,1.0994206163370927e-06,0.20399431350844852,-0.05763071281670113
1975-04-20 18:00:00,,,5.292576936575083,,,,,,666.7200164794922,5.93410088465764e-05,1.9027283911168927e-05,0.0,0.0,5.270064358610505e-10,,5.1403805659367485,0.12215482271634616,,,,,,6.400004646481847e-07,6.019804604660125e-06,486.03846153846155,1.4727571483194476e-06,2.429319115785452e-07,,276.65598798221384,5.284930474659395e-06,,277.0140426906608,2.475188681359827e-05,,,,6.394714293395274e-07,,0.0,,,,,,,6.537306943588708e-05,,,,,,,,,
1975-04-21 00:00:00,-1.2308118018878282,-0.11662374304596489,,-0.7787148176565678,-0.31659297265950037,272.7518548909024,278.8477967392058,0.8093175048658834,,,,,,,0.07605558316383136,,,271.46009826660156,271.4599914550781,271.4602813720703,271.4599609375,0.22495906310674002,,,,,,0.1352113802757489,,,101381.69378698224,,,2.0414201183431953,143.18899500017335,0.19417961109319382,,274.36605220997825,,74180.8532960429,0.29832792564256655,0.008726898735091531,0.06556268274431398,0.0030657356307351377,0.0038929578115248823,,265.7731802675146,-0.825166126680092,-0.13551596353745318,7.665311919298635e-07,0.1661156872108292,-0.020499711205973426,2.7346157840575014e-06,0.41145879854641015,-0.08679760031446197
1975-04-21 18:00:00,,,5.188235277254906,,,,,,690.5599733728941,2.5500427689072647e-05,3.462954914781469e-06,0.0,0.0,1.8479449164050703e-07,,5.007495231176975,0.22708545210798817,,,,,,1.5080427012499973e-06,1.063127313139876e-05,903.1923076923077,1.68841067679535e-06,4.12874860611893e-07,,277.750505616679,3.191681038698501e-06,,278.118146727071,1.2705311972714034e-05,,,,1.5090566855915904e-06,,0.0,,,,,,,3.613575675783778e-05,,,,,,,,,
1975-04-22 00:00:00,-1.3114682203213843,0.8337548950014735,,-0.8906480631179358,0.2033206217387724,274.2420593803451,279.5859938401442,0.812638997678926,,,,,,,0.06557044757188425,,,271.4600372314453,271.4598693847656,271.45994567871094,271.4599609375,0.303839656157893,,,,,,0.16827862079326922,,,101338.72892011834,,,2.2662721893491122,141.58590698242188,0.19372977589714457,,276.07091978174697,,74146.18047337278,0.3947711204434883,0.00555573976956881,0.055030480063966054,0.0010213555668938089,0.004402284791483682,,266.99494238859097,-0.8347513661582089,0.3112044926931167,3.3705528147350556e-07,0.1082441226052969,0.017801014231187264,1.378368862529875e-06,0.27057353797308087,-0.040935638035542864
1975-04-22 18:00:00,,,4.884591881340072,,,,,,657.7524954713421,8.087062976769442e-05,2.5024957205416888e-05,5.162392671291644e-07,5.014813863314115e-07,1.557364964877674e-07,,4.695953735938439,0.3824062008829512,,,,,,3.833808666150245e-06,3.076331502587132e-05,1481.1083579881656,4.40200360921713e-06,1.2135408686462943e-06,,278.40665882720043,1.464731241824359e-05,,278.78971546782543,3.723209426247862e-05,,,,4.350257343089087e-06,,0.0,,,,,,,0.00011163156413467679,,,,,,,,,
1975-04-23 00:00:00,-0.9635323518832054,0.63628737319856,,-0.7187058375431941,0.17647398435152495,276.74437176405326,280.8238113674186,0.8170600300709877,,,,,,,0.11124858066175111,,,271.46006774902344,271.460205078125,271.4600830078125,271.4599609375,0.4165078485577461,,,,,,0.2711381178635817,,,101245.59818786982,,,2.63905325443787,142.64350683449288,0.19348673566558658,,277.05900203546827,,74084.16704419379,0.571617729300578,0.014187807162132488,0.05731640771577636,0.0012018356097520456,0.01932597865719767,,267.98143086630915,-0.6858854011671077,0.2757465306823776,8.806305043344226e-07,0.2714481748772796,0.1593422974355122,3.088096373014637e-07,0.13279772263306838,-0.03267686994823479
1975-04-23 18:00:00,,,5.660148028085923,,,,,,246.68805248119213,4.817254444551186e-05,7.751513514998396e-06,0.0,0.0,1.7912225841169834e-07,,5.392291638978135,0.3730419994105954,,,,,,1.3408262128307974e-06,1.3659559410704663e-05,1334.4334319526627,5.03359461677145e-06,4.0159015172332e-07,,277.4965834758691,7.204072186227381e-06,,277.8907087879068,2.4023493366128594e-05,,,,1.3408262128307974e-06,,0.0,,,,,,,6.182024464804745e-05,,,,,,,,,
1975-04-24 00:00:00,-0.5855347955015284,-0.12806457316381692,,-0.5187354906070867,-0.16290107704478607,276.0308875811876,279.15906556259245,0.8217912397441074,,,,,,,0.04136034722864275,,,271.45957946777344,271.4596252441406,271.45970153808594,271.4599609375,0.4026653583233173,,,,,,0.04930042515139608,,,101251.6948964497,,,2.467455621301775,141.86410594691893,0.19327280507285213,,276.5797326804618,,74053.46900425295,0.41916976782724746,0.004167996920072115,0.0557721137598201,0.002086949771677954,0.0022623524863339033,,267.6503205609745,-0.4779577593831621,-0.05575395053660376,1.2522310800123658e-06,0.07375381620925955,0.016619008695761835,1.6677189727187068e-06,0.2984743912941253,-0.006013606779674101
1975-04-24 18:00:00,,,5.179170992247451,,,,,,367.10204805285724,4.285900197790925e-05,1.5506201241848737e-05,0.0,9.029248134183461e-09,1.04395122332402e-07,,4.99745306319739,0.3785517765925481,,,,,,3.556858682068142e-06,4.557409935449002e-05,1306.6823224852071,1.4513907347910503e-05,6.67314667849851e-07,,278.3181080112796,1.0169425306940925e-05,,278.62284318370934,4.1368356823215826e-05,,,,3.556858682068142e-06,,1.665799928134715e-06,,,,,,,8.842948625779011e-05,,,,,,,,,
1975-04-25 00:00:00,-0.7737017637173805,-0.02586709536038912,,-0.579318949456751,-0.23384134868192955,275.6983554095206,280.0683088133321,0.8228051221582311,,,,,,,0.09307193191799186,,,271.46018981933594,271.46044921875,271.45960998535156,271.4599609375,0.4017435679509795,,,,,,0.10366171210475222,,,101101.97152366865,,,2.6923076923076925,142.14003974869405,0.19262667661587868,,277.3078021890313,,73983.25399870562,0.43993965157214,0.007457834729076137,0.07806779183764231,0.002507074344793015,0.005264175008739946,,267.18997535479843,-0.6016919006257367,-0.1637935186984271,-7.608269218847255e-08,0.11572201835327732,0.04023171339691038,1.7556298049524999e-06,0.3398369811475277,0.036189022854235045
1975-04-25 18:00:00,,,5.716542204456217,,,,,,295.3224768700538,2.7249462505769448e-05,5.386251757836201e-06,0.0,0.0,2.6479125011242347e-07,,5.536879104975412,0.37637563852163464,,,,,,2.6498551992975043e-06,2.115224240094247e-05,1464.8056111646122,3.4773931700802415e-06,7.015435278592025e-07,,278.6516041050296,6.259887440670172e-06,,279.0720315967086,2.0697448380600066e-05,,,,2.6498551992975043e-06,,5.294348405310388e-08,,,,,,,4.841607703259711e-05,,,,,,,,,
1975-04-26 00:00:00,-0.5825465332121539,-0.1311562272923938,,-0.48197258153610684,-0.170027789279554,275.5648706199149,279.4422224597818,0.8265950348250259,,,,,,,5.450403901952258e-05,,,271.45947265625,271.46044921875,271.4599609375,271.4599609375,0.44920994067754383,,,,,,0.0580661028799926,,,101170.91198224852,,,2.633136094674556,141.79175942325028,0.19248553846009384,,277.43155151006033,,73990.84178531804,0.4642115875432983,0.0006523485014424522,0.049393166962803686,0.0009009852211856277,0.00011296579118311052,,267.93635730630547,-0.42210288866031803,-0.033496873618583,-2.219323879437619e-08,0.002725533465217639,-0.0004095980048885007,1.0129626077109364e-06,0.21227032016720293,0.002283123470622407
1975-04-26 18:00:00,,,5.803843797311275,,,,,,516.4859274471507,2.5333737480569873e-06,9.470971951470573e-09,0.0,0.0,6.805369448772296e-08,,5.724116872753617,0.1158652220957378,,,,,,4.153228543985348e-08,9.271123352840806e-06,512.1253698224853,1.1800463206669284e-06,1.482990847283302e-08,,278.49449600129435,1.0297562067325298e-06,,278.98289859929736,6.277709317630565e-06,,,,4.153228543985348e-08,,0.0,,,,,,,1.1801234716494407e-05,,,,,,,,,
1975-04-27 00:00:00,-0.7304696867451865,0.21838159956170258,,-0.6411683009221003,-0.12084090215919992,274.46886529866055,279.6580153245192,0.8291625574495666,,,,,,,0.0,,,271.4600524902344,271.4609069824219,271.4601745605469,271.4599609375,0.12076275165264423,,,,,,0.020700804580598187,,,101038.65440088758,,,1.6331360946745561,140.2650859765047,0.1917482551032975,,276.1241210395768,,73992.83397281804,0.12416952460475222,2.9210067359653452e-05,0.016298102203910873,0.0010471851868036936,0.0,,268.46530575724046,-0.7006725503142769,0.029230100868721687,-1.5088361035274705e-08,0.00015474210784993734,-0.0008693034223352487,6.897124817361366e-07,0.06478217100730088,-0.006680684329489985
1975-04-27 18:00:00,,,6.058172457316924,,,,,,286.1462589679378,4.041499111073962e-06,2.576975074745494e-06,8.58095270642162e-07,9.953027822562223e-07,4.9657253667329214e-08,,5.9025493034949665,0.17900907076322115,,,,,,8.911952464538212e-06,1.7415666015895864e-05,736.6967455621302,1.0536289250356912e-06,2.2561592463205552e-06,,278.7661205043454,3.298535149478348e-06,,279.174089601054,7.711042313886112e-06,,,,9.771370323452018e-06,,2.1553339337456157e-06,,,,,,,2.146146353885267e-05,,,,,,,,,
1975-04-28 00:00:00,-0.37471574298023475,0.11502004092967016,,-0.36562501467191255,-0.21219036847176637,275.51651840661407,280.0415226862981,0.8398270377745995,,,,,,,0.0028969127045580623,,,271.45948791503906,271.4593505859375,271.45985412597656,271.4599609375,0.2051435843021912,,,,,,0.023713331956129808,,,100958.94101331361,,,2.408284023668639,140.9747290978065,0.19118585247965253,,277.17577285315156,,73869.26816752959,0.2105683998243343,0.002724088860686714,0.014638708893363998,0.00028423162607046275,0.003905708267843935,,267.0266115087024,-0.370628052209256,-0.0785089075212648,3.8069850949779947e-07,0.05735710504486848,0.00024092841077838424,2.541809295271055e-07,0.0386892954802372,0.016175733273022273
1975-04-28 18:00:00,,,6.009073240517159,,,,,,326.72118916829425,2.6965150113641863e-06,3.591171581540587e-08,7.055203338048956e-10,0.0,7.85372515581686e-08,,5.841904081536468,0.14902880064834503,,,,,,5.482216558512851e-06,7.236144951814731e-06,591.3627958579882,4.3749015712173734e-07,1.4955607744363638e-06,,277.57306738859097,2.0120314945130657e-06,,278.00259742511093,3.957029806791678e-06,,,,5.482921938924394e-06,,1.997967972557926e-06,,,,,,,9.949655222469533e-06,,,,,,,,,
1975-04-29 00:00:00,0.8235424481905423,-0.2678396631274703,,0.18167922341611964,-0.42861415930753627,270.02258084088385,277.0019256772374,0.8390644210330128,,,,,,,0.00010683550637149247,,,271.4596405029297,271.4602355957031,271.4597930908203,271.4599609375,0.16860853567631287,,,,,,0.008425469934587648,,,100980.95155325443,,,2.1479289940828403,138.38768213035087,0.19077291996521356,,276.15284160185143,,73833.08780972633,0.17183021680843194,0.000950889474541478,0.004604317027436205,1.6702173729620036e-05,0.001685622175769693,,265.9438769097864,0.20295076539530557,-0.14377426960059173,9.039001253994248e-08,0.012340748789303484,-0.0015582054324404023,2.288947972595091e-07,0.015030159818879245,0.002442334155888247
1975-04-29 18:00:00,,,5.986169882779996,,,,,,130.248046483749,2.1708743459374243e-06,1.016373783294883e-09,2.0707764569118884e-06,3.718677357103698e-07,1.497645497741591e-07,,5.828016546350964,0.16342433952015534,,,,,,8.799841065378584e-06,1.0879038000953269e-05,669.6719674556213,4.7070916587784446e-07,1.9848302623929355e-06,,278.13358392659023,2.511484912161291e-06,,278.6157414362981,3.848753913619814e-06,,,,1.0870617522290472e-05,,2.10932990503029e-06,,,,,,,1.303304934642724e-05,,,,,,,,,
1975-04-30 00:00:00,-0.15822740701528695,0.6000163794974603,,-0.1539534506713145,-0.1446839281793177,271.1688415707921,277.03608514007027,0.8402756473721837,,,,,,,0.00019740494045280142,,,271.4598846435547,271.4599609375,271.4599304199219,271.4599609375,0.1625719239725869,,,,,,0.017109300963272005,,,101074.2400147929,,,2.3431952662721893,140.49858264810234,0.19040187858265534,,276.7726076566256,,73933.2890856139,0.16545086922730215,0.0015195530547192817,0.005763352975337463,2.7916487857434875e-05,0.002650492290067955,,266.0185272397374,-0.1386069179286618,0.004035859418338572,2.12544418147079e-07,0.013451559289228364,0.004072367111716927,2.39647392549665e-07,0.022782257912382923,0.01659310921288189
1975-04-30 18:00:00,,,5.562510275981835,,,,,,253.4760735144982,2.344464056590605e-06,1.9243108273963252e-07,1.7365584006676306e-06,2.7165412021106514e-07,1.252135744517443e-07,,5.336076392224554,0.17887345714681951,,,,,,4.9834685212761694e-06,5.481048272206233e-06,728.4667159763313,1.3043200211412103e-07,1.0981891282211394e-06,,278.08583204280694,1.9107873623187725e-06,,278.47185593102813,2.1909115582528197e-06,,,,6.7200269219438e-06,,9.983006490052804e-07,,,,,,,7.824873077798876e-06,,,,,,,,,
1975-05-01 00:00:00,-0.8525729884762736,0.22438435300567447,,-0.4751402725129438,-0.2724583473431288,272.27616205159023,278.1725178554919,0.8386831347053573,,,,,,,0.0,,,271.45985412597656,271.45936584472656,271.4602355957031,271.4599609375,0.17725909532174555,,,,,,0.009173647186459874,,,101005.74667159763,,,2.4023668639053253,140.91934818064672,0.19014234091403218,,277.1240333692562,,73851.02101053995,0.17949346959943602,0.00113304973354001,0.005605708917922522,4.045841609232524e-06,0.001264188416610808,,265.94182248087327,-0.387156921025564,-0.08837544706446179,5.251512281181974e-08,0.005364485731752749,0.0012055711184226021,4.657102062831186e-08,0.0162315873357539,0.0063978600737324655
1975-05-01 18:00:00,,,6.0169549863014,,,,,,216.33704386129008,3.909262327047495e-06,2.53071754994477e-07,3.158517137787046e-06,3.651776433696408e-07,8.425855982949483e-08,,5.791413453909067,0.2072066809298724,,,,,,8.908469648756219e-06,8.960050591350307e-06,837.1368343195267,8.794178734340611e-09,1.8089150006954487e-06,,278.9603322046043,2.146450549187745e-06,,279.3216054340791,4.287037623704538e-06,,,,1.2066501837510328e-05,,0.0,,,,,,,1.2859702110290527e-05,,,,,,,,,
1975-05-02 00:00:00,-0.6355684720552884,-0.03561318414451103,,-0.4518467491195047,-0.25066573238937107,273.38185905140534,279.12108074842826,0.8371756002747801,,,,,,,0.006698134382800943,,,271.4601135253906,271.4603576660156,271.4596252441406,271.4599609375,0.20178014992256843,,,,,,0.01574379734739044,,,100988.95673076923,,,2.21301775147929,145.6895959617118,0.190102757786858,,277.7993338319677,,73847.7743158284,0.21015659309703216,0.0017969622414492996,0.0031078129830445058,6.268627544831948e-06,0.0010908764494946723,,267.4677244107399,-0.42980524774133805,-0.020826576729497965,1.3538033675819845e-07,0.01846478816275774,-0.001337581639282802,-2.299498595481948e-09,0.009898212776910624,-0.001210891724338193
1975-05-02 18:00:00,,,6.390691813632581,,,,,,221.03664912009725,9.517080685090737e-06,1.6785711711327704e-07,8.55617621946617e-06,4.830312799419877e-07,-1.710860170430873e-08,,6.236927269478522,0.22476096971500556,,,,,,9.479541221313927e-06,1.4164611785369511e-05,896.8099112426036,8.792015751438028e-07,2.2847491961259107e-06,,279.0680574496117,4.356407378552228e-06,,279.39206817446376,9.143537670902952e-06,,,,1.8032785703444624e-05,,1.935973025020763e-08,,,,,,,2.3673624682003223e-05,,,,,,,,,
1975-05-03 00:00:00,-1.1977751071636493,0.03664792077781181,,-0.8885532525869516,-0.26289201206004126,274.8800720575999,279.4329783422707,0.8340098205402758,,,,,,,0.004332344912918362,,,271.4601287841797,271.46018981933594,271.4599914550781,271.4599609375,0.30760436650563977,,,,,,0.033692580003004804,,,100988.37315088758,,,2.4437869822485205,146.37529307709644,0.1898914991751225,,278.3680061475765,,73863.35983727811,0.31605231832470415,0.0035318481851611618,0.017843257746047524,0.00020373079198351978,0.004239844147270248,,267.7935963467028,-0.8682889261189297,-0.09729596425795696,2.678249645413357e-07,0.02948134020935281,0.004873988772439357,7.360545464911217e-08,0.05264354598592724,0.022398026627020017
1975-05-03 18:00:00,,,6.246211729106113,,,,,,352.96657554702006,1.5818949281816653e-05,3.726172023976343e-06,1.954928745884867e-06,6.448499549775434e-07,6.203694036058233e-08,,5.8721361837443515,0.22289704994337092,,,,,,1.2714129227858324e-05,1.6150522161517624e-05,873.791050295858,9.64431367682282e-07,3.2191357669040295e-06,,279.4426688470784,4.651300476852959e-06,,279.74350210336536,1.1997639074833435e-05,,,,1.466662220700958e-05,,0.0,,,,,,,3.196634131775805e-05,,,,,,,,,
1975-05-04 00:00:00,-0.9493663720125277,0.3567687886706471,,-0.7058065628864356,-0.09869954148693198,275.1654551127959,280.1018225314349,0.8309590848239922,,,,,,,0.014064089080991124,,,271.4596252441406,271.4597625732422,271.46002197265625,271.4599609375,0.2564752341727533,,,,,,0.042723029322878144,,,101134.54234467456,,,2.378698224852071,147.25228087295443,0.189741642517451,,278.154807186691,,73980.3680658284,0.27633567674625553,0.004283210934971917,0.019583436864367604,0.0007851504715236686,0.003605605582513753,,268.0645576793061,-0.741448554766954,0.038750264771591277,1.0300535576837551e-06,0.053456831245993805,0.012940617347103075,5.903952405357475e-07,0.09406488243292069,0.03906877506414109
1975-05-04 18:00:00,,,5.629371727712056,,,,,,693.5791703827527,1.1193395189985015e-06,0.0,0.0,0.0,-7.413555551960943e-08,,5.388466993027185,0.10317677153638129,,,,,,4.613050121880142e-07,1.728104857298044e-06,420.29992603550295,6.492840699278392e-08,2.18961376851127e-07,,277.4872887966901,2.608791588855213e-07,,277.8624332585984,1.7087399606874002e-06,,,,4.5736204590317765e-07,,0.0,,,,,,,2.8418233761420615e-06,,,,,,,,,
1975-05-05 00:00:00,-0.8727438097169413,-0.21102519289276303,,-0.7173207864253479,-0.26819198653542786,272.17171383468354,278.0535202477811,0.8289574610411062,,,,,,,0.006474963306675296,,,271.460205078125,271.4602508544922,271.4601745605469,271.4599609375,0.12699763732549002,,,,,,0.09772116757003513,,,101294.49815088758,,,1.5502958579881656,146.81154492620885,0.18949859946437136,,276.13992643638477,,74107.13990846893,0.18284579846985946,0.00030340316027579225,0.00837837309526974,0.00021522990345249516,0.00014116566562088283,,267.0159506713145,-0.6912787792950692,-0.09725790757399339,-1.0734884898948411e-07,0.005305397425438608,0.000784107919275408,7.709733308837115e-08,0.03347507430951403,-0.007877040191514957
1975-05-05 18:00:00,,,6.225268589674369,,,,,,1695.8501380471623,6.0360283541256155e-06,9.387290689366809e-07,5.183719407171893e-07,7.937844159335074e-07,2.9241664647868664e-08,,5.985862545713165,0.25931002825674926,,,,,,9.426659733586057e-06,4.8255779334073944e-05,1015.4138313609468,8.916008401904586e-06,2.0918056104310164e-06,,279.0547944018121,9.78547793168288e-06,,279.45444827107985,2.02334844149076e-05,,,,9.944893904691618e-06,,2.785723590286526e-06,,,,,,,5.4304240017953e-05,,,,,,,,,
1975-05-06 00:00:00,-0.8720835792947803,-0.11913593563102406,,-0.7185692984676926,-0.32854865147517276,276.10588145961424,279.81930415588016,0.8233851575287137,,,,,,,0.24239940756171413,,,271.45997619628906,271.4607849121094,271.4603576660156,271.4599609375,0.29000466250808987,,,,,,0.06568682969674557,,,101467.86908284023,,,2.4319526627218937,147.90164292916745,0.18901487779335158,,278.19176577957427,,74216.67504160503,0.4915010350695729,0.0017300301049587995,0.03790066510262574,0.002369367159329928,0.0010540696996203542,,267.83640528571675,-0.6887582519350672,-0.12176404196835129,1.2554894120517854e-07,0.03177827914085614,0.0030735392762711766,1.1702378346934672e-06,0.17237186180592995,-0.015019333926883675
1975-05-06 18:00:00,,,6.817623319005119,,,,,,298.05134032653257,2.274181715835481e-05,2.199861072224273e-06,1.8345092880655323e-05,2.7617186131562003e-06,1.3676606225967133e-07,,6.510379700971073,0.20353545239691198,,,,,,1.373737168735301e-05,4.419807851667235e-05,839.5968934911242,6.305924534092288e-06,3.2684021800227418e-06,,279.9209721130732,1.2581032761455287e-05,,280.4068394045858,1.903654202907043e-05,,,,3.2081847360148235e-05,,1.5468992425139838e-05,,,,,,,6.693636877296945e-05,,,,,,,,,
1975-05-07 00:00:00,-1.0399167100353355,0.6547494132137863,,-0.7029908817900709,-0.02162726249920546,274.7077058871117,279.4064435789571,0.823988871461541,,,,,,,0.01667460605237611,,,271.4597625732422,271.4602355957031,271.45985412597656,271.4599609375,0.23277102137458394,,,,,,0.03270003640440089,,,100999.80935650888,,,2.63905325443787,148.33807968952246,0.18865398824567625,,278.9798315826958,,73900.58022836539,0.24805482040495563,0.0028133251257902066,0.02558203702847633,0.001968203211677145,0.004914876271987102,,267.35998101770525,-0.7220760435747677,0.1152624420865753,4.388071754110354e-07,0.02977951297387701,0.009460496973227737,5.795059142876747e-07,0.11754498800494262,0.07019833360727017
1975-05-07 18:00:00,,,6.588774415868274,,,,,,756.9148494175503,2.6805337364151634e-06,2.0131240075332877e-08,0.0,0.0,3.258897110092393e-09,,6.328502474451912,0.07656255417321561,,,,,,3.129106081096378e-07,1.697762478032761e-06,387.5998520710059,2.1760710156880894e-08,6.442244809407454e-08,,278.00832506890833,1.3151762665376154e-07,,278.43246396758855,2.8939774403205283e-06,,,,3.129106081096378e-07,,0.0,,,,,,,4.374504794735881e-06,,,,,,,,,
1975-05-08 00:00:00,-0.6525851932503063,-0.24222411206488073,,-0.5797535992233005,-0.2930831739888389,273.4784772523056,279.8895213110207,0.8197410420553218,,,,,,,0.0,,,271.4598693847656,271.460205078125,271.45997619628906,271.4599609375,0.11110258384569156,,,,,,0.016426357291859282,,,100731.82729289941,,,1.9644970414201184,146.91435557709644,0.18791792378623104,,276.9759212697046,,73717.90134985207,0.11726587058524408,0.0001513323134924533,0.009194413585775702,0.00010550939119779147,6.523992888320832e-05,,266.29168466421277,-0.5419908444556965,-0.0871300443389712,-6.911972452908446e-08,0.0009313842808495734,-0.0008732601338942375,2.855015699042162e-07,0.029883881059568927,-0.00694332285040229
1975-05-08 18:00:00,,,5.93673499519303,,,,,,1285.526016000601,1.0271573207787509e-05,4.181935942384618e-06,0.0,0.0,-1.202706644861248e-08,,5.629671841683472,0.03560426249306583,,,,,,5.4741678855894405e-09,1.9968966760578946e-05,212.93121301775147,3.5023900884142992e-06,1.0225195995636682e-09,,279.605416743713,5.8452229528032115e-06,,280.10791015625,1.3003511541693874e-05,,,,5.4741678855894405e-09,,0.0,,,,,,,3.0234191544662566e-05,,,,,,,,,
1975-05-09 00:00:00,-1.2703450558453622,-0.3008380641598673,,-0.9643788591644468,-0.27273392536231045,273.0007534591404,280.77285387389054,0.8198334994400747,,,,,,,0.007473759397247134,,,271.4596710205078,271.4598846435547,271.45997619628906,271.4599609375,0.06732240936459874,,,,,,0.05382750020224667,,,100658.83062130178,,,0.8224852071005917,145.72902828419703,0.18716020696967312,,278.4202848355446,,73724.88447670119,0.09232993944156805,0.001127626768936067,0.02164386997561483,0.0012084802932287814,0.0008986772164790588,,267.54955964398806,-0.9518669004271016,-0.11941636666743713,4.908225551015455e-07,0.022534827276039317,-0.004987322014464429,8.75744397425473e-07,0.09209783542791061,-0.02571619756123018
1975-05-09 18:00:00,,,5.647172431268635,,,,,,650.1899602475373,1.0279773255071696e-05,4.95077854782872e-07,0.0,0.0,2.0528285638098578e-08,,5.450085160294933,0.15201220992048817,,,,,,3.077263376240194e-07,1.1986242772559443e-05,675.3942307692307,4.163441749719473e-06,1.2016678835160633e-07,,279.58680002788117,1.6076060441824106e-06,,279.97476882483124,1.0775302994180712e-05,,,,3.077263376240194e-07,,0.0,,,,,,,2.2269212282620945e-05,,,,,,,,,
1975-05-10 00:00:00,-1.2768520942101111,0.05852878728561853,,-0.81538424971541,-0.17296446851019323,275.3322247386684,281.42463611851076,0.8330274368884295,,,,,,,0.01675424067931768,,,271.4599151611328,271.4597473144531,271.4602966308594,271.4599609375,0.18365668121879622,,,,,,0.04273878469975037,,,100904.61538461539,,,2.1301775147928996,143.10351977827986,0.1865361343474078,,279.4284791664259,,73878.99223372781,0.20968032024315827,0.0022202610264163048,0.024137779100406806,0.0005329628667887852,0.0017039959247295673,,267.61648062982505,-0.7880013313519179,-0.037316390043179666,3.109113880696282e-07,0.05276396018766368,0.0056322002507878475,4.5871406090280495e-07,0.06744449045619316,-0.0361994328583486
1975-05-10 18:00:00,,,6.416363292897241,,,,,,742.4304400634766,1.2531964736577321e-05,2.979218254427938e-06,0.0,0.0,7.020460102278683e-08,,6.239533796818299,0.1751170863766642,,,,,,3.9638452694789897e-07,1.1868995322278265e-05,685.1257396449704,3.6508285787683973e-06,8.555200121767775e-08,,279.95518069295485,4.953291465544842e-06,,280.3886978781435,1.2323657083793504e-05,,,,3.9638452694789897e-07,,1.4978312176360181e-06,,,,,,,2.4398226709760857e-05,,,,,,,,,
1975-05-11 00:00:00,-0.6530462411733774,-0.5080572613597621,,-0.5743444375032504,-0.37784075313771265,276.6763692099667,282.1154337324334,0.8361231106272816,,,,,,,0.002177486758260332,,,271.4604797363281,271.4595489501953,271.4600830078125,271.4599609375,0.21702972953841532,,,,,,0.05504838390463203,,,100971.88979289941,,,2.4023668639053253,143.84367325461122,0.18593201270470253,,279.79750702084874,,73911.25536242603,0.24153191380246858,0.0004458201707467525,0.02689718212601701,0.0008452629901953703,0.00030006177326631265,,267.3181016910711,-0.6262787587543917,-0.23325169015918257,1.5427414202145107e-08,0.0034504047300137537,-0.0016921857845853773,7.62067806318722e-07,0.13894121216599054,-0.0531007019725777
1975-05-11 18:00:00,,,6.1251371936685235,,,,,,600.502619990596,2.1493999210335095e-05,2.8621361276807163e-06,0.0,0.0,5.8190111432861007e-08,,5.879719260176258,0.1278996213653384,,,,,,7.773585756689575e-09,3.532492197476901e-05,514.1009615384615,1.2851325717903454e-05,1.0225195995636682e-09,,279.90652592224484,1.0085220520312969e-05,,280.4110764723558,1.8697783086426864e-05,,,,7.773585756689575e-09,,1.1939886053638345e-06,,,,,,,5.681010392995981e-05,,,,,,,,,
1975-05-12 00:00:00,-1.236779325812526,-0.26107990106887363,,-0.9492554297814002,-0.18940993878968368,274.9502028064615,280.8694555519601,0.8395232568831134,,,,,,,0.006694635695959689,,,271.46026611328125,271.4593505859375,271.4600524902344,271.4599609375,0.17574341903776813,,,,,,0.0977032001201923,,,100792.99019970415,,,0.9053254437869822,140.63051681969998,0.18527388149464624,,279.03839598887066,,73848.24031527367,0.21307562653129622,0.0013164373544546275,0.05078125,0.004035295114009338,0.0007189406445745885,,268.9988778921274,-0.9722717443161463,-0.05308909105831349,8.970072857013314e-08,0.01843441144243632,0.00534038288248758,8.203240955997941e-07,0.14910189922039324,-0.04860430074161327
1975-05-12 18:00:00,,,5.079941873719706,,,,,,1127.9916855249649,1.2272120227475138e-05,3.5841260436018544e-06,0.0,0.0,-9.819238461118698e-09,,4.78752741729014,0.19543854301497782,,,,,,3.348821057723119e-07,4.040621794187106e-05,637.4970414201183,1.1083157457543549e-05,6.692434424126642e-08,,280.8410370053624,4.88784538923636e-06,,281.23935171274036,2.7747461076318866e-05,,,,3.3517693274119904e-07,,1.0754626530867356e-06,,,,,,,5.267313598881106e-05,,,,,,,,,
1975-05-13 00:00:00,-0.9189468643369054,-0.12978976435915252,,-0.7924232313618857,-0.2012706621158758,276.7715916379669,282.2525251941568,0.8451961243646384,,,,,,,0.20782154692700627,,,271.4595947265625,271.4600524902344,271.4600830078125,271.4599609375,0.2568710919238142,,,,,,0.2774569720206176,,,100857.62278106509,,,1.8224852071005917,141.43908745579466,0.184740156817013,,280.3494316868528,,73938.62395987425,0.47664803551432827,0.011209928072415866,0.0852264697787823,0.002228324935281065,0.014992053692157451,,269.62711645724505,-0.8181958170332146,-0.17044462960147294,-3.220932971487737e-08,0.12205917854275355,0.03131473033562215,7.321117631815507e-07,0.30539405517853224,-0.13853059647351326
1975-05-13 18:00:00,,,5.603146818262585,,,,,,664.5879098564916,2.132338532329311e-05,3.96960541694122e-06,0.0,0.0,6.688332011042847e-08,,5.374009510469154,0.3797779873278014,,,,,,5.698771100248811e-07,1.1330547593754424e-05,1417.7976916781545,2.0223476830318836e-06,2.2544274823023722e-07,,279.9617349297337,2.4569281459560055e-06,,280.360368897929,1.60575442060211e-05,,,,5.704536758495506e-07,,1.5329900225238687e-07,,,,,,,3.2645093618765385e-05,,,,,,,,,
1975-05-14 00:00:00,-1.0265103740805,-0.00693538485194099,,-0.7146681046344825,-0.030870347333377634,278.4693119568232,280.9255645571376,0.8454519513796067,,,,,,,0.4366848736825074,,,271.45989990234375,271.4601287841797,271.45994567871094,271.4599609375,0.33734925399870563,,,,,,0.31040566348465237,,,100859.78106508875,,,2.7928994082840237,144.29411704159347,0.1843089408423068,,280.2135305912537,,73853.0916004068,0.7063049137945006,0.01523064732563285,0.09588829216205642,0.00236583461422892,0.015731698662571653,,268.09169123722955,-0.6845598615838225,0.05904409871298886,-1.2803127191486885e-06,0.2059525822746683,0.08184442001246137,4.2187422996155434e-07,0.4253703489811463,-0.28892112483639687
1975-05-14 18:00:00,,,5.455369723619088,,,,,,1289.8522581877533,1.4636819884621885e-05,3.7040847998399e-06,0.0,0.0,-3.875798217541698e-09,,5.026240049734623,0.1949181189903846,,,,,,5.347032365857585e-09,6.300563642964561e-05,840.5491863905326,1.3627949551012389e-05,7.053804115430843e-10,,280.7544364252034,1.291780782169139e-05,,281.1907749514608,2.7730443773890387e-05,,,,5.347032365857585e-09,,0.0,,,,,,,7.76560348871897e-05,,,,,,,,,
1975-05-15 00:00:00,-0.9282226731791299,-0.2693701128987871,,-0.7785802592892619,-0.0921629448614177,276.2085156863963,281.1350559934356,0.8438993494891556,,,,,,,0.054145722699588575,,,271.4599304199219,271.46006774902344,271.46022033691406,271.4599609375,0.31022869764700445,,,,,,0.18581503241725222,,,100782.03217455621,,,0.6153846153846154,139.3306832398183,0.183625551370474,,279.5384370702258,,73910.64030140532,0.3869988255246857,0.0018110896003316846,0.08830116768560466,0.0047394679142878605,0.0010462498523779874,,271.57271345691566,-0.8533963084926267,0.05694858280159312,-1.795638745964764e-07,0.024708934069646263,-0.02192760395580495,-2.3097815901349635e-06,-0.08723318224122538,-0.07931790760988315
1975-05-15 18:00:00,,,4.107993870797242,,,,,,1034.449378831852,1.6619423790090889e-06,1.1214666818020611e-06,0.0,0.0,2.377768525558926e-07,,3.863576172371588,0.20990170811760356,,,,,,7.765962791866099e-07,2.4994537675169092e-05,852.426775147929,3.5205426124426035e-06,1.2742483591627792e-07,,282.3466955783099,1.7542149540940686e-06,,282.83193446052144,1.3247661336639223e-05,,,,7.765962791866099e-07,,1.266389291667374e-06,,,,,,,2.666285052101993e-05,,,,,,,,,
1975-05-16 00:00:00,-0.8992662316948704,0.8056233962612039,,-0.6731890954914883,0.2590910612478764,279.5579797868898,282.7069590190459,0.841178339261275,,,,,,,0.008601058869672246,,,271.45982360839844,271.4602508544922,271.4599914550781,271.4599609375,0.2957754643005732,,,,,,0.19677147498497596,,,100981.63553994083,,,2.1124260355029585,145.07499721910827,0.18287771270119932,,282.1905987079327,,74040.83316383135,0.3963219113207075,0.0005829820971517168,0.09379116465618624,0.004639879486264562,0.00025033386501334827,,269.74656902967826,-0.6997037639279338,0.3120945755546615,4.370646346878803e-08,0.0018391663294021019,-6.830861610112458e-05,-1.21877936438999e-06,0.21344798768060447,-0.06775039575509066
1975-05-16 18:00:00,,,4.879461181234326,,,,,,447.3902231852214,1.3037435930861524e-05,6.6464579493336425e-06,0.0,0.0,6.931769838467098e-08,,4.730366204617291,0.47389681663738903,,,,,,2.3966043438079087e-06,0.00016280250436455541,1685.6046597633135,3.546405826094588e-05,5.329217894013817e-07,,281.9806941105769,2.897200147075766e-05,,282.33823011048446,5.769994131912141e-05,,,,2.3966043438079087e-06,,2.8347916151644914e-06,,,,,,,0.00017585133659769092,,,,,,,,,
1975-05-17 00:00:00,-0.6012963232909434,0.5345009727590888,,-0.5344831421530458,0.014899614999985553,280.7414088503144,284.34106011926775,0.8457735723997715,,,,,,,0.01956032295904216,,,271.4604797363281,271.4600830078125,271.4599914550781,271.4599609375,0.506899500739645,,,,,,0.3040655011961446,,,100971.4574704142,,,2.201183431952663,138.22486778123843,0.18199150661039634,,282.7226663623336,,74014.71102995562,0.6278499551930261,0.0011344816557754425,0.15927861786458486,0.019541994354428625,0.0011111208673059588,,270.3504414755917,-0.535601175748385,0.0710644580908781,-1.2865118457992236e-07,0.01073394278091924,-1.472221500069432e-05,-6.000911052333268e-07,0.521939348721513,-0.13877492049742027
1975-05-17 18:00:00,,,6.377234515353773,,,,,,531.7466660511644,9.087045517193495e-05,4.2760865928153316e-05,2.056615945150161e-05,8.934304206328984e-06,2.9709037292070864e-08,,6.036298119810206,0.4287699863050111,,,,,,5.0114544891041414e-05,0.00026522127128917087,1488.741124260355,4.512644731081449e-05,1.2896029201484997e-05,,282.95622081869453,6.66704403578177e-05,,283.33741678994085,0.0001372174751123733,,,,7.067946992682282e-05,,1.931728343286458e-05,,,,,,,0.0003561204707128762,,,,,,,,,
1975-05-18 00:00:00,-0.751553597534902,0.41628800341363487,,-0.6320922275972084,-0.07422294278116622,280.4116962139423,283.93482889931585,0.8448545195647246,,,,,,,0.02906907662837463,,,271.4599609375,271.45973205566406,271.4597473144531,271.4599609375,0.4457960862379808,,,,,,0.19023766714015963,,,100760.99944526626,,,2.3905325443786984,141.63772835816152,0.18114539152066383,,283.25066452477813,,73864.43548909023,0.46745618672341593,0.00714737141626121,0.09746181775303282,0.01343319684090699,0.015576379538993159,,269.83129449426775,-0.6563937960291756,0.005445215123644947,6.132116964477467e-07,0.08749569661518526,0.0336767896781152,3.825544900420679e-06,0.603931668903348,0.23889164600146592
1975-05-18 18:00:00,,,5.855337695962579,,,,,,533.3156127929688,8.095606897004258e-06,3.8471447645559816e-06,1.277543119424899e-06,2.98568791539006e-07,-1.0715328072047567e-07,,5.630957970252404,0.2768334383089867,,,,,,3.0300056440590402e-05,6.115366015913924e-05,1140.7921597633135,5.298817651511649e-06,5.2271994966021654e-06,,280.8734369221524,1.1477905970353346e-05,,281.26938245423446,1.648835529237104e-05,,,,3.157802940120359e-05,,1.5074420257432927e-05,,,,,,,6.923749602052587e-05,,,,,,,,,
1975-05-19 00:00:00,-0.368554826318865,0.11909210047072913,,-0.3808343424599552,-0.15320478811771912,278.3287057368713,282.2826873959874,0.8458083899768852,,,,,,,0.0018419231888810558,,,271.46009826660156,271.4596710205078,271.4600133045009,271.4599609375,0.32725461700258873,,,,,,0.1044753035144693,,,100839.61538461539,,,2.455621301775148,143.9848992161497,0.18079201568513226,,281.5767887273484,,73812.21958210059,0.3519494773368158,0.004723729466545511,0.04448727037779678,0.0013825794648841994,0.010351688904169749,,268.84351118640785,-0.3568627848427677,-0.0032816497531868295,5.589195824374263e-07,0.0314510613996756,0.025583859716907843,1.3056997838016798e-06,0.17926126211528948,0.15933841325827605
1975-05-19 18:00:00,,,4.942137864919809,,,,,,949.4917869315242,6.431526333622678e-06,1.1752519381822213e-06,4.7905077143798215e-08,2.271149268913904e-08,-6.471568748345268e-08,,4.8210977069019565,0.24557088818070452,,,,,,8.80733573225123e-06,1.9854298357427472e-05,991.6601331360947,2.523608637984688e-06,1.8586002334335146e-06,,281.9167494914941,4.11933343086017e-06,,282.34047071468194,7.548584387852596e-06,,,,8.855301600236158e-06,,3.659337229982636e-06,,,,,,,2.629772798549494e-05,,,,,,,,,
1975-05-20 00:00:00,-1.2086790017122349,0.27746591624423594,,-0.7623621415809767,-0.029670359820303832,279.58335596569896,282.6427861501479,0.8436502267623088,,,,,,,0.0002895064607879819,,,271.4598846435547,271.45965576171875,271.45970153808594,271.4599609375,0.27637377857456547,,,,,,0.08201933189256656,,,100877.58080621302,,,2.2662721893491122,142.50842917177098,0.18051407887385443,,282.01698727579515,,73845.80508043639,0.30593109807583707,0.0031557421712480353,0.03203396219897949,0.000572252555711735,0.005827841674082378,,269.0365965352256,-0.6987932588927139,0.15867999284225104,1.4539537489822014e-10,0.009457390674733633,0.006457763090288851,3.1005875024077973e-07,0.08646306201551088,0.04710304102248694
1975-05-20 18:00:00,,,5.295052415520482,,,,,,394.9590148925781,0.00011451392484134471,2.4479698147294083e-05,1.915934435009251e-07,2.562266791007928e-07,3.939587700376342e-08,,5.074458393119496,0.2750359710151627,,,,,,6.1528790279253e-06,1.26394470767862e-05,1102.0787721893491,2.514570951461792e-06,1.189354035628618e-06,,281.69865390393863,1.8999333212361534e-05,,282.1941250231139,3.7353772383469804e-05,,,,6.345007017519347e-06,,1.2523588344190247e-06,,,,,,,0.00012713635461570244,,,,,,,,,
1975-05-21 00:00:00,-1.6984270930995602,0.4394314500707141,,-1.0993622322759684,0.022617819746570473,279.0502322947485,282.41332429964865,0.8423283022536329,,,,,,,0.009738448103504068,,,271.4597625732422,271.4600372314453,271.45989990234375,271.4599609375,0.3353456576194989,,,,,,0.07935897556282359,,,100970.87980769231,,,2.301775147928994,142.07851053271773,0.18016880080544737,,281.82606786242604,,73944.96075258875,0.34744479388174926,0.005581511548284949,0.03736731462861197,0.0006066412615352833,0.006870946940585707,,268.7542934079142,-1.0425892327664166,0.20427665519996507,6.010136288503246e-07,0.04501252631882768,0.0127222185304179,5.944020813331008e-07,0.12509436261724438,0.039552283754362864
1975-05-21 18:00:00,,,6.77406759657098,,,,,,340.98025985502863,0.00014071528022811258,3.486959891911794e-05,1.4622183241082367e-05,2.530860830340865e-06,-2.5246195225100193e-08,,6.555818964038375,0.3791588777621117,,,,,,1.4436954753638725e-05,9.892360698541946e-05,1360.0712046707877,1.899853965939855e-05,2.8666549709421644e-06,,281.0700149084689,3.6771480853740985e-05,,281.4711292876294,8.16938087079652e-05,,,,2.905550087697407e-05,,2.1254875250821987e-05,,,,,,,0.0002396057343341895,,,,,,,,,
1975-05-22 00:00:00,-1.274202138009156,1.0479180883373735,,-0.9572353588758841,0.20881437267777483,277.59610617372414,281.5850505038831,0.8424492425467136,,,,,,,0.0348125209469767,,,271.46080017089844,271.4593811035156,271.45973205566406,271.4599609375,0.3870584160618528,,,,,,0.13132544523160133,,,100847.8949704142,,,2.6449704142011834,138.61017658301358,0.1799314628691363,,281.25099678716714,,73866.33316383135,0.43604869955390163,0.017333939230653662,0.070478006032538,0.007730833877473188,0.015426748603053347,,268.51853220561554,-0.9545692297128531,0.2904447690975031,3.409737183095215e-06,0.3023884902898871,0.19352269403708094,2.710270962661364e-07,0.2602207762955209,0.26278878022646585
1975-05-22 18:00:00,,,6.091844253991482,,,,,,447.4547525700307,0.0001816763680362137,2.6288381695041994e-05,8.26313474474574e-06,1.5869185593001236e-06,-8.328984033959757e-08,,5.8869275143866,0.35109715207794007,,,,,,2.262415088845428e-05,4.609383245897011e-05,1394.930694038346,6.545136666156837e-06,4.675250346138632e-06,,279.60417870515903,3.2756984586546404e-05,,280.02205933339496,7.166682615788025e-05,,,,3.0887814668508676e-05,,1.230183437731139e-05,,,,,,,0.00022778073711508126,,,,,,,,,
1975-05-23 00:00:00,-0.5172443389892578,0.9734189129440036,,-0.5252865559956026,0.3176128793750289,274.9125022211018,278.5909994452663,0.8450270598456704,,,,,,,0.026235907740846894,,,271.46046447753906,271.4599304199219,271.4598693847656,271.4599609375,0.45574914554089924,,,,,,0.09524518075073965,,,100916.60059171598,,,2.6923076923076925,137.47634707117928,0.18080841436893982,,279.74640578772187,,73838.81663738906,0.48618032541759754,0.013223456207817123,0.06676802450715917,0.003390379911343727,0.013481952734952847,,267.211688431057,-0.5250107973990356,0.4490624154813191,-6.502338191880101e-08,0.21398831519143954,0.1773576341354503,-1.4820906089773104e-06,0.1366447908638497,0.16246170744564406
1975-05-23 18:00:00,,,4.490681958621775,,,,,,716.9200129156944,9.338399009591729e-06,4.8109148381024425e-06,8.744623005037477e-07,7.246240708954941e-07,-1.3242171282195294e-07,,4.282685381420971,0.18297689765162722,,,,,,4.305597945783265e-06,6.824775913057948e-06,721.7344674556213,2.0967157193894924e-07,7.92045763434743e-07,,278.8174911589312,2.1799120324603197e-06,,279.216779539571,6.1696758989751696e-06,,,,5.180534173751018e-06,,2.5738118844624806e-08,,,,,,,1.615620929108569e-05,,,,,,,,,
1975-05-24 00:00:00,-0.7301685344538039,-0.020031912086983406,,-0.5381256758108647,-0.2288744548368736,276.3092712763499,280.4478001340606,0.8389224417110872,,,,,,,0.0028901071943474945,,,271.4609069824219,271.4594268798828,271.4602813720703,271.4599609375,0.29335473907268306,,,,,,0.10160502597425111,,,101109.48280325443,,,2.5207100591715976,137.15804548094258,0.18088512589945596,,279.2843053693602,,73957.38632581361,0.3477143105408783,0.003372415283022548,0.02365512730686005,7.751672225590994e-05,0.003181852532561714,,267.6284096621903,-0.4929140192517162,-0.11729308698304305,4.4244468601671265e-08,0.026069511090454883,0.013904264229818209,-2.663292762869556e-07,0.05883393449896186,0.002049744481871114
1975-05-24 18:00:00,,,4.616510537954477,,,,,,794.212476380478,0.00041679905716484114,6.194306901220739e-05,0.0,0.0,1.2122929342829529e-08,,4.329224084255963,0.2774354833117604,,,,,,1.6438339412565062e-06,5.395331326321032e-05,992.6560650887574,1.7800362857841175e-05,2.989573018438012e-07,,279.6092030903291,7.407446584757969e-05,,280.0895187107064,0.0001714383003979745,,,,1.6406872833268882e-06,,0.0,,,,,,,0.00047077688239735257,,,,,,,,,
1975-05-25 00:00:00,-1.152069842321633,-0.05993990926347541,,-0.6743061866985975,-0.26561723517242974,276.7083227394601,280.0732956384061,0.8336767720047539,,,,,,,0.25662014752450074,,,271.46014404296875,271.46018981933594,271.4595642089844,271.4599609375,0.38066301120103463,,,,,,0.29986171536808887,,,101199.88960798817,,,2.544378698224852,137.9981665978065,0.1805553690216245,,279.70041056074336,,74093.98051497781,0.6070962773977652,0.04804946052839776,0.07910917804868528,0.007126339793910642,0.06157120021842641,,267.35348023183246,-0.6438893538254958,-0.14147633772629958,-1.7745826412653605e-06,0.5660789986333904,0.43592261367466456,3.573346992240965e-07,0.18380775642112868,-0.031569879435928615
1975-05-25 18:00:00,,,4.0915545457918965,,,,,,1084.1219019142977,7.960217944263707e-06,3.3332751347468448e-06,6.574451972967422e-09,0.0,-7.483602250711275e-09,,3.807775147567839,0.1731696495643029,,,,,,4.490782346951185e-06,5.742964836267324e-06,856.5891272189349,1.2859415549498337e-07,6.32760671557054e-07,,281.02683235484466,8.987731261718908e-07,,281.4931077223558,5.37830520663741e-06,,,,4.497880237342338e-06,,5.910646985973832e-07,,,,,,,1.3717092000521146e-05,,,,,,,,,
1975-05-26 00:00:00,-0.5742781261015221,0.6314668203952044,,-0.3259584776748567,0.06573335658869095,278.4455551960059,281.550327639608,0.8315371652326641,,,,,,,0.019713475153996393,,,271.4600067138672,271.4596710205078,271.4602813720703,271.4599609375,0.24765962679710615,,,,,,0.0829044437757831,,,101245.78920118343,,,2.3136094674556213,139.68307784041005,0.18014805415678306,,281.79175960382764,,74134.14441568048,0.31230816200992767,0.001645576319045569,0.029647930949573686,3.0918939579168013e-05,0.0007497826976888984,,268.98680177948177,-0.27905963017390323,0.18261259970580332,-1.1334042249112417e-08,0.010612160496457794,0.005443606856306629,1.7018507912578668e-07,0.06943577955636752,0.008631201890798716
1975-05-26 18:00:00,,,4.53438528049627,,,,,,687.4117564790567,9.906433037752231e-05,1.6385193407182864e-05,0.0,0.0,-1.416427459424505e-07,,4.30256912976327,0.2910970654007951,,,,,,2.3552927480646846e-06,1.6447266883398655e-05,1163.1283284023668,5.811717383254914e-06,4.1327714787785116e-07,,281.15077633829515,1.6430778616278836e-05,,281.57472870053624,3.6964931431606676e-05,,,,2.3552927480646846e-06,,1.419445819403293e-06,,,,,,,0.00011549616706441846,,,,,,,,,
1975-05-27 00:00:00,-1.253644638512967,-0.12337001258804953,,-0.7221769186166617,-0.3453582221939719,279.13173192492604,282.5528528337648,0.8314399973175229,,,,,,,0.05706516243296968,,,271.46009826660156,271.4604949951172,271.459716796875,271.4599609375,0.3535508375901442,,,,,,0.17149858644022745,,,101122.22707100592,,,2.4201183431952664,137.65185095431536,0.1795366360591008,,281.9094397189349,,74054.26178809171,0.4767765703200522,0.009387755535058016,0.07585291555371775,0.001804808893147305,0.0068299558741101146,,269.40585850822856,-0.686541754818527,-0.20082554450401893,-4.42482066787118e-07,0.10443311047977244,0.03203859572579875,5.333845715190714e-07,0.18415611270352228,-0.029784931586338922
1975-05-27 18:00:00,,,5.230166683535604,,,,,,664.7270328406132,0.00014610403388209598,3.867918217675926e-05,0.0,0.0,-7.720704290488206e-08,,5.055129626798912,0.32684506749260356,,,,,,5.105185217758608e-06,2.2649147806788337e-05,1303.8905325443786,4.614157789557643e-06,9.763429283037693e-07,,281.5180302907729,2.8345800010410288e-05,,281.93880882488907,5.7831142075668425e-05,,,,5.105907130523546e-06,,1.3785778418095153e-06,,,,,,,0.00016877672376011956,,,,,,,,,
1975-05-28 00:00:00,-1.310315301432412,-0.009142621734438564,,-0.9223610127465964,-0.23287011321479753,280.38588953864644,283.59445930796966,0.8353537109476574,,,,,,,0.05873369747365015,,,271.4601593017578,271.45957946777344,271.4597625732422,271.4599609375,0.3571492031481139,,,,,,0.11048798871463572,,,101102.6549556213,,,2.4201183431952664,136.8099500667414,0.1788886595054491,,282.0953997549926,,74039.00633321005,0.4271393625765554,0.011150755120452339,0.09219811479395708,0.0024538548035029123,0.009657493004432091,,269.2395178439349,-0.8822740633812176,-0.11063210075423563,8.097786713631262e-07,0.11913220557849832,0.0071807778798616845,9.353294315577082e-07,0.5120678267403115,-0.05375131347475673
1975-05-28 18:00:00,,,5.24800870545517,,,,,,359.5752904444565,0.0003843251064684264,8.81681428153134e-05,0.0,0.0,8.15524202330622e-08,,5.08885208671615,0.41883082643768493,,,,,,8.620933447716504e-07,9.752342686850644e-05,1590.2334326399855,3.041891303993541e-05,2.0029428332338672e-07,,281.68168974204883,9.769571603402583e-05,,282.0839294794749,0.00015561714680237178,,,,8.630742644064525e-07,,4.910494713388251e-07,,,,,,,0.00048184959140755017,,,,,,,,,
1975-05-29 00:00:00,-1.6709980315710666,-0.308895297304413,,-1.047727483264088,-0.29213503549790243,279.80078558385725,282.9102559287167,0.8445178943978259,,,,,,,0.09720498711399778,,,271.4595184326172,271.45970153808594,271.4598846435547,271.4599609375,0.47470771635954195,,,,,,0.15352129512990015,,,101101.32877218934,,,2.301775147928994,134.04728364662307,0.17814180554722894,,281.9625034670858,,74084.84425850592,0.5129158668352302,0.03821929389908469,0.10366322952818632,0.0031030756482005825,0.04647068723419009,,270.05018895617604,-1.0102356679340792,-0.16397015723956407,5.559891162418826e-06,0.33764376380265904,-0.0015702222931314501,-1.0328484456655542e-06,0.3250838214829123,-0.023144192244174213
1975-05-29 18:00:00,,,5.825509223712267,,,,,,340.7866191034732,0.0002056205061060437,3.448287410848945e-05,1.7709016094546346e-06,2.1083572515721858e-07,-1.1189906174570499e-09,,5.499401995416224,0.42378948143953404,,,,,,1.4711061172936795e-05,0.0001484000471216687,1612.4864387286486,4.2546606628147104e-05,3.967147607069749e-06,,282.3984461677145,5.701096100214671e-05,,282.7930698733358,0.00016787066262149246,,,,1.648500473541621e-05,,1.8129599164928911e-06,,,,,,,0.00035401773170606627,,,,,,,,,
1975-05-30 00:00:00,-1.7196276117358686,0.48725391139645546,,-1.1123968835413103,0.1392104301226915,282.29968333949705,284.08351053994085,0.851952530223237,,,,,,,0.11018434784116124,,,271.4598083496094,271.46006774902344,271.4601593017578,271.4599609375,0.4255889788622687,,,,,,0.16718152288854474,,,100880.54345414201,,,2.497041420118343,137.29684448242188,0.17726101395646496,,282.47696554872414,,73932.90814534023,0.485544010269395,0.010339432214138775,0.1096121790411072,0.009908822866586538,0.012779800144172985,,270.10291610808065,-1.0739478274915346,0.27306925756691475,1.7782731931715151e-06,0.09851144191031634,-0.011048287329589122,1.0530900736422051e-06,0.645389932852525,-0.10074131587553306
1975-05-30 18:00:00,,,5.8261210593951525,,,,,,525.794215907712,0.00016965280623125608,3.539845788267237e-05,3.213607347928561e-05,1.3976760164520445e-05,2.050608643309968e-08,,5.637106624580699,0.5154707869129068,,,,,,3.8427096852184045e-05,0.00018537485387903698,1898.105399408284,3.518940076320129e-05,1.0363581265218159e-05,,282.25703240569527,5.9996924456760024e-05,,282.5838861409024,0.000144638165214358,,,,7.056660906097593e-05,,3.1843516953598113e-06,,,,,,,0.0003550133761569593,,,,,,,,,
1975-05-31 00:00:00,-1.000406784418772,0.24725886350552712,,-0.7322363091643745,0.006970845735990084,280.233171632304,282.5638203818417,0.8598943172827275,,,,,,,0.06881759011533839,,,271.4592590332031,271.46009826660156,271.4599914550781,271.4599609375,0.49555841438780873,,,,,,0.31320913894289343,,,100682.25591715977,,,2.5088757396449703,134.955660125913,0.17768861556194238,,282.5057683639978,,73781.6323964497,0.623088070781097,0.005674672549998266,0.10305753277033325,0.008675592185477534,0.012564213318232249,,270.3213627380732,-0.71119357001852,0.1295210257084412,1.3793017242493703e-07,0.07599725102531839,0.02291415270263627,3.1129940972283217e-06,0.45329910834160075,-0.018739280616037943
1975-05-31 18:00:00,,,6.300477913850863,,,,,,1398.906654222477,0.0008195060244678746,0.00012894318653987005,4.171452226018059e-05,9.104124540407981e-06,-2.2619528782563616e-07,,5.8090294719447755,0.5541582276835244,,,,,,7.66917798646103e-05,0.0003885238833681366,2045.5331809986274,8.841626037507368e-05,1.6873933859830776e-05,,281.44468409069896,0.00019868291341341459,,281.7855723002959,0.0004001862904023842,,,,0.00011840691933265099,,1.0912940346983057e-05,,,,,,,0.001208014742157163,,,,,,,,,
1975-06-01 00:00:00,-0.8522494897334534,0.3579795826116257,,-0.6199102006720368,0.03780681564963075,279.80114529400885,282.86988749306585,0.8570964734935196,,,,,,,0.3619629447982156,,,271.45936584472656,271.4601745605469,271.4601135253906,271.4599609375,0.5694851572308469,,,,,,0.41182464429524523,,,100705.75924556213,,,2.591715976331361,137.81935742620885,0.17824899797608867,,281.6419800526997,,73758.49015347633,0.7531113698637697,0.08518825459329152,0.1317468329498297,0.023851834810697116,0.14358746229544195,,269.8473283214682,-0.6257980391824034,0.14292867649236374,-7.971543467399725e-07,1.1102006240670719,0.39582121683031146,7.236548616776805e-07,0.3484923624428066,0.3226047895363802
1975-06-01 18:00:00,,,4.411721872860158,,,,,,621.9847632514106,0.00011059588934542865,1.3932365284868952e-05,0.0,0.0,7.7242830714153e-08,,4.1826905639919305,0.3756983830378606,,,,,,4.728528610347996e-06,5.179537823919714e-05,1540.6790772838706,5.425896341278708e-06,9.346565992169127e-07,,280.38366771449705,1.3705365051179242e-05,,280.830339601054,7.737564617360132e-05,,,,4.728528610347996e-06,,9.743728228574674e-07,,,,,,,0.00016238068687845264,,,,,,,,,
1975-06-02 00:00:00,-1.1610848466320152,-0.24294382016334307,,-0.6641631154619025,-0.276322946040588,279.4113509499815,282.49316695173815,0.8469859735500178,,,,,,,0.07285521016318418,,,271.46051025390625,271.46044921875,271.46014404296875,271.4599609375,0.3583437275904721,,,,,,0.13013029380662908,,,100723.55473372781,,,2.78698224852071,141.144154023842,0.17831670885255352,,280.4118724574704,,73743.21239367603,0.4523593381752629,0.004300504687506814,0.067310788351822,0.0009721947844917252,0.008005277644953079,,268.8978990182369,-0.5994764249000324,-0.20675700938207864,2.5767405650346985e-08,0.035948604720055,0.011299918918214606,5.361048809353251e-07,0.25936745512767656,-0.036711635674245256
1975-06-02 18:00:00,,,4.013861881910697,,,,,,580.5889921992658,7.3619892258615885e-06,1.7078637459574366e-06,3.1225138051799063e-08,2.749364812081382e-10,2.429582169637657e-08,,3.8141240622164934,0.28363705245700815,,,,,,4.062748695971698e-06,7.87905511066053e-06,1115.4573140793298,2.844556725236791e-07,6.691235828505465e-07,,281.3349161543084,1.4428831857337049e-06,,281.7086810049926,1.0531329544338249e-05,,,,4.093631132114569e-06,,9.179313683650903e-07,,,,,,,1.5240559387489183e-05,,,,,,,,,
1975-06-03 00:00:00,-1.1031602317764915,0.2818641888319388,,-0.5927355896086383,-0.10963353602843877,280.43319936899036,283.2957987587833,0.8399208202164554,,,,,,,0.08759253688112519,,,271.4602940944878,271.45985412597656,271.4597625732422,271.4599609375,0.4093909658403439,,,,,,0.17894313799647185,,,100825.91549556213,,,2.473372781065089,140.1353707398183,0.1777973033972746,,281.9627172707101,,73845.45760909763,0.5106779135895904,0.006520055361180263,0.05702986550302459,0.00036199064649773774,0.0067177947456314715,,269.86007852949336,-0.5605179318309536,-0.009564506937060836,-7.414879108925168e-07,0.05484603995942241,0.038392182155157516,3.603896811641009e-07,0.09977350320071864,-0.013801566242466312
1975-06-03 18:00:00,,,3.995554534641243,,,,,,837.0421257514458,6.175054424613185e-06,9.09334544599409e-07,0.0,1.297585239782709e-09,-8.244630283939228e-08,,3.887197996737689,0.23229113697300297,,,,,,3.521137777164843e-06,9.912710923414965e-06,1055.5454881656806,8.096775183310875e-07,8.583956083955144e-07,,281.1558787328957,1.5364287520301412e-06,,281.62534815319896,7.742475828475501e-06,,,,3.521137777164843e-06,,2.9599525519376676e-06,,,,,,,1.6099293909129306e-05,,,,,,,,,
1975-06-04 00:00:00,-0.1944464226446208,-0.28573673293435364,,-0.20771864603257037,-0.4362495806090225,280.32480093149036,284.37125265809914,0.8334870726399167,,,,,,,0.0030882457304283006,,,271.4602508544922,271.45948791503906,271.4597930908203,271.4599609375,0.2886648685974482,,,,,,0.06322005232410317,,,100934.43343195267,,,2.2189349112426036,138.87931489662307,0.17698444276166386,,281.86100597494453,,73896.70742418639,0.3245725425803406,0.0009006339417406793,0.03684952373880915,0.00027699583380885376,0.0006931604012935119,,269.47348546135356,-0.1425392726469322,-0.2699456694563465,-8.017089811742072e-08,0.0025692957180645866,0.0011652704430248082,4.3923530524242503e-07,0.09641870995019095,0.011994927592531464
1975-06-04 18:00:00,,,4.524647137117103,,,,,,801.8667023856685,1.411197277215811e-05,5.217213955151259e-06,0.0,0.0,-1.258634810681047e-07,,4.3540885180411255,0.25657391971384985,,,,,,2.2064740135824893e-06,7.382379128382756e-06,1064.291050295858,2.850508372459186e-06,4.5281978180775275e-07,,283.0535419170673,1.9960943058397644e-06,,283.5077402690459,1.5285835992655107e-05,,,,2.2064740135824893e-06,,1.4041258385900916e-06,,,,,,,2.1507070791086503e-05,,,,,,,,,
1975-06-05 00:00:00,-1.1302871026936367,-0.04682545972293651,,-0.6422235330886389,-0.30214278655644705,281.38342501849115,285.4872122318787,0.831255488141754,,,,,,,0.0,,,271.4596252441406,271.45948791503906,271.4601135253906,271.4599609375,0.3008722610022189,,,,,,0.08303571170603735,,,100865.98594674557,,,2.3431952662721893,138.91172059188932,0.17599120506873497,,283.2402777135725,,73908.6089589497,0.34519266560894146,0.0005589780017469056,0.04510901966435317,0.00010097520591239253,0.0001717417903200409,,270.48546568740755,-0.5482320841952893,-0.13448475380621014,6.218948926111564e-08,0.0012203497148619018,0.0008046316677296655,8.155619490515584e-07,0.12602026061535146,-0.0011619886703039767
1975-06-05 18:00:00,,,5.000774293256229,,,,,,675.884516768022,6.831926706979966e-05,2.905876326137746e-05,1.9463746306987908e-08,7.704421106351198e-08,-3.0519197951208736e-11,,4.828590844509869,0.37572953263683434,,,,,,6.114656226874808e-06,6.063123779184014e-05,1460.2470414201184,1.305443119015214e-05,1.1906890231653078e-06,,283.3380509777182,1.887818412667901e-05,,283.82395438470786,5.809557155744564e-05,,,,6.133767627400054e-06,,1.7818350058335525e-06,,,,,,,0.00012886788718093783,,,,,,,,,
1975-06-06 00:00:00,-0.7389026901425695,-0.14560490105984478,,-0.5087178529366939,-0.34851819100464587,281.8800662791235,285.2787825906065,0.8401635193965844,,,,,,,0.051519089196560654,,,271.46002197265625,271.4598388671875,271.4596405029297,271.4599609375,0.4153202214889978,,,,,,0.1800492867915588,,,100586.92714497041,,,2.230769230769231,136.83049832857571,0.17478881926226192,,284.13614523622414,,73728.19838664941,0.5115239179345983,0.0053908343492495995,0.10421377751072483,0.003310045547033908,0.0054906698373647835,,270.45532515486315,-0.46767915353267153,-0.16727426630505443,4.536024638873211e-08,0.029704997667745887,0.015400068294367141,8.671937480061894e-07,0.34169071156685876,0.017536177437686356
1975-06-06 18:00:00,,,5.0240938536514195,,,,,,786.973811861835,9.606540555784688e-05,1.3645804492679573e-05,1.6929646513077634e-08,0.0,4.9391794228546056e-08,,4.6200819692668125,0.30657164443879437,,,,,,9.56209277260233e-06,3.338151076841636e-05,1220.023298816568,4.5035232806346825e-06,1.5382913971793721e-06,,283.27639030140534,1.3124969231306448e-05,,283.7227920441938,5.166170865120973e-05,,,,9.576354682798217e-06,,2.7179629845026684e-06,,,,,,,0.00012945106043618106,,,,,,,,,
1975-06-07 00:00:00,-0.8730569421892336,-0.4925914516110392,,-0.5948952217779216,-0.4541653176031169,282.1696069480399,285.08179288785135,0.8453031697216824,,,,,,,0.20595970379530326,,,271.46063232421875,271.4597930908203,271.45970153808594,271.4599609375,0.35562305337578587,,,,,,0.12394289998613166,,,100332.36020710059,,,2.2485207100591715,136.98748797354614,0.17368293513913127,,283.6994368874815,,73517.01405325443,0.5165062176405325,0.012554958727232803,0.04746253811074049,0.0026181802241759893,0.02703703931097448,,270.4930456037352,-0.5508998385547886,-0.28577218817535943,-1.999204971458344e-07,0.04313182266506218,0.081416347476009,1.4446452590664463e-07,0.13189217194738473,0.054638843917282374
1975-06-07 18:00:00,,,5.182687928690713,,,,,,397.42739178383187,0.0001265934762164686,2.295329902299057e-05,0.0,0.0,2.8376089391428097e-08,,4.938992426945613,0.3493397729636649,,,,,,2.0398058482175748e-06,2.62452212311107e-05,1346.9241863905324,7.224418002472827e-06,3.963369964318868e-07,,283.16465479382396,1.6069050723984398e-05,,283.53516202847635,6.893127274936473e-05,,,,2.0398058482175748e-06,,8.092807418495945e-07,,,,,,,0.00015285981477364987,,,,,,,,,
1975-06-08 00:00:00,-0.6777548479610647,-0.2375301665808322,,-0.5383618541017792,-0.3625126336453229,283.0004276072485,286.0137383274778,0.8438759823522625,,,,,,,0.032181959885817304,,,271.4606628417969,271.45916748046875,271.46014404296875,271.4599609375,0.39952800683015904,,,,,,0.10441887308154586,,,100447.11982248521,,,2.3905325443786984,136.5160567605284,0.17258294235319782,,283.4524200258876,,73584.98016826923,0.443553676266642,0.00349098973020294,0.07104904488429631,0.0013598253035686425,0.005626543033757859,,270.1001308824889,-0.5070122318154962,-0.18229953495003062,1.1110824264844979e-07,0.014482093405959434,0.0018603195100140996,1.21905621672986e-06,0.32786542480155695,-0.07389560394738554
1975-06-08 18:00:00,,,5.088476181030273,,,,,,645.1290283203125,7.471653836718678e-05,1.835360153186956e-05,2.1947387980638877e-08,3.781741396827105e-08,2.1470549057262603e-08,,4.787920607617621,0.4142410910341161,,,,,,1.003022289135047e-05,9.263672772243884e-05,1572.3332100591715,1.76739675053478e-05,1.567002584242962e-06,,283.2782943093565,2.4193930908067693e-05,,283.71211919840977,6.13908443225206e-05,,,,1.0050811182112384e-05,,2.012221065498668e-05,,,,,,,0.00016734868111695057,,,,,,,,,
1975-06-09 00:00:00,-0.7487486495068792,0.22216033371242547,,-0.5932821183515018,-0.06558312749016214,282.62829662074705,285.6421331823225,0.8491384792610033,,,,,,,0.20952303734051406,,,271.4599151611328,271.4602966308594,271.4596862792969,271.4599609375,0.4590461324657914,,,,,,0.12000904650945415,,,100500.3923816568,,,2.2071005917159763,136.68210705638637,0.1715196857790975,,283.9773570404956,,73672.20090606509,0.5749231734968854,0.005660413232368153,0.07573852226132605,0.00571768946901581,0.008515950490737103,,270.2820430958765,-0.598168660903118,0.11425176386297102,-1.1578735609755151e-07,0.014190614906817499,0.044158845258182325,1.6912020613389783e-07,0.23508665230147233,0.11812716052377012
1975-06-09 18:00:00,,,4.635151569659893,,,,,,742.3476824614168,3.390975252411069e-05,4.350169170537644e-06,1.3652968512484308e-08,1.4301863383259293e-08,9.88637265360394e-08,,4.3597704419017544,0.24378795736640163,,,,,,2.4631553324016594e-06,5.3595575178868675e-06,1105.323224852071,5.911528711488261e-07,4.4917853097238484e-07,,283.18490257488907,3.342841856578398e-06,,283.60787837463016,1.5987843804105498e-05,,,,2.4755435758793846e-06,,3.9391087357109116e-07,,,,,,,3.9259269392702e-05,,,,,,,,,
1975-06-10 00:00:00,-1.375105507980437,-0.08408487760103665,,-0.8290883803508691,-0.2909210363083337,282.12278250970786,285.1397481162167,0.8475909631633194,,,,,,,0.041855400130593565,,,271.4601287841797,271.4598083496094,271.45970153808594,271.4599609375,0.3454488720414201,,,,,,0.09231666700374445,,,100738.85392011834,,,2.106508875739645,136.67216807709644,0.1704214677302795,,283.99983242418637,,73835.26063239644,0.4053412443082008,0.003525996995632507,0.05366891920125696,0.00022021976448375092,0.0035625096608901167,,270.31253178161984,-0.8203061459332528,-0.14167493899193037,-7.303727339690044e-08,-0.0016191309020364072,0.024151664991868584,9.411855872180423e-08,0.12499017122934555,0.03756639061594856
1975-06-10 18:00:00,,,4.203526728251982,,,,,,538.101759966682,1.2697905478392832e-05,4.104829046147815e-06,7.053857931685386e-10,0.0,8.784722411173627e-08,,4.060074721567729,0.24417728220922708,,,,,,2.1919255425944132e-06,2.47233629932065e-06,963.8025147928994,6.853142676092464e-08,6.053748281573403e-07,,283.9216814210429,8.968967040614969e-07,,284.4163493320081,8.07828099064573e-06,,,,2.1934354975378726e-06,,0.0,,,,,,,1.5160829357846954e-05,,,,,,,,,
1975-06-11 00:00:00,-0.9072541287664831,0.19859378295537283,,-0.6243754731127497,-0.21132011526435085,283.20308743990387,285.7062554895525,0.8487636147166145,,,,,,,0.03700504641561113,,,271.460205078125,271.459716796875,271.4600830078125,271.4599609375,0.29251730653661245,,,,,,0.04116218612038878,,,101058.37093195267,,,2.1893491124260356,136.45845690845738,0.16918299184043026,,284.6162037144046,,74067.44154493343,0.3448761728539348,0.001696690209395908,0.027676527403548538,4.623658381975614e-07,0.001943627758138984,,270.7296814325999,-0.6159518145950589,-0.020620995019314557,-6.477726404190053e-08,-0.0003727449864678129,0.009893157545576346,5.013515277091998e-08,0.016620063592167295,0.033660381569488515
1975-06-11 18:00:00,,,4.38951495131092,,,,,,530.8198704575047,0.0001913012837517191,4.224620274538119e-05,0.0,0.0,8.958263317210969e-08,,4.158459781895022,0.425947561771912,,,,,,1.2306022573504927e-06,2.3175185248696592e-05,1577.8006656804735,6.1506967572770884e-06,2.3703950528915112e-07,,284.4653912606324,3.750983779952371e-05,,284.8774327385355,8.236638893037153e-05,,,,1.2306022573504927e-06,,1.2198231629366e-06,,,,,,,0.0002144931336126384,,,,,,,,,
1975-06-12 00:00:00,-0.9044372739171135,0.14214006119225858,,-0.6365926731267625,-0.04032948172304052,283.077131102071,285.3390130940274,0.8485095486838437,,,,,,,0.7385291238728713,,,271.4604797363281,271.4595184326172,271.4600372314453,271.4599609375,0.4462645942642844,,,,,,0.11978519597702478,,,100864.32655325443,,,2.2662721893491122,136.38819063626804,0.16781123855410243,,284.7909433940459,,73980.79130454881,0.8670826127543252,0.02812627129416538,0.08307467811856661,0.0025333088530591252,0.044483252530972635,,271.43764879576554,-0.6305657956727158,0.10163436979937131,-1.6081256939362757e-06,-0.10021049454367373,0.2485658538888743,-5.291739393290154e-07,0.05898381055459468,0.040227023454812855
1975-06-12 18:00:00,,,4.7235597971628405,,,,,,388.06784690298684,0.00016803854315943973,7.467351016208264e-05,0.0,0.0,8.488117016884794e-08,,4.4060273311547276,0.49301418327015534,,,,,,1.5246962919037723e-06,0.0003055722050412872,1927.6490065106273,0.0001264722389582346,3.0395833874595236e-07,,284.7223384338018,0.00011711607317952714,,285.03709781804736,0.0002218633008426463,,,,1.5246962919037723e-06,,2.374530896632629e-06,,,,,,,0.0004735938190708499,,,,,,,,,
1975-06-13 00:00:00,-0.829239461548935,-0.17372406728168915,,-0.5143973277165339,-0.24306126882338666,284.59511949889054,286.58024570081363,0.8490677574682518,,,,,,,0.48582151514538646,,,271.4600067138672,271.45985412597656,271.4600067138672,271.4599609375,0.46125538561619905,,,,,,0.2450469428970969,,,100651.25758136094,,,1.8757396449704142,134.68243065106094,0.1662145450975768,,285.2771270571376,,73845.66783006657,0.7617102977792187,0.020057403222456596,0.11314770264534511,0.04332096619013499,0.019038792897963664,,272.2894438794379,-0.4965569592086521,-0.16392643494013498,-2.388385611520143e-07,-0.05974260413435084,0.06224850437620423,1.0512204539063856e-06,0.2693080661388544,0.08421194412299161
1975-06-13 18:00:00,,,4.839619173806095,,,,,,523.2665492466518,0.0001576392960971629,2.087326444817718e-05,0.0,0.0,1.0141663704493403e-07,,4.5428258850729675,0.5141590727856878,,,,,,2.660482747138605e-07,0.0010352007736115765,1874.4212278106509,0.0004466243044159116,8.733904529252701e-08,,285.48270357572113,0.00038003427742500985,,285.81017994175295,0.0005291679201746833,,,,2.660482747138605e-07,,1.8206397457235663e-05,,,,,,,0.0011928575278739252,,,,,,,,,
1975-06-14 00:00:00,-1.2312979952118102,0.02728339200894508,,-0.741259676464916,-0.16875545230842906,284.64808067908655,286.40297215930104,0.8492917259769327,,,,,,,0.6974697668386414,,,271.4595184326172,271.46014404296875,271.4597473144531,271.4599609375,0.49877099031527367,,,,,,0.38897596731693784,,,100534.46024408285,,,1.4970414201183433,131.99058523685974,0.16463329947206395,,285.8567457932692,,73784.99711076183,0.8573732859284214,0.047357756331319834,0.1962815270202576,0.17542334562222633,0.2633815065643491,,272.86144947300295,-0.7020565913273737,-0.0672454833984375,1.342605335152978e-07,-0.03291596921943349,-0.06515148581837761,8.438344798243698e-07,0.6625349723992968,0.2317675800013119
1975-06-14 18:00:00,,,4.905220686331303,,,,,,651.8865379920372,0.000548424100029398,0.00016759979654345993,1.667695637990737e-06,2.810323732139091e-06,9.322114879634048e-08,,4.70165047278771,0.7314929270664968,,,,,,1.7017137104942953e-06,0.001305607258612087,2598.670722825993,0.0004522574723824947,2.2003790859639997e-06,,285.2003946699334,0.0004200416909167047,,285.5238838872966,0.0007267659030480555,,,,3.370252498508205e-06,,1.4984043392203968e-06,,,,,,,0.0018540433501084811,,,,,,,,,
1975-06-15 00:00:00,-2.224219711574577,-0.4664838102442273,,-1.1673102294199564,-0.4252988205858942,284.41011580066566,285.58464023206363,0.8496673858377355,,,,,,,0.8467048921528653,,,271.46014404296875,271.46018981933594,271.4599609375,271.4599609375,0.6297865647536057,,,,,,0.5541762854220599,,,100488.47725591715,,,1.4792899408284024,131.654878875913,0.16359374085826986,,285.25619741586536,,73757.67776904585,0.9473587207540253,0.08099132531168236,0.27889483962097816,0.21044271796412722,0.4130543551851889,,272.8002962191429,-1.1287043531970864,-0.35019545019025633,-2.308808506146823e-06,0.20647854388818232,-0.2704800430839584,-2.993963305430608e-06,0.4176583702747638,0.34498760439235077
1975-06-15 18:00:00,,,4.9435912645780125,,,,,,352.5889505239633,0.0008580719930885812,0.000224407960677288,2.1703012243530454e-05,3.016074380931064e-06,6.666505752687933e-08,,4.744034609145666,0.8257859282239655,,,,,,2.4606887052750445e-05,0.0007637668725278108,3016.1719053370007,0.00024251190162974701,4.031469483347334e-06,,284.64867586214865,0.0003465128099076446,,284.89555548492973,0.0005970576928767331,,,,4.6308135845252044e-05,,2.315367114614453e-05,,,,,,,0.0016218484262300785,,,,,,,,,
1975-06-16 00:00:00,-2.2070455438286594,-0.42860959972855606,,-1.2213695627697827,-0.4024578128340682,284.7202726285133,286.12343114367604,0.8487644699903635,,,,,,,0.579869647350537,,,271.45928955078125,271.459716796875,271.46002197265625,271.4599609375,0.7233088921160388,,,,,,0.6486202217418061,,,100595.64460059171,,,1.7396449704142012,133.99802791437455,0.1637536280253935,,284.90347633136093,,73807.16563424557,0.9257858787062605,0.1150891343613855,0.22696654365629443,0.19026572323409763,0.3093785118047643,,272.8236531816291,-1.122234982146314,-0.3342970842440453,3.895837604033778e-06,0.10396462749447342,-0.25557900603706313,-2.682203848532142e-07,-0.26883706538634894,0.11392670340791962
1975-06-16 18:00:00,,,4.141587934550449,,,,,,487.7567568446052,0.0007235989768124191,0.00022035696097379606,7.440947745678693e-06,2.0386596050488174e-06,-7.634786640110662e-08,,4.111199937628571,0.9060127678707507,,,,,,2.2121611431505555e-05,0.0004587066595102647,3290.6558599528475,0.00013366306321860771,4.375188132009563e-06,,285.0837965745192,0.0002602388982079936,,285.2322615222818,0.0004501575279875219,,,,2.9563374773285093e-05,,1.1389601160083297e-05,,,,,,,0.0011823155116484454,,,,,,,,,
1975-06-17 00:00:00,-2.1548534935042705,-0.49711262968164927,,-1.151791092912121,-0.4767137053450184,284.3109369221524,286.09523506841714,0.8416448052112873,,,,,,,0.6041909646705763,,,271.45960998535156,271.46075439453125,271.45953369140625,271.4599609375,0.608083109503623,,,,,,0.668662528314534,,,100697.98909023669,,,1.6923076923076923,135.31898760372366,0.16374462454982058,,284.86169361362795,,73870.72751017012,0.9594499310092813,0.04928388725690676,0.23614240684629192,0.10756588546482064,0.1098315899188702,,273.0731477455275,-1.0887163433097524,-0.44093533239421057,2.5366000002270743e-06,0.10761594371153758,-0.13373459584614228,1.3767016780171433e-06,-0.3778130006508009,0.013494531078451484
1975-06-17 18:00:00,,,4.375389420774561,,,,,,234.51607815894855,0.00037313953659238194,9.261803514153294e-05,4.352004261764549e-08,3.4916330371382673e-08,6.516671074952479e-08,,4.212937941918006,0.8853897907324797,,,,,,3.0990778165456104e-06,0.0001447462893349288,3148.0598245654587,4.6177772727943734e-05,9.703444394134205e-07,,284.65516942492604,7.008756000177776e-05,,284.9381674140163,0.0002416460817461398,,,,3.142238280476903e-06,,4.545559544535078e-06,,,,,,,0.0005179127185555008,,,,,,,,,
1975-06-18 00:00:00,-1.7526752652501214,0.4452247845350638,,-1.0016860002596704,0.09405919927111744,283.8503692446376,284.9220353527182,0.8308048244764114,,,,,,,0.32109385279431585,,,271.46058654785156,271.46018981933594,271.4600372314453,271.4599609375,0.8002785930310833,,,,,,0.47010144115199703,,,100625.54974112425,,,1.680473372781065,136.33549093212602,0.16243379355887688,,284.8386894993528,,73823.46581453402,0.9255726961694526,0.017228217555772096,0.2267957668112227,0.028590027397200905,0.03325983105618617,,272.7471266526442,-0.9653222744281476,0.14284319002952803,-3.6753439707833084e-08,0.02834713044603901,-0.03414010578358667,-2.404054752192818e-07,-0.4363570185102655,0.025654031327490272
1975-06-18 18:00:00,,,5.76775619123109,,,,,,385.02636303422014,3.8528715717721974e-05,1.6515512438215447e-05,1.9218309743869938e-07,2.2219482963607157e-08,1.438412881033987e-07,,5.615116424109104,0.6552579078448595,,,,,,4.306799296796674e-06,6.91368029667781e-05,2358.8864483353655,1.7499077249560836e-05,7.708733295195202e-07,,284.8519973303439,2.522299275595761e-05,,285.1081557414941,4.205372206558137e-05,,,,4.497240986344377e-06,,1.374626609347981e-06,,,,,,,0.00010766027241768922,,,,,,,,,
1975-06-19 00:00:00,-1.973232861806655,0.8616994541777662,,-1.1273749763443626,0.250765507037823,284.27383765948593,286.18720818694527,0.8241257794509979,,,,,,,0.48642019718091867,,,271.46022033691406,271.45994567871094,271.4598693847656,271.4599609375,0.4868065922923342,,,,,,0.3273877993270138,,,100593.97244822486,,,1.455621301775148,134.7276414498775,0.16086348979430792,,284.6905654816938,,73824.44817862425,0.805826713347576,0.0064686707940128955,0.0896228420267091,0.007100257647813425,0.01118214172724436,,272.60188139966255,-1.0617433356110162,0.2969835100794685,6.169183286507587e-08,0.00931280251790786,0.014404942871198147,-2.198289809803638e-06,-0.3519403581788554,0.2861957486564591
1975-06-19 18:00:00,,,6.1390467423659105,,,,,,466.168363311587,0.00016534293191672783,4.880659326293765e-05,4.0495224688312355e-09,2.0247935241683434e-09,1.9009467157515966e-08,,6.0879183210564785,0.759785267838536,,,,,,7.194615680085132e-06,0.00020471069503364615,2838.0637000270144,6.345743258323895e-05,1.4026847684524468e-06,,284.87073837370565,8.102625432099111e-05,,285.1002334504438,0.00017660740950951954,,,,7.199332911587326e-06,,8.098781108856201e-06,,,,,,,0.00037005609578181435,,,,,,,,,
1975-06-20 00:00:00,-2.280837465320113,0.7457885403604902,,-1.3163829780894625,0.21429667388193707,283.97354613535504,285.6606806467271,0.8221960857775085,,,,,,,0.7967605883553184,,,271.4601593017578,271.4599914550781,271.4598846435547,271.4599609375,0.6484620379581607,,,,,,0.4610651742733089,,,100724.03402366865,,,1.7337278106508875,133.3840763611201,0.1597309281840127,,285.23788831360946,,73904.49322762575,0.931796901324797,0.04025355733368965,0.13950522687043665,0.027977102606959597,0.08427895439689505,,272.3428377230492,-1.2422828674316406,0.2953092191346298,-7.458277612913554e-07,-0.06425245838052422,0.1744049675872869,-1.4645494376006122e-06,-0.5106461090449046,0.5818433085533642
1975-06-20 18:00:00,,,4.998266739252756,,,,,,190.68975107768583,0.0005018873327582546,0.00012842455559228298,2.94689199275519e-08,1.8244884775940482e-06,4.4211237064491096e-09,,4.796956214679064,0.8565286545622983,,,,,,2.7305011213178464e-05,0.000326655459642867,3130.577482144508,0.00011240236857939049,5.249154461911444e-06,,285.03627294055104,0.00018099066964196995,,285.24860449796597,0.0003042794610596287,,,,2.7335166225771932e-05,,1.1837561807688877e-05,,,,,,,0.0008285197408919546,,,,,,,,,
1975-06-21 00:00:00,-1.7746845956384782,0.8075689281937639,,-0.9780674827169384,0.35918169825740115,284.53035144693047,286.4444457285503,0.8367176249887817,,,,,,,0.8201748943893161,,,271.4602813720703,271.4597930908203,271.4601593017578,271.4599609375,0.7936332606704983,,,,,,0.7046199056523792,,,100723.44785502959,,,1.544378698224852,129.0736566125994,0.15921857653284918,,285.3928670488166,,73926.23113905326,0.9661554433184968,0.08504701817005916,0.2671961021890654,0.0644065360345784,0.19858018955155193,,272.9007004957933,-0.9653051082904522,0.39468405444241134,1.0482687399772234e-06,-0.11545928977650298,0.2751889681366421,-1.2059128235683902e-06,-0.8635086025712053,1.0884416939679689
1975-06-21 18:00:00,,,4.5342701341978895,,,,,,227.1460356401974,0.0001617031689931655,3.046344017841407e-05,6.9337131003656335e-06,7.276494915668781e-07,-3.9675495499116783e-10,,4.448386192321777,0.7137110904740864,,,,,,5.620449076037435e-06,0.00024533632229667196,2638.30467160919,6.973575910872962e-05,8.375565769404349e-07,,284.43826275887574,7.414518023383688e-05,,284.699968507304,0.00019210408811581246,,,,1.2554096046989486e-05,,2.0039504801733254e-05,,,,,,,0.00040702291485016616,,,,,,,,,
1975-06-22 00:00:00,-1.3643631060447918,0.16331588587111975,,-0.7419080282809466,-0.095598677911702,283.8000069341716,285.2046736316568,0.8482677622659672,,,,,,,0.8484766493887591,,,271.4595031738281,271.46002197265625,271.4595947265625,271.4599609375,0.7543109352066673,,,,,,0.3704004526281586,,,100999.37426035503,,,1.6863905325443787,125.7229262131911,0.15884726146269126,,284.9529241979475,,74114.8589358358,0.975387421585399,0.016383001631809144,0.2514146672418484,0.0450222760262574,0.0385697946040588,,272.71888362726514,-0.68243591602032,-0.027049279071875577,2.5690701342747166e-08,0.01136763526137764,0.02899205572241862,1.665862441095992e-06,0.016290602246685142,0.5836800099653605
1975-06-22 18:00:00,,,3.979268299757376,,,,,,202.8565094174718,8.163773096524752e-05,1.3569094372924263e-05,1.117077341975545e-07,5.2379661917510116e-08,1.2516918142337197e-08,,3.7792865200155585,0.662861660387389,,,,,,1.5976563228305276e-06,0.0003870182488796979,2530.4486900194156,8.196097153883714e-05,3.893837641329455e-07,,284.5626993574334,8.503501937234191e-05,,284.90712110530694,0.00013753648340349367,,,,1.7096878156154114e-06,,1.2601092016908545e-05,,,,,,,0.0004686575669508714,,,,,,,,,
1975-06-23 00:00:00,-0.8815576621061246,0.2522944275444076,,-0.5349381407337076,-0.024651843415209526,285.28697647004435,287.2512799325074,0.8498045551706348,,,,,,,0.5077941250386675,,,271.46006774902344,271.45994567871094,271.4596252441406,271.4599609375,0.7481521664286507,,,,,,0.33067493325859837,,,100929.26294378698,,,1.6863905325443787,125.4148640830136,0.15785020342945347,,285.24660370053624,,74070.31589774408,0.8841440268522184,0.009794246676769218,0.21381261975631205,0.06330718091253698,0.034906692053439346,,272.5965337809726,-0.47505699812307867,0.07811752296763765,-9.713734384900311e-08,0.0061941109818114334,0.020192765625270868,1.8886355586768785e-06,0.1113290843173597,0.3209430715565145
1975-06-23 18:00:00,,,4.125101179766232,,,,,,118.67990753354405,0.00014416441409545536,5.2414261377774754e-05,0.0,0.0,4.248620613245466e-08,,3.7271589358177413,0.7103704870099852,,,,,,8.154693528039921e-07,0.0007727837421484953,2644.909789948774,0.00027124698345477763,6.008752726415205e-08,,285.2468001687315,0.00026555103663156724,,285.4839372804179,0.00038981367145064316,,,,8.154693528039921e-07,,1.3242282811001207e-05,,,,,,,0.0009169550337029632,,,,,,,,,
1975-06-24 00:00:00,-0.2835328085182687,0.19006617393719374,,-0.22212590550529887,-0.022446169655703934,285.18237738073225,286.65515208949705,0.8547913329841117,,,,,,,0.6508433887371298,,,271.4595642089844,271.46026611328125,271.4600830078125,271.4599609375,0.7349231902664229,,,,,,0.3186033350476146,,,100531.16605029585,,,1.2899408284023668,121.47070727827986,0.15681629068047337,,285.5958288068602,,73803.84014423077,0.8973219585136549,0.036181633178828033,0.22416994449566807,0.13640201726608728,0.3087208764792899,,273.08235737275794,-0.23488387271497377,0.052805291125054894,-1.2361292297450396e-08,-0.044683278312344525,-0.042022226477515766,1.5488814889073107e-06,0.6360930063315398,0.20922463215314424
1975-06-24 18:00:00,,,4.250337995721038,,,,,,183.54554802708373,0.0002924189765072433,7.241417670391015e-05,2.19304974262531e-06,0.0,4.9392758884908733e-08,,4.146769692911905,0.7717610195543639,,,,,,1.7828930764508672e-06,0.000928830980654783,2868.406016423152,0.0003216330116317117,8.5413577200393e-07,,285.2856185281065,0.0003002084923919136,,285.54167003744453,0.00047834737766423876,,,,3.976438789678043e-06,,1.2035024236645218e-05,,,,,,,0.0012212697684453385,,,,,,,,,
1975-06-25 00:00:00,-0.9450791375876884,0.7895658788596385,,-0.5659796641423152,0.25232589103766445,285.2052587023854,287.35336827385356,0.8531544236741828,,,,,,,0.5163969515255217,,,271.459228515625,271.4599151611328,271.46002197265625,271.4599609375,0.7467816450892115,,,,,,0.4077502369175296,,,100329.8298816568,,,1.4437869822485208,122.5266891569781,0.15598876941838913,,285.85404435558434,,73648.41880085059,0.8869717096435953,0.03863607521177649,0.28254992825656955,0.18282774073132396,0.22979339057877218,,273.0222807212694,-0.4839943202994984,0.3320789961419867,2.2513634000337246e-07,-0.13837172646494306,0.054665828244925954,-4.860451624083977e-08,-0.11224491638544748,0.5015011638094334
1975-06-25 18:00:00,,,4.04439233746049,,,,,,337.3738523404274,0.00010385880103478066,2.4735574891581337e-05,8.366817399065875e-08,3.112318853919323e-08,1.8169390042477767e-08,,4.02005118872287,0.6061545829095784,,,,,,7.464600032603247e-06,0.0001329162084477594,2324.1354229266826,3.241857833410861e-05,1.6320077977942291e-06,,286.14661727995565,4.222142625842574e-05,,286.38467894785504,8.619801532587356e-05,,,,7.548231697646824e-06,,1.78849203346749e-05,,,,,,,0.0002367380102710611,,,,,,,,,
1975-06-26 00:00:00,-0.8270150698148288,0.8060747970490766,,-0.397531430396808,0.22172153066601274,285.53771900425295,287.5238896657729,0.8573088670623373,,,,,,,0.5084433470957378,,,271.4601745605469,271.45989990234375,271.4603981273855,271.4599609375,0.5213838223169541,,,,,,0.37979586448895153,,,100575.89977810651,,,1.183431952662722,121.0456887871556,0.15554378441804964,,286.333548100037,,73857.96357248521,0.8973687358156464,0.007794463925735926,0.15282203986711757,0.009356605936084273,0.014260963575374446,,273.14104339780187,-0.34434174644876514,0.2951245053985415,2.194337866967544e-08,-0.01687567015371379,0.014630234031524707,1.4107832106480584e-07,-0.08016614272044255,0.2617885281260197
1975-06-26 18:00:00,,,5.405774409954365,,,,,,358.47877538556884,2.964277415585941e-05,4.17190631465799e-06,1.2391439732715222e-06,5.872043940795243e-07,8.548712034120097e-09,,5.278112964517266,0.5349323340421598,,,,,,7.33343454507681e-05,0.0003671512095885869,2153.77302379721,6.264298272556102e-05,2.211050169002375e-05,,286.2160658977441,7.835912281239526e-05,,286.4242802907729,0.00012313155732916658,,,,7.457193538282045e-05,,3.69460625055979e-05,,,,,,,0.00039678917834039273,,,,,,,,,
1975-06-27 00:00:00,-1.5265616129135944,0.34686244310006586,,-0.8243441102067395,0.07763088948627901,285.434343507304,287.2629654562685,0.856065651721503,,,,,,,0.8284898386199093,,,271.4600830078125,271.45994567871094,271.4600067138672,271.4599609375,0.47023379498508555,,,,,,0.482423596745412,,,100699.47781065089,,,1.3609467455621302,124.15709781082424,0.15519292537982649,,286.43709117279957,,73935.58237795858,0.9509851897256614,0.03400896172474563,0.10782995513645854,0.03025379970934264,0.14596198593988222,,273.12585521449705,-0.7325712802142081,0.20456481685299846,6.680642744593774e-08,0.014065872282671504,0.0005479246906980254,-3.542354641779816e-07,0.057375045923086315,0.23710991997690595
1975-06-27 18:00:00,,,6.400528433760242,,,,,,250.77630317281688,4.9878683315931696e-05,4.9330338218508385e-06,5.1157714347162194e-06,2.070718593675004e-07,3.0635774721799296e-08,,6.261258288953432,0.6640951845067493,,,,,,1.0067167190405038e-05,7.9869342273509e-05,2405.8961706838663,1.4187845252674712e-05,1.961762118621691e-06,,285.5061656342456,1.881857948190362e-05,,285.7680418477256,5.52146216116008e-05,,,,1.518423917025504e-05,,8.593693640105117e-06,,,,,,,0.0001297727139038447,,,,,,,,,
1975-06-28 00:00:00,-2.279229971078726,0.8298317948742026,,-1.390829532104131,0.34850007119263415,285.164794921875,286.8908055773854,0.8511309299243273,,,,,,,0.31482159315481695,,,271.45994567871094,271.45994567871094,271.45985412597656,271.4599609375,0.6213121240705075,,,,,,0.3280250698151673,,,100699.6649408284,,,1.301775147928994,124.54356230786566,0.15448784404957788,,285.8161086584689,,73921.22866586539,0.8133765515491101,0.0055417998062898596,0.12903036999367398,0.007440713735727163,0.013863219311956823,,272.9381695809449,-1.3591216273561737,0.3710465177276431,-5.726548360031065e-08,0.012657222949717876,0.013038646539992834,-1.401571762202495e-06,-0.33398946502504967,0.30330832750046044
1975-06-28 18:00:00,,,6.529452481918787,,,,,,373.71131571933364,9.313772415973732e-05,1.671755983984682e-05,4.398880372121489e-08,5.8581705409041524e-08,4.47179483817093e-08,,6.2455290393716485,0.6106370553462463,,,,,,4.904135268115433e-06,5.125610819777833e-05,2357.062321408966,1.0292955051512408e-05,1.0401605678027903e-06,,284.20981069711536,1.9323653899706325e-05,,284.4688930172892,7.666991307185247e-05,,,,4.948254608543667e-06,,1.0910471515542656e-06,,,,,,,0.00014438112879686647,,,,,,,,,
1975-06-29 00:00:00,-2.5863147938745263,0.9138812115911902,,-1.5495374329696745,0.2940510292730388,283.4858759592271,285.70581343611315,0.8523103764071267,,,,,,,0.39318505422068906,,,271.4596862792969,271.45997619628906,271.4599304199219,271.4599609375,0.6134036055727471,,,,,,0.4452582653735891,,,100783.84042159763,,,2.1597633136094676,128.8660012871556,0.1537431400908521,,284.66593906018863,,73918.36136279585,0.7894737140093682,0.008751423828325857,0.23022804263780808,0.010314489962786612,0.007267624668821075,,271.7962769276997,-1.4705643512793547,0.4418333550176677,-2.1830192323121072e-07,-0.0005718400845160851,0.04340363877753799,-5.043907016625947e-06,-1.9714042054125542,0.9301648899119281
1975-06-29 18:00:00,,,5.814237572032319,,,,,,638.2388057370158,0.00023601393727861212,7.961857953720544e-05,5.740518047964784e-06,4.3741851692369e-08,4.3313013504528974e-08,,5.528088490638507,0.6266894820173816,,,,,,1.2527798583521646e-05,0.0012225829100339877,2478.010458048984,0.0003518282309086365,3.3860684499232726e-06,,284.9376935789571,0.00029451607247076093,,285.18905152089496,0.0005220393457356289,,,,1.826807415696996e-05,,6.2124175432871076e-06,,,,,,,0.0014586173033445345,,,,,,,,,
1975-06-30 00:00:00,-1.9225818927471454,0.867020550564196,,-1.1084826260628784,0.3563703446698612,283.3094070705436,285.1726969882581,0.8539251487636002,,,,,,,0.9738918401785857,,,271.45973205566406,271.4600067138672,271.4600372314453,271.4599609375,0.5624017131310948,,,,,,0.6131852981606885,,,100603.13128698224,,,1.7218934911242603,123.26300572502542,0.15318065282155777,,285.2860909185466,,73819.33977440829,0.9932346615565599,0.06186619971895359,0.20154476682820838,0.26412331846338755,0.2889381088192448,,272.6145720171505,-1.0711395274957962,0.45081451023824115,1.8225223330240808e-07,0.007283064740649342,0.5786873515937808,-3.721030634282344e-06,-0.9813211937627849,1.098508063329042
1975-06-30 18:00:00,,,6.105382975741956,,,,,,436.9885536509858,0.00038605963690041084,0.00010804011976930517,4.1449365354853975e-08,6.053941159029684e-08,1.3323526928675245e-08,,6.088328130146455,0.7942847760295021,,,,,,2.298257231006961e-05,0.00044812410608591956,2913.432248990211,0.00011494614668851773,6.2054739548609805e-06,,284.4035283376479,0.00015374436180972488,,284.60971448548446,0.0003424290369248249,,,,2.30238811504206e-05,,4.6326960684985096e-07,,,,,,,0.0008341943236925036,,,,,,,,,
1975-07-01 00:00:00,-2.3644257212531636,0.6562954434276332,,-1.3115841961471286,0.17162034074230306,283.4709198178624,285.9829737194896,0.8576270698090277,,,,,,,0.9194761691008799,,,271.4601745605469,271.4600830078125,271.45994567871094,271.4599609375,0.6268734436416061,,,,,,0.6328612281858216,,,100523.53365384616,,,2.059171597633136,128.1595941125994,0.1541851258136817,,284.57156498474484,,73748.77147281804,0.9723551601347838,0.04066021148027224,0.22003806631505138,0.05427822135609282,0.09641987485425359,,272.52519415680473,-1.265390745986848,0.28536781897911656,-8.691519708234883e-07,0.011621324621008698,0.3208908980502885,-4.542062090731849e-06,-1.1658544991848736,0.9425634868751617
1975-07-01 18:00:00,,,6.064807327541374,,,,,,235.89414490468403,0.00032303742403109396,0.00012091022624066595,5.656260564460381e-09,5.190340959130836e-09,-1.4695515293013525e-07,,5.888626448501497,0.8330018534462833,,,,,,0.00010746611645941198,0.0004274051142757887,3098.0002017952283,0.00010439224497101011,2.703864193526951e-05,,284.7399078910873,0.00016151536145859216,,284.9057949449889,0.0003252318624914045,,,,0.00010747175950270433,,3.097863239649485e-05,,,,,,,0.0007504771019470483,,,,,,,,,
1975-07-02 00:00:00,-1.8600303774049296,0.9124345553697214,,-1.0278590106399808,0.351393293346879,284.20566897420485,286.0580447947485,0.8530198832940773,,,,,,,0.7173337865863326,,,271.4600372314453,271.4601593017578,271.45997619628906,271.4599609375,0.7717311957399168,,,,,,0.8061276191085048,,,100772.49389792899,,,2.1834319526627217,129.45605306230354,0.15495890273144963,,285.0261894993528,,73949.38029308432,0.9635278871778906,0.07484841974970152,0.2627587459276061,0.045057088091122896,0.2055888686924291,,272.9831488795534,-1.0095937830456616,0.44516871525691104,-7.389461691904615e-07,0.015726711623062044,0.8023350002056748,1.5495762782799597e-06,-1.8731258493908765,1.582247022495291
1975-07-02 18:00:00,,,5.053817579732138,,,,,,406.9548955612634,0.0002674774305354914,0.00012059130612209704,0.0,0.0,-8.604441994674415e-08,,4.774558321258725,0.8077457585983728,,,,,,1.532813677420983e-05,0.0007323474859635309,2933.3390139066255,0.00021911161185721674,3.999010962847422e-06,,284.74653291420117,0.00018310723220102887,,284.9679612379808,0.0003711930393467288,,,,1.532813677420983e-05,,1.13554783826749e-05,,,,,,,0.0009998333810639607,,,,,,,,,
1975-07-03 00:00:00,-1.8778787195329836,0.9494392011292587,,-1.068880318184576,0.38224174567228236,284.77216767982617,286.5668526372966,0.844516117191879,,,,,,,0.8200441669430253,,,271.46002197265625,271.46059580755656,271.46018981933594,271.4599609375,0.7297029886725386,,,,,,0.6896098079766042,,,100901.06767751479,,,1.7337278106508875,128.16712924573548,0.15477884732759917,,284.9671045788646,,74036.27565643491,0.9518537143983784,0.05419442318958512,0.24047470122807213,0.19620563574796598,0.13901381788516318,,272.7989328598835,-1.041855659710585,0.4776864379820739,-1.4718435635823294e-07,-0.10934159882675261,0.4080515145902803,6.685943753298747e-07,-1.656362612571942,1.3265391509296627
1975-07-03 18:00:00,,,4.165948060842661,,,,,,166.97754727877103,0.0003328443278927775,6.1757642136523e-05,7.08693770702774e-08,9.064138288328633e-08,8.64398833116263e-08,,4.139297654642862,0.8639218239389228,,,,,,4.3617087532077314e-06,0.00020316973339332118,3160.272811979937,6.447039899767208e-05,9.639161093347877e-07,,284.1873815412352,0.00011248138045903302,,284.39977232803255,0.00019808358234068104,,,,4.4341645473559225e-06,,8.703953415684446e-06,,,,,,,0.0005360133559056871,,,,,,,,,
1975-07-04 00:00:00,-2.0346054776885807,0.5620689561381143,,-1.130473108686639,0.1418826932737813,284.76087220321745,285.948765139608,0.8404938913661347,,,,,,,0.41759343835464596,,,271.4599304199219,271.4598693847656,271.4599304199219,271.4599609375,0.7712039795852977,,,,,,0.40423268857880457,,,100988.0399408284,,,1.7692307692307692,130.36059263330944,0.15543418523122574,,284.4194090352256,,74098.30734559911,0.8885297690622905,0.05155063885506573,0.1981141250029471,0.02118124200042183,0.07421452916282734,,272.34756234975964,-1.0734262466430664,0.16266413129998383,-3.133686059622987e-07,-0.2548209591024726,0.43457215100653557,-1.9141988823267482e-06,-0.9160429147573618,0.5379476340697009
1975-07-04 18:00:00,,,3.881515841512285,,,,,,266.5676980103261,7.230704705390705e-05,2.162396555116191e-05,0.0,1.4801837914463508e-09,2.2647597089479665e-07,,3.891041874180179,0.6989619057383057,,,,,,5.644958289946324e-07,0.00012749927283744135,2448.2896302352997,3.499198242052067e-05,1.2993052072778961e-07,,283.88524234929736,2.956972319698898e-05,,284.31882454234466,7.404995387827857e-05,,,,5.644958289946324e-07,,4.955561908744496e-06,,,,,,,0.00019980499730307675,,,,,,,,,
1975-07-05 00:00:00,-0.8799777905616535,0.28762067316551887,,-0.5289986232328697,-0.007700180866309172,284.40380425989275,286.66419251571745,0.832163208335109,,,,,,,0.21948424516901507,,,271.46022033691406,271.4601287841797,271.4601593017578,271.4599609375,0.6736883178970517,,,,,,0.265494532839081,,,100869.87222633135,,,1.9763313609467457,129.54088109484792,0.15402219422470184,,284.565464358358,,73996.07250832101,0.7794092875965953,0.012377970723832059,0.21129120048686598,0.018011285003120377,0.00709680410531851,,271.76648888221155,-0.43048393091506504,0.08827925010545719,-6.47953522232149e-07,-0.11484928843537731,0.03733247023937912,-6.704054429807518e-07,-0.09527670279057068,0.11102307548184366
1975-07-05 18:00:00,,,3.4497591898991513,,,,,,204.12028927774824,5.533242014032849e-05,1.5304374271595972e-05,3.3022273750700187e-07,0.0,1.501234567663851e-07,,3.446189869085007,0.7834040138143055,,,,,,1.1213895308195487e-06,9.132847921797593e-05,2777.599223661705,3.0113483321737255e-05,2.4606892563534914e-07,,284.41076876849115,2.499259787903735e-05,,284.7784272143121,8.371216658304429e-05,,,,1.4524168428584668e-06,,3.5902540359271347e-06,,,,,,,0.00014665262650376626,,,,,,,,,
1975-07-06 00:00:00,-0.4784635904978013,0.5821883428026233,,-0.3176907138711602,0.16290441772641515,284.81095570220043,286.7402271519046,0.8280973935268334,,,,,,,0.1499947090826091,,,271.4597473144531,271.4599609375,271.45960998535156,271.4599609375,0.7791326040479206,,,,,,0.2806493996163092,,,100788.53624260356,,,1.9349112426035502,128.5118038019485,0.15289912421322432,,284.6898691752959,,73956.74172522189,0.8376828876472789,0.005824051877210253,0.21163440017806665,0.010750595634505594,0.006321483815210105,,272.2123553936298,-0.2623925801564956,0.22426979358379656,-4.453954850695476e-08,-0.02636883068366869,0.018986485279909163,-1.2497664408581938e-06,-0.05266689548831014,0.14718271924193793
1975-07-06 18:00:00,,,3.5114587524233487,,,,,,106.10346605650771,0.00015005786743389784,4.066518072545881e-05,2.590134828048345e-06,1.978702270067655e-07,5.263246478227958e-08,,3.3557826555692234,0.7975935943027925,,,,,,3.910907296210351e-07,0.00024494511135936487,2832.283432819434,6.50507105878119e-05,8.39471574542085e-08,,285.3682738535503,7.319609089010566e-05,,285.6135152782914,0.0001465126254854823,,,,2.9820838623498317e-06,,1.6271891678578756e-05,,,,,,,0.0003949911636713694,,,,,,,,,
1975-07-07 00:00:00,-0.2789584165494117,1.0949091255312136,,-0.21295565543090098,0.4800372730345416,284.7988859097633,286.5711547129253,0.8400137939396695,,,,,,,0.6919747978977903,,,271.4600372314453,271.45977783203125,271.45997619628906,271.4599609375,0.8036986363710031,,,,,,0.3397981542101979,,,100523.22836538461,,,1.3076923076923077,122.71086075461122,0.1518241583242924,,285.6441440920858,,73799.61577755178,0.9108382093130484,0.028924520979666416,0.30580907654480116,0.034219143658700074,0.02931141147952108,,272.87468110033745,-0.19532078398755315,0.5329473540627745,-7.697228671564065e-07,-0.16214218929674498,0.06138163887531932,-2.151658671037377e-06,0.03808768684342063,0.34199282044225193
1975-07-07 18:00:00,,,4.222623497776731,,,,,,123.93153291058964,0.0002688947161273843,6.284516238601956e-05,5.756358797909945e-09,7.267071474233323e-07,6.746506204973019e-08,,4.0863361302212144,0.796844482421875,,,,,,5.171287077418446e-06,0.0003689873147998336,2908.668808073687,0.00012969794358022113,1.1118779168326474e-06,,285.19751554410135,0.00014969195134540987,,285.4813369660688,0.00023937824915146687,,,,5.177161573658328e-06,,1.258839516950077e-06,,,,,,,0.0006378797384408804,,,,,,,,,
1975-07-08 00:00:00,-1.090490391973913,0.8429906265975455,,-0.6462608653412768,0.285011923524755,285.49446277505547,286.7330921782544,0.8484303655003654,,,,,,,0.7542451056018031,,,271.4607849121094,271.46014404296875,271.4604187011719,271.4599609375,0.7833725386822717,,,,,,0.36344290255794864,,,100439.0451183432,,,1.319526627218935,120.21908930490709,0.15112531255688189,,285.5778389654216,,73730.68363997781,0.9260635728666768,0.04961231278707466,0.2182052617991817,0.03468124118782359,0.08284483452080597,,272.9348328720183,-0.6705638163188505,0.3488183116771766,-5.985399916183931e-07,-0.1102356586230577,0.23823562647993043,-2.704100175650471e-06,-0.4687331780879455,0.5923620114136025
1975-07-08 18:00:00,,,4.161829784777037,,,,,,196.93434368788138,3.4855888087368575e-05,7.310187851888893e-06,0.0,0.0,6.373605910240802e-08,,3.994847720896704,0.7271137519700993,,,,,,3.7668967211740256e-06,0.00015879924861805913,2785.447074935281,5.051581817265798e-05,4.417224395909958e-07,,284.8913993158284,5.2651357368604674e-05,,285.1649957239275,8.864135818211325e-05,,,,3.766786505484722e-06,,3.2773737371320555e-06,,,,,,,0.0001936577377956953,,,,,,,,,
1975-07-09 00:00:00,-1.168282610424877,0.2935222140430699,,-0.6429324629744129,-0.052821249651485644,284.7903453217456,286.2560413970044,0.8506834150771417,,,,,,,0.4567810520529747,,,271.4602813720703,271.45957946777344,271.4599151611328,271.4599609375,0.7266595984351706,,,,,,0.21335416714820635,,,100520.60724852071,,,1.4437869822485208,120.84224019248104,0.15078375043248285,,285.28790969397187,,73786.21595321746,0.8451274675730418,0.010452440825494878,0.15605725195898107,0.023823574449889053,0.013705530110195544,,272.88388296274036,-0.5882451548378849,0.07493336807341265,-1.6969677195856734e-07,-0.0433035877329358,0.04310474711051486,-2.8282284430784765e-07,-0.4590063490105804,0.3022064044630739
1975-07-09 18:00:00,,,4.780798184095755,,,,,,220.39891386314255,4.9304680006038506e-05,1.4487587841304802e-05,3.492158283782605e-09,8.429295917939857e-08,6.520876793040535e-08,,4.695436528448522,0.7660507234640023,,,,,,1.0626115037139352e-06,9.312923154812138e-05,2878.0712226100222,3.515704143682175e-05,1.9850396722026126e-07,,285.2135147004438,2.859920792325714e-05,,285.4596460105399,6.718395729742107e-05,,,,1.065838068018298e-06,,5.440643200507531e-06,,,,,,,0.0001424349696247772,,,,,,,,,
1975-07-10 00:00:00,-1.4332318503475754,0.4787399246847841,,-0.83831557437513,0.09741853680130998,284.84422527967826,286.5914891711354,0.8534323534316565,,,,,,,0.43678184373844303,,,271.4600830078125,271.46031188964844,271.4601593017578,271.4599609375,0.7045493161184548,,,,,,0.2593848775829789,,,100577.29585798817,,,1.4319526627218935,119.88500091733312,0.14988285832151155,,285.7959735576923,,73825.34411982249,0.8861925573744012,0.008763579484926036,0.1852914639390432,0.010132580819214589,0.012454884997486362,,272.96827616494085,-0.7912199426684859,0.1771881566245175,1.6907884296065626e-07,-0.04079072679993669,0.002156736582693969,-2.4707041599528763e-06,-0.5423909305820803,0.1424556808358819
1975-07-10 18:00:00,,,4.630677121630787,,,,,,187.32996499326808,0.00013913452272584453,2.7094190642678525e-05,1.120847269628175e-05,1.673770726785152e-05,4.8479115958965334e-08,,4.391785237916123,0.7795840635807556,,,,,,7.420884081597864e-05,0.00026553104175111765,2848.881571572208,5.66020167085546e-05,1.9940575199014337e-05,,285.3283243574334,8.523558161217828e-05,,285.5614483173077,0.00014782196866368805,,,,8.541786459070692e-05,,8.958375312872892e-06,,,,,,,0.0004046677936592395,,,,,,,,,
1975-07-11 00:00:00,-1.533325618540747,0.13684720259446365,,-0.8717438963037976,-0.062462180323854706,285.79154146634613,287.4624557946561,0.8497052647658354,,,,,,,0.9226183993576547,,,271.4599609375,271.4601135253906,271.4598693847656,271.4599609375,0.7123035033779032,,,,,,0.5818793777178025,,,100792.81453402367,,,1.8994082840236686,125.61683338774732,0.14955180354372283,,285.90363235022187,,73966.61912906804,0.9879430835769021,0.06399485034614626,0.17616675126217526,0.013232710798816568,0.19066777137609628,,272.9726165229752,-0.7921095232991777,-0.04660281344983705,6.764559398994908e-07,-0.03478857046048317,-0.15202261569231926,-2.205733588025988e-06,-0.2691503445777667,0.06452613469411636
1975-07-11 18:00:00,,,4.589110887967623,,,,,,201.10378865800666,0.0002932208176900649,7.31694627795699e-05,8.850738670698989e-06,1.095885620314694e-06,-5.33630678632721e-09,,4.44538458987806,0.8902358482178498,,,,,,4.363439139529798e-05,0.0006924721123549263,3186.567751190366,0.00019215973171256704,8.222950104425644e-06,,285.29870677699705,0.0002332506095163921,,285.4698262412167,0.00036487547603584607,,,,5.248409403851752e-05,,2.2505338375384992e-05,,,,,,,0.000985660927562129,,,,,,,,,
1975-07-12 00:00:00,-1.97513023918197,-0.24347302476329916,,-1.0938758172932461,-0.2549911137868667,285.4340719189164,286.5693200466901,0.8456544428182071,,,,,,,0.7832796365551694,,,271.4597625732422,271.45997619628906,271.4595642089844,271.4599609375,0.7779113093071436,,,,,,0.7962347745190005,,,100772.8775887574,,,1.5917159763313609,127.91037998538046,0.1497444880784616,,285.5817307692308,,73960.265625,0.9871965421022043,0.07484663639371918,0.287768303196238,0.07625444400945358,0.2105247650802488,,273.10609589525933,-1.1120469302115357,-0.2815551080647305,1.0595301571908302e-06,0.043978058374845065,-0.1764344266180456,-1.5211473467081961e-06,-1.2143298493334527,0.5495741018176784
1975-07-12 18:00:00,,,4.4791216822065545,,,,,,390.7572134345241,0.0002442898129570414,6.820041047045465e-05,4.248219657931807e-06,8.086029153603774e-07,-3.2475574870976844e-08,,4.384987893189199,0.8364416612146874,,,,,,2.6537954101901082e-05,0.0006618244224604679,3080.7162291397003,0.0002328573599369568,4.980195115303852e-06,,284.68651910364275,0.0002469494497987646,,284.8975172776442,0.0004127343025433241,,,,3.078707752848518e-05,,1.1938960241848196e-05,,,,,,,0.0009061202311510074,,,,,,,,,
1975-07-13 00:00:00,-1.8726122139473638,0.06371781388683433,,-1.011054970103608,-0.05048214049028927,284.5657157220784,286.0228062014608,0.8404696548478843,,,,,,,0.7945939609284937,,,271.4601593017578,271.4595947265625,271.46026611328125,271.4599609375,0.7409374310287851,,,,,,0.642326648440763,,,101033.44951923077,,,1.6923076923076923,129.34815735224436,0.15001762830294096,,284.9268387111686,,74132.49516919379,0.9872843122341224,0.1165702762467974,0.1568876325364463,0.1340187569341716,0.31621389866933314,,273.0015699397883,-0.9956100452581101,-0.04505831250072231,3.1519203359235666e-06,0.17398839307254588,-0.26907912372837406,-1.803440036329292e-06,-0.587077806687214,0.4206271108085587
1975-07-13 18:00:00,,,3.447522372183715,,,,,,1658.4306372910917,9.605561840463671e-06,1.1089549967523157e-05,0.0,5.032637806818683e-09,1.8035502176266455e-07,,3.426368860098032,0.39291688817492604,,,,,,7.016468550679246e-07,1.1828083258408766e-05,1642.9353530251767,1.4429672251967988e-06,1.7252268501111036e-07,,283.9943183131472,2.632600933137025e-06,,284.3831144253883,1.593436715165539e-05,,,,7.016468550679246e-07,,2.525248096363079e-07,,,,,,,2.1430735404674822e-05,,,,,,,,,
1975-07-14 00:00:00,-1.6583653399224818,-0.31782492236978205,,-0.7801094055175781,-0.3508361218243661,283.7619816706731,285.3247575929179,0.8327276946524896,,,,,,,0.787727358034597,,,271.4596252441406,271.4602508544922,271.4599151611328,271.4599609375,0.365869646241679,,,,,,0.3356676270975869,,,100910.7200443787,,,1.5621301775147929,128.91518767768815,0.14905886113996336,,284.22927838387574,,74047.01888406066,0.9065917850246091,0.01917688769960677,0.021936448067154588,0.0009374308162892358,0.02082130364987919,,272.06173001802887,-0.7094103119077062,-0.20324047359489125,-9.458115786422849e-08,0.07788956623810989,-0.022787854163604376,-1.4657560841334687e-07,-0.03238455924762071,-0.01629110765175001
1975-07-14 18:00:00,,,3.0272082943888106,,,,,,292.5310195832563,3.801895713312386e-06,2.0063939620051863e-06,1.1274505326711743e-10,0.0,6.994494835786886e-08,,3.036933797351002,0.4933159280810836,,,,,,6.363699598425239e-06,2.4992421533934464e-05,1710.1684619068394,5.491695107792961e-06,7.048541316266596e-07,,284.2026034925111,6.611795115047658e-06,,284.53357150286615,1.0575812596541185e-05,,,,6.363809814114543e-06,,0.0,,,,,,,2.8798566062069503e-05,,,,,,,,,
1975-07-15 00:00:00,-1.487778528202215,-0.08833929772913103,,-0.8136893052321214,-0.2792842740843282,283.1523336376664,284.6987896981324,0.8362900163295001,,,,,,,0.24443966115014792,,,271.4602355957031,271.459716796875,271.45985412597656,271.4599609375,0.5872679216533723,,,,,,0.13464953561214257,,,100718.82267011834,,,1.5798816568047338,126.67101238183015,0.14847835281191493,,284.3655854174371,,73884.86298076923,0.7171531799276905,0.008787086267234076,0.04860642308110272,0.00047608522268442006,0.01426949585683247,,272.6088383240107,-0.7796037324081512,-0.17827998392680694,-1.6914965438838366e-07,0.011723595213960613,0.016120984246568566,-3.548215985327088e-08,-0.20025526419193787,0.012414819390110715
1975-07-15 18:00:00,,,3.9934955630782087,,,,,,124.30942260019879,7.445687020318748e-06,1.2545576374206317e-06,0.0,0.0,1.8061923265251745e-07,,3.8387463643000674,0.6208739873220229,,,,,,2.0563974425461165e-07,1.5086676242083487e-05,2388.8011366262945,4.049897546598897e-06,3.417857410110666e-08,,283.9198770918084,2.178633530464398e-06,,284.2340398483728,8.19868060964099e-06,,,,2.0563974425461165e-07,,1.3402227819318602e-07,,,,,,,2.2534415794421664e-05,,,,,,,,,
1975-07-16 00:00:00,-1.4052220068034336,-0.23447144525290947,,-0.7472634400136372,-0.20519183796538404,284.32817267242973,286.05501687315086,0.8420004336791631,,,,,,,0.7788605485442122,,,271.4593963623047,271.4600372314453,271.46009826660156,271.4599609375,0.6117898191727654,,,,,,0.134185791015625,,,100501.71856508875,,,1.5857988165680474,124.11623242620885,0.14729762218407624,,284.27598291882396,,73724.52554086539,0.924418081898661,0.003478143423431988,0.09306532252557884,0.01884162496532914,0.0053559478218033465,,272.17277860923633,-0.6709073647944885,-0.05040589168932311,-1.4209186949473723e-07,-0.026887863698090323,-0.010003893773936661,-6.998814580433027e-06,-0.671171397147094,-0.01613299804326345
1975-07-16 18:00:00,,,5.730305022741916,,,,,,370.30233132627586,0.00012124766259503788,5.879733689437957e-05,0.0,0.0,1.2798065904344696e-07,,5.605304898594963,0.7467246873844304,,,,,,1.151481169391666e-06,0.00043454748638988244,2682.743248392139,0.00012702067222820936,4.822459931556995e-07,,284.0193131125185,0.0001189050942483033,,284.2258373012204,0.00020088705085438384,,,,1.151481169391666e-06,,6.268021358540777e-07,,,,,,,0.0005557798069609692,,,,,,,,,
1975-07-17 00:00:00,-2.0613530401647444,-0.6892083015667616,,-1.156909073598286,-0.4664036169559998,283.847133297892,285.5864517843935,0.8402422384397518,,,,,,,0.872651418770206,,,271.4600589619233,271.459716796875,271.4601745605469,271.4599609375,0.6559558394392566,,,,,,0.46926472638044836,,,100384.63073224852,,,1.6745562130177514,123.69153752975916,0.14648870885724852,,284.482421875,,73665.84375,0.9753148866122996,0.059510305737415274,0.1671221636376239,0.13399383725499261,0.3022096993246828,,272.5395269450351,-1.0889283242310293,-0.3817711835782203,-3.02550798287538e-06,-0.3975439240946572,0.17632056693353595,-1.0806785244770216e-05,-1.6851619912322455,0.19119235608704696
1975-07-17 18:00:00,,,6.062770662928474,,,,,,187.8378682334042,0.000115879717663195,3.063268739090869e-05,1.8711493918176233e-05,4.143437602110868e-06,2.2406799855387834e-08,,5.8369053157828965,0.8549752086621417,,,,,,4.1839991800883815e-05,0.0001657518627802844,3096.6146099384014,2.487894346022747e-05,9.721861435816838e-06,,284.79471818370934,5.554734073447053e-05,,284.97813857941935,0.00011917842915777624,,,,6.055091259747567e-05,,2.2581541502969504e-06,,,,,,,0.000281638457902492,,,,,,,,,
1975-07-18 00:00:00,-3.284575180189144,0.24347641623231786,,-1.912193919074606,0.03460002650876017,284.66227695081363,286.39929126987795,0.8486579942280019,,,,,,,0.45027097442446373,,,271.4602966308594,271.4597473144531,271.46006774902344,271.4599609375,0.7721687054493018,,,,,,0.545919693367192,,,100522.60392011834,,,1.6272189349112427,124.05964958597217,0.14649077138957187,,285.2170222355769,,73766.31871764053,0.8802309960303222,0.029989926189944678,0.1855129780448951,0.009344653970391087,0.0797150672778326,,272.8563629692123,-1.8567608037643883,0.08828570574698363,1.8254066259495518e-06,-0.1804056844767734,0.09126068446674995,-3.4792431576464037e-06,-2.1176507882112583,0.5833457020612863
1975-07-18 18:00:00,,,7.447872483518702,,,,,,335.28178541194757,0.00017815757785323103,3.663481339900451e-05,1.3091860438239646e-05,1.034098704891092e-06,-1.1172148963221564e-07,,7.131476362781412,0.8356237986824921,,,,,,5.1492681870093715e-05,0.00041335647846408013,3099.020606859196,8.116898292015024e-05,1.1668160293229234e-05,,284.6997691498706,0.00011840347388635061,,284.8882399338942,0.0002121902294840176,,,,6.458489499853912e-05,,3.2330758472871495e-05,,,,,,,0.0005915457984358307,,,,,,,,,
1975-07-19 00:00:00,-3.134429119042391,0.6401479427631085,,-1.8412634889049644,0.2446883105667385,284.40170522836536,285.6939661150148,0.8493880696550629,,,,,,,0.6975865659232323,,,271.46051025390625,271.4601287841797,271.4598846435547,271.4599609375,0.6859405278145562,,,,,,0.7241394576236341,,,100889.67696005917,,,1.668639053254438,124.22930565106093,0.14600941697521322,,284.8496512689534,,74038.5073733358,0.9510065214873771,0.024407575689476622,0.21987402510895399,0.046463238417044195,0.07130900893867369,,272.91839599609375,-1.769977800944853,0.2937357298721223,-2.044092086863638e-07,-0.18479391280010607,0.12208368664486169,-1.4393625608039193e-05,-2.2066132359250763,1.0983860621328008
1975-07-19 18:00:00,,,3.453427230112651,,,,,,205.1541057338376,1.9512673806862013e-05,3.1937420720884787e-06,0.0,0.0,5.338882566810263e-08,,3.274853260559443,0.5966840213572485,,,,,,5.817867418718056e-06,0.00013551133624195347,2206.110576923077,5.1029511457364235e-05,1.356011179424602e-06,,284.13102695081363,3.984499965193709e-05,,284.36534849990755,7.57933015654073e-05,,,,5.817867418718056e-06,,6.195841103615845e-06,,,,,,,0.00015502497994688134,,,,,,,,,
1975-07-20 00:00:00,-1.0781948834481323,0.08399354494535007,,-0.5490795112925874,0.020619132815028085,283.99319584411984,285.1709258852626,0.8475288949774568,,,,,,,0.9066653646660979,,,271.46046447753906,271.4603576660156,271.4603271484375,271.4599609375,0.5460592748806674,,,,,,0.6618021846082084,,,100975.00702662722,,,1.5798816568047338,124.24174093212602,0.1454860811402812,,284.4468510193232,,74090.21574519231,0.9777939040985333,0.014312114426039557,0.2489923874257937,0.02156432563736594,0.024742726279290382,,272.3682037895248,-0.5046181368404592,0.072425509345602,-4.223610518001483e-08,-0.06299212663131352,0.013633369209145653,3.163145507889739e-07,-0.7450806149364223,0.48184148023819784
1975-07-20 18:00:00,,,3.5530627211170085,,,,,,317.0966390575883,7.188302525401821e-05,2.143368918514816e-05,1.0386616344282614e-06,1.5350841206206373e-07,-2.138883445636485e-08,,3.2972433440078643,0.6991891353088018,,,,,,1.1556952662721893e-05,0.0001802924116687662,2690.9803911666195,3.592661146581526e-05,2.5894735339125234e-06,,284.8049822022929,3.932848484558467e-05,,284.9597615800666,0.00012033595841311845,,,,1.2595845750097692e-05,,1.3546125423273391e-05,,,,,,,0.00025219183701735275,,,,,,,,,
1975-07-21 00:00:00,-0.653095764521311,0.24694878956269936,,-0.3681807094777124,0.16931676864624023,284.3536875346709,285.9293335683247,0.8447987726454199,,,,,,,0.9776257244792915,,,271.4591979980469,271.4605255126953,271.4603576660156,271.4599609375,0.6534363202221648,,,,,,0.7257078864870692,,,100840.64275147929,,,1.5207100591715976,124.11738812147513,0.1451114451391457,,284.92054306120565,,74010.00952292899,0.9983857679649217,0.047763378111392085,0.11705128920330672,0.028362928762943787,0.10552936100494667,,273.0294844949034,-0.31467673623350245,0.2257846392823394,-8.038062941194815e-07,-0.2628492730609059,0.020621164310613328,-4.3654884625027874e-08,0.1105122784891072,0.09559501451853464
1975-07-21 18:00:00,,,4.123368697758963,,,,,,119.22007634089543,7.624545040920642e-05,2.222838839130289e-05,9.287931245459607e-07,1.7896134781061545e-07,-8.281224260703225e-08,,3.8040705178616316,0.9254651644526148,,,,,,3.0094349878074148e-05,0.0004650800380912284,3370.388346835706,0.0001585960488656607,5.514311367238061e-06,,284.3285424949149,0.0001431570111084425,,284.4915085290311,0.00023344578674035015,,,,3.102245415456196e-05,,1.6037705381946452e-05,,,,,,,0.0005413406018268306,,,,,,,,,
1975-07-22 00:00:00,-0.688461100561379,0.5467563155134754,,-0.42826509193555845,0.283855054505478,284.1691157775518,285.0377883459689,0.8447244156747175,,,,,,,0.7856877194001124,,,271.45965576171875,271.46026611328125,271.4598083496094,271.4599609375,0.8365715089634326,,,,,,0.8988340341833216,,,101053.11612426036,,,1.544378698224852,124.23480676052839,0.1448839486703365,,284.7758153430104,,74157.82391826923,0.993264478339246,0.036808886912447464,0.2989081209883667,0.06443822736570821,0.07425235619647264,,272.9957501112357,-0.41632025340605067,0.33309828177006284,8.52659785880338e-08,-0.1153506093476651,-0.03141027724249123,1.520462459526383e-07,-0.053023654328295464,0.10434437926704361
1975-07-22 18:00:00,,,4.350617295891576,,,,,,164.1222070095807,0.0001514211032517563,3.171487320104294e-05,1.1658527441984098e-05,1.7794543469445945e-06,-7.208128683282801e-08,,4.233226381110017,0.953966645799445,,,,,,7.621547174171583e-05,0.0012395803933892917,3429.748045430381,0.00044254242854814085,1.7658206661777385e-05,,284.3808868227626,0.0004274144800853972,,284.489467282267,0.0005440981041517084,,,,8.787505725431725e-05,,2.1344282217985073e-05,,,,,,,0.0013910043241901146,,,,,,,,,
1975-07-23 00:00:00,-0.3925174622846073,1.0373732362978556,,-0.24185185742801463,0.5527412531643929,284.88273304595043,285.26369209966714,0.844757712451664,,,,,,,0.9872029049862066,,,271.4608459472656,271.45977783203125,271.46014404296875,271.4599609375,0.8054366979373278,,,,,,0.9381030988411085,,,101117.51571745562,,,2.106508875739645,126.22759522206684,0.14461500969158828,,284.7507887620192,,74195.64857618343,0.9989022037686681,0.1746178170192171,0.30932871798692635,0.2313929863179424,0.6762397491149935,,273.0402180146889,-0.1974171012110964,0.6228079697084145,4.960527469971653e-07,-0.3630939817287513,-0.335827725878834,-7.357264072606726e-07,0.6217643888171255,0.4957875880969347
1975-07-23 18:00:00,,,3.7735748686028656,,,,,,241.45864091681307,0.00015768126623164972,3.973742913917677e-05,1.2813235175680127e-05,2.070611133377933e-06,4.189983969512974e-08,,3.630803181927585,0.8585676289874421,,,,,,9.531717328630256e-06,0.00031429687189205187,3059.658432819434,9.675209338848408e-05,2.2476340627529212e-06,,284.34497503698225,9.483113495317686e-05,,284.5224681605954,0.00018658890636805196,,,,2.234614283375486e-05,,7.984377223359057e-06,,,,,,,0.0004719966543595046,,,,,,,,,
1975-07-24 00:00:00,0.517734877809265,0.23919239834215514,,0.16437510378967377,0.13651741750141572,285.23677595691566,286.3048391850037,0.8424163876905949,,,,,,,0.9874546743003574,,,271.46022033691406,271.4601287841797,271.4599914550781,271.4599609375,0.6946312019810874,,,,,,0.7255213500479974,,,100966.62518491125,,,1.6094674556213018,125.96451275165265,0.14458942413330078,,284.3051338872966,,74100.85232525888,0.9979133447246439,0.06184535967351417,0.19293633872676177,0.039405145588711166,0.10348614876175068,,272.6272070168038,0.14672061712784173,0.15911326323740582,5.98806715739158e-07,-0.13951074971249822,-0.2625114258224442,1.3663985776114305e-06,0.5706331900282372,-0.0507098937175683
1975-07-24 18:00:00,,,4.253141549917368,,,,,,105.74572392751479,0.0003466159987026418,9.54385868896394e-05,2.609449025441909e-05,3.021045108518657e-06,-1.2320531866259696e-09,,4.1032335010506,0.937970034116824,,,,,,4.634393390113785e-06,0.0005587760475980801,3375.7132705598187,0.00015310819685106447,1.0369615574207532e-06,,284.81396195451185,0.00019565795955263127,,284.9226059772559,0.00030398883308079396,,,,3.072963311122014e-05,,2.8556973271115996e-05,,,,,,,0.0009053565471080241,,,,,,,,,
1975-07-25 00:00:00,0.9334590223413952,0.8420157580686038,,0.41126724672035353,0.5377562441064055,285.9396438147189,286.998988766642,0.8335435979465056,,,,,,,0.9849719539196533,,,271.4606018066406,271.46019629384637,271.4599914550781,271.4599609375,0.9038811421253272,,,,,,0.8008110897075496,,,100770.33228550295,,,1.6390532544378698,126.96534485224436,0.14390020539774698,,285.2074270756287,,73962.12379807692,0.9987001718854057,0.0756332600301892,0.37438336900881763,0.108151497925527,0.24933024753055938,,272.97354974690273,0.44700251246345113,0.5869872834555496,2.54368122910582e-06,-0.14904423789865168,-0.11262884612619524,7.039191925997388e-07,1.4593569544645457,-0.07993714484942735
1975-07-25 18:00:00,,,4.433098053791114,,,,,,110.74863032053209,0.000380892372695652,8.882070786854219e-05,1.1542845054491033e-05,8.04927222122102e-06,6.071057687868287e-08,,4.155379261490861,0.9144923503582294,,,,,,1.4260587607615092e-06,0.0005407280187102902,3303.1073424209503,0.00016753066926312868,2.621135746057217e-07,,285.0623844304734,0.0001725158092692778,,285.28156203772187,0.00034960379860641747,,,,1.296736079560229e-05,,3.91136965102698e-05,,,,,,,0.0009216041676564767,,,,,,,,,
1975-07-26 00:00:00,1.201483788574941,1.5601025530572474,,0.5837112912059536,0.9474738702266174,285.8210203633506,287.1557458279401,0.8334910873125291,,,,,,,0.8540607934167399,,,271.4599151611328,271.4597930908203,271.46002197265625,271.4599609375,0.9013274371976683,,,,,,0.656106972835473,,,100586.07895710059,,,1.3727810650887573,124.90973279603135,0.14324435679870245,,285.18565955528845,,73847.16836168639,0.975952758591556,0.039220906649413106,0.4166718980617072,0.0839008579592733,0.09739877930263707,,272.85475041316107,0.6006311777780747,0.9732041768068392,6.626910766305611e-07,-0.060575173451350287,-0.010234497355286186,-4.177178929907066e-07,1.853110246845251,0.11154261707554203
1975-07-26 18:00:00,,,5.768969846195017,,,,,,165.60057419996994,0.0004737710324692146,0.00010703636344367936,4.07484156140209e-05,8.170773997109317e-06,-1.3138560461811721e-07,,5.594052608196552,0.9774567435479024,,,,,,0.0003215448390802688,0.0016533348031001738,3495.071202385355,0.00036726397579836913,7.255102050374951e-05,,284.81027962046966,0.00048214934771394354,,285.0004218287722,0.0006954612087702655,,,,0.00036229607621593587,,5.135751334873177e-05,,,,,,,0.0021271187769553554,,,,,,,,,
1975-07-27 00:00:00,0.9728310771242401,1.2965457114947618,,0.4903420047647149,0.7583995119354429,284.90812656018863,286.1294104220599,0.8578805048790203,,,,,,,0.9722447120226346,,,271.4605338343325,271.46002197265625,271.4601135253906,271.4599609375,0.8694012709094222,,,,,,0.8871537767923795,,,100548.89922337278,,,1.7928994082840237,123.27983264810234,0.14524437266694018,,284.8025465745192,,73785.02903106509,0.9989888128444288,0.15709541879109376,0.39586780348120354,0.2307566651763097,0.7481994486728011,,273.0474351510494,0.5067372068145571,0.818398695725661,3.359176941111287e-06,1.0339996272907455,0.15128859295647526,9.022772101376801e-07,2.277576806122911,-0.015359015154415333
1975-07-27 18:00:00,,,6.875685590258716,,,,,,132.14995841302814,0.0003151994132431301,6.767203645593316e-05,4.488926314743313e-05,1.2040931797591892e-05,-1.047527367254642e-07,,6.272543049422947,0.9654150446491129,,,,,,0.00035664527373906424,0.0023558586414749016,3444.751446063702,0.0005432852316565235,8.365511894226074e-05,,284.4281417575814,0.0006237355961425183,,284.65930248012205,0.0008690017244927769,,,,0.00040153709389048923,,8.592291696537175e-05,,,,,,,0.0026710641608448126,,,,,,,,,
1975-07-28 00:00:00,0.1768879918657111,1.310891642372989,,-0.05563998927731486,0.8027460744395059,284.6453286797337,285.6138966577293,0.8552195768384538,,,,,,,0.9816217175602208,,,271.4600524902344,271.4603576660156,271.4600067138672,271.4599609375,0.9417236941100577,,,,,,0.8299749712266865,,,100721.9288091716,,,2.2544378698224854,127.19068231526211,0.14760487460525784,,284.43015555658286,,73901.1154539571,0.9999015803873186,0.3275566109891474,0.37890078186900655,0.33284818209134615,1.745822634987434,,272.8676346096061,-0.05762640823273969,0.8246827873252552,7.864265370640087e-06,0.4959660987176839,0.8432249321034674,6.315242753986864e-07,1.8651148535796171,0.5718267288433729
1975-07-28 18:00:00,,,3.267016709908931,,,,,,111.0601067176232,0.00015735978910908895,4.034917030108751e-05,9.819821140469883e-06,2.683156869820589e-06,5.695570109428607e-08,,3.0424413737460707,0.8931862465023289,,,,,,1.8835376352953486e-05,0.0005183259935830182,3178.889493863258,0.000174514288027611,5.172532514707577e-06,,284.45614858774036,0.0001624979050119928,,284.6011363373706,0.0002685541282043496,,,,2.865475663066616e-05,,1.591232401379467e-05,,,,,,,0.0006756752019859341,,,,,,,,,
1975-07-29 00:00:00,-0.27804340272260136,0.8553849402264025,,-0.24512055075380224,0.44576249320126143,285.5358294424926,286.52794326691935,0.8441908204343898,,,,,,,0.8109660695290425,,,271.4603271484375,271.46022033691406,271.4597625732422,271.4599609375,0.8442163026544469,,,,,,0.6535442783414612,,,100950.17843934911,,,1.7396449704142012,127.25893767768815,0.14936834538476707,,283.90232930380915,,74072.83059818787,0.9720324986785122,0.03951904316537479,0.3077610619366169,0.10834480601654956,0.1486944338890928,,272.7657914923493,-0.21197501301060062,0.4271548827724344,4.4454992945979696e-07,-0.1444977811102331,0.06060901429702544,-8.442549354578617e-07,0.5189234250343608,0.39555446565503904
1975-07-29 18:00:00,,,3.7832740919124443,,,,,,107.78658199874607,0.00014125754141948633,3.1752875570714825e-05,0.0,0.0,1.2186389470186372e-08,,3.664170942362949,0.8625945156142556,,,,,,3.4625471167310455e-06,0.0006856187962462415,3115.849001190366,0.0001826914104484242,6.082363029908852e-07,,284.4064955852441,0.00017106431272742502,,284.616908688517,0.0003486875649189122,,,,3.4625471167310455e-06,,1.8119635666615865e-05,,,,,,,0.0008268796882226826,,,,,,,,,
1975-07-30 00:00:00,-1.0721225230651494,0.5208100595417813,,-0.6452191539064667,0.2020159480134411,285.2565195659209,286.5787216276812,0.8317287299759994,,,,,,,0.7431436995782795,,,271.4608286106904,271.4595642089844,271.4598083496094,271.4599609375,0.8362692696808358,,,,,,0.5182429487491853,,,101073.01460798817,,,1.4260355029585798,127.95806397206684,0.14834766839382915,,284.32533399593194,,74180.59238627959,0.958407852423967,0.06292554293896936,0.2818051788669366,0.17671880778476332,0.35577107078021053,,272.5188436113166,-0.6293156020034699,0.19491375691791962,3.279758012473319e-07,-0.14920060874442376,0.0342748091065672,-2.2017816667163955e-06,-0.5580444843811396,0.27596466851657664
1975-07-30 18:00:00,,,4.047891616821289,,,,,,197.94624969663,0.00014518994904128758,3.2401208341474366e-05,4.513949684842804e-05,1.2137260310043244e-05,-5.1016792179341564e-08,,3.777638158854648,0.9016437717443387,,,,,,5.934400671332546e-05,0.0007522693984947316,3247.771402031712,0.0001788333322874893,1.3412764439216027e-05,,284.7195560974482,0.00018501497224517863,,284.89089080991124,0.000303702006279231,,,,0.00010448517884023091,,3.388876745686729e-05,,,,,,,0.0008974515001789408,,,,,,,,,
1975-07-31 00:00:00,-0.6174718642375878,0.5247758549346021,,-0.4328585912490032,0.17167006371289315,285.3238012550851,286.3267063840606,0.832830680192575,,,,,,,0.9793177232939816,,,271.4600067138672,271.4599914550781,271.46006774902344,271.4599609375,0.8313154980275758,,,,,,0.8214910598196221,,,100973.2361316568,,,1.8698224852071006,127.84598464514377,0.14788456075995632,,284.77448195959687,,74088.18391734468,0.9978133552878566,0.1201161645441013,0.3067152121231048,0.12432666803691134,0.4634854230566843,,273.05614927393447,-0.36030935817921655,0.2027420461530516,-4.209451461431278e-07,-0.5512116900562535,-0.6047978034386268,2.490524126811934e-07,0.4523404776697328,0.24806395084900262
1975-07-31 18:00:00,,,4.03726630803396,,,,,,330.85741131122296,0.0001621706598609157,8.574163419960519e-05,9.168446416685567e-06,6.1785813266709e-07,-2.933256568341687e-08,,3.842509659084343,0.8834622943189723,,,,,,3.041793212030061e-06,0.0004921536376124101,3127.281247110762,0.0001681205436322816,9.122938358572108e-07,,284.88673897466714,0.00013782770380073986,,285.06405152089496,0.000306646417096106,,,,1.2210531700292283e-05,,1.6483593974593124e-05,,,,,,,0.0006543487639409836,,,,,,,,,
1975-08-01 00:00:00,-0.9211273249789808,0.1787021625676804,,-0.5693986091388048,-0.04530950128679445,285.066458256287,285.60427838387574,0.8226103310048933,,,,,,,0.9451058461115911,,,271.45977783203125,271.46018981933594,271.4601593017578,271.4599609375,0.7500128127888022,,,,,,0.6331224113526429,,,100823.37352071005,,,1.5562130177514792,129.31699980786567,0.14660323159934502,,284.45140445867236,,74029.36663276626,0.9928178328734177,0.033789291977882385,0.39446605938161616,0.07427107229740662,0.08589172208841515,,273.0219950478458,-0.5508643438124797,-0.01869045347857052,4.3622543208697846e-07,-0.1547646300327143,-0.1570923677562962,9.416175810565081e-07,0.2678516295534619,-0.39134491689106415
1975-08-01 18:00:00,,,3.472951567384618,,,,,,406.47184482551893,0.00020712831524575805,4.7952113066904646e-05,1.1009841981018789e-05,7.117112007366835e-06,-6.377476947065223e-08,,3.1471834126308824,0.9004195565302696,,,,,,3.809043200763725e-06,0.00030926194106611476,3157.723686263406,7.560408327001086e-05,8.550202529105914e-07,,284.7880397096894,7.681608027106455e-05,,284.97360103088016,0.00022931108972674735,,,,1.481968975631443e-05,,1.5395809207442245e-05,,,,,,,0.0005164066557811636,,,,,,,,,
1975-08-02 00:00:00,-1.180778836357523,-0.20658824288633448,,-0.5787334272847373,-0.27547688455976677,284.44273241031806,285.1972193971894,0.8184492944260321,,,,,,,0.8916530048353433,,,271.46092224121094,271.4597625732422,271.45997619628906,271.4599609375,0.6942983742296343,,,,,,0.6837386309042485,,,100820.83801775148,,,1.6094674556213018,128.32980491141595,0.1448474015004536,,284.68852423492973,,74006.53649685651,0.9887550466159392,0.03597733234854404,0.30823677119154197,0.05966583793685281,0.0670722495301588,,273.0239239754761,-0.5459324424788796,-0.28019688961773936,-6.48461111763371e-08,-0.00532017939189482,-0.2493031183643454,2.221625140515437e-06,0.34358804359943906,-0.20950830335447773
1975-08-02 18:00:00,,,3.9689038745044956,,,,,,514.1142125778649,0.0001172790160545936,2.856958194597233e-05,2.0817142619183784e-05,4.750307230554389e-06,-1.5745568364726369e-07,,3.8495522109714484,0.793132533688517,,,,,,0.0001316800625366572,0.0004644362178779918,2935.097338704668,7.42677400803425e-05,2.9969453458955302e-05,,284.8080895779401,0.00011401927682775012,,284.94275985808065,0.0002088039659875697,,,,0.00015249724924211672,,3.7712105632533686e-05,,,,,,,0.0005816923090692103,,,,,,,,,
1975-08-03 00:00:00,-1.5437235408986107,0.2048274892321705,,-0.7099573936688124,-0.07205728384164664,285.41486426359097,286.7629929040311,0.8305256980410695,,,,,,,0.8340965170832075,,,271.4605407714844,271.459716796875,271.4599609375,271.4599609375,0.5980760924209504,,,,,,0.9712996980142311,,,100823.03605769231,,,2.165680473372781,126.71381933449288,0.14457518955659585,,284.8184749445266,,73981.67756102071,0.9943553022379,0.10710049426932572,0.23375741822215226,0.04325346729563847,0.3218434128094707,,273.14692665416106,-0.6376898669632229,0.06054530623396473,-3.689043974702263e-07,0.37094210903849123,0.0976109377731233,-9.533047494230538e-07,-0.2628026206112472,0.4982872792690463
1975-08-03 18:00:00,,,4.263484943547898,,,,,,552.3891578990327,3.669794494583762e-05,6.136853666700555e-06,1.8767450079211645e-09,0.0,-4.486806445118569e-09,,4.019487437411878,0.5375761675411428,,,,,,3.006626692043959e-05,8.944153080325155e-05,2044.3154585798816,1.5235224948126889e-05,5.933891474847963e-06,,284.76378455528845,2.2271482725820597e-05,,284.96377906573593,4.668577888308192e-05,,,,3.0068206716571334e-05,,5.823466375734679e-06,,,,,,,0.00012615658122406908,,,,,,,,,
1975-08-04 00:00:00,-0.6129356813148634,0.511892493659928,,-0.29446732221975835,-0.017138345707097703,284.12961844720786,286.0413435535318,0.8311524676853383,,,,,,,0.914171071094874,,,271.460693359375,271.4597625732422,271.45982360839844,271.4599609375,0.5040140240646062,,,,,,0.42104371200651813,,,100629.24112426036,,,1.6863905325443787,129.22526071762897,0.1446291088352542,,284.2170959111501,,73817.53658931213,0.9522138752880887,0.03196497566546121,0.055775194946874884,0.0018379589509681838,0.05455143494013499,,273.0004922539525,-0.20141304738422822,0.15445355515508258,2.8794921711417876e-06,0.2337878466357846,-0.14489161474464912,-1.8697411452899495e-07,0.013208451708392984,0.09952338855471131
1975-08-04 18:00:00,,,4.072660327663083,,,,,,293.39926183576415,0.00020610792397041997,6.642390990398339e-05,1.9368203081322843e-06,1.7111206195763582e-06,1.6478312828122295e-07,,3.998296827959591,0.6210043641942493,,,,,,4.360832538477768e-06,3.395957001567592e-05,2126.0495562130177,1.2962863995478703e-05,8.792484168117568e-07,,284.2437245747041,2.83602162225712e-05,,284.5277063493898,0.00011458164136085285,,,,6.298385780943921e-06,,3.750088828555226e-07,,,,,,,0.0002400656423625156,,,,,,,,,
1975-08-05 00:00:00,-1.1910811824911445,0.30989014326468023,,-0.5404292394423625,-0.10641056263940574,284.8931848650148,286.1120677699704,0.8257897658460944,,,,,,,0.7741394818887203,,,271.4598388671875,271.4600067138672,271.4602508544922,271.4599609375,0.4230864137430405,,,,,,0.2534723691421853,,,100638.33875739644,,,1.9230769230769231,127.74513867620885,0.14332765940378403,,283.67736744175295,,73827.15000924557,0.9396030842905214,0.008114757633509015,0.04185813204826203,0.0005452435397537502,0.008181099636623492,,272.09920560396637,-0.4243269023105238,0.04341091630021496,1.3154673048421829e-08,0.020249313526075972,0.015543476827222215,2.2212144579137704e-07,-0.008706623985922549,0.08575162004966003
1975-08-05 18:00:00,,,4.059059368788138,,,,,,537.9440337412456,2.9484901202500925e-05,7.90863700166962e-06,1.0580706173146265e-09,0.0,7.424831234518223e-08,,3.9680584168293067,0.5040523371047522,,,,,,3.5238711262595723e-06,7.722822166758881e-05,1959.14062707664,2.3017973589473926e-05,6.009813552424752e-07,,284.8613021218565,2.8010832487478764e-05,,285.2108623798077,4.5891696884787295e-05,,,,3.5231106380033776e-06,,4.783272743225098e-06,,,,,,,0.00010671453363091282,,,,,,,,,
1975-08-06 00:00:00,-1.9381255595641729,-0.1050571351361698,,-1.0343143530851284,-0.28743800891221627,284.7429863743528,286.974173100037,0.824058735511712,,,,,,,0.4180598201880441,,,271.45924377441406,271.4596862792969,271.4602966308594,271.4599609375,0.46885780469905697,,,,,,0.21660550301701667,,,100888.13036242603,,,1.5088757396449703,126.89967824721478,0.1420541204644378,,284.24700097078403,,74026.46875,0.7448347281422135,0.009645082157094186,0.07386818402529469,0.004231097430167113,0.020308816221338757,,272.2809625208025,-0.8904981443867881,-0.10390102792773727,-3.316592494078868e-07,-0.030466931106070794,-0.004248626133393959,-2.634675054640107e-07,-0.12868867682282037,0.12197655800884293
1975-08-06 18:00:00,,,4.609886056572728,,,,,,263.4577017338318,6.2477526932778445e-06,2.2063086900485336e-06,0.0,0.0,1.3808838323690971e-07,,4.476316502813757,0.5602714944873336,,,,,,6.765672749668888e-07,1.0910383342991215e-05,1956.5771738086225,2.1619027888281106e-06,3.082319520986997e-07,,284.0922013683432,2.3521791548418577e-06,,284.3707773784209,9.782237590417354e-06,,,,6.765672749668888e-07,,2.266723420140306e-07,,,,,,,1.7163845208974984e-05,,,,,,,,,
1975-08-07 00:00:00,-1.5282732043745955,0.18425692609075964,,-0.8752528591268867,-0.13653002970317413,284.1571254391642,285.65015226285135,0.8324148810121434,,,,,,,0.47219359008430023,,,271.4606475830078,271.4602355957031,271.4599151611328,271.4599609375,0.5235929715518768,,,,,,0.19290003181330462,,,100802.99574704142,,,1.757396449704142,125.19491215993666,0.14084049935876972,,283.80880899824336,,73956.94931120562,0.8209032391655374,0.0032521038751542213,0.09924761745968513,0.00020958051173644658,0.0009142111039020606,,272.2077550041605,-0.8044236538678231,0.01026550834700906,1.5669975497323493e-08,-0.014719956196271457,0.0025141090375079204,-6.457752501316501e-07,-0.3230973080065123,0.148835851505024
1975-08-07 18:00:00,,,4.58103994787092,,,,,,126.46381147937662,1.766608708356259e-06,8.332251003508032e-07,0.0,0.0,1.521660883187809e-07,,4.368255429013947,0.5262037649662537,,,,,,1.406972158766357e-07,2.8573692991183352e-06,1909.9471755168847,1.6123563403913962e-06,3.212330981361619e-08,,284.1976267797707,5.718224169410898e-07,,284.4436295187685,3.4478223006400836e-06,,,,1.406972158766357e-07,,1.2066069240929812e-07,,,,,,,4.629968230188245e-06,,,,,,,,,
1975-08-08 00:00:00,-1.6866229187102006,-0.38236325732349646,,-0.9256224773339266,-0.3721347334822254,284.49021270571376,286.29268704927887,0.8480774971860401,,,,,,,0.24022038025263498,,,271.4601593017578,271.45928955078125,271.4602813720703,271.4599609375,0.6454295086613774,,,,,,0.07271318604960245,,,100466.1601331361,,,1.4911242603550297,120.70117602827986,0.13981259362937432,,284.34909942446376,,73716.4908700074,0.760826263907393,0.0012627933580792075,0.05286012339328564,5.308005231371998e-05,0.0009875382192036104,,272.4541680149778,-0.8355417815891243,-0.15372705741746892,-5.462638358486515e-08,-0.0020933808130625437,0.00540067999315112,-2.923133623229681e-07,-0.22143336866028915,0.03630322323748346
1975-08-08 18:00:00,,,4.252155241881602,,,,,,250.97443520811183,1.615841360487176e-05,2.7510056481558894e-06,3.958991646061282e-06,2.5993929459498477e-06,1.165951898763836e-07,,4.040597091765093,0.5581628923585429,,,,,,8.20936050993451e-07,1.535167884544508e-05,2104.522928994083,2.9936234450199195e-06,1.8443080139230695e-07,,284.41838913415313,3.522361171316113e-06,,284.7574845714682,2.1502331516446448e-05,,,,4.7806716529575325e-06,,6.487872382659002e-10,,,,,,,3.149858593235354e-05,,,,,,,,,
1975-08-09 00:00:00,-1.634661234342135,-0.7212042272443602,,-0.8120973406458748,-0.5342123945789224,285.1141769138314,287.5723566360022,0.851245298893494,,,,,,,0.7316648440556766,,,271.4591064453125,271.46043395996094,271.4601745605469,271.4599609375,0.47759546494364913,,,,,,0.2135684569779585,,,100393.57322485207,,,1.5917159763313609,120.58745561407868,0.13894415748189892,,284.4594148714867,,73699.27870747041,0.9265903689452177,0.009051774126979021,0.06906186282282045,0.00036354459954436716,0.008578847851273576,,272.47164935049926,-0.7211091419648842,-0.3633950419679901,-2.976303221657872e-07,-0.0720519472861431,-0.007216890888101251,-2.490946207696313e-07,-0.28079152530467016,0.01870203970452032
1975-08-09 18:00:00,,,4.336813322891145,,,,,,248.8150809022802,5.95634681938668e-05,2.125672687440229e-05,4.254920771841467e-06,5.66767649890403e-07,1.5158170404342505e-07,,4.199049086260373,0.6645543948918052,,,,,,2.099644150254289e-05,0.0001394284900123551,2434.6976355377737,2.7023873032902825e-05,3.945391030001217e-06,,285.4775636210244,3.795361025093575e-05,,285.7732771472818,6.887933911656487e-05,,,,2.5250943454765003e-05,,3.3230250756416095e-06,,,,,,,0.0001989985711475801,,,,,,,,,
1975-08-10 00:00:00,-2.1379857486521705,-0.030351204279611802,,-1.1027331380449104,-0.23643418599867963,285.2934671435836,286.8915943394046,0.8561641415195352,,,,,,,0.5151665862980326,,,271.4600372314453,271.4597930908203,271.4599304199219,271.4599609375,0.5883219882669534,,,,,,0.3907798768569489,,,100637.01109467456,,,1.467455621301775,122.80893305490709,0.13954539270796015,,285.22646571052144,,73871.18541974852,0.8571348729923632,0.028187168087016726,0.1104205478225234,0.016202576767058063,0.10862997194515134,,272.98979882234653,-1.0218357503766844,-0.10999627931583562,1.6891093678464534e-06,-0.20541039867513983,-0.0033402340651969235,-1.2501589981453306e-06,-0.8288253073156233,0.1468626542909611
1975-08-10 18:00:00,,,3.461042494463497,,,,,,594.1039719440528,3.0193588084723118e-05,5.887038785325e-06,2.6451421008836587e-08,0.0,1.8671975736964617e-07,,3.3467422349918525,0.523681098892844,,,,,,4.575700780167382e-07,2.112623149826682e-05,1932.2000467819576,6.2161538551545e-06,8.500936115987202e-08,,285.69242326183434,5.45924760886198e-06,,286.0179855075814,3.8705986632397895e-05,,,,4.843704005670266e-07,,9.147571565131464e-07,,,,,,,5.13370132305213e-05,,,,,,,,,
1975-08-11 00:00:00,-1.515920774471125,-0.3356941663301908,,-0.6709314549463035,-0.3774275356495874,286.08993909485946,287.72807646079883,0.8440109971006946,,,,,,,0.7530612433494548,,,271.4598083496094,271.460205078125,271.459716796875,271.4599609375,0.5097311154757378,,,,,,0.21542427962171962,,,100635.64330621302,,,1.319526627218935,124.38802883893075,0.1384494459840673,,285.3873977209689,,73885.65153476331,0.9582963804521504,0.02738856025640825,0.04432358652265114,0.004321498983710475,0.04807291723913155,,272.69609042737613,-0.6011648460252751,-0.23127488412800626,-1.0130347537817763e-06,-0.22165306362174672,0.01755855245703071,6.854024186341875e-08,-0.14294422766160683,0.003791782630265817
1975-08-11 18:00:00,,,3.7766720641999556,,,,,,807.6740320871568,0.000135166228875606,2.097320803523769e-05,1.6296756338085648e-05,4.693248568201912e-06,6.984579459968651e-08,,3.642751422859508,0.7227916830390163,,,,,,4.539546176526673e-05,0.00027521101959974823,2729.193376529852,6.495301540081318e-05,1.3096092720708903e-05,,286.113821537537,8.096841312724457e-05,,286.3234242095044,0.00017975792459391194,,,,6.169204175824949e-05,,1.8139562663241957e-05,,,,,,,0.0004104066782009036,,,,,,,,,
1975-08-12 00:00:00,-1.6754475147766474,-0.17033706755327754,,-0.7661618565666605,-0.3422483748938205,285.26013400286615,287.2837188540126,0.8376623000618975,,,,,,,0.955532260195038,,,271.45985412597656,271.45982360839844,271.46002197265625,271.4599609375,0.4863553921851886,,,,,,0.6864482488857924,,,100719.18380177514,,,1.6390532544378698,125.04379344691891,0.1379884375622992,,285.7897400263499,,73922.70894970415,0.9949304796534882,0.05043870999791918,0.08796099238318099,0.020482100312582206,0.15815270940508672,,273.14246837909405,-0.6494091756245088,-0.15541370098407453,8.77124698248488e-07,-0.31352604634663056,-0.058417927583999184,-6.527457897380523e-07,-0.34485472165621245,0.11861955378887921
1975-08-12 18:00:00,,,4.595121028155265,,,,,,435.6055216591739,4.630376028238669e-06,1.8498132876037847e-06,6.702422720969781e-08,0.0,1.6325673124090135e-07,,4.5837027758536255,0.5020593045025887,,,,,,2.0852367553485214e-06,1.0951383579412156e-05,1641.8044805583163,2.3048470270704235e-06,2.1704500155336054e-07,,285.3527413091716,2.4986199858273276e-06,,285.6330104128144,5.884129091127384e-06,,,,2.1522478944451148e-06,,1.0814528758003866e-06,,,,,,,1.5578546820307624e-05,,,,,,,,,
1975-08-13 00:00:00,-2.288932568928194,-0.07590146036543084,,-1.2210488516903488,-0.30219904205502846,284.7543930866309,286.88232710798815,0.8318485092129227,,,,,,,0.9185285924454413,,,271.45947265625,271.45977783203125,271.4603729248047,271.4599609375,0.5181318072701347,,,,,,0.15178414068278476,,,100552.70377218934,,,1.349112426035503,125.7572503625994,0.1372744345806054,,284.50612662953034,,73790.1271727071,0.9642971069855097,0.005773841951747794,0.05162335265449871,0.0004924359406239888,0.0031912538426867604,,272.80567561945264,-1.086828626824554,-0.15215913783869095,1.0552143196047686e-07,-0.04670387541754006,-0.030833177312591373,-9.654108934760915e-07,-0.3322167989064956,0.025287052583412305
1975-08-13 18:00:00,,,4.560985147600343,,,,,,332.32204197990825,4.1126499514607986e-05,7.28686621203225e-06,2.3670009607394065e-05,1.2402262913404837e-05,9.012801864590727e-08,,4.360248813967733,0.38763716658191566,,,,,,1.0780802757076963e-06,9.576586135745753e-06,1533.7122849684495,1.3182843489759773e-06,7.066423811856106e-07,,285.0789022050666,4.584024820102037e-06,,285.3536759777182,4.173083418219753e-05,,,,2.4748977119400658e-05,,4.644799128880162e-08,,,,,,,5.07089160603179e-05,,,,,,,,,
1975-08-14 00:00:00,-2.2676769290450056,0.2808613918236727,,-1.2407597987609502,-0.05065099163168281,285.05416021403477,286.9792581592086,0.828131417198294,,,,,,,0.45676754615490034,,,271.45982360839844,271.45945739746094,271.4601593017578,271.4599609375,0.4391796229153695,,,,,,0.15917447185386302,,,100626.8923816568,,,1.680473372781065,124.71943601348697,0.13619147249932825,,284.4934833233173,,73850.60969859468,0.7237196832718934,0.003966483485298755,0.051500297442199826,0.0002797919617602106,0.004623063217253374,,272.12011502057135,-1.1171536981706789,0.039869979993831475,-3.4719820317919726e-08,-0.0244278914829683,-0.005378212449113293,-5.086767110514135e-07,-0.31921464592747434,0.06886847868297227
1975-08-14 18:00:00,,,4.194186498427532,,,,,,222.6942261464497,0.00022041127526548486,2.7465132566598746e-05,3.4850994510763496e-05,1.076269431932438e-05,4.8018813761555284e-08,,3.859356101448014,0.8811220731255571,,,,,,3.719982310865052e-05,0.00015995980010781411,3091.319591635078,3.905610925995628e-05,7.977323419243626e-06,,285.0051356208395,5.7693221329833175e-05,,285.238473384338,0.00016844815945693864,,,,7.205108213706835e-05,,7.273508070488653e-06,,,,,,,0.0003804013185584439,,,,,,,,,
1975-08-15 00:00:00,-1.3643947183733156,0.4177146550466323,,-0.7284936566324629,-0.017911425709019047,285.29041610808065,286.951712162537,0.8399630421717491,,,,,,,0.779614923378596,,,271.46022033691406,271.4601287841797,271.4598846435547,271.4599609375,0.573253783028154,,,,,,0.6603429412700721,,,100884.05085059171,,,2.088757396449704,123.04298446023253,0.13663234936415092,,284.9033289802145,,74006.92439441568,0.9757115488221659,0.04571486504737442,0.08767171477425027,0.018834935825493067,0.12305400452229398,,273.1079815746059,-0.5976596583981486,0.12030997643103966,4.2171916380571476e-07,-0.12166199987456644,-0.09707594199998844,-6.380024500922768e-07,-0.16588021100625483,0.13045287723019278
1975-08-15 18:00:00,,,2.5917354021552046,,,,,,980.6523127643609,2.678845232055032e-05,9.077981378905166e-06,1.2386215509042232e-05,2.5772285708308925e-06,1.6922034719830644e-07,,2.3757442422872463,0.42621987246902737,,,,,,6.6091940247800925e-06,3.188253330761159e-05,1571.3383875739646,6.105144612887907e-06,1.3183063921138379e-06,,284.86708204280694,1.2029954314937252e-05,,285.1929129877034,2.573939734662073e-05,,,,1.899496867106511e-05,,1.4449883053994037e-06,,,,,,,5.865811243565125e-05,,,,,,,,,
1975-08-16 00:00:00,-0.40619135749410595,0.19329858249461157,,-0.19038941310002253,-0.2505850030120308,284.3688314765163,285.93778314534023,0.8329170208710891,,,,,,,0.22064537984820512,,,271.45928955078125,271.46026611328125,271.46034703209733,271.4599609375,0.43911959856924926,,,,,,0.1594993094720784,,,100858.35225591715,,,1.668639053254438,127.8436501407059,0.13630559176382934,,283.7239275147929,,73971.18338572486,0.60675385629637,0.005393765588634036,0.023813625741143814,0.0005610031489084458,0.012667864737426036,,272.39439473349665,-0.07865987585846489,-0.007062894705484605,4.1824147133115326e-08,-0.005630896795959867,-0.011357214676557913,2.8114998756188725e-07,-0.006425164155000765,0.02228548018449157
1975-08-16 18:00:00,,,3.519782438786072,,,,,,259.94538455037673,0.0002772088586931398,7.351104324385965e-05,0.0,0.0,2.1885210810585874e-07,,3.4266791259043314,0.5924981608766423,,,,,,3.3436574526792447e-06,1.5301762159759476e-05,1943.787843241494,5.986034517457499e-06,8.069028383528692e-07,,284.54203263683434,2.2352006308425813e-05,,284.86775523529957,0.00017335252648979955,,,,3.3436574526792447e-06,,6.807637373371237e-07,,,,,,,0.00029251420286280166,,,,,,,,,
1975-08-17 00:00:00,-0.6184169837003629,-0.5696944005390596,,-0.2985979960514949,-0.5316087000468779,284.3157272790311,285.8552896172337,0.8269843885884482,,,,,,,0.3263808030348558,,,271.4598693847656,271.4606018066406,271.4599609375,271.4599609375,0.5019168230159395,,,,,,0.14286363823106857,,,101025.91290680473,,,1.727810650887574,127.27821467472957,0.13540772714558438,,283.7972823825814,,74114.85521449705,0.7144134122239062,0.011982675371746692,0.04497861521202828,0.0008301424556935327,0.014089505347979845,,272.46903097841164,-0.21796658194276708,-0.29087044642521787,-7.377874406506501e-07,-0.08299334373699843,0.009934069225068629,-7.333851849230437e-07,-0.18825588564900958,-0.018046221084143284
1975-08-17 18:00:00,,,3.097531483723567,,,,,,638.0326690673828,6.885941211993877e-05,2.9764760880780645e-05,5.547486289718447e-06,2.4835342133538962e-06,1.6253989873039156e-07,,3.020309433429199,0.48135719073594674,,,,,,7.993260607916928e-06,3.5056392469349694e-05,1770.1612276156272,5.798469457400621e-06,1.9984639431597917e-06,,284.9053456684541,1.0613263887766551e-05,,285.210920164571,5.307299850960455e-05,,,,1.3539424309363732e-05,,1.7486270186463757e-07,,,,,,,0.00010391734760893872,,,,,,,,,
1975-08-18 00:00:00,-1.283121261370958,-0.5723971474100147,,-0.6001515190982254,-0.593821785153722,284.27712127866124,286.2111065204327,0.8243273207421838,,,,,,,0.3531054410444209,,,271.45994567871094,271.4603729248047,271.45965576171875,271.4599609375,0.5089994312963895,,,,,,0.25617958153405135,,,101116.37074704142,,,1.4260355029585798,127.45191567325028,0.13487091290174857,,284.59785127357617,,74183.23608542899,0.7586001309417408,0.012315133422149549,0.052469749540950246,0.0023815899911011464,0.024369901660953774,,272.8357980942585,-0.5067997543064094,-0.48490120814396787,-4.957060680670261e-07,-0.08194483490385247,-0.04055249373588336,-9.91808412124378e-07,-0.1983250555907481,-0.06561035658480853
1975-08-18 18:00:00,,,5.021510378143491,,,,,,295.1038372333233,2.7710208173334247e-05,1.275433591131628e-05,7.5730081846022745e-06,2.1044142852873493e-06,1.7409790808603466e-07,,4.973947778961362,0.6772898055128092,,,,,,4.261699036733639e-06,4.063890530512883e-05,2446.5611866606764,8.128230741038126e-06,1.1155536100709227e-06,,284.51584747133876,8.854397831583869e-06,,284.78995094073593,3.678303145798e-05,,,,1.1834652113491262e-05,,6.052348197895218e-09,,,,,,,6.832217676399728e-05,,,,,,,,,
1975-08-19 00:00:00,-2.5182696178820008,-0.8272302672707823,,-1.3653719749676405,-0.5814860191570936,284.0534046782544,285.6087971523669,0.8211482791505622,,,,,,,0.2098701973638591,,,271.46014404296875,271.4598388671875,271.46009826660156,271.4599609375,0.6107914185911946,,,,,,0.2851858646911982,,,100999.64996301776,,,1.7633136094674555,127.7161076111201,0.1340289313412277,,284.12887735761836,,74110.03541050295,0.7638574803369285,0.011107518122746395,0.10149073331842762,0.007266208264954697,0.020315023568960335,,272.1378137712648,-1.3007774353027344,-0.48276415943394047,1.0369626445090949e-07,-0.09508581591781075,-0.041637576543367825,-5.147465850507631e-06,-0.7599186079036555,-0.007654576964632294
1975-08-19 18:00:00,,,6.988487965961885,,,,,,299.9530230266292,7.258734759494397e-05,1.9122245749072917e-05,5.265692326091451e-07,1.203575992637132e-07,7.074641466473375e-08,,6.9013311735977085,0.7174318214360427,,,,,,3.1015797126928024e-06,0.0001326188356918696,2759.93684802535,3.771475080907698e-05,8.729551009525209e-07,,284.4387481508876,3.278326000687639e-05,,284.63333111825074,9.981291533927241e-05,,,,3.6282564055990185e-06,,2.290656757072584e-06,,,,,,,0.0002052018628317929,,,,,,,,,
1975-08-20 00:00:00,-3.5647289230978703,0.006060978364662305,,-1.9987917736437193,-0.10957972396760297,283.8323216184356,285.00832389515534,0.8237019650329499,,,,,,,0.30050921016896265,,,271.45953369140625,271.4596252441406,271.4599914550781,271.4599609375,0.6253347696196399,,,,,,0.43353443032891087,,,101031.57322485207,,,1.8106508875739644,125.29464866141596,0.13317869400837012,,283.81332632211536,,74134.90095691568,0.8005331477381774,0.020735204572508322,0.1423455729113462,0.04149690887631749,0.06748185919586723,,271.9641676682692,-1.8587628595927763,-0.0613213883349176,-1.0011885583830567e-06,-0.09651994881545298,0.08891203241235406,-8.020255443937635e-06,-0.9483463750083065,0.38006081313071166
1975-08-20 18:00:00,,,4.835819210526505,,,,,,277.41701123841415,0.00018088881080672586,4.7191007602849654e-05,0.0,0.0,1.1159510731800278e-07,,4.648659655328333,0.7045349645808604,,,,,,6.54722525346914e-07,5.2125085493295386e-05,2521.377090363813,1.2689947905625112e-05,8.522841484236294e-08,,283.8859054294564,3.944046398591713e-05,,284.1306657960429,8.808102833448783e-05,,,,6.54722525346914e-07,,4.1617099857012904e-08,,,,,,,0.000233012353280371,,,,,,,,,
1975-08-21 00:00:00,-2.3767218900150096,0.4399125082252999,,-1.3891109094111878,0.007842075189895178,283.7687973835059,284.8268580690644,0.8328834758002377,,,,,,,0.1231769810061483,,,271.4596710205078,271.4599151611328,271.46014404296875,271.4599609375,0.6204943318779652,,,,,,0.4340479021241679,,,100865.1662352071,,,1.5680473372781065,123.13490846171182,0.13262907005626068,,283.4216294147559,,74024.22822670119,0.7887714547518443,0.015153730218918696,0.21949576886271585,0.013877383350620609,0.016335143140081824,,271.88731754460986,-1.2946911986762955,0.07796110627213879,2.8665424411539154e-07,-0.05005868687432193,-0.0017554742344737758,-4.7943222105018135e-06,-1.5323303154939731,0.9589174442742703
1975-08-21 18:00:00,,,4.96788505125328,,,,,,245.80436507907845,0.00011901143034534342,1.8329265907671326e-05,1.8182833342862553e-08,1.8412633055060572e-07,6.239370445682276e-08,,4.866881477762256,0.6453312078171228,,,,,,3.998867682451327e-06,5.383075341670471e-05,2393.860946745562,1.4029311005180404e-05,9.900592708376033e-07,,284.060983149963,3.474337991172745e-05,,284.3047799556213,6.124324347140521e-05,,,,4.01455137503923e-06,,2.943155680887798e-06,,,,,,,0.00017285064832698663,,,,,,,,,
1975-08-22 00:00:00,-1.921148638753496,0.6038715317404482,,-1.0975659782364524,0.21897093078793858,283.7308949126294,285.3596841484837,0.8387372715938726,,,,,,,0.7958736021137802,,,271.4593963623047,271.4604187011719,271.45997619628906,271.4599609375,0.6847186490628846,,,,,,0.25441322100938424,,,100894.08154585799,,,1.6094674556213018,121.97165494839821,0.1321718255443686,,283.6168725730399,,74021.67416327662,0.9683979947186081,0.03636416731148782,0.12193641137089249,0.010844383014024362,0.06890218298931843,,272.2011097563794,-1.0132972728571243,0.20171957502703694,-5.7090300928523e-08,-0.01999309465024598,0.053259793161993196,3.9972965922427074e-07,-0.09036548391601743,0.30527407479797597
1975-08-22 18:00:00,,,4.725346051729643,,,,,,604.8149391220002,0.00016846459292801173,6.110181469889083e-05,0.0,0.0,1.3701666168516884e-08,,4.551033268313436,0.5156937750309882,,,,,,7.69384866635475e-06,0.00029513539647209574,2002.8712479630872,8.326134032751682e-05,2.3072221751749163e-06,,282.866245608358,7.977817185531707e-05,,283.0703283908099,0.00017909432303976026,,,,7.69384866635475e-06,,1.0923917829637697e-06,,,,,,,0.0004635506127712995,,,,,,,,,
1975-08-23 00:00:00,-1.8966482094759067,0.49400158605631994,,-1.0872316642625797,0.034763121745995516,283.1959452431583,284.398385493713,0.8471452667868349,,,,,,,0.47135494107149056,,,271.45973205566406,271.4597473144531,271.4599914550781,271.4599609375,0.4507556827477119,,,,,,0.42904491537421413,,,100930.40144230769,,,2.366863905325444,123.77049463035087,0.13173828181430433,,282.2164270525148,,74008.31007303995,0.771333257827533,0.05458087947346358,0.10186639454590499,0.10198035606971154,0.31610865846893493,,270.4863469050481,-0.9667872253959701,0.08481051653799926,-3.3894989132528475e-06,0.19762676182759584,0.21903296474829942,-3.3727943478427695e-06,-0.046383462714020315,0.4412397451605097
1975-08-23 18:00:00,,,4.1668947603575575,,,,,,178.8659555107884,0.00019059907755202796,7.499869053180401e-05,1.4107608230861686e-09,0.0,-1.4085177615968257e-08,,4.019221672644982,0.840733195550343,,,,,,3.610185441180799e-05,0.00040076404127174195,3086.809375288924,0.00012156816981953277,6.245967199111126e-06,,284.2146270571376,0.000124929395653087,,284.33919078217457,0.00022681956710895716,,,,3.6103221086355356e-05,,7.647249472917184e-06,,,,,,,0.0005913937382760218,,,,,,,,,
1975-08-24 00:00:00,-1.2398109548896021,1.5070525026885715,,-0.7363543312930496,0.7596316496296042,283.6610894739275,285.0780542136649,0.8530470228054114,,,,,,,0.9770495337847422,,,271.46014404296875,271.4593811035156,271.4601593017578,271.4599609375,0.799685892621441,,,,,,0.7062446326899106,,,100883.93472633135,,,2.0828402366863905,124.15138867620885,0.13215839510133282,,284.16282735068415,,74015.23063054733,0.9973794906097051,0.06637593828273948,0.2520142048528451,0.0867667113535503,0.18781966134112263,,272.6944699259199,-0.662824540448612,0.7347478676124437,-8.988508798964542e-07,0.3120978788511288,0.19208659002414116,1.8460447720896739e-06,0.33162062831178923,0.7780769848700105
1975-08-24 18:00:00,,,3.956157627895739,,,,,,227.18490970769577,0.00020566917735444017,3.202656317039354e-05,3.067523064697988e-06,5.290396139576767e-09,4.7742841317447195e-08,,3.844910395921335,0.7961297571306398,,,,,,7.5679933707389605e-06,0.00039095491824836775,3003.344496868066,0.00010408522814688598,1.2828858249638914e-06,,284.47660150471523,0.00011057508062328812,,284.6851091554179,0.00020569457104925573,,,,1.063491024914578e-05,,3.984275125187529e-06,,,,,,,0.0005966467355467867,,,,,,,,,
1975-08-25 00:00:00,-1.5773985766800198,0.12143648587740384,,-0.8042012276734121,-0.012204051723141643,284.07424764238164,285.65339687731137,0.8470330725054769,,,,,,,0.9289473552675642,,,271.4602355957031,271.4597930908203,271.4598388671875,271.4599609375,0.5689825763451982,,,,,,0.4532738782289113,,,101101.7487056213,,,1.7988165680473374,124.5328836836053,0.13189228328727406,,283.9189886510725,,74166.17092732988,0.9759328404121851,0.02288280561919043,0.13104256894990537,0.05512874084111501,0.04709388285506098,,272.4620754986825,-0.7083825444328714,0.09100803292009252,-1.2816344786500118e-07,-0.0233068988168028,0.05481316567641082,8.13138032657199e-07,-0.16467265969902806,0.4780087449846888
1975-08-25 18:00:00,,,3.310621871750736,,,,,,941.065092198989,3.515942209571071e-05,3.553221564321123e-06,2.032809356260582e-05,4.22964831428415e-06,1.6801710185273722e-07,,3.2134649714774635,0.4135532717732988,,,,,,1.3444109781253973e-05,2.8463422194035095e-05,1520.8590976331361,4.724913535738838e-06,5.237008692950187e-06,,283.591500728088,1.2410969952859823e-05,,283.86535427838385,2.9792270716830824e-05,,,,3.377193882620546e-05,,1.1725351214408875e-06,,,,,,,6.361102916785246e-05,,,,,,,,,
1975-08-26 00:00:00,0.06800679201205101,-0.2285792333839913,,-0.006140229264659994,-0.519656486059787,283.04708735900516,284.94222534901996,0.8411960820474568,,,,,,,0.46928150114223094,,,271.4599151611328,271.4598693847656,271.4598693847656,271.4599609375,0.45401289900379066,,,,,,0.2869818873659393,,,101107.94970414201,,,1.9763313609467457,125.3698150815343,0.13127528139825403,,282.87000595183065,,74154.2144045858,0.6941804768815196,0.011172999997110761,0.035178451370220555,0.0003984129640477649,0.021163353553185098,,272.44642774593194,0.04520785879101274,-0.15816716188509788,-3.058840565455075e-08,-0.039021456029993545,-0.011324548509699352,1.6734189643716086e-07,-0.030379925253828603,0.049393096265035887
1975-08-26 18:00:00,,,3.536760883218438,,,,,,2692.235792532475,3.3560787608637614e-06,1.4596001504088294e-07,3.3441635837899687e-09,1.0233591331345355e-09,1.0921580915123068e-07,,3.412774069069405,0.35649731878698226,,,,,,3.1347656567421186e-06,7.644527145391386e-06,1341.3261834319526,1.3986150541249111e-06,8.114933218123645e-07,,284.37973257211536,2.6293495703025682e-06,,284.65097569572856,6.796759084836971e-06,,,,3.1381713215416e-06,,1.1273549550031064e-07,,,,,,,1.0992339729557377e-05,,,,,,,,,
1975-08-27 00:00:00,-0.7264398653831707,0.11710325500668858,,-0.255823626320743,-0.33329826558130027,283.7322398529956,286.3259941868528,0.8367232761439487,,,,,,,0.8577762796328618,,,271.4601745605469,271.4598846435547,271.4600524902344,271.4599609375,0.39996753218611314,,,,,,0.14097333377634985,,,101057.62352071005,,,1.650887573964497,125.91981045875323,0.13094604932344878,,283.8704191128883,,74118.0946283284,0.9514771421280133,0.007885616581291843,0.03150591837275311,0.00016398683807553624,0.007009004851487691,,272.30270909416606,-0.11891147229798446,-0.04257864077415692,-3.329187811740823e-07,-0.05345609942836874,-0.0010482846544339107,5.4704900827539874e-08,-0.04705789702883839,0.04889906082197627
1975-08-27 18:00:00,,,3.3750518990691596,,,,,,590.5649661109561,2.5440073577609995e-05,2.7840372902401807e-06,9.164639067362178e-11,1.338018468145788e-08,1.1982107251037893e-07,,3.229277599492722,0.4935678070378021,,,,,,1.1542751371155124e-06,4.3813513933554204e-05,1753.7218641472991,1.2072872304352078e-05,2.8804629302677316e-07,,284.19607381425664,1.2731951104818717e-05,,284.4682544956546,3.6498674979576696e-05,,,,1.155459955775526e-06,,4.3733929939700304e-08,,,,,,,6.924137561278936e-05,,,,,,,,,
1975-08-28 00:00:00,-1.194872088686249,-0.18317252503344295,,-0.5155749744212134,-0.373812246604784,284.1500366933247,286.0285904562685,0.8313457987012243,,,,,,,0.9236246883516481,,,271.46080017089844,271.4600372314453,271.4601287841797,271.4599609375,0.3206991161820451,,,,,,0.3232402011487611,,,101172.02422337278,,,1.9881656804733727,125.77555657561714,0.1304254926873382,,283.63400286612426,,74211.42508783285,0.9568867394204675,0.034915336739745804,0.021942020121124194,0.010499751074074288,0.11507057397042197,,271.8053765833025,-0.3908489554591433,-0.21341454206839117,-1.4228327130931899e-06,-0.2555585725773016,0.16309966138128698,-2.560631422664882e-07,-0.032454207098695655,0.007599666626495722
1975-08-28 18:00:00,,,3.0613496148374657,,,,,,332.1282454622006,9.362646461238522e-06,1.9389805356426352e-06,5.128887101743349e-07,9.786188822878889e-08,9.182736733791415e-08,,2.986342582476915,0.4140120286207933,,,,,,2.5765121688504193e-06,1.0132789611816406e-05,1686.314022447936,1.3731249205812194e-06,4.641733755021406e-07,,284.02897328032543,2.8885989146825123e-06,,284.27969703448593,1.1629474586283666e-05,,,,3.0886844770442804e-06,,0.0,,,,,,,1.9481196205996903e-05,,,,,,,,,
1975-08-29 00:00:00,-1.0212717846300474,0.016470315893726235,,-0.4786504598764273,-0.21589366641975719,283.6108499560836,285.3699813933062,0.8320089712650818,,,,,,,0.7591892089364092,,,271.4605407714844,271.4601745605469,271.4600067138672,271.4599609375,0.49804813802771314,,,,,,0.2768128697688763,,,101178.34615384616,,,1.7100591715976332,125.52735946023253,0.13004796180499376,,283.66252109143863,,74229.98504530326,0.9158183505549233,0.00939125257555241,0.04931715833706528,0.0005218940373708511,0.00867527929415717,,272.05749800642565,-0.4062878422483185,-0.09081516216492512,-2.2869115655231924e-07,-0.06881038359636386,0.03317465255802949,1.1202479266119327e-07,-0.15642472872367272,0.04280160224208465
1975-08-29 18:00:00,,,3.1740108806000658,,,,,,372.38152705988233,2.527131131414831e-05,4.843979544893524e-06,0.0,0.0,1.0489769596665602e-07,,3.1358480735643375,0.5678458129160503,,,,,,2.6932650262258463e-07,1.7485322331535747e-05,2005.570113052278,2.922512282281232e-06,6.821386780611862e-08,,284.0694905117419,6.445678028129262e-06,,284.34715496717826,2.1162911279667057e-05,,,,2.6932650262258463e-07,,4.87412353591806e-07,,,,,,,4.27733864304582e-05,,,,,,,,,
1975-08-30 00:00:00,-0.7677581945114588,-0.12547263309095033,,-0.43714781766812477,-0.2235318245972402,283.63875999676407,284.9705687754253,0.8301145265088279,,,,,,,0.9367319803971511,,,271.46026611328125,271.4597625732422,271.45997619628906,271.4599609375,0.5673271242374852,,,,,,0.1284818931444157,,,101150.8862795858,,,1.757396449704142,125.12827477088341,0.12944231654059957,,283.49484993296966,,74223.66429363906,0.9796713125070876,0.008814986427342134,0.06587262244443216,0.0005233950868866147,0.006555842723991562,,271.9072836249538,-0.36690047224597816,-0.13093233954977002,-4.160240102340963e-07,-0.06823255112890661,-0.0029080621898174286,-3.945198044912427e-07,-0.05136717282808744,0.03068593382482698
1975-08-30 18:00:00,,,3.0493660763170594,,,,,,186.84764090092224,9.087019065428063e-05,1.760162192688891e-05,3.652107080764319e-07,0.0,6.969978706489287e-08,,2.7404087136483053,0.7996960657279519,,,,,,6.661105614442092e-07,9.18688907672166e-05,2891.545618181398,1.6316154299403083e-05,1.5842265410888829e-07,,284.9082681328587,2.453841318091813e-05,,285.09053716715977,8.162705420088602e-05,,,,1.0309217376469154e-06,,9.919500209876066e-06,,,,,,,0.00018275169009635356,,,,,,,,,
1975-08-31 00:00:00,-0.5984550848515076,0.33965657307551456,,-0.3397205849371013,0.10254018899251724,284.75321427745934,286.6617467756102,0.8274820006105321,,,,,,,0.7973443206245378,,,271.4603729248047,271.4597930908203,271.46043395996094,271.4599609375,0.8132984532407049,,,,,,0.37384791448905225,,,101103.66512573964,,,1.455621301775148,124.19040494839821,0.12892622355173325,,284.87656885632396,,74198.7955575074,0.9771180149366164,0.038738831553949846,0.17234151056532324,0.013537344847910504,0.062304006592655066,,272.59072352302144,-0.30504385818391155,0.10997355231166592,-1.5046849867333135e-07,-0.28340432770858853,-0.0764650434431945,1.3445234002811372e-07,0.012054618293717062,0.04993537227077597
1975-08-31 18:00:00,,,3.8207258924224674,,,,,,78.44265999878652,0.0002245460930104731,6.991422035285002e-05,2.5629291873006427e-05,5.336775934907811e-06,1.537175844075174e-08,,3.516453393112273,0.9660305620650568,,,,,,1.7982439176570736e-05,0.0010856512020373998,3505.4949322762573,0.0003303151157466028,4.036936181536793e-06,,284.9722011949889,0.0003109847926066726,,285.13756529678255,0.0004774649207600025,,,,4.3616492367355075e-05,,4.378402021509656e-05,,,,,,,0.0013102015282398368,,,,,,,,,
1975-09-01 00:00:00,-0.8587233639327732,0.26505544199746034,,-0.4795959066357133,0.07491748114309367,284.82017237194896,285.9544294910318,0.8353351079500638,,,,,,,0.9563550120274696,,,271.45973205566406,271.4602508544922,271.4599151611328,271.4599609375,0.9299845974120868,,,,,,0.7529603697844511,,,101078.60687869822,,,1.7455621301775148,124.08634614662306,0.12912527626082743,,285.19850944203034,,74176.83554456361,0.9989774625682266,0.10918497807792658,0.23731120966771652,0.15089524042120647,0.3977146967584212,,273.09333629721016,-0.4709131477852545,0.11849323814437235,1.8343282415746496e-06,-0.4909451050165842,-0.20639709608089288,1.3713614695523618e-06,0.004058832247581708,0.24573961870204766
1975-09-01 18:00:00,,,4.112370620817828,,,,,,166.6319899700097,0.0001317223853613498,2.1794359006825283e-05,1.4672441595404811e-05,1.486247548690209e-06,-4.870008852728229e-08,,3.8346170560848076,0.9449475217147691,,,,,,2.695796405069927e-05,0.0005374694322484729,3382.2492011256472,0.0001543866909613494,5.491386503862912e-06,,284.8536080806213,0.00013813328890260976,,284.9841973118528,0.00026848206416831715,,,,4.162970026569254e-05,,1.7631953284585264e-05,,,,,,,0.0006692473455011044,,,,,,,,,
1975-09-02 00:00:00,-0.9025205409033059,0.2998460033941551,,-0.48812883704371707,0.05762103535014497,285.45240557969674,286.4437826483913,0.8319464816144232,,,,,,,0.9136531881591272,,,271.46009826660156,271.46006774902344,271.46006774902344,271.4599609375,0.8177731929446114,,,,,,0.8144759168991675,,,101121.41660502959,,,1.8698224852071006,125.95945080638637,0.12891872959024103,,284.8268219535873,,74205.98023761094,0.9976448007589261,0.06208904030231329,0.21078867529182743,0.08162341597517567,0.1889847001865418,,272.89913814025516,-0.4261634025348009,0.1090146736985833,3.6224910810131017e-07,-0.13016355743069621,-0.20030650972614628,-9.357111394879293e-07,-0.18380028538449983,0.2893288840908976
1975-09-02 18:00:00,,,4.641610162497978,,,,,,204.87020693446053,0.000148351728563478,3.219625124564538e-05,1.6066030814097478e-05,4.602507991198252e-06,1.4616139546538202e-08,,4.32232201593162,0.9220170234082014,,,,,,3.6288824307142633e-05,0.0008127626317336923,3313.7561656342455,0.00018084425423243772,8.646244480765078e-06,,284.8680383806398,0.00020186798006847925,,285.0210596569896,0.0003114126528885881,,,,5.2359418050777275e-05,,3.8959570890347634e-05,,,,,,,0.0009611048376616146,,,,,,,,,
1975-09-03 00:00:00,-1.0746008404613248,0.6220331132059267,,-0.6389407998711399,0.18771252547495465,285.3337980191383,286.4699634800296,0.8245645461703194,,,,,,,0.9128728170366682,,,271.45985412597656,271.45973205566406,271.4599304199219,271.4599609375,0.8758390736297743,,,,,,0.7250857741169675,,,101147.84966715977,,,1.8284023668639053,126.42665217472957,0.1284498378369935,,284.81040674694896,,74238.20841808432,0.9954084644656209,0.08300083628772983,0.2546910538431808,0.11123048979832072,0.3627102000297174,,272.86611017531897,-0.6056882474549423,0.20203040161076383,1.626514417505768e-06,-0.07844000596266526,-0.21056651222635303,2.681641576304679e-07,-0.10174827462822728,0.4334643285655411
1975-09-03 18:00:00,,,4.370353732588729,,,,,,151.80460271891758,0.00012078257516659721,3.570873709119989e-05,1.9862851094917433e-05,6.9008908680910185e-06,-7.443643681713264e-08,,4.181592619630712,0.9419542515771628,,,,,,7.760101521508934e-05,0.0006136748474435715,3393.2735704049555,0.00013284959472454868,1.7310211644370176e-05,,284.67838734282543,0.00015569838051198218,,284.8077067538831,0.0002516916942027206,,,,9.746232329035652e-05,,2.2905377241281363e-05,,,,,,,0.0007344425237254024,,,,,,,,,
1975-09-04 00:00:00,-1.107511226947491,0.4859779403054503,,-0.6202566045275807,0.16662851593198155,284.3406671828772,285.3084940712833,0.8350075155320252,,,,,,,0.9344567645936322,,,271.4595184326172,271.46063232421875,271.4600067138672,271.4599609375,0.9049852825480805,,,,,,0.7272488802847777,,,101152.02181952662,,,2.0828402366863905,123.90367695283608,0.12865710399559968,,284.72118707239275,,74219.98372781066,0.9982444781523484,0.06038773846784992,0.28076995269963023,0.07092193252578882,0.19521485412350068,,273.1041297686876,-0.5829924408500716,0.16781324465599287,7.76610508204311e-07,-0.07777260429055027,-0.1544081603986977,-3.854070442932597e-07,-0.2740789560171274,0.5761748619333527
1975-09-04 18:00:00,,,3.8287773978780715,,,,,,168.67251451481025,0.0001374481345069479,3.063647881062073e-05,2.037729384631095e-05,6.201991139078987e-06,2.1476474226887763e-08,,3.686920476383006,0.8953978094828905,,,,,,6.4171872724442795e-06,0.00026756558640927703,3223.848595252404,6.291552408207097e-05,1.7279560661174842e-06,,284.5360244660688,7.007670183425815e-05,,284.70369995839496,0.00014960274407960415,,,,2.6794448054048437e-05,,1.2925214316012591e-05,,,,,,,0.00040502353959499695,,,,,,,,,
1975-09-05 00:00:00,-0.8798994199764094,0.4374270668396583,,-0.5376123394486467,0.06739164527351334,284.75559356508876,286.2313803046413,0.8308403241563831,,,,,,,0.9215744116602564,,,271.4601593017578,271.46031188964844,271.46014404296875,271.4599609375,0.8352986648237917,,,,,,0.5205980736828415,,,101027.79345414201,,,1.8047337278106508,123.76030139810234,0.12835057952700282,,284.077584712463,,74133.9830575074,0.9872123073544022,0.031297720616033094,0.2500202617216745,0.032162096373428255,0.055264881361529405,,272.69372955864,-0.5130252894565198,0.03981356507927709,5.10479324168702e-07,-0.000730269759364382,-0.1206275471568813,-1.777403215745453e-06,-0.1783506178996972,0.25595590419317843
1975-09-05 18:00:00,,,3.730203859904814,,,,,,190.13456807334043,3.3540794482597936e-05,7.136598141235713e-06,2.5047837982516315e-06,2.279329339604406e-07,1.582655321721252e-09,,3.338951364776792,0.8426781543613185,,,,,,6.574387910098014e-06,0.00021885684423902748,3067.460761256472,4.964140309436197e-05,1.1019337062652294e-06,,284.43494735808065,4.0019775519593263e-05,,284.6226178231324,8.236683735902143e-05,,,,9.079215794625368e-06,,1.2971416732968663e-05,,,,,,,0.0002523942504771475,,,,,,,,,
1975-09-06 00:00:00,-1.3203786364673862,0.3158384371085985,,-0.7506605464325854,0.06239458830398921,284.461652586446,285.59679959088385,0.8262323539637955,,,,,,,0.27752270218888686,,,271.45970153808594,271.46018981933594,271.4599304199219,271.4599609375,0.8286223975864387,,,,,,0.40562231300850593,,,100755.16900887575,,,1.6331360946745561,123.51802144248104,0.12767162266567614,,284.0750869660688,,73936.59039848374,0.8898101346732596,0.008128072595731466,0.1769753758679833,0.014598620713815182,0.012258969820462741,,272.57810477533286,-0.6817461668386967,0.09208252867298013,9.527927846303376e-08,-0.01911983546420667,-0.017948524133693536,4.1290751631514957e-07,-0.08266375615046574,0.10061234694260818
1975-09-06 18:00:00,,,5.94351399438621,,,,,,116.64911592923679,0.00017005187519908657,4.744000688812436e-05,7.112923811173298e-06,1.7286779788824228e-06,-6.883592989237858e-08,,5.734767405944463,0.9087771681638864,,,,,,0.0001517142769853039,0.0007860283094164489,3244.5705985345785,0.00016178894279471277,4.4202310799141605e-05,,284.2542861848188,0.00019823764202862802,,284.4645923862796,0.00031622483310660187,,,,0.00015882733305530434,,9.271079266565086e-06,,,,,,,0.0009561033590356461,,,,,,,,,
1975-09-07 00:00:00,-1.7514143836568798,0.6565186145037589,,-1.0080646932477781,0.2719203000943336,284.82505518444896,286.1513931906435,0.8346531884910087,,,,,,,0.9604165504670003,,,271.45989990234375,271.4597473144531,271.45965576171875,271.4599609375,0.8980747295554573,,,,,,0.6299895531327061,,,100841.34411982249,,,1.9408284023668638,121.8409226998775,0.12774399187437882,,284.13647027551775,,73997.36323502219,0.9935550284103529,0.06154411051356228,0.36190576481043235,0.08567078720183062,0.32644777462443,,272.31948473326554,-0.968850818611461,0.21965398167717387,-1.4330106153643343e-08,0.08453248555843647,0.20363784541745159,-1.027246302726662e-06,-1.584190684662768,1.4488775196468688
1975-09-07 18:00:00,,,5.588320545896271,,,,,,354.0435109335995,0.00015640576210247694,3.98349479810726e-05,0.0,2.0591390578175436e-08,2.6853600642285667e-08,,5.30887316528862,0.850154411510603,,,,,,3.214537568346283e-05,0.0002497678102620002,3092.38325310882,8.148284405018272e-05,6.980830307542925e-06,,284.07248087324336,9.50825300089448e-05,,284.2431828425481,0.00019071785588101235,,,,3.214537568346283e-05,,6.300744396695019e-06,,,,,,,0.00040617463043509446,,,,,,,,,
1975-09-08 00:00:00,-2.2952857158593174,0.5944455333009979,,-1.2674505414342034,0.19998878840158676,284.1472240199704,285.7466455944896,0.8371753742003581,,,,,,,0.9225425857764024,,,271.46022033691406,271.45948791503906,271.4598846435547,271.4599609375,0.6078609580163067,,,,,,0.6314689732162204,,,101122.84985207101,,,1.9940828402366864,125.88837554751063,0.12903045620438616,,283.5891705575074,,74179.05637481509,0.984778142187017,0.03554236870148831,0.146304955893367,0.02123075406226886,0.0615439673709358,,272.49033622064536,-1.1499040310199444,0.17332035832151155,2.6618906341736984e-07,-0.06443173927668283,-0.002590190376755754,-1.4617334267389052e-06,-0.5239415196977424,0.4549815714932405
1975-09-08 18:00:00,,,3.829742454212798,,,,,,571.6616946790346,1.0469520585776787e-05,1.82178819320611e-06,3.930446471379706e-08,1.058811128977135e-08,-1.5636286387439078e-07,,3.4582142124514608,0.5994923608542899,,,,,,2.5077155355871075e-05,9.886267975237242e-05,2240.6772693938756,1.332669700743884e-05,4.140401159870554e-06,,284.23961607803255,2.0413268247299647e-05,,284.46085226747414,4.0994152514892216e-05,,,,2.5115642674575896e-05,,6.807053230217928e-06,,,,,,,0.00010933431647938384,,,,,,,,,
1975-09-09 00:00:00,-1.4914459533239963,0.23471577774138142,,-0.7059629485451964,-0.04937131306123451,283.49695907683065,285.4480413854475,0.8307062838909894,,,,,,,0.9674527916682543,,,271.45947265625,271.46014404296875,271.4598693847656,271.4599609375,0.43094529625932143,,,,,,0.5893984582914403,,,101026.92289201183,,,2.06508875739645,126.89433893508459,0.12877866643420338,,283.483659913554,,74095.19237703402,0.9849020415509241,0.034059069363246035,0.057919149737551634,0.004445222707895132,0.06060771172392298,,272.4640976042437,-0.575828789253912,0.024137006003475753,-2.7050780708117677e-07,-0.15042238475302971,-0.11976674957388252,-1.401998073044481e-06,-0.25828365461360775,0.03684709410695634
1975-09-09 18:00:00,,,4.378312505913909,,,,,,551.7493259949092,1.949969039866205e-05,1.8755238525260835e-06,1.1204042025571745e-05,5.531306626528678e-06,6.34882732579683e-08,,4.222975522103394,0.5216044589612611,,,,,,2.201308204224829e-05,4.102223547252677e-05,1871.7713205913115,5.321566169783914e-06,4.889922954979733e-06,,283.62986114321376,1.158406572229058e-05,,283.8237492487981,2.515397569131569e-05,,,,3.321446786970782e-05,,1.272936103612008e-07,,,,,,,6.05487082836896e-05,,,,,,,,,
1975-09-10 00:00:00,-1.7730975066416361,0.439457024342915,,-1.0183597711416392,0.01857977082743447,282.9605777898484,284.96909815319896,0.8297008678052552,,,,,,,0.8454106716141545,,,271.46083068847656,271.4597625732422,271.46002197265625,271.4599609375,0.43550026286724053,,,,,,0.5911730507598121,,,101012.67640532544,,,2.272189349112426,126.61128605046922,0.12882878230168268,,282.77113477718194,,74072.79361593934,0.9661285637398443,0.05201511259174206,0.027659564072365417,0.0016884154821994036,0.08051915503294378,,272.3388606867141,-0.9113232257098136,0.08726705743010933,-3.8954247903084304e-07,-0.2610746886603226,-0.13759069858923467,-6.096754895596209e-07,-0.07316378305649616,0.018820364799725233
1975-09-10 18:00:00,,,4.687388143595859,,,,,,620.2072729528303,1.2253074956363474e-05,1.78359845686241e-06,3.947837818303757e-06,8.768539809616359e-07,1.9715229916729998e-07,,4.547283223394811,0.5500309509638499,,,,,,7.651790359316493e-06,3.1120413859215006e-05,1939.1746995914618,6.705235976439256e-06,1.5960637061200903e-06,,283.44261250693415,1.0654462512428238e-05,,283.7923432299371,2.003209830741205e-05,,,,1.1600289471756072e-05,,0.0,,,,,,,4.337551678426167e-05,,,,,,,,,
1975-09-11 00:00:00,-1.853555002156094,1.1240194859589345,,-1.105886385991023,0.34367464350525445,282.8506191637389,284.7227833764793,0.8206690846110237,,,,,,,0.6353115104359283,,,271.4600524902344,271.45921325683594,271.4602355957031,271.4599609375,0.4011112149286817,,,,,,0.43526767472014627,,,101302.70192307692,,,2.1597633136094676,127.93957284780649,0.12824105652126336,,282.28699669471155,,74297.58075998521,0.8917792495891187,0.010468254087647125,0.07348259125654338,0.0016676406183186367,0.013243161714993991,,271.70577154215977,-1.0464371506279038,0.31958955455813887,-1.051265121397656e-07,0.0036043475365497655,-0.0016300329089870115,-2.1010505325869055e-06,-0.16056770685861801,0.22205113859836167
1975-09-11 18:00:00,,,3.8874271550827477,,,,,,214.7158855912248,9.932717275337354e-05,1.8466462397716456e-05,0.0,3.904184139162831e-08,1.5656678476245587e-07,,3.7720335729023406,0.6598952011199746,,,,,,1.1992100736445928e-06,3.63849764744911e-05,2438.7771732849483,6.72856863786483e-06,3.9853579943349376e-07,,282.88469628328403,1.988081625227392e-05,,283.1285003120377,5.080237896484736e-05,,,,1.1992100736445928e-06,,1.0703817098098393e-06,,,,,,,0.00013570469864726772,,,,,,,,,
1975-09-12 00:00:00,-0.6322628224389792,0.24003967307728424,,-0.4081357639922193,-0.014034891974996532,282.82255021495934,283.4622203217456,0.8131974469980544,,,,,,,0.6730914436853849,,,271.45977783203125,271.4598693847656,271.4600067138672,271.4599609375,0.7076919389194285,,,,,,0.31104454627403844,,,101305.91475591715,,,2.3727810650887573,128.1312564646704,0.12747559180626503,,282.2643782937315,,74288.88029308432,0.9278090211766712,0.02092012198357402,0.17137408257357378,0.007194643189921182,0.026478035857917078,,270.81937638683434,-0.42809200286865234,-0.03202324929322011,1.813682259787866e-07,-0.05782148612321481,-0.025285260211786575,-6.81686018780976e-07,0.141856556108012,0.10837333265846298
1975-09-12 18:00:00,,,3.2461667032636834,,,,,,75.98901412331847,0.00034365304828395504,7.286826534384101e-05,4.705627994424493e-05,8.942636512440337e-06,4.010242522803009e-08,,2.8146745185174886,0.9203035624466351,,,,,,2.0293706267543093e-05,0.00031659941577178477,3352.058177699704,7.816849375617574e-05,5.508007029809895e-06,,283.24192891318415,0.00011690170731122829,,283.4301021056768,0.00027028849580180183,,,,6.7350779764751e-05,,5.412295725218643e-06,,,,,,,0.0006602513160689244,,,,,,,,,
1975-09-13 00:00:00,-0.42349072179850744,-0.1766586755154401,,-0.2509013802342161,-0.19207528356969708,283.77058726654957,284.86741719443415,0.8206060497013069,,,,,,,0.6927419201300077,,,271.4602966308594,271.45957946777344,271.46003306974495,271.4599609375,0.917098674195758,,,,,,0.5277468223543562,,,101396.71579142012,,,2.662721893491124,126.5921939646704,0.12780698798817292,,283.12230867464865,,74345.95049001479,0.9771641041400164,0.05531945179861326,0.30910373726011026,0.03509828465930104,0.07913040783884522,,271.94214950651815,-0.24166181101601505,-0.08319524053991194,1.3757917581669595e-06,-0.032019105183302296,-0.0014537509376480735,-2.2835707493104347e-06,-0.23392005784977118,0.17127850951527704
1975-09-13 18:00:00,,,3.2814882041434563,,,,,,182.98313678086862,0.0002207294018310908,3.520694710093842e-05,5.7413292354380594e-05,1.314520483186259e-05,1.6213419973594e-07,,3.0320396952375153,0.7975877389399963,,,,,,5.2778590360336756e-05,0.0006333780006544125,2987.0249889306065,0.00016896999799288236,1.0204319594174448e-05,,282.9067021657729,0.0001764463249748275,,283.09052705482617,0.00030193808516101726,,,,0.00011018526977335913,,1.0876166882246909e-06,,,,,,,0.0008540238149067354,,,,,,,,,
1975-09-14 00:00:00,-0.04017259383342675,-0.651836745132356,,-0.018748458320572533,-0.3831894665780152,283.1187447993713,284.0696133043639,0.8304036760471276,,,,,,,0.5552503436407041,,,271.45989990234375,271.460205078125,271.460205078125,271.4599609375,0.742754030157123,,,,,,0.5643240537869154,,,101351.59190088758,,,2.8106508875739644,126.40446282561714,0.12882278656818458,,282.5548868574334,,74275.75073964497,0.9120990574007204,0.03876431262638618,0.17086088783025036,0.06993509326460799,0.14250005732742332,,272.06237576275885,-0.014206141409789317,-0.2988494331314719,7.867491299912648e-07,0.08643441440085688,0.002569141825275308,1.669337162913303e-08,0.29803163377490977,0.030571824347479102
1975-09-14 18:00:00,,,2.6433652226741495,,,,,,204.82770913028153,9.612024888484436e-05,2.4077895830368853e-05,4.7888276139659995e-06,3.432336996292927e-07,1.447510974620849e-07,,2.363106111097618,0.7659193043481316,,,,,,9.91195043515877e-06,0.00023236782593134592,2856.8286425347865,4.914702748405863e-05,2.404421391571767e-06,,282.8192940435466,5.0923351705427e-05,,283.03539605676775,0.00010301481337236935,,,,1.4704051455097085e-05,,2.9075339701048723e-06,,,,,,,0.0003285175244483722,,,,,,,,,
1975-09-15 00:00:00,-0.6584810956695376,0.2396925074108959,,-0.37596467260778305,0.011586832576954859,284.3017910387389,285.42930467594306,0.8245213328028572,,,,,,,0.24447008843958026,,,271.4607791324868,271.460162539013,271.45997619628906,271.4599609375,0.7831551936295258,,,,,,0.290780810490471,,,101234.59874260356,,,2.4201183431952664,128.19671504455206,0.1284936701757668,,282.5882705598188,,74225.96935096153,0.8882666783925344,0.010699981819430488,0.17448310617952656,0.044584556444156806,0.037571021085660135,,271.8177418003421,-0.3298013337265105,-0.02101036500648634,1.9554660796599748e-07,0.0028529107217957986,0.0027580610393772463,-1.2467463587592603e-06,0.13803413210535895,-0.10546354147104117
1975-09-15 18:00:00,,,3.2805745559331227,,,,,,79.93922884788739,0.00010929940014901246,1.9313227495498205e-05,1.4667283501145402e-06,2.8694654710194062e-08,2.510070459543143e-07,,3.0338982237866645,0.8558898920843587,,,,,,1.3778416010049674e-05,0.00015012928114287443,3028.910416281435,5.282920140486497e-05,2.3670913376046354e-06,,282.9257364668084,5.070424291509143e-05,,283.13993013822113,0.00011884239347590801,,,,1.5246092215092224e-05,,3.837137179967215e-06,,,,,,,0.0002594744556308097,,,,,,,,,
1975-09-16 00:00:00,0.09982538505418766,0.567924832451273,,-0.025538263941657615,0.265530315729288,284.1576223881287,285.17519906850964,0.8172039830473048,,,,,,,0.7023134273212553,,,271.45985412597656,271.4598846435547,271.4597930908203,271.4599609375,0.7639659614958001,,,,,,0.3629930871635257,,,101324.3888683432,,,2.3076923076923075,128.24005361703726,0.12779459586510292,,282.51882194203034,,74310.71641549557,0.9382997920527261,0.014214667279449616,0.1746999845349577,0.02321769217767659,0.01782540627445243,,271.10880004160504,-0.07212019813131298,0.15074045453551252,2.8692803431037793e-08,0.062438211365211646,-0.018233421638872496,6.697948652832113e-07,0.3709258828642806,0.03064686483180029
1975-09-16 18:00:00,,,3.36572771241679,,,,,,139.01965629983937,0.0001051916173223913,4.639128256126268e-05,5.9539893057924756e-08,1.4801837914463508e-09,1.4354812994292978e-07,,3.019732390635112,0.7949444471731694,,,,,,2.5824472837194183e-06,0.00011088964990957877,2891.036632650703,3.0547468619939136e-05,4.298453213724159e-07,,283.1207484860392,3.320754632441955e-05,,283.3794696514423,0.0001264154558351054,,,,2.6421952088909036e-06,,2.651921743471947e-06,,,,,,,0.0002160410909257697,,,,,,,,,
1975-09-17 00:00:00,0.40856566795936,0.38805825047239045,,0.12101442009739621,0.14927931650150458,283.93363275471523,284.89148165911615,0.8117785577237959,,,,,,,0.5985211327936523,,,271.4599151611328,271.4607696533203,271.4603576660156,271.4599609375,0.7179664556796734,,,,,,0.3027452904532647,,,101419.70765532544,,,2.396449704142012,127.38451552532128,0.12703096796069624,,282.5703399477626,,74379.70911150148,0.8986384057434353,0.017152963098711692,0.21550828952496573,0.019962017352764424,0.01813014663105621,,270.92805796967457,0.021059882711376664,0.10352600326199503,9.424937527334682e-08,0.03194249185496533,-0.06492084652714475,1.2352190892482121e-06,0.7428947095290797,-0.08912172366881511
1975-09-17 18:00:00,,,3.6353165948179345,,,,,,139.64652861645942,9.976741830272787e-05,1.716371295014782e-05,4.513117211964533e-09,4.440486794833601e-10,1.2057087947114645e-07,,3.346354569203755,0.8042676004432362,,,,,,4.19208680736948e-06,8.0738457647934e-05,2846.124986998428,2.2380838732747638e-05,9.719122575937644e-07,,283.13490575305104,2.8402446931893882e-05,,283.4306019438794,6.592894978417679e-05,,,,4.195558601582544e-06,,4.173912240203315e-06,,,,,,,0.000180530387919963,,,,,,,,,
1975-09-18 00:00:00,0.9043378886386487,0.2970488960220969,,0.30456651315181216,0.1223981902444151,283.08031070867236,284.7344472309541,0.8086707704871364,,,,,,,0.4328849837624815,,,271.4599609375,271.4601745605469,271.46044552158673,271.4599609375,0.7479263314834008,,,,,,0.2547980314175758,,,101271.81157544379,,,2.4142011834319526,126.4970802442562,0.1264311971043694,,282.2834039270525,,74279.56978088018,0.8572981135379634,0.005442045242236321,0.1814956286337954,0.006203126625196468,0.00447845458984375,,270.8350143884061,0.1870488531490755,0.14072945837438458,1.8474689116336394e-07,0.01307275139633015,-0.004781307994261296,9.75304489856112e-07,0.8879378695459761,-0.2213981119838692
1975-09-18 18:00:00,,,3.2700770056459327,,,,,,168.31753196942032,9.49938445401615e-05,2.2274149945501745e-05,8.977398540846694e-06,4.73964937339873e-06,6.310951210403509e-08,,2.6697986217645497,0.8358191914812347,,,,,,1.3233906418614133e-05,6.675406516431599e-05,3055.3023096569896,1.3390919689596053e-05,4.0505257760279274e-06,,283.20094940366124,2.204398177182412e-05,,283.4140162721894,8.017862792705991e-05,,,,2.220978398294844e-05,,4.356253076587203e-06,,,,,,,0.00016177594857583633,,,,,,,,,
1975-09-19 00:00:00,-0.1571661142202524,0.12990105081592085,,-0.15233318057991344,-0.12063270771997214,283.38291795719306,284.728254148946,0.8144622113577713,,,,,,,0.7974553249291414,,,271.4599609375,271.4591827392578,271.4600524902344,271.4599609375,0.82928706767291,,,,,,0.3103182287845408,,,101307.02644230769,,,2.455621301775148,125.37915309928579,0.1264097366107286,,283.14965242464865,,74291.65939349112,0.9665968379325415,0.017893797817182613,0.1590154591793492,0.004003118481156389,0.01964036388510078,,271.78226340028664,-0.11186989665736813,-0.06239590842342941,1.8225019904798634e-08,0.056306385716213984,0.0063649475927183615,1.204194664299356e-07,0.5340795742427743,0.0421950922915216
1975-09-19 18:00:00,,,3.5419702473476793,,,,,,135.30401764818902,0.00024990181951127814,5.25325889418111e-05,3.8056154928263826e-06,1.885928213596344e-07,4.321502285014794e-08,,3.4214022822634003,0.8819056788139795,,,,,,2.3865752671597272e-05,0.0003071397721741852,3157.943867880917,6.770205920969946e-05,5.7129531040699525e-06,,283.3937395987426,0.00010782885833604801,,283.6312942053439,0.00019969576925505815,,,,2.7669472454567634e-05,,4.876471130100228e-06,,,,,,,0.0005570186026731127,,,,,,,,,
1975-09-20 00:00:00,-0.3557994944104076,0.3526328385934322,,-0.16218452905056743,0.12157616812801926,283.51147172013685,284.83933379946376,0.8160771078611972,,,,,,,0.8962963040058429,,,271.4608459472656,271.45970153808594,271.45985412597656,271.4599609375,0.7913994266039873,,,,,,0.3442843824669102,,,101132.20691568048,,,2.242603550295858,125.41673630934496,0.12656648060273842,,283.22439701599484,,74183.65960151626,0.9723187307634297,0.07061721117803331,0.16034807965776623,0.04140485955413277,0.1802018746821838,,271.5902648564626,-0.17049099848820612,0.06816917622583152,-1.0949463436976572e-06,0.2527003295984141,0.05053218264551558,4.2798568993343935e-07,0.21103998084040082,0.27635414406833564
1975-09-20 18:00:00,,,2.9611492439134586,,,,,,363.0811756743482,7.389988419572277e-05,8.959697901144536e-06,1.2394443110248746e-07,2.4692404439353204e-09,1.0036577557739885e-07,,2.742899494058282,0.5037841796875,,,,,,6.745591451077772e-06,2.2777240480896988e-05,2147.064210428994,3.41333030067252e-06,1.4213387738670824e-06,,283.0615422175481,7.775518492128722e-06,,283.3110091531065,3.922990793307152e-05,,,,6.870228863326756e-06,,1.623234628925662e-06,,,,,,,9.671312112074632e-05,,,,,,,,,
1975-09-21 00:00:00,-0.4210826772204518,0.05153610297208707,,-0.20056562028693023,-0.18883683695595646,282.8719951923077,284.27241182045117,0.8218673432367087,,,,,,,0.5231595914039386,,,271.4599609375,271.45957946777344,271.4599151611328,271.4599609375,0.5739287009914599,,,,,,0.20034139960475222,,,101377.60207100592,,,2.396449704142012,125.09429733005501,0.12655474589421198,,282.3587523691753,,74322.87855954142,0.8586203653431503,0.026060038589260724,0.08465096654271233,0.003984823734802607,0.057853196063661017,,270.93362264238164,-0.1682501967842057,-0.08410724098160421,-3.438967643198888e-07,0.04451118616563593,0.053870161609536796,3.548186494019599e-07,0.0938943081353543,0.08106587289353094
1975-09-21 18:00:00,,,3.053321601371088,,,,,,1109.8117236075316,7.54018595232766e-07,8.238020033393738e-09,8.154023623303373e-09,1.7634617921086194e-09,9.28640725658237e-08,,2.9252316175833255,0.3084037825906065,,,,,,3.336978381907446e-06,4.27337087823089e-06,1260.0258875739646,1.6533007801196278e-07,8.343382788127696e-07,,282.4964664617234,8.621594741852326e-07,,282.86149570081363,1.6531251238648002e-06,,,,3.344258128185949e-06,,5.81982925798766e-07,,,,,,,5.037540338448519e-06,,,,,,,,,
1975-09-22 00:00:00,0.5084591814752161,-0.3416876313249035,,0.14455758608304536,-0.3566194398868719,282.84963826738164,284.0322987934541,0.8226236436494003,,,,,,,0.18922279854497967,,,271.46014404296875,271.4604034423828,271.4600664808376,271.4599609375,0.3614606688008506,,,,,,0.09828262780545026,,,101508.79585798817,,,2.1597633136094676,122.23654030342779,0.1261917938142133,,281.2778334758691,,74402.75545488166,0.5545679087469564,0.001519150191490241,0.04398419701400593,5.044810165314985e-05,0.0006688036156829293,,270.53713248890534,0.08979997338627922,-0.14770121264034475,8.336784935501847e-08,0.0031263381463183452,0.0007297275202161462,-7.91680641674172e-08,0.04253949586456344,0.026481475791282204
1975-09-22 18:00:00,,,2.9909270698502217,,,,,,1455.526176221443,3.0191108231713786e-07,2.116550238163778e-09,5.331813129072887e-09,1.784168134206498e-08,7.361865555430691e-08,,2.8211943101600783,0.28351100944203034,,,,,,2.0293518900871277e-06,2.3927330177211196e-06,1077.4275147928995,8.814361982444334e-08,5.889210034404281e-07,,282.7924472425111,5.999825255581614e-07,,283.13341490615755,9.795419386858066e-07,,,,2.0346560201348636e-06,,0.0,,,,,,,2.695379789764359e-06,,,,,,,,,
1975-09-23 00:00:00,0.8326762949926614,0.03654350754777355,,0.2793420415658217,-0.22219587359908063,282.9479705991124,285.19839098326554,0.8314274789313593,,,,,,,0.01975141897709412,,,271.4599914550781,271.4603271484375,271.45973205566406,271.4599609375,0.3098899344720784,,,,,,0.032215260091763315,,,101230.70266272189,,,2.0532544378698225,121.6195377146704,0.12595913678231324,,280.9385011210244,,74203.33797152367,0.34241952176189283,0.0008486075514167018,0.03117535407682495,2.9701805679050425e-05,0.00023736474076671714,,270.19334492880915,0.15578256062501986,-0.012123285313329754,-2.3574795890583128e-08,0.001995403858276426,0.0007849188739180389,2.4077145265829996e-07,0.05519267402523192,0.02986971637201027
1975-09-23 18:00:00,,,3.683179945635372,,,,,,783.2923707679884,1.031839283260368e-05,2.6684981831432094e-06,2.918229025055671e-07,8.695019056370272e-08,1.3222739847167533e-08,,3.4641903081589196,0.33163668841299926,,,,,,7.001440641442699e-06,1.0301166120365526e-05,1298.1593934911243,7.621414915344419e-07,1.631148115417661e-06,,282.82413929595043,2.821764120688805e-06,,283.10705638637205,7.714877819873878e-06,,,,7.294449051456338e-06,,6.775729931317843e-07,,,,,,,2.058630687950631e-05,,,,,,,,,
1975-09-24 00:00:00,-0.8085691294021154,-0.1346791622906747,,-0.27331650750876885,-0.29748633345203285,282.3135430149778,284.3351689626479,0.8469065120939673,,,,,,,0.00511203291853504,,,271.46026611328125,271.4597625732422,271.4601593017578,271.4599609375,0.38329933663091714,,,,,,0.11703915567793084,,,101076.05269970415,,,2.378698224852071,119.59922059188933,0.12580824180467595,,281.66053329558065,,74077.16997965977,0.458053297941854,0.0029064864270663244,0.07474800523304374,0.000519569103534405,0.0024957826151650333,,269.9189872064534,-0.23448884275537976,-0.17108845569678313,-5.320847529047252e-08,0.010028314308301938,0.0008013278422271006,3.649633470440515e-07,0.10818803945236657,0.0540866386255569
1975-09-24 18:00:00,,,3.952724857443183,,,,,,514.1663437341092,4.0815074062911716e-05,1.1257430505470412e-05,1.4107715863370773e-09,2.292486337515024e-09,4.3255149258589805e-08,,3.7829939881725423,0.26575122359236314,,,,,,4.846415311627134e-06,5.8319529838110565e-06,1046.4297337278106,2.9693484394508e-07,9.988062634799607e-07,,282.1316914755917,7.331106789718718e-06,,282.45805548492973,1.3508387571255837e-05,,,,4.846646764574671e-06,,4.6260831271402935e-07,,,,,,,4.6635873218965245e-05,,,,,,,,,
1975-09-25 00:00:00,-1.3716357925234461,0.13773490409173908,,-0.6586932120238536,-0.27757008118036935,281.6357667460244,283.8290683362611,0.8472810888431481,,,,,,,0.1130054180438702,,,271.46022033691406,271.4603576660156,271.46018981933594,271.4599609375,0.3101995843145776,,,,,,0.08725598577916975,,,101141.17585059171,,,2.1834319526627217,118.00124074721478,0.12570387089746238,,280.8154730260725,,74088.61723372781,0.43514364058449423,0.005325159377600314,0.04264869862759607,0.0004360689919375809,0.003031307423608543,,269.13674186390534,-0.5596376960799538,-0.07651638279299765,1.962779977733611e-08,0.009017524268125465,0.01304491596109063,-1.096524160938095e-07,-0.05104943633784909,0.08773236027395231
1975-09-25 18:00:00,,,5.349604962140146,,,,,,644.8102937055057,8.566457138964411e-05,3.288818534309342e-05,1.5153021265107853e-08,0.0,-2.804586747192816e-08,,5.228396793794349,0.681305058278452,,,,,,2.3222930685302915e-05,0.00023855629119688077,2466.023526163496,6.790591414863542e-05,4.360397186505018e-06,,282.9176090398484,7.084047300575753e-05,,283.1580341045673,0.00013397501770561263,,,,2.3238228622978256e-05,,1.8421229878826254e-06,,,,,,,0.0003242102818803517,,,,,,,,,
1975-09-26 00:00:00,-2.1164772722142686,0.26490655594323514,,-1.1729211017224916,-0.08802214176697139,282.93712439903845,284.45775211492236,0.8527715509459817,,,,,,,0.7473655734541853,,,271.4599304199219,271.4599914550781,271.4598693847656,271.4599609375,0.5227389218362831,,,,,,0.5970249472285164,,,101269.75536242603,,,2.5857988165680474,116.52729011851655,0.1256986228672005,,282.223824946838,,74225.26285133135,0.9289598941097598,0.03874094131094068,0.13923824789311143,0.03400768754044933,0.09122445463952361,,269.9689031296228,-1.107310283818894,-0.017140021690955527,-3.4715980635790607e-06,0.005809913372852393,0.3312555315887787,-2.691441214885893e-06,-0.716271146514712,0.4929827374775381
1975-09-26 18:00:00,,,7.43548628564417,,,,,,497.2280686959713,0.00023971224677633252,5.4452193559274165e-05,1.3900270476143741e-05,6.218413276785224e-06,-3.001958237442232e-07,,6.8772949636335206,0.790943935778014,,,,,,0.00058054712397107,0.0018774489679280117,2858.966346514648,0.00037502607650305393,0.00017059607618659205,,283.1558787328957,0.000499685135113417,,283.3416350776627,0.0006605104581844172,,,,0.0005944452342197034,,8.714313690478984e-06,,,,,,,0.002117173911551752,,,,,,,,,
1975-09-27 00:00:00,-2.500904737844975,1.3263325437286195,,-1.4479990456936627,0.5983388833040316,282.9253175272744,284.53368562777365,0.8638765656736476,,,,,,,0.915407837495296,,,271.46002197265625,271.4600067138672,271.4601745605469,271.4599609375,0.6396926813841571,,,,,,0.9230407737415923,,,101145.55676775148,,,2.6508875739644973,122.87487702680058,0.13146451803354117,,282.73607242742236,,74160.94420303254,0.9711810078846632,0.2819856387348129,0.31843132657941275,0.36242386857433434,1.746037566362048,,272.92265978931675,-1.3365421238735582,0.6276824008783645,6.438845946982547e-06,3.5139157964721233,3.6980051534724305,-5.321854108272219e-06,-0.22436239592422394,4.725591628002168
1975-09-27 18:00:00,,,3.937232346929742,,,,,,602.8097602799094,7.754599554298897e-06,4.40351356416059e-06,6.528571248054504e-07,2.623877361328644e-07,1.0422761385851215e-07,,3.8556966390130083,0.5798442772859652,,,,,,6.360476891670002e-05,0.0001492974673502544,2085.9604391064163,2.0900333421470144e-05,1.5662575261832693e-05,,282.5660089797522,3.503875795906112e-05,,282.781197993713,4.911925313035412e-05,,,,6.426077269943509e-05,,6.733076459557347e-06,,,,,,,0.0001570570045674341,,,,,,,,,
1975-09-28 00:00:00,-0.7681114038772131,0.8521175666673649,,-0.3985168073304306,0.007871988962387897,282.73818590514054,284.17084932045117,0.8519960035233808,,,,,,,0.8787997297986725,,,271.4604034423828,271.4597473144531,271.4599151611328,271.4599609375,0.48040985668728337,,,,,,0.43806549626782804,,,101361.38905325443,,,2.467455621301775,126.18730768508459,0.13873755720240125,,281.51797250600964,,74300.4136464497,0.9653805914009816,0.029862462993457736,0.07085647248833843,0.01736043896195451,0.0926891078610392,,272.0333714231231,-0.22420934530404898,0.04047173720139723,-1.3196328551558084e-06,0.1683471963338598,0.15079950241884493,1.3394833035414389e-06,0.08429181540506125,0.31218728804464874
1975-09-28 18:00:00,,,3.5303735112297465,,,,,,329.24657534988677,8.186512797541872e-05,1.1868422200693887e-05,6.2515027821064e-08,9.517038665359189e-09,2.1014528413793657e-07,,3.3474402173736393,0.5477099898298816,,,,,,1.008308233594048e-05,5.8018067884727346e-05,2014.8321289423654,1.0002073804302329e-05,1.885148437594521e-06,,282.2875716531065,1.891371766491049e-05,,282.5774012458395,5.35805197157098e-05,,,,1.0145288070983436e-05,,4.4304502786263915e-06,,,,,,,0.0001398820496169773,,,,,,,,,
1975-09-29 00:00:00,-0.08603949236446584,0.2447783537870328,,-0.12709167864195695,-0.2384308019333337,282.31006437222635,284.1813950397559,0.833600257980753,,,,,,,0.3407996834073899,,,271.4597930908203,271.46006243398205,271.4602813720703,271.4599609375,0.5064035814101174,,,,,,0.16708725263755878,,,101373.03938609468,,,2.437869822485207,128.53103457117928,0.1376054216418746,,280.8932123127774,,74315.51255085059,0.6752951681261232,0.004954141816785614,0.10458147203957541,0.0029647646571052144,0.0037819676145294007,,271.5724476470044,-0.15106330961870723,-0.14525416087822096,3.3649770202343876e-08,0.009143867788935554,0.011814419643060696,1.913465802688992e-06,0.287051862469439,0.112095497041588
1975-09-29 18:00:00,,,3.7341545093694384,,,,,,304.39945631760816,8.57005457906328e-05,1.0517398281210273e-05,6.783941000170961e-07,2.65369070528527e-07,1.627332930447611e-07,,3.3314562418757108,0.4321029031065089,,,,,,1.6899592072300657e-05,7.944223443431967e-05,1695.1521954959667,9.924129268826817e-06,3.5288308322782347e-06,,282.0059171597633,1.8381904920882726e-05,,282.24596951275885,5.8852709256685696e-05,,,,1.7577594906620725e-05,,4.182464977693276e-06,,,,,,,0.00016514507271128998,,,,,,,,,
1975-09-30 00:00:00,-0.18206622332510863,-0.024126177003397743,,-0.18009827969342293,-0.26003089317908656,282.7689620700814,284.3666414339867,0.8188471702428964,,,,,,,0.3835253471718032,,,271.4597930908203,271.4598693847656,271.4600067138672,271.4599609375,0.41806122825960434,,,,,,0.12550224211706212,,,101501.82359467456,,,2.4911242603550297,131.1387915978065,0.13608877475445086,,280.91983519785504,,74374.63579419379,0.652374437222114,0.007240303403549117,0.0902627015475338,0.00236602647770086,0.008302869176018168,,271.15639735114644,-0.11512049274331719,-0.08662089088259364,-5.274990698551351e-08,0.019959407842018197,0.034148761109840234,8.395203966482063e-07,0.27888043623792347,0.1654516167541933
1975-09-30 18:00:00,,,3.8542490964810523,,,,,,271.57949043589934,0.0001697319851824518,4.782761342426729e-05,6.028754118631577e-06,1.0233429882581726e-10,2.611880910947241e-07,,3.607294985528528,0.5559454020663831,,,,,,1.5552624090183415e-05,6.32239516670182e-05,2070.7219735771946,7.928211308089938e-06,3.6100818384328537e-06,,281.0725357687685,3.659451854299511e-05,,281.49284335706363,7.495874836600038e-05,,,,2.158005562054335e-05,,1.2629615837300318e-06,,,,,,,0.00023299367470148752,,,,,,,,,
1975-10-01 00:00:00,-0.26606985238882214,0.5721983740315635,,-0.29251051795553173,-0.028420499090612287,281.56982999722635,283.5931952662722,0.8101915770028469,,,,,,,0.2937436978492511,,,271.4599304199219,271.45989990234375,271.460205078125,271.4599609375,0.6450625414679036,,,,,,0.1674049766899566,,,101445.01886094674,,,2.591715976331361,131.97207099869405,0.13461005193947334,,280.7145346015163,,74336.80445636094,0.7974949965815572,0.025018293964373467,0.09865609649017718,0.003723257392115847,0.03924472708854006,,270.08236351238907,-0.25883718637319714,0.03684416889438968,-7.976806158931464e-08,0.041621460099897443,0.038329185605064285,3.3615966060215376e-07,0.2650488493798753,0.09969945560545611
1975-10-01 18:00:00,,,3.5229100842447676,,,,,,174.1510218332505,2.86756094390824e-05,3.3334129043584744e-06,2.3609233920919824e-08,1.8329278134724356e-10,2.4492223343721776e-07,,3.340603077905418,0.7081182262468972,,,,,,2.330797311116958e-05,9.028226363807066e-05,2555.9519649708764,1.946867570369201e-05,4.574414011994762e-06,,281.78466796875,1.7863670749777167e-05,,282.0847890278291,4.3900628414379774e-05,,,,2.333098614709617e-05,,1.5240184654145552e-06,,,,,,,0.00011895703543791434,,,,,,,,,
1975-10-02 00:00:00,0.8308017775857237,0.17255720443274142,,0.3277126007531522,-0.05583477584568001,282.3613642404771,284.11838508921966,0.809294133849398,,,,,,,0.09753896498821191,,,271.4600372314453,271.4602966308594,271.46018981933594,271.4599609375,0.7389286622493225,,,,,,0.19027360784958983,,,101230.25647189349,,,2.6508875739644973,131.7095894898183,0.1332370035747099,,280.64415420441935,,74188.42238350592,0.7516387820949216,0.007678325526339151,0.1800498190451656,0.004063944844804572,0.010951081676596015,,270.4262449727256,0.25981321701636684,0.02079320377146704,-4.747094141840163e-08,0.029614703087742337,0.0010782267964450564,-8.908854714820723e-07,0.5321673984755073,0.00816698116663645
1975-10-02 18:00:00,,,3.958278692685641,,,,,,240.72299194335938,2.7449437852441913e-05,1.5223156330148145e-06,2.9696074463206634e-06,8.789701221962653e-07,4.749243885944129e-07,,3.766262609577743,0.5998746191520663,,,,,,5.4124941134593896e-06,1.7280188890603873e-05,2391.7643956291604,3.743012981301934e-06,1.2695938128338763e-06,,280.4586810049926,3.88146041942066e-06,,280.74804398576185,2.605234377482939e-05,,,,8.382762853915874e-06,,0.0,,,,,,,4.4820400384756234e-05,,,,,,,,,
1975-10-03 00:00:00,-0.48375841851770524,-0.5453960937861155,,-0.2591168443126791,-0.3122092478374052,280.9780027852256,282.48159555288464,0.808915045839795,,,,,,,0.0900637835440551,,,271.4598693847656,271.4597473144531,271.4603761621922,271.4599609375,0.7129937417849281,,,,,,0.2730163935373521,,,101156.17511094674,,,2.8579881656804735,133.31690735224436,0.1321134680121608,,279.91842524963016,,74106.90950906066,0.8308126217514805,0.008457176285791046,0.12389768667645841,0.0026176949224528475,0.014093568339150334,,269.52781036196376,-0.15503008690106093,-0.21605091546414165,1.5430023214165342e-07,0.035483156461764635,-0.012282288286107532,2.0015067464813933e-07,0.18915149163917677,-0.08326647443884223
1975-10-03 18:00:00,,,3.458218021505683,,,,,,197.12610778808593,5.304152090873944e-05,1.3459143201274985e-05,7.472844166163157e-07,3.8713260867891935e-08,2.518211244367829e-07,,3.2437139657827525,0.6744680373141398,,,,,,7.668388842125616e-06,0.00015233324829643294,2452.041719335071,3.9556322718513085e-05,1.247906120571159e-06,,281.1976715629623,4.0584414668337126e-05,,281.43346373428255,8.504965601588142e-05,,,,8.415496913639046e-06,,3.393805591312386e-06,,,,,,,0.00020537856062488442,,,,,,,,,
1975-10-04 00:00:00,-0.5029757460193521,-0.009893564077524038,,-0.3332447243865425,-0.17901378270437027,281.7257650702663,283.2053410456731,0.802980196899211,,,,,,,0.1575343115089913,,,271.460205078125,271.4600830078125,271.4596862792969,271.4599609375,0.7032682573541271,,,,,,0.30626583663669565,,,101229.15403106509,,,2.5798816568047336,132.40582654603134,0.1310979120830107,,280.2680302907729,,74181.24452200443,0.7512663675130472,0.00859623713190639,0.19804432425377946,0.023682633800619454,0.009514080702200443,,268.99752681213016,-0.3968466640224118,-0.17476092005622457,4.933929593407703e-07,0.04317925935153045,0.013471139333150266,-8.375255787778182e-07,-0.2037147995988293,0.24622790059129868
1975-10-04 18:00:00,,,3.6399192584336864,,,,,,243.92727313926835,6.993414734947611e-05,8.57453815330415e-06,7.053857931685386e-10,0.0,2.28982274235862e-07,,3.450935064688237,0.7271492708496441,,,,,,5.322552600203181e-06,8.737282640129856e-05,2571.42526118713,1.5449550377546683e-05,1.5428074850485875e-06,,280.7715378259061,2.4024595523021632e-05,,281.04293696838016,6.013315104873928e-05,,,,5.3255063806765175e-06,,1.083023449372963e-06,,,,,,,0.0001573199351158368,,,,,,,,,
1975-10-05 00:00:00,0.08320959644204766,0.0956086209539831,,-0.030271637369189742,-0.08891940257958407,281.7830962231879,283.7883965306028,0.8076118809231639,,,,,,,0.07655632425342086,,,271.459716796875,271.4599304199219,271.4603576660156,271.4599609375,0.6461984751492562,,,,,,0.20660860862957656,,,101248.0286612426,,,2.834319526627219,133.12728087295443,0.13034906048746503,,279.6411205043454,,74143.19757766272,0.7124502323788299,0.003973401348608045,0.12999281256195136,0.004450696459888707,0.0034825815956973467,,269.21386140902365,-0.0039356446125098235,-0.03883214356631217,1.3960764122391174e-07,0.021933335524338942,-0.007668615026763205,5.903378670267794e-07,0.2733323587512476,-0.028238699986384466
1975-10-05 18:00:00,,,2.94325336478871,,,,,,567.2282894760815,1.772594522442338e-05,1.9606268970218636e-06,0.0,0.0,2.1277272116196788e-07,,2.912932599084617,0.22515020426913832,,,,,,4.497268540266703e-07,1.0873968079245303e-05,1016.5876479289941,1.5677079646545048e-06,2.1586844907004451e-07,,281.36885892427887,2.514846490685051e-06,,281.6301255085059,1.333891992738261e-05,,,,4.497268540266703e-07,,0.0,,,,,,,2.8588891734738322e-05,,,,,,,,,
1975-10-06 00:00:00,-1.00766475384052,0.08906867800379646,,-0.40290210091856105,-0.16693893410045013,280.70352660410504,283.0199559680104,0.8070138710490345,,,,,,,0.04393510987772744,,,271.46006774902344,271.46009826660156,271.46009826660156,271.4599609375,0.2474513307830991,,,,,,0.12783199513452292,,,101247.96116863906,,,1.2544378698224852,129.3674343492858,0.12938645041200536,,279.2995692145895,,74264.7435049926,0.33744550174509985,0.0017671585083007812,0.039572674538475,0.00035462576962081636,0.0017975124381703032,,269.11954403487886,-0.27268713889037366,-0.05349607651050274,1.5594987255540408e-08,0.003950050392755743,-0.0027389014966389133,-8.066704597657536e-08,-0.04634033081799569,-0.017154486574364837
1975-10-06 18:00:00,,,3.1287867479775784,,,,,,993.5141561359702,1.6929129877034024e-08,0.0,1.7521366995026374e-08,9.169945350060097e-09,1.8522956008988713e-07,,3.000303828857354,0.36228753264839125,,,,,,4.036930670752328e-06,4.169167454778796e-06,1421.74923291291,1.9977454746351438e-08,9.99372496583758e-07,,281.07828968657543,8.960397770771614e-07,,281.39979833117604,1.2663328061266059e-06,,,,4.058345579184019e-06,,0.0,,,,,,,4.188912595517537e-06,,,,,,,,,
1975-10-07 00:00:00,0.09578040647788866,0.17396624412762343,,-0.03437675950089855,-0.26549958900587095,281.4248552491679,283.68110467132027,0.8058353560210685,,,,,,,0.013122062005940273,,,271.4602355957031,271.4598083496094,271.4600067138672,271.4599609375,0.40270057091346156,,,,,,0.061640993377866125,,,101511.1423816568,,,2.6804733727810652,130.73788090993668,0.12858690171552128,,279.5469400078587,,74360.73892843934,0.4516401940284396,0.0009316766246934228,0.04599732764550215,4.232926128884039e-05,0.00021270076198690743,,269.83912432969674,-0.005468120236368574,-0.04262419494651479,5.4586810138438704e-08,0.0006360531420882285,0.0009078556263940574,-1.764210322393055e-07,0.005516502984176726,0.038706710969908
1975-10-07 18:00:00,,,2.960961065348789,,,,,,352.74256257382694,7.089866688970983e-05,2.801374218167638e-05,3.200181423736042e-08,1.28963550266165e-08,1.353694100404167e-07,,2.6594923198575806,0.3062583426752034,,,,,,2.0196804633507363e-06,6.157987525124522e-06,1209.495174791686,7.660155730134637e-07,6.083051877967e-07,,281.5270634938979,9.72071519264808e-06,,281.87966034116124,3.1292570765907246e-05,,,,2.0506124965537934e-06,,3.1326054292317676e-07,,,,,,,7.707903371054745e-05,,,,,,,,,
1975-10-08 00:00:00,0.10419746263492742,0.6176180846592378,,-0.019476721272666073,-0.0074285360483022835,280.97265913923815,283.2545548839682,0.8117547504295258,,,,,,,0.2920433712032067,,,271.4600524902344,271.45997619628906,271.46034703209733,271.4599609375,0.42130018755264537,,,,,,0.09121762789212741,,,101289.83136094674,,,2.3254437869822486,128.44160687147513,0.12779006450133917,,280.41146363026996,,74212.07260077662,0.6350331633357253,0.013824614006926075,0.07428072633210724,0.0006023059935259396,0.01283298018416004,,269.9115546412722,0.006564766697629669,0.06562909572082158,-8.079381339312613e-07,0.0748548521900504,0.0401828020987426,-3.521093400281347e-07,0.012055027414355757,0.042800435168150616
1975-10-08 18:00:00,,,3.1504396203706957,,,,,,667.8211127286831,2.338170740731369e-07,0.0,2.014026398489461e-07,6.781778017268379e-08,8.879561989310544e-08,,3.0258108134100423,0.2821160491401627,,,,,,8.87732269495902e-06,1.0113744340704742e-05,1152.7596153846155,2.245396684260058e-07,1.4027095669825401e-06,,281.57898888221155,1.7054775762840135e-06,,281.9008875739645,2.7898015707907594e-06,,,,9.078003422043028e-06,,1.1792417461350119e-06,,,,,,,1.0357894135650094e-05,,,,,,,,,
1975-10-09 00:00:00,-0.07649535681369037,0.2573117024799776,,-0.08258932440943972,-0.14125698134743955,281.32617765347635,282.65216895109097,0.8207129677371866,,,,,,,0.16185710839265902,,,271.46014404296875,271.45997619628906,271.4602355957031,271.4599609375,0.3476119561578263,,,,,,0.09655933267266087,,,101003.65292159763,,,2.366863905325444,128.26383782561714,0.12716949903048003,,280.19101186899036,,74008.47755639793,0.5150577916196112,0.0025066283396128343,0.03379161506009525,5.879592613355648e-05,0.0015259014784231694,,269.5806299694896,-0.08981206431191348,0.0034433677351686375,-4.984109470176961e-08,0.013822024440139356,0.006623135515924036,2.3806658312547457e-07,0.06383799060561954,0.04422958591985985
1975-10-09 18:00:00,,,3.9456930594331414,,,,,,275.8456099276057,6.293205643546652e-06,1.5384567207133276e-06,7.83151357307942e-09,0.0,1.3493168813435805e-07,,3.6954942613663757,0.3365241959250185,,,,,,6.567918249135892e-06,4.2627019995063016e-05,1308.687351655678,4.655069853427142e-06,1.2508406132988675e-06,,281.1293381911058,7.086207528086104e-06,,281.5403250970784,1.1760278566349188e-05,,,,6.576404857212269e-06,,4.6305468625570894e-07,,,,,,,4.8875279680511656e-05,,,,,,,,,
1975-10-10 00:00:00,0.6399468134140828,0.1635095776890862,,0.19240068401810687,-0.1309493081809501,280.79845252403845,282.9605127819896,0.8232354073834842,,,,,,,0.21828492294401813,,,271.4600372314453,271.460205078125,271.46031188964844,271.4599609375,0.3478108201418403,,,,,,0.12271262625970784,,,100754.71560650888,,,2.6508875739644973,126.18051219691891,0.1268011493795722,,279.84494036612426,,73820.35079974112,0.5668085982813638,0.002527176773109468,0.051824562604258044,0.00041187162230000695,0.0010964926883313784,,269.281528811483,0.10807169294921604,-0.02651823483980619,3.0460123848597125e-08,0.017930098400126108,0.00799637292263776,1.0350535344056918e-06,0.16041731118009642,0.03281107245112312
1975-10-10 18:00:00,,,4.102992524762126,,,,,,234.29992167154947,2.7451311519160075e-06,8.948907785161713e-07,4.5405006443960426e-07,1.1916933636340869e-07,9.20622773071029e-08,,3.822074491596786,0.43422143699149407,,,,,,1.5239699705112616e-05,3.1148981765882506e-05,1400.9741550422984,5.063132421504816e-06,2.567287115655707e-06,,280.5249283468935,4.986444344887366e-06,,280.8560913808247,1.2562207921722231e-05,,,,1.5693479741113426e-05,,2.0686382725393985e-06,,,,,,,3.3905167551435665e-05,,,,,,,,,
1975-10-11 00:00:00,0.4094700785078241,0.6811815069977348,,0.1198358197184004,0.09946930902244071,280.8191553601146,283.50040882720043,0.8233402889861158,,,,,,,0.32307208360299555,,,271.46067810058594,271.45970153808594,271.45970153808594,271.4599609375,0.5228100788515039,,,,,,0.07126062156180658,,,100877.82174556213,,,2.621301775147929,127.28034115401951,0.12688721989738871,,278.72703633505915,,73878.28836908285,0.6219961637405117,0.0027744078777245515,0.07332400411378438,0.0006624876394779724,0.005045693301590237,,267.29830481173724,0.0014699281320064025,0.13169339986947867,3.005168000311927e-07,0.01850553659292368,0.01346797491671771,1.2624112802375792e-06,0.2368831616886974,0.09675297511399851
1975-10-11 18:00:00,,,3.536656802927954,,,,,,312.67366102265146,4.838898601616628e-06,4.7240648749312e-07,2.864106233127018e-07,2.2492955642691732e-08,8.038132471795685e-08,,3.3294240793532874,0.31460336538461536,,,,,,4.293011314064793e-06,9.34360119012686e-06,1246.9260579396987,1.2529429775723339e-06,8.902727411343501e-07,,279.64636158237795,2.13529672143022e-06,,280.01674024593194,4.8417752311074525e-06,,,,4.578491992498996e-06,,2.492020821430274e-06,,,,,,,1.4177881754361666e-05,,,,,,,,,
1975-10-12 00:00:00,0.2516108010647565,0.45220819732846596,,0.02992349545631183,-0.028340994253666443,279.8613916882396,281.5746795834874,0.8260742055593863,,,,,,,0.0003169753847742927,,,271.46022033691406,271.46031188964844,271.4596862792969,271.4599609375,0.37631773646678446,,,,,,0.08163361859744822,,,101219.74981508875,,,2.828402366863905,125.48390531822069,0.1269039458777072,,278.01661925908377,,74093.03413923817,0.4063197382499833,0.0012086439414842594,0.04255328267349823,0.0004565715789794922,0.0018228497025529308,,267.4303275565424,-0.007714988211908284,0.0905579674173389,6.310187053224162e-08,0.003126082102872828,0.002346950741594977,1.1642492264674526e-06,0.1555143151454319,0.013690556647509513
1975-10-12 18:00:00,,,3.5750994033362034,,,,,,332.85871074726055,1.1797884159539578e-05,1.9867810800936096e-06,1.578633094856725e-08,3.209515314923941e-08,1.1990773876509081e-07,,3.4571955810637163,0.32270948421320267,,,,,,1.4454484559022462e-06,7.437971922067495e-06,1195.785990066077,2.8130570812338203e-06,4.50542450127517e-07,,279.3753611547707,1.910599995646956e-06,,279.80199617464865,1.0312397099105563e-05,,,,1.4608510984824254e-06,,0.0,,,,,,,1.9263630435311582e-05,,,,,,,,,
1975-10-13 00:00:00,-0.11021111279549684,0.009323526416304549,,-0.13204655844784347,-0.3158546199460001,279.6279961399778,282.1626482179179,0.8248146864084097,,,,,,,0.0,,,271.4604187011719,271.4600524902344,271.4598846435547,271.4599609375,0.3769455953727107,,,,,,0.08147299501317493,,,101421.98798076923,,,2.633136094674556,122.84986778123844,0.1267282694754516,,277.9381789709689,,74261.28321468196,0.410667158046065,0.0006880005435830743,0.04875569341886105,0.00016361474990844727,0.00033989037282368135,,267.2808083980041,-0.0708909288665952,-0.11304782551421216,4.0608765213091934e-08,0.0011644758270831625,-6.508820596531299e-05,1.8311039267897263e-07,0.040909191913153294,-0.00016231755533161954
1975-10-13 18:00:00,,,3.3011591815384183,,,,,,776.6815926688058,7.222485783669723e-09,9.019819526387566e-10,0.0,0.0,9.90467129431313e-08,,3.2323046520616883,0.20449973563470783,,,,,,8.433373898444091e-07,6.963383163926164e-06,827.0658284023668,9.529468928568462e-07,3.061846956698852e-07,,279.5431551058617,6.944470151641665e-07,,279.8685526650333,1.8661940944265332e-06,,,,8.429874550308702e-07,,1.0845444258853528e-06,,,,,,,6.974448819132246e-06,,,,,,,,,
1975-10-14 00:00:00,-0.5425107211050902,0.13838691824286647,,-0.2523868493074496,-0.2818173402865258,278.28556598008737,281.96957776673446,0.8275186708692969,,,,,,,0.0,,,271.4601593017578,271.46006774902344,271.45989990234375,271.4599609375,0.27117504593888686,,,,,,0.06270007974297337,,,101544.93195266272,,,2.1242603550295858,121.24765809188933,0.12648632117277067,,277.7468979513857,,74413.71632303995,0.2967538325744268,0.0004467449244662855,0.046769103061507,0.00035964807815100315,0.0002797940779014452,,267.3855174589439,-0.12988756958549544,-0.1388855714064378,-6.011445792698003e-08,0.00025671070921041907,0.0003981234508527983,-9.196603769910406e-08,-0.04352890986662645,0.007483224544299425
1975-10-14 18:00:00,,,3.1035769867473806,,,,,,335.03732155853845,6.186759330817228e-06,1.1135531953100623e-06,7.053857931685386e-10,1.4107715863370773e-09,4.325685960642949e-09,,3.0250754504514163,0.20297828087439904,,,,,,1.2559160457912986e-06,3.612771101251862e-06,890.3254437869823,2.740843761602097e-07,3.2314413486147775e-07,,280.08373590051775,1.0016512059601102e-06,,280.5309509638499,3.229870775042201e-06,,,,1.2562108727601858e-06,,6.004440537571201e-07,,,,,,,9.805404928308972e-06,,,,,,,,,
1975-10-15 00:00:00,0.1796733416043795,-0.09795782551962949,,0.026916035533656735,-0.3630954979439459,278.65359623474484,280.71672753328403,0.8315343779219678,,,,,,,0.0003376514953974436,,,271.4595947265625,271.45960998535156,271.4600524902344,271.4599609375,0.2723944850221893,,,,,,0.0493405133309449,,,101692.42437130178,,,2.136094674556213,121.86375923833903,0.1262821417588454,,278.5067275910688,,74498.35660133135,0.29506055843195267,0.0010453935205583741,0.031155041166592925,0.00013495514378745175,0.0005329431161372619,,268.6706951976528,0.010407752891969399,-0.15518303594645663,1.891804948592415e-08,0.00373764127663739,0.00017474452860256624,-4.833974565011477e-08,0.02606704954564924,0.009814017402702534
1975-10-15 18:00:00,,,3.44345163875783,,,,,,308.32852594903176,1.1286172690696618e-08,0.0,1.2640275761000151e-08,2.471776265849376e-08,5.1148231317678886e-08,,3.3202749794051494,0.24088589820636094,,,,,,4.865372410187354e-06,9.175522263938859e-06,1056.6708579881656,3.7897113688598725e-07,8.699737665568584e-07,,279.7406388683432,1.301680355382389e-06,,280.0812887157914,2.562636013567095e-06,,,,4.878432969369832e-06,,1.6947212138560397e-08,,,,,,,9.186786307385687e-06,,,,,,,,,
1975-10-16 00:00:00,0.27454480617004035,-0.06606307396521935,,0.08315744343593981,-0.3572097417165542,277.8218322392751,280.8870466785318,0.8425927747636152,,,,,,,1.9081069167549088e-05,,,271.46026611328125,271.45970153808594,271.4601287841797,271.4599609375,0.2961321046366494,,,,,,0.06078234791050296,,,101746.35447485207,,,2.2189349112426036,118.89695080638637,0.1262040702548958,,278.1894343449519,,74519.49509985207,0.3274881035618528,0.0015969219997789732,0.03677122348400464,0.0003040147250926001,0.0026192524024015347,,268.8829381818602,0.09502164887253349,-0.13815325110621707,5.3468886764579555e-08,0.0013317499949029212,0.0006433562678698252,-1.756684173011502e-08,0.023926443249516233,0.028821591927102333
1975-10-16 18:00:00,,,3.4393343107234795,,,,,,476.76627291165863,1.6373487812130762e-09,0.0,3.640196036778875e-09,0.0,3.2600902164556066e-08,,3.2545833890960063,0.18100363827316013,,,,,,1.6699936351127172e-06,1.7339848643223915e-06,748.9667159763313,1.0841090739126037e-08,4.093534693386428e-07,,279.92507194203034,4.239170949839981e-07,,280.2231011926775,6.673945742245962e-07,,,,1.6733359258908492e-06,,2.6680462988170644e-07,,,,,,,1.7372582702947087e-06,,,,,,,,,
1975-10-17 00:00:00,0.4417639625143017,0.07526934922799557,,0.1193350786288109,-0.2549877166748047,277.23055398252586,279.6018427561021,0.8414126789781469,,,,,,,4.1079591717240375e-06,,,271.45947265625,271.459716796875,271.46044921875,271.4599609375,0.24424310266618898,,,,,,0.017020637467062685,,,101578.19545118343,,,2.06508875739645,119.54344673833903,0.12605908636510724,,278.08133060974484,,74406.99137851331,0.24905729575975408,0.0004869452595005374,0.01576913864843345,6.242352124501968e-06,0.0001279373140730096,,268.37565296782543,0.07707716233631563,-0.04999161295636871,3.810166368867941e-08,0.0009266300305181935,0.0006633443832287245,5.4737443516661896e-08,0.029664584496141184,0.0031086111209801667
1975-10-17 18:00:00,,,3.443762767949753,,,,,,361.34720518050653,4.900189546438364e-07,1.3625414590158406e-07,1.0424423769954041e-08,4.881478711058931e-09,3.462014723288105e-08,,3.2925528859245707,0.27491426185743345,,,,,,1.6270095162843107e-06,1.788588472195631e-06,1035.014423076923,4.3731518971496785e-08,4.938227736209271e-07,,280.34325016179736,4.7518805595191976e-07,,280.66920245469674,9.244203170728402e-07,,,,1.6370887410711255e-06,,3.969032295356841e-07,,,,,,,2.2816493798642467e-06,,,,,,,,,
1975-10-18 00:00:00,0.2749592369124734,0.19587499855538093,,0.022193925620536126,-0.16766400309004023,279.4888302052515,281.55144433015903,0.8484805279229519,,,,,,,0.0,,,271.4602508544922,271.45994567871094,271.4599609375,271.4599609375,0.4009832229090513,,,,,,0.020268231453980216,,,101418.52292899408,,,2.4911242603550297,119.89158838035087,0.12595597667806951,,278.8214970876479,,74301.0980723003,0.4034777189103457,0.00043125089103653583,0.030239016520267233,5.2580378464693144e-06,7.644542575587888e-05,,268.3898477949334,-0.03567813945239818,-0.06572131151278343,1.9524912180143274e-08,0.0010493662084842695,0.000654889597177241,1.5680411410863793e-07,0.05868777705455673,0.005116316980335134
1975-10-18 18:00:00,,,3.826992390423837,,,,,,269.3487568015824,1.021728095923655e-05,3.278244441077554e-06,7.912754590937195e-09,2.1223946834071238e-09,3.538745939015196e-08,,3.780367321516635,0.34948459602671966,,,,,,3.0324689647149757e-06,2.0962935932994595e-05,1329.6471893491125,3.846108737076528e-06,9.006192389677263e-07,,280.0426653799926,3.5254031243408927e-06,,280.426025390625,1.2497533355238874e-05,,,,3.0414350110398244e-06,,9.185595977941209e-07,,,,,,,3.1183192715842344e-05,,,,,,,,,
1975-10-19 00:00:00,0.035386367662418525,0.2101820703794265,,-0.1006045143985184,-0.193540279681866,279.63586642474115,281.72733392659023,0.8477407644486287,,,,,,,0.0,,,271.4600067138672,271.45973205566406,271.4602355957031,271.4599609375,0.4134385029856975,,,,,,0.07138874121671597,,,101381.2538831361,,,2.8106508875739644,120.99231877975916,0.1258390979653985,,278.5134017312315,,74269.06176035503,0.43292988071868405,0.0006830833367342074,0.06289414241469118,0.0016529771703234792,0.0003198794359286156,,267.88893912953034,-0.1239228163950542,-0.09198292049430531,-3.866074629400591e-09,0.00211532862184324,0.0007949982728973064,1.0135809080410037e-06,0.20221682386638146,0.0020939714809846597
1975-10-19 18:00:00,,,3.9814550523927226,,,,,,249.21302185058593,9.668010050023096e-06,1.4383588316877917e-06,2.116141234629253e-09,0.0,1.727757398032214e-08,,3.8704911597381684,0.3639951626930011,,,,,,2.4910343910110066e-06,4.754140532228368e-05,1329.6760355029585,1.0637555425689066e-05,5.721613301856983e-07,,279.83399882119085,6.032435322654318e-06,,280.22164935049926,2.30220295268403e-05,,,,2.4927978420398644e-06,,2.654390574912348e-06,,,,,,,5.721040731351051e-05,,,,,,,,,
1975-10-20 00:00:00,0.8640594482421875,0.4242259200508072,,0.1971592296510053,-0.007256609448314418,278.20248792298446,281.0637625970784,0.8455164739366113,,,,,,,0.16518063517011836,,,271.4599914550781,271.45977783203125,271.4599609375,271.4599609375,0.3970540966507951,,,,,,0.06418252978804549,,,101310.8038091716,,,2.562130177514793,118.5252560948479,0.12572955803052913,,278.20827362241124,,74215.04356971153,0.48362365479377156,0.0009941702058329385,0.06754723905596728,0.004420195810893583,0.0016388244177462786,,267.1788032125439,0.1647453815979365,0.05385294327369103,2.592993376623049e-08,0.00569184974094952,0.0007127169409447167,1.836643287686069e-06,0.24919619212428537,0.01751932836848603
1975-10-20 18:00:00,,,3.8617084209735575,,,,,,1372.6185960036057,3.4176342233398257e-06,2.0719006569427852e-06,5.262110316189083e-09,7.053857931685386e-10,4.1922259546772264e-08,,3.6914845528687246,0.30678255882488903,,,,,,7.900233055360218e-07,5.3420927397598176e-05,1100.9711538461538,1.056677491001829e-05,2.2598487165199935e-07,,279.72157711954515,7.016264651654035e-06,,280.0168095876479,1.95342319956898e-05,,,,7.95313658622595e-07,,2.2546162266703048e-06,,,,,,,5.683346965609218e-05,,,,,,,,,
1975-10-21 00:00:00,0.9053591214693509,0.17667046947592108,,0.2963635653433715,-0.14253664863180127,276.53029655140534,279.83437008829515,0.8511796713580747,,,,,,,0.36960461859166976,,,271.45965576171875,271.45973205566406,271.4602355957031,271.4599609375,0.3461704592732988,,,,,,0.06801411103920119,,,101314.82803254438,,,2.242603550295858,114.77359189366447,0.1256189543819992,,277.64115589751293,,74244.02225869083,0.5913372097823483,0.0019775763065857294,0.05809852719901422,0.0031734782563158748,0.0011020158169537605,,267.55922459709575,0.11975990844196116,-0.02542056028659527,3.715165308332236e-08,0.027712206868730355,0.0028819719098023408,9.370764148126759e-07,0.12436935182153826,-0.005036222158804448
1975-10-21 18:00:00,,,3.7526115958507242,,,,,,259.2683524224991,3.5515903721194293e-06,7.580876207122436e-08,3.145904502054379e-09,1.7634510288577107e-09,4.3795237416875435e-09,,3.621336649860856,0.3747699444110577,,,,,,3.2467117323677923e-06,6.054632762480064e-05,1301.0758136094676,1.3667186336404473e-05,7.362986677849787e-07,,279.66212093195264,8.929432672861766e-06,,279.9663013706546,2.2370081681471605e-05,,,,3.2481335147598086e-06,,3.116547003300232e-06,,,,,,,6.408998246729021e-05,,,,,,,,,
1975-10-22 00:00:00,-0.08386749064428567,0.20872234028471998,,-0.1607848173062477,-0.17668296317377033,276.2077866954916,279.6788395085984,0.8559191872382305,,,,,,,0.0,,,271.45977783203125,271.4599914550781,271.4603271484375,271.4599609375,0.3932964618389423,,,,,,0.08730176214635725,,,101426.32211538461,,,2.42603550295858,116.13121023685974,0.1255407135867508,,277.77775257720043,,74323.14820636094,0.3976850340352256,0.0005604839889255501,0.08295373067386537,0.003193014472193972,0.0007489503488032776,,267.56496452015534,-0.06805133854849099,-0.05996124561016376,-2.5003968599754744e-08,0.0012109011442492821,0.0006192266547049468,3.9822208834088754e-07,0.1359607690625642,0.0032016895931853344
1975-10-22 18:00:00,,,3.8590978814299994,,,,,,315.6908421670237,2.8907811853307238e-06,8.068008888402635e-07,2.4688314404007953e-09,1.0580706173146265e-09,2.1765403943331795e-08,,3.7067397078113444,0.3052978515625,,,,,,2.1133748208277326e-06,3.346589190014721e-05,1066.2470414201184,7.994186419707079e-06,5.666932543001231e-07,,279.58302803716714,4.662101614404712e-06,,279.86970691568047,1.2312150565830208e-05,,,,2.1161963424739046e-06,,3.841545807539359e-06,,,,,,,3.634648915578628e-05,,,,,,,,,
1975-10-23 00:00:00,-0.302750068303396,0.3391178289108728,,-0.3124991874017659,-0.1414039261947722,278.02673556536615,280.34131292760725,0.8546162311142013,,,,,,,0.0,,,271.4599304199219,271.4601593017578,271.45985412597656,271.4599609375,0.34815356011926774,,,,,,0.08060595269739275,,,101523.13221153847,,,2.3136094674556213,117.09471338035087,0.12548687331069855,,277.5864763429179,,74393.92349297338,0.3583859776604105,0.0005317206918840577,0.05850346130732249,0.00284703948794032,0.0010229257436899038,,267.6439888858231,-0.156743145553318,-0.07536959224904077,-5.071740024666282e-09,0.0013531406269513468,-0.00010731247578852275,6.620296533357286e-07,0.1293848893817338,-0.030988415670112745
1975-10-23 18:00:00,,,4.737473818324727,,,,,,128.88552099917115,2.177663632398526e-06,3.6896079690498715e-08,5.631505087370703e-09,0.0,-4.125578828726361e-08,,4.6480518688817,0.3352986172106139,,,,,,4.969471128734611e-06,4.3135158409028366e-05,1141.3180473372781,7.89369175420005e-06,1.0603961683589327e-06,,279.5233551567123,6.129799862585124e-06,,279.83634921643863,1.5515591618577404e-05,,,,4.975444819094867e-06,,3.6087261854544195e-06,,,,,,,4.533233021843363e-05,,,,,,,,,
1975-10-24 00:00:00,-0.4711944929946809,0.430603394141564,,-0.29395360777363977,-0.19880303828673956,276.9916320439626,281.2879501433062,0.8552479384213509,,,,,,,0.0,,,271.4598388671875,271.4598083496094,271.459716796875,271.4599609375,0.34089236287675667,,,,,,0.0694186419424926,,,101393.86612426036,,,2.224852071005917,116.03186667177098,0.12541998914007604,,277.6406827847633,,74307.5625,0.34784197384083765,0.0007534083530042298,0.057701968582424185,0.0022339115481404864,0.002323229637371718,,268.5133558645756,-0.13551088479849008,-0.10519701489330044,-2.9681790122395854e-08,0.0029363855595573693,0.00236834553566337,9.054041497916336e-07,0.13181486423816202,0.0669979939799337
1975-10-24 18:00:00,,,4.726569062859349,,,,,,676.5125286548168,4.4502891027010406e-07,1.228973820541032e-08,3.526928965842693e-10,0.0,-3.618508624360682e-08,,4.6095673939180095,0.3032737596500555,,,,,,9.180702401336129e-06,3.393779139546953e-05,1130.76775147929,4.956752238188975e-06,1.6277644937560404e-06,,279.5621374006102,5.39265528938474e-06,,279.84981451090977,1.0290838910277779e-05,,,,9.180702401336129e-06,,3.3859141479582478e-06,,,,,,,3.43842971959763e-05,,,,,,,,,
1975-10-25 00:00:00,-0.23831039631860496,0.5139620797873954,,-0.17227420581163033,-0.1085626049154609,277.7236891526442,279.66210504114275,0.8569309461046253,,,,,,,0.0,,,271.4601745605469,271.4601287841797,271.45989990234375,271.4599609375,0.3192200068186021,,,,,,0.08922798111593935,,,101445.00147928995,,,2.591715976331361,116.83521356526211,0.12542759314091248,,277.87703980214496,,74312.81155232988,0.3357813908503606,0.001558818760708239,0.06040934726083376,0.001389858990731324,0.0020463255030163646,,267.37536287025586,-0.06006648836756599,0.014582326778998742,2.5959964581671723e-08,0.006988810364311263,0.006163461673894578,5.321667258236447e-07,0.22346301037355287,0.07191738115965261
1975-10-25 18:00:00,,,4.867516574069593,,,,,,449.68131564122547,4.177218710882424e-06,6.299487937836957e-07,3.3036464020698025e-08,2.0466859765163452e-10,-4.465559249662535e-08,,4.792121210041836,0.3727534367487981,,,,,,1.3465403452427429e-05,5.7505256325535524e-05,1374.157174556213,1.0339047252779176e-05,2.313052585139077e-06,,279.9650445520525,8.08835470464808e-06,,280.19515503651996,2.289060833891468e-05,,,,1.349904128080289e-05,,4.6036652559359396e-06,,,,,,,6.167343734989505e-05,,,,,,,,,
1975-10-26 00:00:00,-0.051222101471127844,0.6342537388999081,,-0.13901799670337925,-0.008560908616647213,278.2245385886649,281.02023189025516,0.8561202252404929,,,,,,,0.034883668436806584,,,271.4597930908203,271.4599151611328,271.46018981933594,271.4599609375,0.43070510391162475,,,,,,0.23323366063586354,,,101510.40606508875,,,2.6449704142011834,116.57206175313193,0.12550859620585245,,278.5214237009985,,74340.86265717456,0.5445988912069233,0.005017833596855931,0.06927929340681604,0.0023106512938730816,0.0063179681992389745,,267.2811452651165,-0.040107879412950145,0.07379975967858671,-1.1899274908737749e-07,0.04482252899000763,0.02230090055939846,-1.396434505596845e-07,0.26204540709876756,0.09830403892246224
1975-10-26 18:00:00,,,5.137479099296254,,,,,,292.8886115289504,2.722415698350534e-06,2.5974669267792673e-07,3.938337225885786e-07,3.419545087853127e-08,7.119252753393041e-08,,4.933649625651229,0.3860486273229475,,,,,,1.6186320217403433e-05,4.3276058146234095e-05,1372.9451894365118,5.69788661934215e-06,2.693969028941273e-06,,279.75665969397187,6.473915287728846e-06,,280.02524905232985,1.4904423578251043e-05,,,,1.657943753801154e-05,,2.4499625143920175e-06,,,,,,,4.5990185624748996e-05,,,,,,,,,
1975-10-27 00:00:00,0.5110403715506108,0.48941499382786496,,0.19321436007347334,-0.047821439934905466,278.6688196306398,280.63318087786615,0.8573641505467116,,,,,,,0.002144085585012944,,,271.45985412597656,271.4598388671875,271.46014404296875,271.4599609375,0.45459941380034535,,,,,,0.08074571959365755,,,101708.96431213018,,,2.727810650887574,118.38733542177098,0.12590767787053034,,278.21164825258876,,74468.87301220415,0.46961175522508003,0.002412606978557519,0.049949681330038256,0.0012581560033312917,0.005040806426099066,,267.2915114002115,0.11884307861328125,0.061399962069720204,2.867463506350415e-08,0.020812136181712855,0.01256360385500476,4.4466072098302417e-07,0.12488197574954062,0.09029275884289713
1975-10-27 18:00:00,,,4.4440727177456285,,,,,,310.3922751713725,1.1913875150962694e-06,3.9172033674618195e-08,1.5998771689699952e-07,0.0,-3.3520896417590286e-08,,4.297302607248521,0.23802212145201554,,,,,,3.936055761117202e-06,2.8348621532056457e-05,813.6386834319527,4.444491757443671e-06,7.787895714037517e-07,,277.4301252195821,3.8622663571284366e-06,,277.7755177514793,1.129371351038916e-05,,,,4.096276308657855e-06,,2.062201676284068e-06,,,,,,,2.9533748796000282e-05,,,,,,,,,
1975-10-28 00:00:00,1.166644102017555,-0.18936774575498683,,0.3225711167916744,-0.3611593020738229,273.9493166229429,277.32036017242973,0.8553358947736978,,,,,,,0.0,,,271.4599609375,271.4600067138672,271.4600830078125,271.4599609375,0.2643382055519601,,,,,,0.03611954006217641,,,101814.04807692308,,,2.289940828402367,115.8566401554988,0.12611393674590884,,275.54634040065065,,74506.09321838018,0.2671153051613351,0.0010141098993064384,0.03398043492396662,0.0016522605038253512,0.0019926263030464126,,265.6592620307877,0.1921536739055927,-0.19030191771377472,5.6448520566598573e-08,0.005159152315474203,0.0003584175130914478,3.444948082117463e-07,0.0999360869710262,0.002454625431602523
1975-10-28 18:00:00,,,4.2963563591770875,,,,,,154.38281719501202,3.1629037222213293e-06,6.173401189273631e-07,7.722207163212567e-07,1.059875399226973e-07,-3.21428827853934e-08,,4.142313883854793,0.28199108958949703,,,,,,1.0974220270235862e-05,5.079162191357133e-05,961.5939349112426,9.14560972586186e-06,2.453246941933265e-06,,276.7319075906065,7.871516357512164e-06,,277.0584319526627,1.5222550143856974e-05,,,,1.1744451593365189e-05,,9.668891775537525e-07,,,,,,,5.39660101106181e-05,,,,,,,,,
1975-10-29 00:00:00,0.838166519029606,-0.23025407734707262,,0.2826658508481359,-0.3362451982216017,272.3073089419032,276.3816250231139,0.8526508508349312,,,,,,,0.0002521368173452524,,,271.4597930908203,271.4600067138672,271.4603729248047,271.4599609375,0.285913862420257,,,,,,0.07490268684703218,,,101708.60595414201,,,2.4615384615384617,116.20896541437453,0.12617126442271576,,274.7049969554653,,74425.8598141642,0.2949730686887482,0.0024518571661774225,0.038786146384951044,0.00254477551702917,0.00801596556894878,,265.4397971249191,0.14838704660799376,-0.10385157793936645,7.528915537036295e-08,0.015530603171805659,0.0022582646690794,3.798039541882876e-07,0.13795449746386548,0.014469677879965517
1975-10-29 18:00:00,,,4.210485582520976,,,,,,265.8208224209872,2.8604277844965106e-06,6.960561642279991e-07,9.921616351110696e-07,1.8037348632981791e-07,-3.661675180291988e-08,,4.000130839601776,0.2626788799579327,,,,,,2.2490084523985372e-05,5.6944126208152994e-05,924.9937130177515,4.234949688939653e-06,4.439003016116351e-06,,276.8401124491494,8.648272449448264e-06,,277.1044271796413,1.6146686655529858e-05,,,,2.3485993492532765e-05,,2.823836175647713e-07,,,,,,,5.97995061140794e-05,,,,,,,,,
1975-10-30 00:00:00,-0.18604280257366113,-0.058789241948776695,,-0.13307413970224957,-0.3134165600206725,272.7474667701496,276.40222384661615,0.8511132139426011,,,,,,,0.0,,,271.4602355957031,271.45960998535156,271.46022033691406,271.4599609375,0.2637732692018768,,,,,,0.09393852279031065,,,101497.9461908284,,,2.3136094674556213,115.87342085076507,0.12637342362714238,,274.8603102102787,,74264.22286427514,0.2762134258563702,0.0034499478763377173,0.036572337855954144,0.0020845514782787075,0.009807067509938979,,265.5847781028973,-0.10629583392622909,-0.16605201698619232,3.2264811044335697e-07,0.01802745795064432,0.005796558339391234,1.0097846071946728e-06,0.10023559480023807,0.03539446298275473
1975-10-30 18:00:00,,,4.506400655712602,,,,,,645.5738696474018,1.3036642377898539e-06,1.725853701844018e-07,6.087763598684728e-07,1.1864718953533286e-06,-7.327936043633567e-08,,4.330317959982968,0.21963203023876665,,,,,,1.14465606283154e-05,3.699288213041407e-05,864.1771449704142,4.586317306439552e-06,2.3373882093373137e-06,,276.4051304202108,5.658451445709319e-06,,276.72067278799926,1.1151535271187506e-05,,,,1.205556844113141e-05,,3.6286862467873026e-07,,,,,,,3.829422081715962e-05,,,,,,,,,
1975-10-31 00:00:00,-0.015360849143485346,-0.12956073580408942,,-0.047863638612645615,-0.3871457195846287,271.95599753475756,276.899937014608,0.8491301808131517,,,,,,,0.0,,,271.4601135253906,271.45960998535156,271.45989990234375,271.4599609375,0.2621667624930658,,,,,,0.0653525809564534,,,101584.78494822486,,,2.4615384615384617,115.98344304011418,0.12652839288203674,,274.17287205803325,,74286.91286057692,0.2710659771981324,0.0014403868003709781,0.036002967053385085,0.00048282724865794885,0.0022829721665241307,,264.9409472222864,0.039364760796699295,-0.15050402301303029,4.821267067366927e-09,0.004663427673092873,0.001860888280834143,4.271023983660033e-07,0.10906337606500195,-0.003716331261854905
1975-10-31 18:00:00,,,5.428027305377306,,,,,,445.52984313964845,6.113939824894335e-07,3.675693238275291e-07,5.630864458676626e-07,1.1377290067588084e-07,-2.7424386601217268e-08,,5.241393523808767,0.3133079032220784,,,,,,2.3674506407517652e-05,5.148377644239798e-05,1059.6664201183432,4.032240993172459e-06,5.63008192728257e-06,,275.82901632997414,8.289454251351442e-06,,276.18258540588016,1.5791042669284977e-05,,,,2.423722363082615e-05,,0.0,,,,,,,5.209075628653081e-05,,,,,,,,,
1975-11-01 00:00:00,0.41480914798714,0.1479534228172528,,0.15666305948291304,-0.3279284923034307,271.5004897258691,274.9949192746856,0.8475299449361993,,,,,,,0.0,,,271.46002197265625,271.4602355957031,271.46002197265625,271.4599609375,0.3111812433547522,,,,,,0.07418444029678255,,,101662.75351331361,,,2.698224852071006,116.58186204898992,0.12671301632943238,,273.4578749978331,,74341.75027736687,0.3252554447693232,0.002477016674696341,0.04524959649852086,0.0016993686292298446,0.0059296196029031065,,263.5819925161508,0.09878845645125801,-0.10784739432250254,3.311832392548305e-08,0.012609436434346455,0.006294767398486388,8.102196417528496e-07,0.17791282984885504,0.027584557349865254
1975-11-01 18:00:00,,,5.363840069291154,,,,,,497.4560226330654,0.0,0.0,0.0,0.0,3.3472983806170856e-08,,5.279439627066166,0.14076738526835245,,,,,,5.042544130742902e-06,1.4684785752606815e-05,637.9537721893491,1.9686065129274447e-06,1.084665663143587e-06,,275.1527598002959,2.0130124141478678e-06,,275.4392017612796,5.292028365050547e-06,,,,5.042544130742902e-06,,0.0,,,,,,,1.4684785752606815e-05,,,,,,,,,
1975-11-02 00:00:00,0.4930460128558458,-0.10016865137766098,,0.16940040136935444,-0.4704627708570492,270.32206861507257,273.83342819665313,0.8458244691233663,,,,,,,0.0,,,271.45965576171875,271.45977783203125,271.4600830078125,271.4599609375,0.2148915127184264,,,,,,0.06219067093888683,,,101667.15643491125,,,2.3846153846153846,116.29610483745147,0.1268433875586154,,272.9086629653118,,74399.73587740384,0.23085274780995746,0.0007585449331610866,0.0359145597452148,0.0002838972757553913,0.0011164083988708857,,264.27356534878885,0.0897168217326057,-0.22868276065623266,-1.4215412279258594e-08,0.0029021127544000425,0.0019027182829604876,2.202733794655017e-07,0.12222949146519047,0.0228290794163766
1975-11-02 18:00:00,,,5.761584417354426,,,,,,791.0313752205141,5.755297971900398e-07,8.818798163938804e-07,0.0,0.0,5.192562494118362e-08,,5.69693206471099,0.21862693651188056,,,,,,1.3376040571540065e-05,2.3116550501987074e-05,887.3687130177515,1.1820687785656494e-06,3.1653505105238696e-06,,275.7849698941383,4.223696667061755e-06,,276.14508742834687,7.733085451746833e-06,,,,1.3376040571540065e-05,,0.0,,,,,,,2.3684337647003536e-05,,,,,,,,,
1975-11-03 00:00:00,0.4778400398570405,0.5437182477240027,,0.19602974773158688,-0.03739692191400471,272.06898886776537,276.36075316660504,0.8438774089841448,,,,,,,0.0,,,271.45997619628906,271.4602813720703,271.4601287841797,271.4599609375,0.28943457970252406,,,,,,0.10017873549602441,,,101480.68657544379,,,2.514792899408284,117.67283838035087,0.12694607966044952,,273.8344292273888,,74250.43373243343,0.32662403660264283,0.002217154531083869,0.07708680775352704,0.0009442983999760193,0.0035653311825362887,,264.5353297848673,0.10590492233016788,0.013800570245325213,2.947485216056047e-08,0.011588632474934473,0.007755034636243208,6.329734395010143e-07,0.4316025060000857,0.10768213779968623
1975-11-03 18:00:00,,,5.299493106864613,,,,,,939.002498450646,2.8215216461723372e-09,0.0,0.0,0.0,9.790449993913585e-08,,5.256853611511592,0.20380631847494451,,,,,,2.0683957980229306e-06,1.1358740767078287e-05,849.0972633136095,1.4473083456592447e-06,5.383375128345376e-07,,274.445129755686,1.4812602887492208e-06,,274.7641514885355,5.604996836397069e-06,,,,2.0683957980229306e-06,,0.0,,,,,,,1.1358740767078287e-05,,,,,,,,,
1975-11-04 00:00:00,0.9253279048310229,-0.904543871004906,,0.37456369682176577,-0.582158224117121,270.84985279331545,274.1474857668905,0.8420540193128868,,,,,,,0.0,,,271.4598388671875,271.4600372314453,271.4602508544922,271.4599609375,0.2715402637007674,,,,,,0.11038397614067123,,,101587.94397189349,,,2.1479289940828403,117.48751108745147,0.1270966558061408,,272.06374562280416,,74266.9592039571,0.3075156558605363,0.0010038508466009557,0.04743884599685997,0.0006249275433241263,0.0016995492066151996,,262.97142110068415,0.20408644972468268,-0.31371733987119776,2.648483955750129e-08,0.00417261269665461,-0.0030087557505573746,4.4573093254736365e-07,0.09019405912530758,-0.07102375799382227
1975-11-04 18:00:00,,,4.393613273575461,,,,,,672.133504767167,1.269676130176825e-09,0.0,1.7351436789682102e-09,0.0,2.6557196857140416e-08,,4.253417290526734,0.04362352359929734,,,,,,2.952857416938748e-07,1.1909218538089616e-06,156.7041420118343,4.049296871092193e-07,9.838747929715546e-08,,275.47422510632396,1.016698402942285e-07,,275.8140991933247,4.927729691803103e-07,,,,2.9721176086445533e-07,,0.0,,,,,,,1.1909218538089616e-06,,,,,,,,,
1975-11-05 00:00:00,-0.07823349879338191,0.37082051384378467,,-0.07733691514596432,-0.186559186179257,266.4228169819307,273.5492441752959,0.8387570987791705,,,,,,,0.0,,,271.4600067138672,271.4601287841797,271.4599304199219,271.4599609375,0.06943760256795488,,,,,,0.01824073114338711,,,101568.60576923077,,,1.9230769230769231,116.85844304011418,0.12702986756725423,,271.2052020010864,,74392.38466161242,0.07539015549879807,0.00025015681453005096,0.017808722321098373,0.00013930769361687834,0.00018525864245623526,,266.16677179280117,-0.035024601679581865,-0.11964724614070012,-7.039333832733586e-08,0.0004726612916148747,0.0008522180265012699,1.2333862152509942e-08,0.021205091264826306,0.023944785961737998
1975-11-05 18:00:00,,,4.942234887879276,,,,,,1026.8348993192053,4.6700591871724327e-07,0.0,3.5107554592324434e-07,0.0,7.806224776907223e-08,,4.8470805297941855,0.16679734450120193,,,,,,2.4114200878425462e-06,1.5622522880339765e-05,686.2533284023668,3.2175376394091275e-06,7.001727202234889e-07,,275.5821208163831,1.7634951151334321e-06,,275.91669892982617,7.008836114194972e-06,,,,2.7627105543599325e-06,,0.0,,,,,,,1.609076321477721e-05,,,,,,,,,
1975-11-06 00:00:00,0.2529394330357659,0.2003694850312182,,0.0015898766602284809,-0.16629273792695717,272.3840241742557,276.30307241586536,0.8349374881862889,,,,,,,0.0,,,271.46058654785156,271.45997619628906,271.4599914550781,271.4599609375,0.21074283757858728,,,,,,0.09821477585290311,,,101574.4387943787,,,2.455621301775148,118.64429270727395,0.12697246370936285,,272.77460357846593,,74369.07019693048,0.2457657311795026,0.0003578648764706222,0.04624448941480479,0.00025036490175145616,0.0008798068797094582,,264.115671823716,0.03967341304530759,-0.09001858276728342,4.167344749362873e-09,0.001254163317371314,-0.0005018631293928835,-2.1551593645791296e-07,0.09999344134207308,-0.05340409278869629
1975-11-06 18:00:00,,,5.2512263066669895,,,,,,708.5530198041131,2.1740265146515074e-06,1.598634487073097e-06,1.4828198407528668e-06,0.0,9.167048589253853e-08,,5.197158197326773,0.16091602934888127,,,,,,8.056381133181104e-07,1.2960395164038303e-05,587.5096153846154,1.9902418527377426e-06,2.5052026178709853e-07,,275.93367320404957,1.5301464577398357e-06,,276.203351805196,6.6942805369224775e-06,,,,2.2883422275972084e-06,,1.1245086348268407e-06,,,,,,,1.5136625992475882e-05,,,,,,,,,
1975-11-07 00:00:00,0.5567032797096749,0.3296751157771906,,0.18198328751784104,-0.16913465353158805,270.35872826209436,274.7507974297337,0.8320486908833656,,,,,,,0.0,,,271.4598083496094,271.4603271484375,271.45997619628906,271.4599609375,0.16041348248543824,,,,,,0.05040817712185651,,,101524.28531804733,,,2.4142011834319526,119.4876266569781,0.12689442042062973,,272.7197507598696,,74357.08069064349,0.17503907694619084,0.0003803742707833736,0.029973543607271634,0.0005006493901359965,0.0009649265447311852,,263.92548131096294,0.04694569322484485,-0.11057376297267936,1.4856699886102369e-08,0.0025274739317429256,0.0006129432954555433,3.896512093915213e-07,0.1127104446520621,-0.012107906256907086
1975-11-07 18:00:00,,,5.656781066804243,,,,,,557.2883453369141,4.233781402633035e-06,5.862785822893741e-08,2.102391827388628e-07,1.2909357033714035e-08,7.701237538543402e-08,,5.476186441951955,0.2145434498081546,,,,,,1.1837209117483106e-05,2.489058223701793e-05,721.8051035502958,3.5591952546813784e-06,2.6294487644229414e-06,,276.0241959250185,4.552459046685484e-06,,276.33878917806953,9.749459444418462e-06,,,,1.204723613502006e-05,,7.634530582371548e-07,,,,,,,2.912727333384858e-05,,,,,,,,,
1975-11-08 00:00:00,0.03719994020179884,0.8596243435109155,,-0.084774299486149,-0.04336629675690239,270.6340539695243,275.88419933431953,0.8322072367696367,,,,,,,0.0,,,271.4591979980469,271.46014404296875,271.4600372314453,271.4599609375,0.31665704879198864,,,,,,0.060879137389053255,,,101600.37148668639,,,2.5976331360946747,117.41040309928579,0.12696781384168998,,273.62487991603876,,74361.53887758875,0.3248277511778315,0.0016080416165865385,0.04280740416267082,0.0010008304076787283,0.003174042560645109,,263.6972087431236,-0.05461899592326237,-0.06698327374881541,-4.4924700677466504e-08,0.009447729566338412,0.006202946033259198,4.1040292935523054e-07,0.1511851818956567,0.0156730007843153
1975-11-08 18:00:00,,,5.890047727957279,,,,,,567.6890873872032,9.55939248821439e-07,1.554730067239005e-07,2.69739122609415e-07,0.0,6.63745358583556e-08,,5.700321688454532,0.20195540027505549,,,,,,1.2298263388977954e-05,1.9768770982527876e-05,624.0776627218935,1.9759689209729255e-06,2.080166833640556e-06,,275.3713812291975,3.2815949980323837e-06,,275.79505189071745,5.993815745122334e-06,,,,1.2567939137566018e-05,,5.81982925798766e-07,,,,,,,2.0724561440168753e-05,,,,,,,,,
1975-11-09 00:00:00,0.44567816356230067,1.0069446450859838,,0.09185727249235796,0.06274271293504703,268.3642897746972,274.48699120515903,0.8341119906606054,,,,,,,0.0,,,271.4592742919922,271.4600524902344,271.4600830078125,271.4599609375,0.20860913519323224,,,,,,0.02497177575466901,,,101547.19304733728,,,2.455621301775148,116.55565088035087,0.12717395703468096,,272.27056153427213,,74259.29135077662,0.2112530589809079,0.0022753935593825122,0.02384607011554611,0.0003775195962578587,0.003291874947632558,,263.564999281302,0.03486780196251954,0.015773005739471616,1.4557682178203656e-07,0.018104163619838434,0.0151189431490772,3.073698587539281e-07,0.07655102322732248,0.07360233745631381
1975-11-09 18:00:00,,,4.877582380757529,,,,,,545.1419440960062,2.8179809671534587e-07,1.1274720591729915e-08,0.0,0.0,2.7208987042409803e-08,,4.7137014456754605,0.20406364124907544,,,,,,9.949743395020976e-06,1.9872153299094656e-05,718.9545118343195,1.6224741406694672e-06,2.028806322425075e-06,,273.9340766139284,3.1306766546689546e-06,,274.3374846870377,5.980325344751572e-06,,,,9.949743395020976e-06,,0.0,,,,,,,2.0159595816798464e-05,,,,,,,,,
1975-11-10 00:00:00,0.003136183383196769,-0.3676050005579841,,-0.06554325374625844,-0.5670241068100789,268.8580427000509,274.1987345317412,0.8330870824452687,,,,,,,0.014799400194156804,,,271.4603271484375,271.45973205566406,271.460205078125,271.4599609375,0.2496747801289756,,,,,,0.05245863333256287,,,101644.52921597633,,,2.106508875739645,115.26074056230352,0.12736951669997718,,271.36919434677213,,74265.88697300295,0.2740684373844305,0.001325976919140336,0.04435102474054641,0.00039315929074259197,0.0033053561780579696,,262.5274434287167,-0.031485800207013914,-0.28111050961285655,1.318963047288518e-07,0.00662502309935341,0.0004637996905852528,7.833320346193184e-07,0.18844241499019093,-0.01893208189123481
1975-11-10 18:00:00,,,5.612673906179575,,,,,,468.29094292865534,5.700686097850461e-07,1.1161818394999532e-07,4.133518878921602e-09,1.8329278134724356e-10,9.013536209588424e-08,,5.549245715846677,0.1156210814707378,,,,,,7.579312522030441e-06,1.5711819631813547e-05,522.3417159763313,9.981463470402554e-07,1.7019506742262982e-06,,274.94010753744453,2.424723121541492e-06,,275.23786953356137,4.409156607452935e-06,,,,7.583632977051142e-06,,0.0,,,,,,,1.6282384212200457e-05,,,,,,,,,
1975-11-11 00:00:00,0.5017676889543703,0.21481432717227372,,0.150314398771207,-0.2654059314163479,270.4967044627173,275.3161953356139,0.8307096055273474,,,,,,,0.0,,,271.4599609375,271.4602508544922,271.4600067138672,271.4599609375,0.1749251326160318,,,,,,0.021916632116193602,,,101473.53846153847,,,2.3076923076923075,116.88518582857571,0.12738809642001722,,271.9649396365916,,74242.92159763313,0.17972451836399778,0.0008161011532213561,0.027800294774523854,0.0006088025471162514,0.001127085036780002,,263.87751941568047,0.05236488192744509,-0.1362713920999561,-2.1276945081544962e-08,0.0034214389887941483,0.0033264947854004493,5.027048665886888e-07,0.08979307390617196,0.045322610781742975
1975-11-11 18:00:00,,,5.78468954774755,,,,,,429.95147705078125,0.0,0.0,0.0,0.0,5.444912293294897e-08,,5.662911251451842,0.15964097243088943,,,,,,1.1799383092914108e-05,1.5424553459212623e-05,707.6397928994082,6.702105850863034e-07,2.3494898920228494e-06,,274.64589208117604,2.8507949332513753e-06,,275.0332103480954,4.047009895539143e-06,,,,1.1799383092914108e-05,,0.0,,,,,,,1.5424553459212623e-05,,,,,,,,,
1975-11-12 00:00:00,1.7371889201141673,0.8029316868302385,,0.6410127617198335,0.07417455368493436,271.97301126513963,275.37012874445264,0.8317854802989395,,,,,,,0.0,,,271.46046447753906,271.4600830078125,271.45973205566406,271.4599609375,0.2217817137227256,,,,,,0.049057548568093565,,,101379.92585059171,,,2.4911242603550297,116.99486130934496,0.12751005387165137,,272.1244267570902,,74157.77725129438,0.2317215958995932,0.0019508720149655314,0.03480829995059403,0.0002438429544663288,0.002857377543251895,,263.734187560674,0.3901468607095572,0.0959926938869544,4.098562598053659e-08,0.01315530515942356,0.00300050940166211,4.635162144546678e-07,0.23967955098349666,0.015948589736893334
1975-11-12 18:00:00,,,4.946059480926694,,,,,,467.8214809533321,3.4606844715818145e-06,1.8688998895989367e-07,2.7385071889888605e-06,1.9014686257881524e-07,5.2237215673360844e-08,,4.81663981556187,0.17684485079974113,,,,,,3.989852039066292e-06,1.234918303743622e-05,699.5162721893491,2.2069148763397036e-06,8.298249463357869e-07,,273.9415911612426,1.8885237930794439e-06,,274.3739902112611,5.4899316567641036e-06,,,,6.728623745709481e-06,,0.0,,,,,,,1.580642877951176e-05,,,,,,,,,
1975-11-13 00:00:00,1.1477373111882858,-0.14716658507578473,,0.35370816140485234,-0.20562667395236225,268.344899013903,273.2153160501514,0.830504562022418,,,,,,,0.0003727060803294887,,,271.4604797363281,271.4603576660156,271.45994567871094,271.4599609375,0.21626742210613906,,,,,,0.0632288103272929,,,101518.42289201183,,,1.680473372781065,115.83854196762897,0.1274995154883029,,270.732346664519,,74269.37185650888,0.23249401566544933,0.000842311678553474,0.03995369454107341,0.00160253400633321,0.004368415245643029,,264.2931517651801,0.20992708523597944,-0.06057098772398819,2.075409971848516e-07,0.010747057431809379,-0.003681964070133909,5.369121139902158e-07,0.1553766011527723,-0.032535628101529455
1975-11-13 18:00:00,,,5.386940837611814,,,,,,558.7891513139774,3.099221096941705e-06,9.019819526387566e-10,2.8921478598780884e-06,0.0,3.6627315933686633e-08,,5.257752548308062,0.22850244285086907,,,,,,2.2607607513489806e-06,1.827565699639405e-05,799.844674556213,6.221411143534282e-06,6.455498246046213e-07,,274.4848993967271,2.8036887476430135e-06,,274.86229168592826,9.732574400817149e-06,,,,5.152142612186409e-06,,2.086686091662864e-07,,,,,,,2.137501035216292e-05,,,,,,,,,
1975-11-14 00:00:00,0.9197987776536208,0.15065044199926614,,0.3939615001339884,-0.12514939392812152,269.29146165114184,272.8484551243528,0.8282853498966736,,,,,,,0.0,,,271.4606170654297,271.45957946777344,271.45982360839844,271.4599609375,0.3067711824496117,,,,,,0.09809577535595414,,,101440.6701183432,,,2.5798816568047336,117.65434725609052,0.1274792146400587,,271.85237049351076,,74242.40742880917,0.3205724411462186,0.0009901960925943047,0.06584926215331098,0.0021530410947178946,0.0032371656429132766,,262.452728090907,0.20362862609547272,-0.05395024203689846,7.2076109709141e-10,0.006001099799456593,-0.0006467916027328672,-8.37157906126782e-08,0.30030537890435677,-0.05121468792300252
1975-11-14 18:00:00,,,5.149805847709701,,,,,,595.2333433473265,1.6404282764570248e-06,4.509909763193783e-10,1.4338179452884832e-06,0.0,6.618282957831378e-08,,5.086403654877251,0.2367402025933802,,,,,,1.564621925354004e-06,1.838384471701447e-05,800.6409023668639,2.8512357960085895e-06,5.614056566057826e-07,,274.87808570636093,2.3532151823213114e-06,,275.1777777135725,8.094636998938385e-06,,,,2.9982635255396014e-06,,0.0,,,,,,,2.002645526411971e-05,,,,,,,,,
1975-11-15 00:00:00,0.05593942044049325,0.38502442060843023,,-0.10874824975369245,-0.1631784326226048,268.73893773908446,272.8600149662537,0.8287478304473606,,,,,,,0.0,,,271.4600067138672,271.45994567871094,271.45994567871094,271.4599609375,0.25340334198178627,,,,,,0.1212327042980307,,,101289.84670857988,,,2.5384615384615383,116.23778845431536,0.12743092147556281,,271.6948736969536,,74167.11524593196,0.2906526576055313,0.0005785276198528222,0.06301971146500719,0.0010823159528201853,0.0017620741262943788,,263.43399029793824,-0.04547463472072895,-0.08604655569121683,4.728301505753826e-09,0.002956672518472077,0.00027906548606573475,-3.030154779663629e-07,0.21165697389012259,-0.05494386486753204
1975-11-15 18:00:00,,,6.191412819207772,,,,,,670.0729903232905,6.590416026714991e-08,8.117729941239723e-09,2.3994515250442474e-10,3.5992311038209135e-10,5.954511861624086e-08,,6.086455050657487,0.21372633713942307,,,,,,4.408142623111341e-06,1.4833885537096735e-05,767.7596153846154,2.0788222022310517e-06,1.0234298261665028e-06,,274.804983646912,2.1007000165578175e-06,,275.11275540865387,5.118791344603138e-06,,,,4.408671658419998e-06,,0.0,,,,,,,1.4899089138888749e-05,,,,,,,,,
1975-11-16 00:00:00,0.25249334482046276,0.8946131136290421,,-0.017751343856901813,0.0213686418251173,271.03866477830877,275.5679274338942,0.8324622014570519,,,,,,,0.0,,,271.4593505859375,271.4602508544922,271.45982360839844,271.4599609375,0.27669005986501477,,,,,,0.07133140789686575,,,101344.17159763313,,,2.6153846153846154,117.80246116141596,0.12743772980729504,,272.1625153129623,,74202.92684448964,0.28524969879692125,0.0008212913422894901,0.0499353613704443,0.0011057148318318925,0.0022260338597043733,,263.6340967663646,-0.03193209968375031,-0.07556496569390833,4.198635806944862e-08,0.003676448115175204,0.0011763082191722808,1.8852367823579785e-07,0.2370228498689169,0.00032349980089086045
1975-11-16 18:00:00,,,6.707681881605521,,,,,,529.7904577010717,1.3908806681280306e-07,0.0,4.868175332935957e-09,0.0,4.813105697824879e-08,,6.650121564695821,0.2248788867476424,,,,,,7.060659531305527e-06,2.049681173979178e-05,795.2370562130177,2.992620482247257e-06,1.5571933878949409e-06,,274.87442359698593,3.407747876009292e-06,,275.1296198918269,5.906216315263827e-06,,,,7.062996103918764e-06,,0.0,,,,,,,2.0632068433705166e-05,,,,,,,,,
1975-11-17 00:00:00,0.011658758806759083,1.065000686419786,,-0.11271745918770514,0.16531095561191175,271.5086661795893,276.61426359097635,0.8321597283408486,,,,,,,0.0,,,271.4593963623047,271.4597625732422,271.4601287841797,271.4599609375,0.2537836379553439,,,,,,0.05438358826044749,,,101487.61593934911,,,2.591715976331361,116.57162258893075,0.12751450058976574,,271.85783666125417,,74280.20559818787,0.2643464218229937,0.0011248856606568105,0.041138840602303044,0.0005825172514605099,0.0017896798940805288,,263.3968234993297,-0.044066126529987044,0.053314605408166287,-3.3388990759596395e-08,0.0054857998900939954,0.004051187632263765,4.847313569494959e-07,0.21483795166280142,0.028615781541406756
1975-11-17 18:00:00,,,6.848329103910006,,,,,,482.21308051215277,7.969627608738002e-08,7.055181811547138e-09,4.782120989271875e-08,3.633432409907939e-08,3.4244310656030656e-08,,6.576831676550871,0.22198856511764978,,,,,,1.3803280669556567e-05,2.9062378335986618e-05,784.7496301775147,3.1358347489283633e-06,2.697947815325133e-06,,274.21940441244453,5.371163229970537e-06,,274.5398411496856,8.02877210301055e-06,,,,1.3850673415957118e-05,,0.0,,,,,,,2.914217449504243e-05,,,,,,,,,
1975-11-18 00:00:00,0.27146361988677076,0.9757875747229221,,-0.04263621674486871,0.05487984877366286,267.8904223921736,273.4474852071006,0.8336988172587558,,,,,,,0.0,,,271.4606628417969,271.4597625732422,271.45997619628906,271.4599609375,0.2178341115014793,,,,,,0.03165765344743898,,,101670.33616863906,,,2.6923076923076925,116.3203975519485,0.12778764363576675,,271.22364445974137,,74352.45966623521,0.22409193050226517,0.0020430186796470506,0.03278119837005551,0.0007450171476285133,0.0047150109646588384,,262.6540883984086,0.002986722443936139,0.035692034388434955,7.372246194973907e-08,0.01140371580756636,0.009180731348916471,7.8938534612817e-07,0.1458091567196062,0.03679358535969751
1975-11-18 18:00:00,,,5.789618018463519,,,,,,382.63102949911087,1.7383879811100705e-06,7.441281148138836e-09,1.6806349599149806e-06,1.221603146318853e-07,3.6618775294090696e-08,,5.63393583135492,0.18186219345183063,,,,,,6.653192127950093e-06,2.21597460600046e-05,635.2148668639053,2.6651035399126584e-06,1.8178094068222498e-06,,273.81160867002586,3.321415926577777e-06,,274.0799524431398,7.806268669444429e-06,,,,8.333540527072884e-06,,0.0,,,,,,,2.3918744375014448e-05,,,,,,,,,
1975-11-19 00:00:00,0.30475983817196456,0.7584999919643064,,-0.0597153048543535,-0.010306742064346223,269.836034740922,274.0064025517751,0.8327950909292909,,,,,,,0.0,,,271.4595489501953,271.46009826660156,271.4599914550781,271.4599609375,0.20511821317954881,,,,,,0.03883181239020895,,,101916.54900147929,,,2.497041420118343,115.41098094691891,0.12792765318289312,,270.99506987622505,,74525.83383413461,0.2079969778568787,0.0010504369905009073,0.024108390130940273,0.0009265792440380571,0.0022029763848118527,,263.66835021972656,-0.020352163963769314,-0.006938530143196061,1.3648563853860936e-07,0.006758108414081338,0.002233237772077851,2.1579616307694266e-07,0.08677826830621302,0.005983948707580566
1975-11-19 18:00:00,,,6.115681089593108,,,,,,355.09325324164496,1.8284341992711175e-06,6.990257882066732e-09,1.6858812267258322e-06,7.238277625402755e-08,9.382014759036453e-08,,5.976516001675961,0.21348472459781806,,,,,,8.471310138702393e-06,2.0194203543239795e-05,705.6560650887574,2.178776810860493e-06,2.279194325385009e-06,,273.93795938886836,3.4275315922392894e-06,,274.3049648668639,6.978901532980112e-06,,,,1.0156904804636035e-05,,0.0,,,,,,,2.2027531319115994e-05,,,,,,,,,
1975-11-20 00:00:00,0.32170602696887135,0.7442893248337966,,0.025772258374817978,-0.14356748027914373,267.28134633803506,272.9817140116494,0.8312754200760429,,,,,,,0.0,,,271.460693359375,271.4598846435547,271.4600830078125,271.4599609375,0.20669691097101517,,,,,,0.03060407469258506,,,101864.61926775148,,,2.7514792899408285,116.86822022206684,0.12810231101583447,,270.526241144485,,74513.51906897189,0.21287942920210798,0.00151343599579038,0.032226061080093356,0.0008995067438430335,0.0024079655754495654,,262.77116105119154,-0.0013542538563880695,-0.10337369117511094,2.7079046619491176e-07,0.01467046770818267,0.0046228410665100144,1.6445558540214449e-07,0.13628021781966532,0.049379234130565934
1975-11-20 18:00:00,,,5.289333761091063,,,,,,392.1661706542969,5.686578489619599e-07,0.0,5.680571734552553e-07,4.9777538377857774e-08,9.233722455156196e-08,,5.214431779624443,0.15580650194156806,,,,,,8.549915968313725e-06,1.4948686199075372e-05,572.1187130177515,1.3568984157234959e-06,1.8086615046100503e-06,,273.28422735992973,2.977322544571916e-06,,273.54740228596523,3.864867447396002e-06,,,,9.119157960428995e-06,,8.09964767971335e-09,,,,,,,1.549614957098425e-05,,,,,,,,,
1975-11-21 00:00:00,0.8159560733998316,0.45743093547031016,,0.3579874941583216,-0.2610713970026321,268.0996414274859,273.1825984074519,0.8340096417263415,,,,,,,0.0,,,271.46070861816406,271.46014404296875,271.4602508544922,271.4599609375,0.1786955884222448,,,,,,0.02211179112541605,,,101929.21948964497,,,2.603550295857988,115.68548168656389,0.12823477581407897,,270.01039990306606,,74542.61878235947,0.18022544003097263,0.0014071704367914144,0.022103619998728737,0.0005102721897102672,0.0029967381403996395,,263.27967834472656,0.12006894335944272,-0.14035605819973015,3.663115303263553e-08,0.005161257170622248,0.0031205914217493766,3.316904144008925e-07,0.0827700823712706,0.03309895995365092
1975-11-21 18:00:00,,,6.150704666002262,,,,,,472.51983642578125,7.94196622611503e-06,5.420545369563018e-09,3.512574018105953e-06,2.955599032210175e-07,6.66191351078232e-08,,6.073453897555199,0.10335761978781435,,,,,,6.8152753206399775e-06,1.3928397520054022e-05,393.6364644970414,1.5153114259595701e-06,1.2858203176915998e-06,,273.1434925688794,1.99289805084996e-06,,273.4401046482064,1.1002788176903357e-05,,,,1.0328356330916727e-05,,0.0,,,,,,,2.186917341672457e-05,,,,,,,,,
1975-11-22 00:00:00,0.9245112492487981,0.7671203895433415,,0.3509087139332788,0.04547805334689349,266.0486358100846,273.8933192145895,0.835668487661689,,,,,,,0.0,,,271.45941162109375,271.45997619628906,271.46038818359375,271.4599609375,0.12360485912074703,,,,,,0.02308122081869453,,,101826.21708579881,,,2.2366863905325443,115.0795737723627,0.12831925781520867,,269.6724070712659,,74480.01035502959,0.1270041381113628,0.0014445005789310975,0.01952574238974667,0.0008139694936176729,0.002448516484548354,,264.2312086658365,0.1504949927330017,0.0005295407137221839,9.131272451383111e-08,0.013728169767053787,0.0066252417666782465,2.9925479809891367e-07,0.0725414569561298,0.031883075745148065
1975-11-22 18:00:00,,,5.997976192355861,,,,,,349.6056458480715,1.5861139847682073e-06,7.578706335739271e-08,1.2494160755146185e-06,8.854618262962477e-07,5.278478530008269e-08,,5.799610529072892,0.14584946491309173,,,,,,1.485019745911367e-05,2.134322414736776e-05,562.6042899408284,1.3494588566955026e-06,2.631631035071153e-06,,272.4691971096061,3.930644170772394e-06,,272.796738393208,6.033339091306607e-06,,,,1.6100396066022344e-05,,0.0,,,,,,,2.2928302104656512e-05,,,,,,,,,
1975-11-23 00:00:00,0.5440649055164947,0.7380046618760691,,0.29570704240065354,-0.042323016556057,264.93233322956155,272.54604001017015,0.8395413848069998,,,,,,,0.0,,,271.4599609375,271.4600524902344,271.46018981933594,271.4599609375,0.20060757067076554,,,,,,0.02733106443867881,,,101944.23465236687,,,2.6804733727810652,113.9738276554988,0.12870291986409024,,268.5909673927804,,74461.36781157544,0.20321601100221892,0.0030288470567330808,0.01675947742349297,0.00017264326648599296,0.004616212562696468,,260.7258157222229,0.08356933727772278,-0.03922084379478319,1.4244319814926884e-07,0.021335945799450813,0.01973783029601551,6.889566378227088e-07,0.06041198369313979,0.0615818894209241
1975-11-23 18:00:00,,,5.845130354342376,,,,,,157.04586110531704,1.13457132726026e-06,3.2874584727033354e-08,4.872745839801766e-07,6.078615696472529e-07,5.151028185187337e-08,,5.730942951856986,0.2229742467756102,,,,,,2.0066485602474777e-05,3.058573550726535e-05,801.2082100591716,1.7455630224837354e-06,4.685753901329266e-06,,271.0126487235346,5.632330327344364e-06,,271.2937478511291,8.582539812347593e-06,,,,2.055399163940249e-05,,0.0,,,,,,,3.1717871067792e-05,,,,,,,,,
1975-11-24 00:00:00,0.2564482547827726,0.361857752828203,,0.07476955616967917,-0.36979766710270084,264.271874241575,270.44730246278664,0.8395111292776977,,,,,,,0.0,,,271.4602966308594,271.46044921875,271.4601287841797,271.4599609375,0.26245983958949703,,,,,,0.03151851857202293,,,101981.33321005917,,,2.5384615384615383,114.28408560668223,0.1289702421109352,,267.7960334190956,,74440.9444341716,0.26417369955390163,0.002705537355863131,0.030817968605538093,0.000628245652780025,0.006056813798712556,,261.9036448100615,0.03262088602111184,-0.189076587293275,2.8986633184728263e-07,0.0179538331648091,0.010907438146942379,5.055755547650114e-07,0.1835511489247782,0.06000439355359275
1975-11-24 18:00:00,,,5.133840950283073,,,,,,2866.0985071518844,2.7769876192130985e-08,0.0,2.3903372041748826e-08,0.0,6.971671362235294e-08,,4.8757113281791735,0.12566244813817493,,,,,,6.853961027585543e-06,1.015306929864827e-05,511.6582840236686,7.712728613932457e-07,1.4792488524194299e-06,,271.04305217675204,1.8526596077800502e-06,,271.389458650668,2.6255140643148026e-06,,,,6.877988047853729e-06,,0.0,,,,,,,1.0181064083731387e-05,,,,,,,,,
1975-11-25 00:00:00,1.0162739612647063,-0.4002353115194648,,0.3831191260433761,-0.3870306579318978,266.26868614783655,269.83291914900377,0.8387435699355673,,,,,,,0.46870232757026625,,,271.4606018066406,271.4605712890625,271.4600372314453,271.4599609375,0.16060047036797337,,,,,,0.03675092889007027,,,101929.0950443787,,,2.1124260355029585,114.67508042916744,0.12921207755275027,,267.82990955601076,,74436.4913322855,0.5866038545679587,0.0031661104775804025,0.015158184886684078,7.893947454599234e-05,0.004234381681363258,,260.7470039503109,0.1526495920130487,-0.14862439195079916,6.767156140909106e-08,0.08894292460990444,0.028559751850663073,3.6223454004120544e-07,0.07426410290610994,-0.0033300014642568734
1975-11-25 18:00:00,,,4.995447288603472,,,,,,1032.3759270709495,0.0,0.0,0.0,0.0,9.763282674106255e-08,,4.933841208734456,0.1266760290021727,,,,,,8.524566359773895e-06,1.5277746161060222e-05,529.508875739645,1.6494990276867116e-06,1.6010371890999157e-06,,271.87007962740387,2.8847634086947467e-06,,272.26481601331363,3.7968643670956762e-06,,,,8.524566359773895e-06,,0.0,,,,,,,1.5277746161060222e-05,,,,,,,,,
1975-11-26 00:00:00,0.19789335149279713,-0.18737309359939847,,0.014674474501750879,-0.5229966090275691,268.54483700362886,272.9457473303439,0.8370256529757257,,,,,,,0.1121087610368898,,,271.4593505859375,271.4594268798828,271.4599914550781,271.4599609375,0.14733769343449518,,,,,,0.036100398859328774,,,101976.21015162722,,,2.3136094674556213,116.14799093212602,0.1293649109157585,,268.2274813680254,,74548.65694341715,0.24768725513706547,0.0012834848031489806,0.02496369491667437,0.0003403707368839422,0.0024855009902863814,,262.0360672629091,-0.015542996000256059,-0.24586115504157613,6.167023741118262e-08,0.01173320160104105,0.0031320885259151104,3.788097849916171e-07,0.06824230419102638,-0.005824925631461059
1975-11-26 18:00:00,,,5.3527182799119215,,,,,,1440.1469721300848,9.536154198972784e-09,0.0,1.108804276797193e-08,0.0,1.1637997026567725e-07,,5.216631048529811,0.14521049183501294,,,,,,8.52655024218136e-06,1.3350911394378843e-05,583.5155325443787,1.2711065231695682e-06,1.766085183832067e-06,,271.81593819341714,2.463629259865665e-06,,272.2832464635725,3.4142395801092747e-06,,,,8.537615897387442e-06,,0.0,,,,,,,1.3362858775099354e-05,,,,,,,,,
1975-11-27 00:00:00,0.397356394479966,0.26985512118367755,,0.13132169260781193,-0.3906232111552763,266.99218154094626,271.7826050526997,0.8354923093812705,,,,,,,0.2518408058663092,,,271.4598693847656,271.4599304199219,271.4600524902344,271.4599609375,0.15001348913068602,,,,,,0.030493380755362426,,,101791.19397189349,,,2.3076923076923075,116.4231388611201,0.1295503582474748,,267.84999219905694,,74413.97344212278,0.3956105342526099,0.0016200415481477093,0.022864663389307507,0.0002656124047273715,0.0020296728822606553,,260.84947448369314,0.022145809859213744,-0.20443719378589878,-6.719140740443496e-08,0.01473126607489312,0.009770708026122014,6.133959471584248e-07,0.07455243526395829,0.029385443975234172
1975-11-27 18:00:00,,,4.9362706855909355,,,,,,2139.1907704671225,9.369545963388928e-07,0.0,9.370207257524749e-07,1.2280223491607157e-09,9.154447883239413e-08,,4.77803635456153,0.12183095717571191,,,,,,1.0248890818928826e-05,1.2974282340890557e-05,483.8080621301775,4.21040465493174e-07,2.329397571862802e-06,,270.66207289836814,2.4507891320617947e-06,,270.9693072618112,3.3945660795685806e-06,,,,1.1187862362381975e-05,,0.0,,,,,,,1.3913231841205846e-05,,,,,,,,,
1975-11-28 00:00:00,0.7703842580671141,-0.04096707225551267,,0.34940580785627195,-0.3569727508274056,263.51279183111245,269.4393583218727,0.8353479620973034,,,,,,,0.03265109993296968,,,271.4593048095703,271.4600067138672,271.46034240722656,271.4599609375,0.15280331944572856,,,,,,0.04417040221084505,,,101487.0512204142,,,2.2662721893491122,116.17207562147513,0.12977893818059616,,267.0377631554237,,74084.27119545119,0.19226922932461168,0.0033762440878964033,0.011601645565597264,0.0001936163422624035,0.004729005712023854,,261.24807062092617,0.09333041856980183,-0.15165421772285326,1.3796194554161909e-07,0.017111998337965745,0.010977309452061206,5.472228993570774e-07,0.0552338548776137,0.013159987621406126
1975-11-28 18:00:00,,,4.478698680739431,,,,,,619.047427557211,1.8061165554592242e-09,0.0,1.0724503205284565e-09,0.0,2.4367854753082078e-08,,4.393640669139884,0.1872181187014608,,,,,,1.2880378573603884e-05,1.8309779773802447e-05,729.4456360946746,1.036115652005348e-06,2.873918184867272e-06,,270.32459561500326,3.2119497039614346e-06,,270.69032287597656,5.082398123995087e-06,,,,1.287813017354209e-05,,0.0,,,,,,,1.831198408758852e-05,,,,,,,,,
1975-11-29 00:00:00,0.504938441620776,-0.06957973389935916,,0.21689180227426383,-0.3835311189911069,263.5753299329408,268.7452751927122,0.8347073123299864,,,,,,,0.0,,,271.45977783203125,271.4598388671875,271.45985412597656,271.4599609375,0.22337413539547893,,,,,,0.0559620151858358,,,101434.22910502959,,,2.3431952662721893,116.39487055490709,0.1300175204079532,,267.04708410861224,,74053.97170857988,0.23231208394970415,0.0017075623280903291,0.02626992400581315,0.0007510608469946144,0.004016560210278753,,260.8805423714,0.051018597458946637,-0.21008047972910504,7.563460190827303e-08,0.00742437124952189,0.0008266864223240395,4.820254702894596e-07,0.09383207242164386,-0.017580747604370117
1975-11-29 18:00:00,,,4.106582664173736,,,,,,964.51726624676,2.674493916641326e-06,6.775681711953773e-10,2.674229398986997e-06,2.408557235312885e-08,5.5992099530195824e-09,,4.052229644278802,0.09939728686090052,,,,,,1.1707375035483456e-05,1.664115832402156e-05,408.28402366863907,9.944210567417934e-07,2.132276811543301e-06,,270.61714849528477,3.492911539134189e-06,,270.8876126080575,5.584364459359434e-06,,,,1.4382089383503388e-05,,0.0,,,,,,,1.9296298365621173e-05,,,,,,,,,
1975-11-30 00:00:00,0.24531877957857573,-0.8229913767978284,,0.13209846880308976,-0.6573017560518705,265.1532740846894,271.4724264652771,0.8334915831949584,,,,,,,0.0,,,271.46002197265625,271.460205078125,271.4598083496094,271.4599609375,0.1416673829569619,,,,,,0.0976265450201091,,,101455.66947115384,,,1.4082840236686391,116.7875064646704,0.13019527062861877,,267.19802964791745,,74132.80679086539,0.17040266228850776,0.0026495047574917946,0.030911913990269047,0.0002890063460761979,0.01096781894300111,,264.8987777980827,0.010597998221245037,-0.33935387176874826,-4.1211728919669435e-08,0.024921806373484654,-0.004109500780613465,-2.676402886822467e-07,0.1490356576292825,-0.03724270635808008
1975-11-30 18:00:00,,,4.329013965538973,,,,,,872.2192440456814,0.0,0.0,0.0,0.0,3.2298287983636576e-08,,4.288297675770416,0.02689185509314904,,,,,,7.817819273683446e-07,1.2542545442750467e-06,85.41937869822485,1.0531935730629418e-07,1.93866642092812e-07,,270.69173201160316,2.0080747512670663e-07,,271.0567310039814,4.076327268893902e-07,,,,7.817819273683446e-07,,0.0,,,,,,,1.2542545442750467e-06,,,,,,,,,
1975-12-01 00:00:00,0.16479523788542438,-0.3866047718115812,,0.10003459524120804,-0.49285153383334007,263.89657258705273,271.7191732733913,0.8316469689798073,,,,,,,0.0,,,271.46026611328125,271.4597930908203,271.460205078125,271.4599609375,0.04157442171898114,,,,,,0.01903967321271727,,,101607.60355029585,,,0.7337278106508875,116.39831452680058,0.13033175327368743,,267.0339767185189,,74294.40759060651,0.04904680421366494,8.364400920077893e-05,0.003991629245013175,6.905885843130258e-05,0.00015969248213006194,,264.57737108941615,0.02360114296512491,-0.24057282780754496,-1.6954441006951857e-08,0.00036241033329069064,0.00017780321236898208,-2.336328341257097e-07,0.0021419232193182207,-0.005530339726329555
1975-12-01 18:00:00,,,5.620686220699514,,,,,,796.7348959317771,3.47460471314086e-07,7.453335989156418e-09,3.2381369517399713e-07,1.0383833398127697e-07,1.2478507530630792e-07,,5.3814817067434095,0.1157101964104105,,,,,,8.180472977768035e-06,1.2622694292012051e-05,501.57211538461536,1.012375192529351e-06,1.8150099283139382e-06,,271.6558579664964,2.7379340674044816e-06,,271.96045210798815,3.3275880051787787e-06,,,,8.500186649299938e-06,,0.0,,,,,,,1.2969961885869856e-05,,,,,,,,,
1975-12-02 00:00:00,1.0911472760714018,0.0036793940166044516,,0.39543486487935986,-0.24533263324985843,266.49434223965073,273.0007988743528,0.8328545675475216,,,,,,,0.0,,,271.4601593017578,271.46063232421875,271.45989990234375,271.4599609375,0.16933526936367418,,,,,,0.03669847115962463,,,101593.01830621302,,,2.2958579881656807,116.57083671614969,0.13043382464075934,,268.10456071661775,,74234.44942677514,0.18094368658122226,0.0015162490528716139,0.01392513478296043,0.00010896716597517566,0.0026996883414906157,,261.46719947228064,0.159202101315267,-0.1268112430205712,-1.8786231952047074e-08,0.007156868425291583,0.0013899421126488045,1.2610851723828887e-07,0.06002542958457089,-0.006149450702780097
1975-12-02 18:00:00,,,5.978674313020424,,,,,,461.2470124897204,0.0,0.0,0.0,0.0,1.1348835900229159e-07,,5.903785395199026,0.15256242921366495,,,,,,7.4407052711622245e-06,1.3981301050919752e-05,538.5306952662722,1.700694215368237e-06,1.681869375635181e-06,,271.84278499445264,2.9136619624301526e-06,,272.21439447346523,3.596646545906744e-06,,,,7.4407052711622245e-06,,0.0,,,,,,,1.3981301050919752e-05,,,,,,,,,
1975-12-03 00:00:00,0.8944821555233566,0.37985357024965904,,0.3975751357671072,-0.10293908090986444,265.5078370585244,271.14369337093194,0.8317016080991756,,,,,,,0.0,,,271.4608917236328,271.46022033691406,271.4600067138672,271.4599609375,0.15866738945774778,,,,,,0.0219377145259338,,,101551.16050295858,,,2.5384615384615383,116.35398205638637,0.1306356932284564,,268.46748343021915,,74226.09344951923,0.16112658258020526,0.0013931601710573456,0.023377277441984097,0.0004191737203203009,0.005139051809818787,,261.9907696966589,0.1258116554931776,-0.04320842133471246,-6.901611747583871e-09,0.00788682993341612,0.002653027914971466,2.1148444781597902e-07,0.1329012481418587,0.02464603284406944
1975-12-03 18:00:00,,,6.177273010361124,,,,,,373.638315164818,5.021771228701405e-08,0.0,5.097337860680191e-08,4.2335912805689866e-08,7.885722686280359e-08,,6.150013798087306,0.1741080199473003,,,,,,1.7568435982839596e-06,8.468841307261993e-06,626.299926035503,1.2928741218070307e-06,4.775287616535051e-07,,272.67783694295485,1.2570870874901494e-06,,273.0456976354475,2.9432438534392406e-06,,,,1.8077412036043651e-06,,0.0,,,,,,,8.519276006687323e-06,,,,,,,,,
1975-12-04 00:00:00,0.4917939654468785,0.48176696596766366,,0.07313430379833695,-0.2355101828039045,266.2216154019508,270.86784046782543,0.8300819270004182,,,,,,,0.028933733878051034,,,271.4602355957031,271.4597930908203,271.45989990234375,271.4599609375,0.21585904634915865,,,,,,0.03328158587393676,,,101713.73982988166,,,2.5680473372781063,116.5174435948479,0.13070744452391855,,268.73152386366263,,74389.92922522189,0.23888338529146635,0.0006476591324665138,0.02149566108658469,0.000219386004837307,0.0009811390081100916,,261.6356511764978,0.008314733321850117,-0.10278973776913254,5.0267242076882494e-08,0.003731693727285987,0.0011704999446516206,4.3450876890982024e-07,0.07386283197346524,-0.0014546619364495814
1975-12-04 18:00:00,,,7.30358379409158,,,,,,266.83634282084347,9.100564573643475e-07,7.90294711670932e-08,6.307478575311468e-07,1.3511341351729172e-06,1.3371804885192707e-07,,7.230667639060838,0.17556383482803253,,,,,,3.389683524532431e-06,1.1892890083719287e-05,578.032174556213,1.912286295693302e-06,8.069551908052885e-07,,272.16894097864275,1.8804560046224198e-06,,272.46247890856137,4.4259755216406645e-06,,,,4.019852749694734e-06,,0.0,,,,,,,1.2798157669383394e-05,,,,,,,,,
1975-12-05 00:00:00,1.6031557568431607,0.8650928192590115,,0.5436258862709858,0.018212611858661357,266.58596485747387,271.35231659116124,0.8286693917929068,,,,,,,0.008419736602602626,,,271.45997619628906,271.45994567871094,271.4600372314453,271.4599609375,0.22325730182715423,,,,,,0.01794541940181213,,,101393.66401627219,,,2.5562130177514795,116.979097625913,0.13080771011713693,,268.831615831725,,74152.96160780326,0.23325542021079881,0.0012915882133167876,0.01605436787802792,0.0005051567709657567,0.0024971595177283655,,262.4487143973627,0.2561716588996571,-0.04934534941904643,1.6438571037724614e-07,0.027502928732359815,0.0004677129523641259,4.4817358776155484e-07,0.06034954882932265,0.016734211049841706
1975-12-05 18:00:00,,,7.167697088252863,,,,,,397.2850459364594,8.927382661040719e-06,0.0,2.806444139875604e-06,6.750297661011035e-08,-6.753753202715228e-08,,7.0816365304077875,0.21462904348881287,,,,,,1.4202922758971446e-05,3.0372798795530782e-05,685.1264792899408,2.9153372409075677e-06,3.830017246438201e-06,,271.8444577730619,6.524327944016316e-06,,272.2122116540311,1.1645610163197714e-05,,,,1.700963141650138e-05,,0.0,,,,,,,3.9298329832991196e-05,,,,,,,,,
1975-12-06 00:00:00,1.408690791158281,0.7728628519724107,,0.4673665289342756,0.09609944157346466,264.77573290943394,270.36712014463524,0.8279677435491212,,,,,,,2.617455093112923e-05,,,271.4606018066406,271.46002197265625,271.45977783203125,271.4599609375,0.2281164586896727,,,,,,0.02497498100325906,,,101166.00665680473,,,2.6094674556213016,117.4564691125994,0.1309557497148683,,267.65236036311944,,73913.15962463018,0.2318207328841531,0.001585094181038219,0.027689826559032914,0.0010875385893872505,0.006526337572808801,,260.10114762345717,0.2295932000910742,0.026322725961899617,2.793174041724439e-07,0.026848787372189948,-0.004093648061244445,3.133832439835343e-07,0.12557613214797522,0.02045327742424237
1975-12-06 18:00:00,,,7.7279014305250175,,,,,,221.76280356579878,1.2859084902430427e-06,2.008680937558236e-07,8.09964767971335e-09,2.3969157031301915e-08,6.287276599151165e-08,,7.696618452580018,0.2562488804202108,,,,,,1.6164938373678535e-05,3.5430640863949024e-05,882.7396449704142,6.450285043942152e-06,4.023622126268918e-06,,272.32315551035504,6.824246877749291e-06,,272.6352625739645,1.3296376671311418e-05,,,,1.617282981703267e-05,,0.0,,,,,,,3.6713286969788684e-05,,,,,,,,,
1975-12-07 00:00:00,1.2427683497321675,1.312559838831072,,0.3966223812667576,0.35356304349278556,265.53658705491284,270.53554051867604,0.8287108043241783,,,,,,,0.0,,,271.4598846435547,271.45989990234375,271.4598388671875,271.4599609375,0.29254367083487426,,,,,,0.061074160965236685,,,100825.53088017751,,,2.804733727810651,117.42866308449288,0.13118285117064707,,268.5586899977464,,73746.15301405326,0.29562034832655326,0.0018868220628365962,0.07016551000832101,0.00277028845612114,0.007386179365349944,,260.8513047257824,0.20644081062113745,0.18249885817251263,6.975703276025638e-08,0.011399003648138522,0.0040598410517859035,1.8639726455450147e-06,0.5252476979994914,0.009846513087932881
1975-12-07 18:00:00,,,6.405095929930196,,,,,,484.06173752293444,3.5457213866640127e-07,7.168635086724038e-08,0.0,2.617140427319961e-08,7.329687224556389e-08,,6.162022291555912,0.2446590626733543,,,,,,9.813428630490275e-06,2.125103974483422e-05,792.4190088757397,4.052002666264596e-06,2.4769653582714013e-06,,271.0716909374711,3.5641770038379013e-06,,271.5257248737403,9.734888930292525e-06,,,,9.813428630490275e-06,,0.0,,,,,,,2.160452350356875e-05,,,,,,,,,
1975-12-08 00:00:00,1.035834239079402,0.43227605988993445,,0.3001862023709088,-0.04105620976735854,266.3822713998648,272.11373531183546,0.8292600946313531,,,,,,,0.0,,,271.45994567871094,271.4600067138672,271.459716796875,271.4599609375,0.24303061581222263,,,,,,0.08411222378883136,,,100782.01664201183,,,2.467455621301775,117.1868454069781,0.13141140571007362,,267.0385653704581,,73687.98234097633,0.2506972092848558,0.001275909017529008,0.05540517004960721,0.00075835448044997,0.005969572349412907,,261.05074522481164,0.11641159212800878,0.004266409831639578,9.460004736957301e-08,0.008851688993548946,-0.0014861325937262655,9.041759337039565e-07,0.31402280909069896,-0.052791286855054326
1975-12-08 18:00:00,,,7.1802246105036085,,,,,,558.0607615221267,1.507695521828691e-07,8.794178734340611e-09,8.014833262553935e-09,0.0,-3.914519012685226e-09,,7.06258486008503,0.22358929335012945,,,,,,2.3703515176942362e-05,3.692172688139966e-05,891.4375,2.652527929763117e-06,4.752720954150138e-06,,271.4112613835984,7.033634644288283e-06,,271.70435003698225,9.597846742212419e-06,,,,2.370959908299192e-05,,0.0,,,,,,,3.707232559926411e-05,,,,,,,,,
1975-12-09 00:00:00,0.2677111823177902,0.9967082887006229,,0.027332226905597033,0.18923225064249433,265.2888617882362,271.5277655787722,0.8278889737185642,,,,,,,0.0,,,271.4597473144531,271.4599914550781,271.4600524902344,271.4599609375,0.2548254791801498,,,,,,0.11043896195451183,,,100960.12278106509,,,2.6745562130177514,118.19336352827986,0.13167157257802387,,267.86817119530673,,73815.72998335799,0.28874143340883873,0.002019171178693602,0.06935780124391633,0.0009220732739691198,0.00641995492066152,,261.18861768372665,-0.020407559956319234,0.03444316119131957,-2.347520453898104e-08,0.0115941628756397,0.002972143134598196,1.316027424419464e-06,0.46798721107946345,-0.0657001113045145
1975-12-09 18:00:00,,,7.0399618205234145,,,,,,545.1546795654297,1.540457135474188e-07,9.019819526387566e-10,1.9077646970396212e-08,3.4725691671290343e-09,2.7885564994521592e-08,,6.803183339756622,0.24136758838179548,,,,,,1.644744322850154e-05,2.391398305723653e-05,855.5377218934912,2.224290379758417e-06,3.6860975993455514e-06,,270.73683816582496,4.562642976377137e-06,,271.0673466970229,7.585198039839254e-06,,,,1.647072078208246e-05,,0.0,,,,,,,2.406951943798178e-05,,,,,,,,,
1975-12-10 00:00:00,0.5705343957483415,0.7101076284103846,,0.195218746478741,-0.01671773018921621,264.7037503394855,270.7254069853111,0.8295884657893661,,,,,,,0.0,,,271.4595947265625,271.46055603027344,271.4599914550781,271.4599609375,0.2939909985784948,,,,,,0.07154909393491124,,,101194.44212278107,,,2.6745562130177514,116.64986315845738,0.1319857377272386,,267.20874231101493,,73937.07932692308,0.3084774581638314,0.002163441223505686,0.06033695602552557,0.0004162703745463896,0.005440886909439719,,260.32046228894114,0.051772930565670394,-0.028684216843554253,4.110220746004943e-08,0.012464528943921065,0.004363639908429434,1.0139579931549595e-06,0.34978043047722274,-0.036571142588846785
1975-12-10 18:00:00,,,5.821256135342389,,,,,,584.5289113835771,8.712153462968635e-06,2.486135303621461e-07,7.521118638078136e-06,6.888149934407522e-07,9.426034302602262e-08,,5.584782093234316,0.17279170109675482,,,,,,1.2179759479838716e-05,1.5974970611594837e-05,610.935650887574,1.2430896949485915e-06,2.783960139257668e-06,,270.18076933911567,3.1504713924678825e-06,,270.60646680120885,1.1125965231269069e-05,,,,1.970198027480989e-05,,0.0,,,,,,,2.4702422012238812e-05,,,,,,,,,
1975-12-11 00:00:00,0.9895646699081512,0.22293550164036496,,0.41494311454028066,-0.20080218794783192,264.8641086555797,269.44640661837786,0.8278034339995074,,,,,,,0.0004511020592683871,,,271.4597473144531,271.4599914550781,271.4598083496094,271.4599609375,0.1921535695092918,,,,,,0.0454703788080159,,,101424.76756656804,,,2.467455621301775,117.69292436407868,0.13222592257889065,,266.5393907896866,,74102.70208487425,0.2052053417679826,0.0018648198370397444,0.028462907711072197,0.00036815637667503585,0.003429920715693186,,260.4738900449854,0.13253845018747995,-0.09763774646104441,2.0369321570942486e-07,0.02994097737160087,-0.0048075166679698335,-1.6649018424789053e-07,0.1642871824898771,-0.02992029020772178
1975-12-11 18:00:00,,,5.773508172416123,,,,,,669.6235464344854,9.439904904048119e-08,1.1274720591729916e-09,0.0,0.0,5.8873292639405195e-08,,5.671421164944327,0.18265944260817307,,,,,,1.1464812346464079e-05,2.001490465988069e-05,547.9016272189349,2.07999048853767e-06,2.5711777294881244e-06,,269.86140252288277,4.1917010524569176e-06,,270.35180754351194,6.202608346939087e-06,,,,1.1463842448398207e-05,,0.0,,,,,,,2.0100961070088947e-05,,,,,,,,,
1975-12-12 00:00:00,0.4478278865475626,-0.6008406024007402,,0.17030302307309483,-0.37037131066858414,261.37164956719215,267.98948506913945,0.8257357439345862,,,,,,,0.0,,,271.46006774902344,271.4599151611328,271.46009826660156,271.4599609375,0.17163979795557507,,,,,,0.08573769112310466,,,101451.19286242603,,,1.9171597633136095,117.23090051052839,0.13244654299944816,,265.5765762780545,,74115.24059264053,0.1956048547868898,0.0021569968680658284,0.04447968612761187,0.0010448630744888938,0.012816841080343935,,261.1281134249896,0.021226552111157298,-0.16580807280963694,1.3138798867819347e-07,0.021468946686808085,-0.006620774607686602,3.5837664649155013e-07,0.18277793443767276,-0.050280491275900216
1975-12-12 18:00:00,,,5.389467453815528,,,,,,663.7094288278133,1.306923866801008e-07,4.509888236691966e-09,3.911485928579195e-08,0.0,-2.8072474228174113e-08,,5.236984913165752,0.2652237570497411,,,,,,3.531989613933676e-05,6.230404743781456e-05,941.9511834319527,6.311457361695329e-06,6.751173875741e-06,,269.8198484161196,1.2331261966355454e-05,,270.14635192148785,1.6380343916853504e-05,,,,3.5359177011004566e-05,,0.0,,,,,,,6.24108243976119e-05,,,,,,,,,
1975-12-13 00:00:00,-0.026245709707045695,0.17833384677503236,,-0.18333801856407753,-0.2323143355239778,263.48941509540265,269.1956728421725,0.8250305567972759,,,,,,,0.0,,,271.4602813720703,271.4597625732422,271.4597625732422,271.4599609375,0.2773682182357156,,,,,,0.18940283419817863,,,101214.26405325443,,,2.2840236686390534,116.06408745579466,0.13278712323431432,,266.3975386760644,,73951.71488997781,0.32832553118643676,0.006803890657142774,0.08998568382488906,0.0011922551330024675,0.022353855110484468,,263.6925603200698,-0.09055861001889381,-0.14582992869721362,1.0320344748155947e-07,0.04600682884272871,-0.012233764241785693,-1.1378662597343943e-06,0.5259526414278697,-0.18492614588088538
1975-12-13 18:00:00,,,5.678673416905149,,,,,,666.8576102878736,4.509909763193783e-10,3.3824161775189743e-09,0.0,0.0,9.686556638193663e-08,,5.478031530888123,0.212346906492696,,,,,,2.3194274606083978e-05,3.496447258447049e-05,863.3210059171597,2.6931864975472175e-06,4.804059422227758e-06,,269.4846177862946,6.95591054019138e-06,,269.8629223524466,9.166153930348052e-06,,,,2.3196082143388557e-05,,0.0,,,,,,,3.496535430998492e-05,,,,,,,,,
1975-12-14 00:00:00,-0.22724540981315297,-0.09780739327154216,,-0.23908113445756,-0.4015928923025639,265.55284245056515,268.9023279494788,0.8274117122740435,,,,,,,0.0,,,271.4599914550781,271.45957946777344,271.4597930908203,271.4599609375,0.26430886172683987,,,,,,0.11600507928069527,,,101359.7886464497,,,2.5798816568047336,115.51050942325028,0.13349691932723368,,265.87243823892265,,73995.90093380178,0.285711164305196,0.005145862963072647,0.049697389814634965,0.00042962463649772327,0.011271708110380455,,260.9581284381934,-0.10832706993148172,-0.20978080027202178,1.87868174728965e-07,0.030364527490273113,-0.0024319073549036443,9.318123455848214e-07,0.36385469605936804,-0.0721413912857778
1975-12-14 18:00:00,,,5.659809535777075,,,,,,706.0505646273621,5.100850985776743e-08,0.0,0.0,0.0,8.227326743616089e-08,,5.534647896445009,0.1799472605688332,,,,,,1.4883703028661965e-05,2.7272211024041712e-05,633.5147928994082,3.1455337295870807e-06,2.8488771802574927e-06,,270.1600020369129,5.849962227443266e-06,,270.5275792229105,8.159598126213932e-06,,,,1.4880528816810021e-05,,0.0,,,,,,,2.7258808796222394e-05,,,,,,,,,
1975-12-15 00:00:00,-0.025117597636386487,-0.3300993541288658,,-0.1606659917436408,-0.4404290780513244,264.33531631379435,269.60511066504483,0.8250979975130431,,,,,,,0.0,,,271.46018981933594,271.4608612060547,271.4599914550781,271.4599609375,0.22832665076622596,,,,,,0.19573712772166235,,,101565.59393491125,,,2.0118343195266273,117.28651256674141,0.1337066571388019,,265.8457967543743,,74203.64217363166,0.2764373418142104,0.0037078123826246997,0.08233687722471339,0.0007054326096935385,0.011327416233762481,,261.64998233953173,-0.13398870772863986,-0.24977800831992245,1.5133511796511005e-07,0.020337759390385193,-0.00739284908983129,9.970673526631746e-07,0.5661434873321353,-0.2095650945894817
1975-12-15 18:00:00,,,5.604008443256807,,,,,,1147.930248649753,3.397354536507962e-06,2.42753499931485e-08,3.293641572873268e-06,2.6818563246868066e-06,5.993176956944162e-08,,5.497039010538858,0.04568355041142751,,,,,,2.435821841454365e-06,5.3746901320282525e-06,189.69156804733728,3.042049463507692e-07,4.814992818606675e-07,,269.5249329516168,9.601715312906976e-07,,269.91547280937965,3.081145723895914e-06,,,,5.730378204548852e-06,,0.0,,,,,,,8.7606042799865e-06,,,,,,,,,
1975-12-16 00:00:00,0.516138855522201,-0.12994926497781065,,0.0347105793699005,-0.4263767885738576,261.2117042315782,269.32642116208046,0.8219516330216763,,,,,,,0.0030887197460648576,,,271.46046447753906,271.4604949951172,271.4599151611328,271.4599609375,0.04899272128675111,,,,,,0.06689705933339497,,,101700.18639053254,,,1.4201183431952662,119.1101765830136,0.13377793159710585,,263.9713330692088,,74353.1627681213,0.08494143514238166,0.0011964098236264562,0.029443413548215606,0.00020381543763290494,0.0011547867363021218,,262.16143898145685,-0.025272672698342588,-0.21294926750589405,1.6535562458799423e-07,0.03633659384654251,-0.007407512890516653,2.742383659909584e-07,0.12166392286142787,-0.04828641859031993
1975-12-16 18:00:00,,,5.540793883024588,,,,,,1141.5458775570519,6.526488171526666e-06,2.5874235220914764e-07,5.202753656714626e-06,1.580360725786559e-06,9.175232662528288e-08,,5.3718714181488085,0.06314267491447854,,,,,,3.3929018226600964e-06,5.854569243256157e-06,273.51294378698225,5.41098415851593e-07,9.84501644704469e-07,,270.1817058134361,1.7312680475810575e-06,,270.4864913669564,4.73292621635121e-06,,,,8.595633436236862e-06,,0.0,,,,,,,1.237969074023546e-05,,,,,,,,,
1975-12-17 00:00:00,0.6677451556956274,0.11605510485948191,,0.10271823406219482,-0.3358098374315973,261.37656759228224,268.894666683039,0.8187723223274276,,,,,,,0.0,,,271.45957946777344,271.46026611328125,271.45994567871094,271.4599609375,0.08462596645016641,,,,,,0.08008119481555104,,,101856.78716715977,,,1.8047337278106508,120.2787925223627,0.13386172796847554,,264.8453689665484,,74468.57340976331,0.11687031582262389,0.000756243982258633,0.032716920389931584,0.00028805619866184936,0.0031155693460498336,,262.2838527521438,0.016009589271432548,-0.19095743619478667,3.231847446071557e-08,0.004450165780988583,-0.0011919866916695995,-5.398066535305518e-07,0.14917199828210093,-0.06083834277102228
1975-12-17 18:00:00,,,5.0921072332111335,,,,,,712.7250397780846,1.777944392001135e-07,1.871600173986875e-08,0.0,8.554390725299451e-08,1.3405405265527445e-07,,5.019395967207012,0.22158560668223004,,,,,,2.1577498616551507e-05,3.499057165969758e-05,821.5262573964498,2.5996574636041766e-06,4.455821930304082e-06,,270.0050561667899,6.0789243004025795e-06,,270.2848851130559,8.49690222175869e-06,,,,2.1578292169514492e-05,,0.0,,,,,,,3.5168944731266544e-05,,,,,,,,,
1975-12-18 00:00:00,0.4776441021078437,0.3853044848470293,,0.1260664956809501,-0.2321946127174874,266.5064903123844,271.14855740338385,0.8167781269056558,,,,,,,0.0,,,271.4595642089844,271.45936584472656,271.46006774902344,271.4599609375,0.2635228986570821,,,,,,0.12924934703217456,,,101835.9400887574,,,2.5798816568047336,119.3096726998775,0.13408378736507257,,266.253144755166,,74356.88378328402,0.30449771316799185,0.0025613096338757396,0.0563398733646912,0.0006137430315186991,0.008978127022466717,,260.3074145796736,0.03237417675334321,-0.13974249010255352,1.1194610253380083e-07,0.015134817029858565,-0.0011719073108314763,-6.402662738926224e-07,0.2663933567746857,-0.06672127394986575
1975-12-18 18:00:00,,,4.851211965436766,,,,,,675.4490250148131,5.083257806371655e-07,9.019819526387566e-10,4.877209575218562e-07,2.1623216084474643e-07,1.0998993549742543e-07,,4.605444036291901,0.12857768944734652,,,,,,7.737361820491813e-07,6.33286124855809e-06,492.6926775147929,9.801867004682326e-07,2.381099751715124e-07,,268.9089171279817,4.708083599982177e-07,,269.33177771935095,3.591290063406589e-06,,,,1.2616334846739234e-06,,0.0,,,,,,,6.836326517296966e-06,,,,,,,,,
1975-12-19 00:00:00,-0.1763434776893029,-0.3882450013471073,,-0.1813978104901737,-0.4299584168654222,262.0417482274524,267.8209236641607,0.8168638105223165,,,,,,,0.0,,,271.45947265625,271.4603729248047,271.4599609375,271.4599609375,0.1833653196075259,,,,,,0.1010079468495747,,,102033.17806952662,,,1.0650887573964498,119.61560835076507,0.13442004220725517,,264.1839612249792,,74477.97512943787,0.20750643938956176,0.0007506404402693348,0.05397512221477441,0.0013525359023957562,0.0007385756137103019,,262.03912985536476,-0.11695181829689523,-0.20299100593702327,-2.3115997184784366e-08,0.001972079749588342,-0.001506181224387073,-1.192808813141995e-07,0.04548407623753745,-0.03969274470086634
1975-12-19 18:00:00,,,4.917789263132761,,,,,,1308.5728627080503,2.1109610972319833e-06,3.930071049188016e-07,6.490932590157322e-07,1.611959563909903e-07,2.8021537143249374e-08,,4.788608882906875,0.04923641046828772,,,,,,8.51133772166523e-08,3.5543678074898803e-06,187.55362426035504,5.240480487163251e-07,1.90948681718499e-08,,268.6588373127774,7.383569457827235e-07,,269.0507080258702,1.6003869165330244e-06,,,,7.347143172512393e-07,,0.0,,,,,,,5.663058461522209e-06,,,,,,,,,
1975-12-20 00:00:00,0.21237744664299418,-0.8189673113399709,,-0.055700589919231346,-0.6106892478536572,258.33104791584805,267.886717576247,0.8139900032585189,,,,,,,0.004737504135222124,,,271.46083068847656,271.45985412597656,271.4598388671875,271.4599609375,0.07516795502611871,,,,,,0.058980637048123154,,,102214.63988535503,,,0.4437869822485207,120.47329603567631,0.13447828970011874,,263.4429233709031,,74680.20289386094,0.11012701452131102,0.0010206487757214427,0.028410691481370192,0.0002075504269120256,0.0010978202142659023,,263.2355761104787,-0.034108195079148876,-0.31141112400935245,1.5035723356706417e-08,0.025532135582090214,-0.010883780626150278,-6.61431905433271e-08,0.038293068225567155,-0.032363645071108664
1975-12-20 18:00:00,,,4.833925788924539,,,,,,1694.3404486871534,9.185995509814933e-08,4.509888236691966e-09,0.0,0.0,4.637135559692634e-08,,4.742957397325505,0.042647141676682696,,,,,,6.587283145746536e-06,1.2156173322327744e-05,195.01220414201183,1.0406785815425174e-06,1.7760817468519041e-06,,269.8090910601193,2.1465387217391877e-06,,270.15659345818693,3.029212091096054e-06,,,,6.587283145746536e-06,,0.0,,,,,,,1.2249459881754317e-05,,,,,,,,,
1975-12-21 00:00:00,0.7779917607646016,-0.4658020403258194,,0.2572454362225956,-0.4529172287890192,262.15056045803095,270.8616252650876,0.8125955790457641,,,,,,,0.056143405169424926,,,271.4602813720703,271.45957946777344,271.46014404296875,271.4599609375,0.0744412213387574,,,,,,0.07811281102648854,,,102114.70867233728,,,1.621301775147929,120.38918453419703,0.13450396836862055,,265.3379189756495,,74620.58510539941,0.15241932163577107,0.0010677766517774594,0.017079144539917716,0.0002574920654296875,0.0033471824149408284,,263.3953462860288,0.10202925833019279,-0.23439854277661565,6.460316576764191e-08,0.0071602996284439715,-0.000477282517760463,-2.527078333363824e-07,0.047016053368232745,-0.020715359752700172
1975-12-21 18:00:00,,,4.791189289657322,,,,,,2845.5672889122598,0.0,0.0,0.0,0.0,1.2027538719881251e-07,,4.738261567064996,0.04653840375369823,,,,,,6.77747133920884e-06,8.671020967720528e-06,266.2536982248521,2.531654383303851e-07,1.6276432564978064e-06,,269.62757205398833,1.5913161653033375e-06,,270.0153411323502,2.1616603143116427e-06,,,,6.776457354867247e-06,,0.0,,,,,,,8.695047987988714e-06,,,,,,,,,
1975-12-22 00:00:00,0.9989206043220836,-0.20293014007207205,,0.32239119964238455,-0.30354752625234027,263.1595192632732,268.8306471243412,0.8101261381566878,,,,,,,0.4256131324542345,,,271.459228515625,271.4597930908203,271.46018981933594,271.4599609375,0.11021170531504253,,,,,,0.10784198828702847,,,101929.40430843196,,,1.4142011834319526,120.93557414218519,0.1345217467765131,,265.966985488079,,74462.85246394231,0.5061455901557878,0.004404530722714035,0.017731277194954233,6.266458500066452e-05,0.0058043891861593935,,262.0441958636222,0.16217213551673662,-0.1380342562523114,-2.670670271756061e-07,0.12639085193352012,0.009977685981953638,-8.470168717470042e-07,0.08846252284718115,-0.0344313016304603
1975-12-22 18:00:00,,,5.047978361682779,,,,,,852.0227803548177,1.0302246234120703e-06,0.0,1.0294200488801538e-06,6.241294053884653e-07,1.382986721645353e-07,,4.842666868627424,0.1801528479220599,,,,,,2.999471489494369e-05,3.0458767033187595e-05,789.6937869822485,8.16071406006813e-08,5.758284817080526e-06,,270.22234827526927,5.884525867608877e-06,,270.54251541047404,9.205390715740136e-06,,,,3.102236598201052e-05,,0.0,,,,,,,3.148443423784696e-05,,,,,,,,,
1975-12-23 00:00:00,0.6789556424293293,0.13456485680574495,,0.26291774433745435,-0.3115400167611929,264.43664722329765,268.7576386039779,0.8106855372705403,,,,,,,0.0,,,271.4598083496094,271.4599609375,271.45977783203125,271.4599609375,0.23504584498659392,,,,,,0.11967675925711908,,,101687.34994452662,,,2.6804733727810652,116.50077846910827,0.1347531284806291,,266.6002231575328,,74231.89658838758,0.26285006731924926,0.007817353017231417,0.02540722826591172,5.518036657536523e-06,0.006800781340288693,,260.6248844304734,0.08215568721647093,-0.13721848063214998,-1.6418220421069262e-07,0.04579526008189085,0.025127937154811337,1.2899711546412333e-07,0.11660814003126156,0.000738745257699278
1975-12-23 18:00:00,,,5.6721529142391045,,,,,,730.1165822347006,0.0,0.0,0.0,0.0,9.842279890501188e-08,,5.621041692925628,0.0316073626456176,,,,,,1.64642435437917e-08,9.440579975145102e-07,95.67381656804734,4.5312976343391917e-07,4.345038285776532e-09,,268.3941774989021,2.1866964969850152e-08,,268.79553159454167,6.542623748440714e-07,,,,1.64642435437917e-08,,0.0,,,,,,,9.371750277175001e-07,,,,,,,,,
1975-12-24 00:00:00,0.5783600045379097,-1.6065338236340405,,0.2595979250394381,-0.9537068541938737,258.6664790768595,267.84905256463225,0.8118506116274546,,,,,,,0.0,,,271.4606170654297,271.45977783203125,271.46034240722656,271.4599609375,0.030197640142497227,,,,,,0.010770097992123936,,,102036.46967455621,,,0.621301775147929,118.05539662739228,0.1350675193515755,,263.05139756061624,,74382.09083764793,0.03459731784797984,4.6364830795829815e-05,0.004777163443480723,5.6441366319825667e-05,4.679537736452543e-06,,257.83661773501063,0.07631232999485625,-0.36652825711041515,2.297419875379915e-08,0.00012848784893230376,-7.611327975459352e-05,-1.1261875189933099e-07,0.0039013021228801923,-0.0070838974072383
1975-12-24 18:00:00,,,4.748216499238325,,,,,,539.2487820712003,0.0,0.0,0.0,0.0,-1.8608180873892297e-08,,4.656118814761822,0.0,,,,,,0.0,0.0,0.0,0.0,0.0,,267.3128557374491,0.0,,267.6060181566949,0.0,,,,0.0,,0.0,,,,,,,0.0,,,,,,,,,
1975-12-25 00:00:00,0.2580730618809807,-0.5536493154672476,,-0.0016508045986559263,-0.49185732553696493,254.1434646696734,266.193933430508,0.8090924102173754,,,,,,,0.0,,,271.46055603027344,271.460205078125,271.4598388671875,271.4599609375,0.0066282960790148854,,,,,,0.00029957858768440564,,,102076.74796597633,,,0.08875739644970414,119.44505084336862,0.13501172376102244,,261.58849583010704,,74510.43981139053,0.00665827192498382,7.620753621208597e-06,0.000988266171788323,0.0,0.0,,260.2394266523553,-0.006319648415379271,-0.27821573562170626,5.747872916353004e-08,-0.00024736550438201287,7.346554620731511e-05,1.0103807749173562e-07,0.0003920614983908523,-0.0003168575421592893
1975-12-25 18:00:00,,,4.146671379458975,,,,,,1103.224127633231,0.0,0.0,0.0,0.0,1.8030382656993775e-09,,4.105504356545104,0.00631569405279216,,,,,,0.0,1.5100789361098814e-07,26.622642381656803,7.105123295762835e-09,0.0,,269.8813602063783,5.328756365814858e-09,,270.2122753075594,1.0401743447639533e-07,,,,0.0,,0.0,,,,,,,1.5100789361098814e-07,,,,,,,,,
1975-12-26 00:00:00,0.49389924382316996,-0.5385301522249301,,0.11214537874481381,-0.44605176124347035,260.53679995565017,269.3798592471512,0.806013908259262,,,,,,,0.013313699756148299,,,271.45985412597656,271.4600372314453,271.4599151611328,271.4599609375,0.01475050886707193,,,,,,0.012520039575339774,,,101947.45654585799,,,0.5088757396449705,121.44659947502542,0.13489874439126642,,264.67970781495586,,74535.37573964497,0.03203068118123613,2.0001855122267142e-05,0.0063363588773287256,1.1470587648583588e-05,2.543337246370033e-06,,262.87512161886906,0.023408370963215124,-0.20463601548290816,-3.232023088872321e-08,-0.00042741350173817935,0.0003979029795210037,5.296580165386277e-08,0.017280691473237603,-0.00931573090468638
1975-12-26 18:00:00,,,4.334971982699174,,,,,,4809.739324180825,0.0,0.0,0.0,0.0,3.067622301871365e-08,,4.273184401043774,0.0,,,,,,0.0,0.0,0.24898443278476332,0.0,0.0,,270.7564919375809,0.0,,271.0451103977903,0.0,,,,0.0,,0.0,,,,,,,0.0,,,,,,,,,
1975-12-27 00:00:00,-0.16529836598232653,-0.3040610714071601,,-0.16416470680011094,-0.5173889476166674,262.4502552641919,271.5102176101955,0.802947691206396,,,,,,,0.476393118412537,,,271.4595947265625,271.4600372314453,271.4600372314453,271.4599609375,0.01492454032220784,,,,,,0.21540489422499076,,,102145.41327662722,,,0.0650887573964497,122.93689163478874,0.13477560754358417,,265.4660242746568,,74728.78344582101,0.5072874712520803,0.00200435960081202,0.001903796337059969,2.8892602088183343e-06,0.00024938389394410266,,263.6780244725696,-0.06679344953164547,-0.24195967905620147,-2.3681400441936597e-07,0.06807732439561011,0.0016918820081025185,-1.9987543679590575e-07,0.0036447445328826825,-0.0033243352095403615
1975-12-27 18:00:00,,,4.282781713813014,,,,,,3989.4093345724127,0.0,0.0,0.0,0.0,2.7652589046980458e-08,,4.2022682280230095,0.004642983160075351,,,,,,1.6003042547660468e-07,4.1034127745402637e-07,29.746486686390533,0.0,6.445826819309822e-08,,271.0099187546228,1.8176978134368298e-08,,271.3445207945694,2.1344508160148148e-07,,,,1.6003042547660468e-07,,0.0,,,,,,,4.0893327202317276e-07,,,,,,,,,
1975-12-28 00:00:00,0.3275089094624717,0.36873486761510726,,0.07256937309129703,-0.2629141948632235,263.16558982352535,271.4145635119557,0.8000599664343885,,,,,,,0.2984462941186668,,,271.4604797363281,271.4598388671875,271.4598693847656,271.4599609375,0.03657743916709042,,,,,,0.05345885147004438,,,102141.00573224852,,,0.3431952662721893,123.40753697502542,0.1346567057998928,,265.4921304375462,,74708.45649963018,0.33978271484375,0.0007561085492196167,0.01025303722133298,8.600209591656748e-05,9.568308937479053e-05,,263.4628313053289,0.009727252658302262,-0.14369405515095185,5.5095606162817255e-08,0.017400865491270224,0.011429538373672127,1.23292000503789e-07,0.02770257020677776,7.329184628097263e-05
1975-12-28 18:00:00,,,4.811315705790323,,,,,,1286.2496632080079,8.505521088662233e-06,5.552390887892458e-07,3.5810179611634925e-06,2.7171473884018216e-06,1.267697060750406e-07,,4.740928357874854,0.1170731042263776,,,,,,7.996809553112503e-06,8.399008646519226e-06,507.875,4.93215209633641e-08,1.5335906980305734e-06,,270.39751086714705,1.7665205358048162e-06,,270.669103949733,6.431945153242032e-06,,,,1.157727643582948e-05,,0.0,,,,,,,1.6896109256518663e-05,,,,,,,,,
1975-12-29 00:00:00,0.32308197585788706,0.5310345711792714,,-0.018420433857031827,-0.201748311872313,264.90109307102904,268.9474898118239,0.8080943085738188,,,,,,,0.060398936977047894,,,271.460205078125,271.460205078125,271.45989990234375,271.4599609375,0.16174244175295857,,,,,,0.12158636510724852,,,101941.55602810651,,,2.3431952662721893,120.78715975609052,0.13475440380841316,,266.36896736099874,,74417.4288091716,0.24641535832331732,0.0071187950450287765,0.019509761291142753,5.414182617819521e-05,0.00583576450686483,,260.9469154854498,-0.018241917240549122,-0.12882108519063193,-2.9188621732903666e-07,0.10679611791475999,0.06269593424382124,6.534289440364692e-08,0.044307067054847375,0.02295127881349191
1975-12-29 18:00:00,,,4.806419688569018,,,,,,1098.9815296846277,1.510880755249565e-06,0.0,1.5107044101466793e-06,1.9564662547506525e-08,1.0663083723029667e-07,,4.694713852109288,0.19028016942492604,,,,,,4.581710290626662e-06,4.924492105929809e-06,721.5798816568048,1.0862892780166406e-07,6.402346729879549e-07,,268.1200354762331,7.019857683125332e-07,,268.7054976062662,2.285509684382106e-06,,,,6.091863622326823e-06,,0.0,,,,,,,6.435339796472583e-06,,,,,,,,,
1975-12-30 00:00:00,0.16195903868364864,-0.6646290502604648,,0.03600711371066302,-0.5812620467688205,264.23366027470877,268.468103081517,0.8110645829573185,,,,,,,0.008470095120943509,,,271.4601135253906,271.45985412597656,271.46031188964844,271.4599609375,0.2083527153060281,,,,,,0.1649977102787537,,,101928.22448224852,,,2.3491124260355027,117.50510076940412,0.13535328588542148,,265.49809445714106,,74157.17169008875,0.3080089501375277,0.004025701940412352,0.009825858844102487,2.467420679577709e-05,0.003016754014957586,,258.3875929251225,0.014001039005595552,-0.2800431674754126,-1.94357575493253e-07,0.019488766162584607,-0.024793904208572658,-1.3968084209334083e-08,0.006564369215767764,5.41580499276607e-05
1975-12-30 18:00:00,,,4.362933638533192,,,,,,1561.748601694576,2.250560289303932e-06,1.0408769697832637e-06,5.0290644075170424e-09,4.736691459837044e-09,5.776929085789308e-08,,4.258726814089442,0.08881328515047153,,,,,,8.615163656381461e-06,1.568814530175113e-05,372.4060650887574,1.7445600597110726e-06,2.199354080053476e-06,,268.07243500658745,2.642961207931564e-06,,268.38693508170763,4.673123183335073e-06,,,,8.622305633048334e-06,,0.0,,,,,,,1.7942144320561336e-05,,,,,,,,,
1975-12-31 00:00:00,0.44439391976982884,0.09954420913606,,0.16153628445235935,-0.2938140383838902,261.7541231234398,268.30852485972747,0.8095305688987823,,,,,,,0.0,,,271.45933532714844,271.46083485101457,271.4602966308594,271.4599609375,0.10660358857826369,,,,,,0.19307938976400701,,,101800.76599482249,,,2.165680473372781,119.78806119839821,0.1354125491260777,,263.7011618529551,,74262.55487241125,0.2542982835036058,0.003003837088861409,0.027793658555612055,0.00040039367224337785,0.005629116261499168,,258.16512248925204,0.0328159843676189,-0.15623789002909463,-3.354332703248372e-08,0.024723007819617372,-0.0027637255526858674,-1.8621131755548017e-07,0.06923305105088008,0.013555350388295551
1975-12-31 18:00:00,,,6.161788477700138,,,,,,651.180654840155,1.1285591475147555e-09,0.0,0.0,0.0,5.5393974913956496e-08,,5.97724684349884,0.12099244608681582,,,,,,6.518541620327876e-07,5.344204472366875e-06,362.2241124260355,1.0664800744084916e-06,8.504793665112828e-08,,269.5010375073676,5.389822746169638e-07,,269.8457723764273,2.6043306088306495e-06,,,,6.518541620327876e-07,,0.0,,,,,,,5.3488445528865565e-06,,,,,,,,,
1976-01-01 00:00:00,0.8954384933561969,-0.9428356780102972,,0.22986852205716646,-0.5592488791110247,262.23205656694944,270.15631121573364,0.8079705911980578,,,,,,,0.0,,,271.4601287841797,271.4602355957031,271.4601593017578,271.4599609375,0.16869783119337092,,,,,,0.07959945949577016,,,101917.31268491125,,,0.6863905325443787,121.43543545875323,0.13552579371886847,,264.27960846127843,,74428.82310928254,0.1872401491424741,0.00018285047373122718,0.034780694182807874,0.0004950980462971523,3.9293568515213284e-05,,262.19307803543364,0.03743844730614205,-0.2940186777058438,-2.7522514487047384e-08,3.179267307842624e-05,-0.0006597422989162467,-1.7661142338462693e-07,0.0695598359776319,-0.043069316437963905
1976-01-01 18:00:00,,,6.171440671886918,,,,,,562.2116959368597,2.7783170959653232e-06,0.0,2.7009456820741914e-06,8.535764273807142e-07,8.366707075744062e-08,,6.192005213901136,0.12096508861293453,,,,,,1.6717074890813884e-06,5.545899183792475e-06,450.6582840236686,1.0932514653403378e-06,2.7278658641865975e-07,,270.41785480566983,1.0031060530589177e-06,,270.75333129160504,4.123433454502264e-06,,,,4.372697257431301e-06,,0.0,,,,,,,8.314407083409778e-06,,,,,,,,,
1976-01-02 00:00:00,1.1772866524182832,0.1285349377513637,,0.37404847568308813,-0.2596159376336273,263.4203970643896,270.0647823175735,0.8046181512302195,,,,,,,0.00010118682003585544,,,271.4599609375,271.4601287841797,271.4600372314453,271.4599609375,0.16819104076137203,,,,,,0.1087662736339682,,,101537.04650517751,,,2.100591715976331,123.08172336555796,0.13549817666499572,,265.81223455124353,,74277.52235114644,0.19719817934656989,0.0006272214404224644,0.04370713092871672,0.00015338038551736865,0.0012801582291281435,,260.6497239332933,0.11307482677098563,-0.16697122359416894,-1.3827833332018561e-08,0.0029492968426102543,-0.0011733668531186481,-4.099946146687636e-08,0.1757798505252635,-0.08770634189865292
1976-01-02 18:00:00,,,6.982267994852461,,,,,,524.2975667317709,5.363448131719285e-06,1.2492948382563846e-07,4.675834489291942e-06,1.5819919179882525e-06,1.6455390265392028e-07,,6.751057410381249,0.2627003686667899,,,,,,1.5840507470644436e-05,2.584425655342418e-05,911.3443047337278,1.904389341554698e-06,3.928924806019258e-06,,271.03406195104475,4.932703174782928e-06,,271.4925298747226,9.986290917594052e-06,,,,2.0516518305039263e-05,,0.0,,,,,,,3.1223928434608954e-05,,,,,,,,,
1976-01-03 00:00:00,1.1519446344770623,0.7213953853358884,,0.37983808327003343,-0.005421570772250023,264.99625843657543,269.9317671194584,0.8030391113292537,,,,,,,0.0,,,271.45997619628906,271.45977783203125,271.4599609375,271.4599609375,0.2506203736073872,,,,,,0.049805545242580435,,,101231.10734097633,,,2.775147928994083,122.09861963035087,0.13568200726480878,,266.6053331363836,,73973.54791512575,0.26749483894380416,0.0027370735033023993,0.035263672730742164,0.0010122998931704188,0.0038858221832817124,,259.92487195257604,0.12232354124622231,-0.033868603452422916,8.43434388261597e-08,0.046343419664265924,0.0012952135159419132,7.222113213739523e-07,0.1884001667443222,-0.010725923543851051
1976-01-03 18:00:00,,,5.840203189285549,,,,,,561.5465594876197,0.0,0.0,0.0,0.0,6.242307198692675e-08,,5.75904926322621,0.22404091739090237,,,,,,1.797344557632356e-05,2.849833852440648e-05,739.7514792899408,2.1555213004174315e-06,3.840796340852094e-06,,270.1243591308594,4.807894928215524e-06,,270.4907582299949,9.133662345141348e-06,,,,1.797344557632356e-05,,0.0,,,,,,,2.849833852440648e-05,,,,,,,,,
1976-01-04 00:00:00,-0.4357828557843993,0.22539211589203784,,-0.30673837379591,-0.26149557328083106,264.207526573768,269.0614225850303,0.8018650832260854,,,,,,,0.0,,,271.45994567871094,271.45997619628906,271.46018981933594,271.4599609375,0.2803851246128421,,,,,,0.11105075813609468,,,101440.16863905326,,,2.5680473372781063,121.58905047354614,0.13600289045706304,,266.14488825149084,,74080.74639423077,0.2889151488535503,0.001880106841318706,0.06129211786936021,0.0007661052004120053,0.009391874956661427,,260.7528066240119,-0.1931135471050556,-0.1363396954959666,4.191732997785615e-08,0.012780245711762436,-0.0015795729040394167,9.181758233197254e-07,0.3025495556139073,-0.06449182075861642
1976-01-04 18:00:00,,,5.337607331177186,,,,,,644.8956729821991,0.0,0.0,0.0,0.0,4.075022762883785e-08,,5.1661712421468025,0.18450665897166235,,,,,,8.418494780388105e-06,1.4099275924750333e-05,643.4212278106509,9.447413347881927e-07,1.782275868590767e-06,,269.6638786722217,2.643192660879101e-06,,270.1120368912375,4.49366999801094e-06,,,,8.418494780388105e-06,,0.0,,,,,,,1.4099275924750333e-05,,,,,,,,,
1976-01-05 00:00:00,0.7334797650399293,-0.2548494903293587,,0.1798191578430537,-0.3254094434207713,263.38226796889444,268.74750126043017,0.8040123998060734,,,,,,,0.0,,,271.45948791503906,271.45970153808594,271.45953369140625,271.4599609375,0.21277704182461168,,,,,,0.0957436646230122,,,101658.68500369822,,,1.8875739644970415,121.92242233005501,0.13615472500140852,,265.8375626964682,,74284.55362426036,0.23364149466068787,0.001318065372444469,0.05307584683570636,0.0006252294461402667,0.0080297345945821,,260.45551882410894,0.08345019535200131,-0.13769194677736632,6.485375308448218e-09,0.012632155326641435,-0.003544288979479547,-9.479909755025037e-08,0.23933385810732136,-0.07582671966778456
1976-01-05 18:00:00,,,6.6442004153009,,,,,,474.6544012451172,5.926958907990766e-07,1.0327485626971228e-07,5.970177235158943e-08,0.0,1.1632696630022649e-07,,6.3461040575828775,0.25255246134199333,,,,,,3.219541360640667e-05,4.134825348148684e-05,981.875,1.2612367081924303e-06,6.916254935179942e-06,,270.5994934443186,8.116724223074828e-06,,271.0199426955725,1.1714561098426051e-05,,,,3.225589997669649e-05,,0.0,,,,,,,4.1940067646771494e-05,,,,,,,,,
1976-01-06 00:00:00,1.172427465224407,0.6287721092178977,,0.42650171426626354,-0.029241437742696007,263.2042871960521,268.41004086105073,0.8034835983310226,,,,,,,0.0,,,271.4606170654297,271.4600524902344,271.4602508544922,271.4599609375,0.24153552535017567,,,,,,0.049990591918223005,,,101374.9700443787,,,2.834319526627219,119.6166253625994,0.13646710977046447,,266.5526841744869,,74062.35775702662,0.2517337234767936,0.004134714250733866,0.03950107732468103,0.0005335398679654274,0.01017508422129253,,260.148247713168,0.1743852076445811,0.008064412153684176,3.548170241510727e-09,0.02521291990912886,0.012724908836152867,7.065953673056421e-07,0.1964053148348656,0.023621286513537346
1976-01-06 18:00:00,,,4.098518230505949,,,,,,572.553010807481,9.626927151835177e-08,1.1274720591729916e-09,1.8456994870005274e-08,2.4646983520519097e-08,5.931765883479036e-08,,4.051566846271943,0.1787105763452293,,,,,,6.474686797553971e-06,1.5599355542448145e-05,637.5022189349113,2.2376209673796884e-06,1.2619145346816476e-06,,268.23606511403824,2.655580904356827e-06,,268.6262984416894,4.374901571217373e-06,,,,6.493158947081255e-06,,0.0,,,,,,,1.569674212551681e-05,,,,,,,,,
1976-01-07 00:00:00,0.10092194686979937,-1.4563302429470084,,0.18535685116017359,-0.7400893826456465,261.30193243083164,268.3753589878421,0.8040201995499741,,,,,,,0.0,,,271.45985412597656,271.4601287841797,271.460205078125,271.4599609375,0.1480219011476054,,,,,,0.0789730816903199,,,101593.7825443787,,,1.319526627218935,121.23353549573548,0.1368931708251231,,263.77609153612127,,74088.94129068048,0.18019690880408654,0.0024095907719177607,0.0324751272709412,0.0005430060730883356,0.0034265236036311944,,261.3452120448005,0.08295119161436544,-0.25802651100610136,9.822304373140001e-08,0.005945202690609813,-0.0009644568715927869,-2.75268253035769e-07,-0.010809865576275708,-0.005769396322013358
1976-01-07 18:00:00,,,5.35447563081098,,,,,,527.8757415771485,0.0,0.0,0.0,0.0,1.1229584899044888e-08,,5.313997358965451,0.024929746368227625,,,,,,5.3703800097284234e-08,1.3469734929017061e-06,90.63221153846153,4.391764571680825e-07,4.52833644874923e-09,,266.98690506974623,1.567969726916601e-07,,267.3451961539906,7.015945026155054e-07,,,,5.3703800097284234e-08,,0.0,,,,,,,1.3469734929017061e-06,,,,,,,,,
1976-01-08 00:00:00,1.1290382577117377,-1.2330172217103856,,0.32900282617151383,-0.6183002968511638,254.9002403846154,266.83322459565113,0.8010767373812975,,,,,,,0.0010514626136192908,,,271.46014404296875,271.4605255126953,271.45982360839844,271.4599609375,0.02524796886556953,,,,,,0.014869599652713573,,,101779.81564349112,,,0.39644970414201186,122.84230953419703,0.1369257170773117,,261.1637863068891,,74248.35625462278,0.029257147975221894,0.0002525593402117667,0.006110671003894693,5.079126922336556e-05,0.00025522638354781113,,260.17501605332956,0.15821717511972733,-0.2637115240802426,-1.483619959298907e-08,0.0011510340979607975,-0.0014800888943601641,-1.1388241137224993e-07,0.004187656621608508,-0.008321579391434348
1976-01-08 18:00:00,,,4.56196029933952,,,,,,1374.754146141342,2.1243192387755805e-06,9.591795900869652e-08,1.6101410050363937e-06,4.459326789223936e-07,3.7979352459815725e-08,,4.495192561629256,0.04228729609201646,,,,,,8.115269375976021e-06,8.119060795688065e-06,185.4726331360947,6.1471939649014074e-09,2.166046898745926e-06,,268.44874310916697,1.7774043351235475e-06,,268.773191011869,2.8267238267074675e-06,,,,9.724815216290175e-06,,0.0,,,,,,,1.024229992070847e-05,,,,,,,,,
1976-01-09 00:00:00,1.5035298424359609,-0.17792187075643145,,0.4337059393436951,-0.2954289080828605,260.29880302474345,268.6764154377774,0.7977665260698669,,,,,,,0.0014430277446317954,,,271.4595031738281,271.4595489501953,271.46002197265625,271.4599609375,0.04286442141561113,,,,,,0.030968570144924188,,,101670.85660133135,,,2.3550295857988166,123.69334041437453,0.1368824716150408,,263.423263459516,,74249.7556397929,0.05676928638706546,0.001113612270919529,0.00968314448698022,1.5891691636757033e-05,0.0031182554346569896,,258.92448154426893,0.23480201472897502,-0.1592470361636235,1.2569136054120054e-08,0.011279828216847495,-0.003277714435870831,-5.277567420818859e-08,0.027447203912678554,-8.945987069395166e-06
1976-01-09 18:00:00,,,5.02445033033924,,,,,,902.4313794304343,0.0,0.0,0.0,0.0,1.4386460786372265e-07,,4.917968874146952,0.1418842563967733,,,,,,1.835699617510011e-05,2.8849000761494835e-05,630.5514053254437,2.0410402639377752e-06,4.123808187845896e-06,,268.7007205218253,5.743185267645932e-06,,269.14849934775447,7.072496696336735e-06,,,,1.835699617510011e-05,,0.0,,,,,,,2.8809234940794092e-05,,,,,,,,,
1976-01-10 00:00:00,0.8660503548277906,-0.23957975940591486,,0.33878289171929893,-0.3742992750991731,264.02849691718285,268.0741768560466,0.7978339361015861,,,,,,,0.0,,,271.4599151611328,271.46038818359375,271.4599151611328,271.4599609375,0.20612782134106877,,,,,,0.07657709065273668,,,101732.88165680473,,,2.497041420118343,122.47454418656389,0.13721127481855586,,264.67898135213454,,74264.63676497781,0.22393527962046966,0.0033770905443902552,0.036978366106924926,0.0007563709507327108,0.013914435572878144,,259.52288339829306,0.09793757298994346,-0.1850903647891163,1.367790696483943e-07,0.022598356657424535,-0.004644516657090046,3.539733574918565e-07,0.24325149468719387,-0.049737397030260436
1976-01-10 18:00:00,,,5.016991914376705,,,,,,736.9703573550818,2.530056255808949e-07,0.0,2.5322605695950207e-07,0.0,1.3715300752051412e-07,,4.818989341780984,0.13887321878467085,,,,,,1.808621826961901e-05,2.032103975849039e-05,529.3809171597633,4.6737514127641035e-07,4.217050660996748e-06,,268.1157387276373,4.194037625070154e-06,,268.5952454516168,5.112464964037111e-06,,,,1.833980252756875e-05,,0.0,,,,,,,2.0580884267592573e-05,,,,,,,,,
1976-01-11 00:00:00,0.9290503609109912,-0.9504238218950802,,0.3359102328148114,-0.6485784237201397,261.6489652374087,267.4627649431398,0.7977934398594693,,,,,,,0.0,,,271.45924377441406,271.46009826660156,271.4598693847656,271.4599609375,0.14435645109097633,,,,,,0.04662462945520525,,,102041.19415680473,,,2.1893491124260356,121.65039477827986,0.13756338096934662,,263.95874944382166,,74413.7330806213,0.1563740566637389,0.0021980895093206823,0.014797165549013036,0.00012814222708256286,0.008581895094651442,,258.1654892419217,0.11828446176630505,-0.324579633904632,1.2774402550359658e-07,0.013259520664667854,-0.003915635439065786,1.606642141247295e-07,0.0630725510046437,-0.0102798772986824
1976-01-11 18:00:00,,,4.924218265967961,,,,,,1556.6349467615928,9.633732970649674e-06,1.2027011556032847e-07,7.3557951041227266e-06,3.078765065006956e-07,1.3381147992414196e-08,,4.787451223156156,0.0039215539334088384,,,,,,6.53270433640339e-07,9.424543592351428e-07,22.766364644970412,2.1736600474845727e-08,1.6729363940171237e-07,,268.12298602042114,4.920138586202317e-07,,268.44528821234167,4.385834967596291e-06,,,,8.009594573071722e-06,,0.0,,,,,,,1.0572946988619291e-05,,,,,,,,,
1976-01-12 00:00:00,0.5284982940854406,-0.10776620221561228,,0.13727321850477592,-0.3102190536860178,259.28491743640785,268.48592787522534,0.7949295608249641,,,,,,,0.002308253000473835,,,271.4595184326172,271.459716796875,271.46009826660156,271.4599609375,0.010780966493504993,,,,,,0.016259029772154678,,,102021.83857248521,,,0.10650887573964497,122.59737147946329,0.1376885239189193,,262.901844002086,,74466.25191845415,0.023657894698825812,0.0006916254935179941,0.003579167924689118,4.790626334015434e-05,0.0004306629564635147,,261.5219591129461,0.031009812679516493,-0.18044584143091236,3.0374990301048274e-07,0.01605059831055672,-0.004584767056640083,2.9930218331103856e-07,0.008449622159878883,-0.007230457469556459
1976-01-12 18:00:00,,,5.830527717545188,,,,,,659.9685363769531,1.7381234634557419e-06,2.090047670186624e-07,9.768141003755422e-07,5.547568951485425e-08,9.91622137249826e-08,,5.727916977109288,0.05862751797106139,,,,,,1.284268480786205e-05,1.5501351751519377e-05,277.1316568047337,5.861711219923031e-07,4.006119874807505e-06,,268.78848970853363,2.955874571433434e-06,,269.18490555441593,4.814419697022297e-06,,,,1.381866677978335e-05,,0.0,,,,,,,1.723579401095238e-05,,,,,,,,,
1976-01-13 00:00:00,0.7820828172582142,0.21441917306572728,,0.19226645188924124,-0.34055091925626674,262.0319370066626,268.0726120627138,0.7936118301555249,,,,,,,0.0012609888110640486,,,271.46034240722656,271.46014404296875,271.46031188964844,271.4599609375,0.1300972481451091,,,,,,0.03242962176983173,,,102037.95081360947,,,2.0177514792899407,122.67672151644554,0.13784241535254485,,264.1879557773206,,74454.23936760356,0.13846619735808063,0.0012261796985152205,0.01684340076333672,0.00032923207480526533,0.0054574774567192124,,258.6122095232179,0.03374464518925142,-0.19595994892910387,3.3354556294586567e-07,0.02025757173064906,-0.0033925832331885954,5.207685292174918e-07,0.07306022164770044,0.016990700813792867
1976-01-13 18:00:00,,,5.2786231746335,,,,,,380.75290749289775,7.737912898938332e-07,0.0,7.489927598005216e-07,6.03067187162546e-07,8.829877982237677e-08,,5.01798829841896,0.18026281954974113,,,,,,3.623486270565958e-05,4.380024396456205e-05,668.3683431952662,1.695227517178778e-06,7.932399504283477e-06,,269.0052232008714,8.852480078589988e-06,,269.4432954506056,1.2092115963704487e-05,,,,3.6982918632101024e-05,,0.0,,,,,,,4.4608609916190426e-05,,,,,,,,,
1976-01-14 00:00:00,0.2708462709505883,-0.24861958746374005,,-0.05015839345356416,-0.5372160059460521,261.71826180903867,267.99467441175113,0.7931773352199758,,,,,,,0.0,,,271.4604034423828,271.4601287841797,271.45982360839844,271.4599609375,0.18131621772720968,,,,,,0.06076076891295303,,,101934.46153846153,,,2.331360946745562,120.92415587295442,0.13839302119418714,,264.65360083946814,,74357.42531897189,0.1896952792737611,0.004111493127585868,0.028192553999861317,0.0002348183174810466,0.013180794800526996,,258.7798866407406,-0.050372477466538106,-0.22785063184930024,2.7640591789355235e-07,0.02338251395332875,0.0034592363476400544,6.271567203920092e-07,0.10608039545611693,0.014667457994624707
1976-01-14 18:00:00,,,6.360057469655776,,,,,,408.5795262034346,6.753948555719218e-08,1.2176767123874122e-08,0.0,0.0,9.499218455357281e-08,,6.258635295213327,0.2284513394508136,,,,,,1.6542537325232694e-05,3.536949319952338e-05,803.3698224852071,4.388656489242463e-06,3.266726901545327e-06,,270.09978968151927,5.761657417173216e-06,,270.46021952431585,1.1023839373560347e-05,,,,1.6542537325232694e-05,,3.6402175632806926e-09,,,,,,,3.5437033373928634e-05,,,,,,,,,
1976-01-15 00:00:00,0.7100568748790131,-0.2811937275722887,,0.1483320145917362,-0.4935932836589023,264.08359586275543,269.07850520568485,0.7921071525156145,,,,,,,0.0,,,271.4601745605469,271.4595489501953,271.4600133045009,271.4599609375,0.25607200487125553,,,,,,0.09267204329812315,,,101627.77348372781,,,2.4023668639053253,121.61274222650472,0.1388380287666998,,265.5768894895294,,74210.28346893491,0.2655128614436945,0.002086055349316117,0.05437085755477995,0.0004895311840892543,0.0055658916044517386,,259.4498454438159,0.028967519483622715,-0.1936252808429786,3.15946835084934e-08,0.012109101643874007,-0.0012812791667746368,9.76168047003007e-07,0.3384625700098523,-0.07322562023027408
1976-01-15 18:00:00,,,6.342952017248029,,,,,,414.78525305996425,1.2271965925510112e-06,8.367161823094949e-08,0.0,0.0,1.1580682749114828e-07,,6.129465548949834,0.24664893517127404,,,,,,2.023921563075139e-05,3.505432041439079e-05,826.6723372781065,4.055562633029102e-06,4.480444115294507e-06,,271.08884407359466,6.970459011179456e-06,,271.4599797175481,1.234279052745661e-05,,,,2.023921563075139e-05,,1.7199674951871473e-08,,,,,,,3.6283798471710386e-05,,,,,,,,,
1976-01-16 00:00:00,-0.14255317146256125,0.6617720733732867,,-0.2478119381786098,-0.10353753693710417,265.77041309966137,270.1103010911208,0.7907924831971614,,,,,,,0.0,,,271.46043395996094,271.4606170654297,271.4601287841797,271.4599609375,0.2361574793708395,,,,,,0.06054371489575629,,,101331.05889423077,,,2.562130177514793,121.50835983005501,0.13906233973757048,,266.55408274633646,,74028.93209134616,0.24367834689349113,0.0024558693699582796,0.04928525665102626,0.0013064802045652851,0.006312195365950906,,260.7483320066915,-0.14298293435361964,-0.05676407609465559,-2.1755124029659353e-08,0.011909055991991031,0.006752177680285989,1.1438392612465916e-06,0.2569074461446006,-0.004712580576450867
1976-01-16 18:00:00,,,7.10704419739853,,,,,,579.5424120221819,1.8670317336652405e-06,1.2407875647382623e-09,1.5969922733024733e-06,1.778648739140591e-09,9.163033190326622e-08,,6.878508567810059,0.2905215652736686,,,,,,2.7797190395332653e-05,3.8864344534789315e-05,989.6172337278107,1.882814620373517e-06,5.564812196076974e-06,,270.56750677887504,6.744825452037112e-06,,270.85300061829696,1.1127905027400812e-05,,,,2.9394171647066196e-05,,0.0,,,,,,,4.0733161762621274e-05,,,,,,,,,
1976-01-17 00:00:00,-0.6801055874344866,1.1035736185559155,,-0.42890638430443034,0.03842348742061818,265.42612317327917,270.165807328986,0.791011650181381,,,,,,,0.0,,,271.4592590332031,271.46018981933594,271.4601287841797,271.4599609375,0.28205627802561023,,,,,,0.04040455112795858,,,101399.96394230769,,,2.775147928994083,119.75664940106093,0.13960101336417113,,267.004535562188,,74020.24750369822,0.2883170931898822,0.003131522229437292,0.030141932831955907,0.0004044552526530429,0.004332728639862241,,260.1409332455968,-0.28017713332317284,-0.0018403826380622458,4.607426430912931e-08,0.014033458642000278,0.015841971363695945,8.024607155438976e-07,0.13341910157424325,0.017771672214982073
1976-01-17 18:00:00,,,6.754991689377283,,,,,,1017.4632960212301,0.00012356113399979632,2.7747064299837373e-05,2.427509374167087e-05,3.680454556053207e-06,2.993179891449978e-08,,6.453125310367381,0.5504475429918639,,,,,,0.00036635412972354326,0.0004472002475219365,2032.1113165680474,2.7273798129967683e-05,9.360830106678798e-05,,271.5576879738351,0.00011175174332229343,,271.87768121301775,0.00020438838287218083,,,,0.0003906269750651523,,0.0,,,,,,,0.0005707670245650252,,,,,,,,,
1976-01-18 00:00:00,0.2062739197319076,0.7516833649584528,,-0.019220120808076575,0.060211441220616446,267.78748759433364,271.15092766214406,0.8240775208501421,,,,,,,0.13792789617233728,,,271.45921325683594,271.4598693847656,271.4599914550781,271.4599609375,0.45614885860646265,,,,,,0.8635515736404961,,,101383.31767751479,,,3.029585798816568,110.62984651644554,0.1430614742301625,,270.0240176048504,,73980.05043454142,0.8796681088103345,0.13862878291388236,0.1085552238148345,0.012483337221766365,0.35190770290130696,,264.294395401633,0.09346316410945012,0.05477560483492338,-3.1216525728952075e-06,1.8418766416873804,1.909324976378644,-4.936237223639247e-06,0.9118899017704661,1.0576626027124167
1976-01-18 18:00:00,,,5.9112380157560995,,,,,,162.34536381357725,1.6345813341394684e-07,0.0,1.6436190206623643e-07,3.324311843814229e-08,1.0081135802013668e-07,,5.778301532451923,0.21107410679202107,,,,,,6.2244090102833405e-06,6.259942548514823e-06,845.4977810650887,2.341859522082749e-08,1.1809060030434965e-06,,263.8382852768757,1.2020674153897888e-06,,264.4807627299834,1.4684366932987462e-06,,,,6.389071250102929e-06,,0.0,,,,,,,6.423392415752072e-06,,,,,,,,,
1976-01-19 00:00:00,0.4865001757469403,0.15687682924891364,,0.13236775482900043,-0.39904010930710293,259.4935165495562,263.01506575183754,0.8454455444093286,,,,,,,0.0,,,271.46031188964844,271.4604949951172,271.46028414470027,271.4599609375,0.34347154967178256,,,,,,0.01908179288785133,,,101874.93897928995,,,2.195266272189349,112.86433708597217,0.14780770251031458,,259.44936447595,,74125.52699704142,0.3465225851747411,0.002350592754296297,0.012087037577431584,4.827923323275775e-05,0.002108613414877265,,256.4088009264342,0.11706951948312613,-0.3212438278649686,1.078984851603804e-07,0.00605686233219134,0.00898382612145864,1.1262055474385818e-07,0.007254665419900205,0.01346843974036578
1976-01-19 18:00:00,,,4.942751918318709,,,,,,983.362559599035,2.7285436906758147e-06,2.3596738217145026e-06,1.7666472838475153e-07,9.342019594985353e-08,4.316975799845201e-08,,4.743041777751855,0.14215485160872782,,,,,,3.0721741667866e-06,3.257259373834147e-06,608.2363165680473,5.759803038200683e-08,5.264562615276089e-07,,264.18501308824887,1.0452911081398732e-06,,264.6538618640787,3.70072322131614e-06,,,,3.2491805638081927e-06,,0.0,,,,,,,5.986607639041878e-06,,,,,,,,,
1976-01-20 00:00:00,0.9269821404000006,0.04091063617954593,,0.32587206010987774,-0.31286744112093773,257.7554426926833,262.38583671976124,0.8411239590165178,,,,,,,0.001405411218045026,,,271.4606170654297,271.46034240722656,271.46026611328125,271.4599609375,0.17274159087231877,,,,,,0.035122301451553255,,,101917.60798816568,,,2.224852071005917,116.49828216733312,0.14790535819601025,,258.33405877288277,,74045.30031897189,0.19431968553531806,0.0017254169170673077,0.013482810477533283,3.576842990852672e-05,0.0005965754830625636,,254.66188094460753,0.23720739543790648,-0.17009573716383714,2.708840849513144e-07,0.006222112027145702,0.007569138114974344,2.8656111508690528e-08,-0.0278718982927898,0.007209804989177095
1976-01-20 18:00:00,,,5.070000264771592,,,,,,1514.4620564778645,0.0,0.0,0.0,0.0,9.334641386487538e-08,,5.059794820977386,0.07407185029701369,,,,,,2.0602377704702891e-07,1.99422546105801e-07,322.0258875739645,0.0,4.218712162512999e-08,,261.88167648766876,3.5634454472001486e-08,,262.1545792980307,5.50739188849397e-08,,,,2.0602377704702891e-07,,0.0,,,,,,,1.99422546105801e-07,,,,,,,,,
1976-01-21 00:00:00,1.1777687693488668,-0.9849347165350378,,0.39462225535917567,-0.5011268028846154,258.42455115685095,262.53169927653477,0.8367033946443592,,,,,,,0.0009057930940707054,,,271.46006774902344,271.45994567871094,271.4600067138672,271.4599609375,0.09025618874815089,,,,,,0.05693018083741679,,,102052.83321005917,,,1.4792899408284024,120.76515531822069,0.1479294934921716,,256.76386446078146,,74071.28467085799,0.1396127734663924,0.0003320535964514377,0.001693728407459146,0.0,0.00010053487219048675,,253.94231292905187,0.17489595384992793,-0.2538262090739414,-6.253499533325732e-08,6.964902900512049e-05,-0.0015112347239573326,-2.981548584355648e-08,-0.004609506511123928,-0.0022217613705516567
1976-01-21 18:00:00,,,4.130831374219183,,,,,,1806.27392578125,0.0,0.0,0.0,0.0,3.577800394936889e-08,,4.021277517962033,0.03942844007142197,,,,,,6.610805929236158e-08,5.970142792756036e-08,125.88461538461539,0.0,1.313999197418256e-08,,262.5999721549672,9.647618425381783e-09,,262.86010074051177,1.3654475367611505e-08,,,,6.610805929236158e-08,,0.0,,,,,,,5.970142792756036e-08,,,,,,,,,
1976-01-22 00:00:00,0.3334388055744961,-0.49609140249399036,,0.12076524023473616,-0.4199426018980128,257.74922396868647,264.0902038213064,0.8329813226440249,,,,,,,0.0002813593170346593,,,271.4607391357422,271.4596252441406,271.46002197265625,271.4599609375,0.03247205745539016,,,,,,0.0193880972777598,,,102114.72503698224,,,0.5029585798816568,125.04885539218519,0.14797124072644838,,255.87570208487426,,74271.95710059171,0.05140667977417714,0.00011994782284166686,0.00021187229269355005,0.0,7.708820365589752e-05,,252.93719681057,0.04893674617688332,-0.20996420482206626,-1.460705536277138e-08,0.000923421946764075,-0.00044066805017770397,1.2394620703888738e-08,-0.00027874724928443953,-0.00013317769536605247
1976-01-22 18:00:00,,,5.141089625612518,,,,,,4275.517823878343,1.566605807761469e-07,0.0,1.5701327098191842e-07,0.0,5.954641558797534e-08,,4.869934313396025,0.053602229914016274,,,,,,2.3888809793799585e-06,1.1050709958612566e-05,190.7026627218935,1.7252833356518717e-06,4.361427703200007e-07,,263.63445358727813,1.9607701774179583e-06,,263.99411299666,2.732798016282934e-06,,,,2.5456517758454093e-06,,0.0,,,,,,,1.1207392582526574e-05,,,,,,,,,
1976-01-23 00:00:00,0.754631877650876,-0.4403747299013758,,0.1758121400189823,-0.4265302567792362,257.44711502346064,265.0412105582875,0.8283311615328817,,,,,,,0.570939645259338,,,271.45982360839844,271.4604949951172,271.4597930908203,271.4599609375,0.07528867100822854,,,,,,0.1891077707505085,,,102114.48058431952,,,1.1597633136094674,128.90208209336862,0.14793874808317106,,256.83165239864553,,74393.1753651997,0.6328351624618621,0.009457046463644717,0.016972716743424095,0.0004228388769386788,0.0079251351441152,,253.18737603362496,0.07444294952076567,-0.24355802063405865,-5.643235416373392e-08,0.17125850880639792,-0.01355204920796953,2.503197962389267e-08,0.011230522116436761,-0.003291458420499542
1976-01-23 18:00:00,,,4.808426112112914,,,,,,4679.1110203183935,9.648866962487175e-09,0.0,9.762182468052447e-09,0.0,1.3984198948594373e-07,,4.562499159186549,0.058332725389469306,,,,,,6.11714710145307e-06,6.190109887772058e-06,260.07063609467457,1.6373487812130762e-09,6.72370812596654e-07,,264.05767199273646,9.394068954258981e-07,,264.5589885824531,2.087551284823897e-06,,,,6.129226741000745e-06,,0.0,,,,,,,6.200117472360825e-06,,,,,,,,,
1976-01-24 00:00:00,0.6620231662276228,-0.3328115587403788,,0.1604902504463873,-0.46937122006388105,261.3738185724563,265.82617882722934,0.8250273286238224,,,,,,,0.3122567622619268,,,271.4592590332031,271.4595947265625,271.46038818359375,271.4599609375,0.05706985744498891,,,,,,0.14449621798724113,,,101914.79659763313,,,1.2781065088757397,131.98108542177098,0.14805949228049736,,258.6127227241471,,74254.96391919379,0.4574397160456731,0.0024129709548498753,0.002618338229388175,0.0,0.0021001488499387483,,255.8918990637424,0.049125786716416035,-0.26066145812265973,-7.039437489566867e-07,0.05085709226901847,-0.020473311638691018,-6.50401672085929e-08,0.0013373372029270645,-0.00011874210728696112
1976-01-24 18:00:00,,,4.418731768455731,,,,,,656.2273535477487,2.550986215207704e-06,1.5033420021011985e-07,5.734453429660854e-08,0.0,3.073125122161532e-07,,4.346491729014018,0.19938777043269232,,,,,,5.279331517642772e-06,5.784273676618317e-06,854.2522189349113,1.0672529619297332e-07,1.0074650835708754e-06,,265.122734566412,1.2649785308442877e-06,,265.7112064700155,2.0873639181520813e-06,,,,5.337922178076569e-06,,0.0,,,,,,,8.329043726949297e-06,,,,,,,,,
1976-01-25 00:00:00,0.6008078332483415,-0.8953054360384066,,0.20718873040915947,-0.6937675927517682,263.55281012721315,266.7495165943394,0.8220816187604645,,,,,,,0.0,,,271.46051025390625,271.45947265625,271.46026611328125,271.4599609375,0.2021110579812315,,,,,,0.059871605867464865,,,101928.25758136094,,,2.698224852071006,131.6295460356763,0.14824817025449855,,260.6976153131067,,74164.82969674557,0.24129905926405326,0.00246848157171667,0.001968711085573456,1.219276493117654e-05,0.0025049920618181397,,258.0968473536023,0.046028574895576616,-0.3362763703927486,8.802633806091827e-08,0.007292967343416352,-0.0024112821859720896,-1.1626321018346966e-07,0.003154937266069051,-0.000556539060801444
1976-01-25 18:00:00,,,5.306876724288308,,,,,,2534.258992780719,0.0,0.0,0.0,0.0,1.7814318467442708e-07,,5.04734504328677,0.038567266520663834,,,,,,2.9179328203906674e-07,7.769903002758704e-07,118.50406804733728,2.7623495979774635e-08,5.586626636382391e-08,,264.64754860782057,8.21561525030249e-08,,264.9734613542726,2.859146527108356e-07,,,,2.9179328203906674e-07,,0.0,,,,,,,7.769903002758704e-07,,,,,,,,,
1976-01-26 00:00:00,0.07899545635697404,-0.8863658566446699,,-0.113761867997209,-0.6441970971914438,259.5225607967941,265.50259868915265,0.8186907718872883,,,,,,,0.045243483323317304,,,271.4601745605469,271.4596252441406,271.4602508544922,271.4599609375,0.07411374425041604,,,,,,0.13404132910734098,,,101818.79142011834,,,0.7218934911242604,132.0713914498775,0.14835364437667575,,258.3775985988639,,74267.14141087278,0.22519128562430657,0.0005509585318480722,0.012086495845275517,5.23473384112296e-05,0.00022268647978291708,,255.5293673001803,-0.06015865936787171,-0.32042710456622425,-4.8791737608768644e-08,0.00618660356160584,-0.004541008650551181,4.963267040225407e-08,0.015620598426231971,-0.005742368613474468
1976-01-26 18:00:00,,,5.275256365713989,,,,,,1597.1750385473806,5.481081336913024e-07,0.0,0.0,0.0,2.647676022411226e-07,,5.238420638812364,0.07704758503027921,,,,,,5.894423236508342e-06,1.0706396145228099e-05,359.47189349112426,8.504352802355614e-07,1.1136193247236444e-06,,267.4873056806756,2.014235808299138e-06,,267.8930377847344,2.7900109806004362e-06,,,,5.894423236508342e-06,,0.0,,,,,,,1.1252536928865332e-05,,,,,,,,,
1976-01-27 00:00:00,0.2622351279625526,0.034093174003285064,,-0.11244394087932519,-0.3686460009693394,261.86606313491006,267.6892011292587,0.8139913286683123,,,,,,,0.02172418176775148,,,271.4602508544922,271.45977783203125,271.4604034423828,271.4599609375,0.1192402134280233,,,,,,0.11349794286242604,,,101685.17261464497,,,2.526627218934911,132.68848649425618,0.14829282365607085,,262.2622823320197,,74218.32077477811,0.18583069435326305,0.0014683424368412538,0.03063608203413924,0.0002445836038984491,0.0024126718735553807,,258.48246051856046,-0.05783144997421806,-0.19643209107528778,6.846948223383635e-08,0.00731537022528696,-0.0006842953125400656,1.0783801291147577e-06,0.13284229525403166,-0.04314884384708292
1976-01-27 18:00:00,,,6.558291232092141,,,,,,999.082849032637,7.396751254267947e-06,0.0,7.123284085967837e-06,1.421403525584548e-07,3.58240090100109e-07,,6.439762171908948,0.17260606754460983,,,,,,9.149665663228232e-06,9.849292815789668e-06,636.6923076923077,5.966732994868205e-08,2.3365064838228848e-06,,267.4941754764354,3.0745327825376974e-06,,267.9538649158365,5.130011301774245e-06,,,,1.626748305100661e-05,,0.0,,,,,,,1.724840268580871e-05,,,,,,,,,
1976-01-28 00:00:00,-0.14429775779769266,0.6751940857023883,,-0.23226666309424407,-0.19396843994862933,263.3735624234352,268.11420400043914,0.8101914563827967,,,,,,,0.16606690897744084,,,271.4598846435547,271.4600372314453,271.4599304199219,271.4599609375,0.16557158520941198,,,,,,0.03589521780521912,,,101771.97670118343,,,2.3195266272189348,132.40000184188932,0.14838150408141007,,262.62929656801845,,74240.78270617603,0.3465150009245562,0.002409810850606162,0.009991098437788924,0.00034271612675232296,0.002434002577200444,,258.9169117402748,-0.13799958539432322,-0.14165137364314154,1.7709755637516274e-07,0.04212301581568972,0.004354872316474745,3.2043315180213624e-07,0.04313551460822614,0.004991647274889184
1976-01-28 18:00:00,,,5.797395937541533,,,,,,1014.368997973065,6.60390367169352e-07,0.0,6.61062682874104e-07,5.793212169020839e-08,3.004893564321886e-07,,5.724769479424291,0.14812681660849666,,,,,,1.1062569166781634e-05,1.2476945064476962e-05,553.9411982248521,6.737540194974144e-07,2.6648390222583296e-06,,267.7575462386453,2.5866740554042115e-06,,268.12210796288485,3.684708881660326e-06,,,,1.1723863302603276e-05,,0.0,,,,,,,1.3143529553385176e-05,,,,,,,,,
1976-01-29 00:00:00,-0.47226043565738834,0.4781513947706956,,-0.25164864331307496,-0.3032208674052763,264.1791635547164,269.3671379315077,0.8065251164887783,,,,,,,0.21197166668592826,,,271.4600067138672,271.4596710205078,271.46018981933594,271.4599609375,0.16429436136279585,,,,,,0.12515755376872226,,,102000.17769970415,,,2.5976331360946747,132.68763127975916,0.1486432340723523,,262.76827668861523,,74385.71276349852,0.4084127753443972,0.002581697949290981,0.02140632042518029,0.0001718334897735415,0.005900230633436575,,258.5638748259234,-0.21222144471117732,-0.18460367981498763,1.6476501810251454e-07,0.04848904015705439,0.002981611433819201,3.188763767172246e-07,0.09674243814141087,0.023923592608884946
1976-01-29 18:00:00,,,6.104982488959498,,,,,,2333.870871713228,2.7730046997408893e-06,7.697188201740649e-08,2.4703303737753242e-06,2.6656008882106408e-08,3.458539135029096e-07,,5.977717456027601,0.17688340407151443,,,,,,1.860352662893442e-05,2.5451888699503338e-05,664.946375739645,1.0102810944325826e-06,4.895891134555523e-06,,268.8991501486513,4.7002141997659e-06,,269.32917027219514,8.916317005834635e-06,,,,2.107403334781263e-05,,0.0,,,,,,,2.8223592854110446e-05,,,,,,,,,
1976-01-30 00:00:00,-0.47002911426611904,0.4722350476056161,,-0.3161088221171904,-0.2326061485787115,266.0728645098985,269.6285581870897,0.8029092917075524,,,,,,,0.17457752114922337,,,271.45977783203125,271.459716796875,271.4598388671875,271.4599609375,0.21705329488720415,,,,,,0.04529571533203125,,,102084.00425295858,,,1.982248520710059,132.60042251496625,0.1489159792838012,,263.8268233982064,,74469.20601423817,0.38229081193370934,0.0032557933288213064,0.02666915803265995,0.00045215871912487865,0.0048353883641711354,,259.6300638413288,-0.21796689795319146,-0.17209464417406795,2.2615413991741273e-07,0.05140015125803694,0.015041985203230962,1.1302809824339753e-06,0.12125189221442054,0.013126470986202624
1976-01-30 18:00:00,,,4.336540346314921,,,,,,2207.766238603436,6.845331139113071e-07,5.210308942216388e-08,5.475763429904125e-07,1.7172155471948477e-07,1.5717308373140865e-07,,4.244914111301038,0.1805620362772744,,,,,,1.4990744506113628e-05,2.890075804919181e-05,599.5262573964498,2.9377330689740603e-06,2.933258311988334e-06,,268.1877173248833,4.998964847192256e-06,,268.5660114175469,8.824000344473935e-06,,,,1.5540324019257135e-05,,0.0,,,,,,,2.9584536185631387e-05,,,,,,,,,
1976-01-31 00:00:00,0.28337005750667416,-0.2309595480473084,,-0.08554763342501849,-0.393061079217132,264.865202051648,269.033345329691,0.7990126334703885,,,,,,,0.07316959539108728,,,271.4593963623047,271.4603576660156,271.4600830078125,271.4599609375,0.22533403204742974,,,,,,0.1376170322034486,,,101975.83468934911,,,1.6863905325443787,133.0163341273923,0.14930944612040323,,263.1702465531389,,74345.11901349852,0.31728626349279604,0.0016775469808183478,0.04060011643629808,0.0005775005859736154,0.0027324631369325535,,258.44081368530993,-0.04070697592560356,-0.18889226821752694,-1.1025174619415058e-08,0.00920570508257304,0.0018029283338154738,7.972327570228413e-07,0.14798456170877233,-0.013113156578244542
1976-01-31 18:00:00,,,5.497309549320379,,,,,,290.9582985432943,1.6214579520140878e-05,1.1251368642558714e-07,1.5320421675958578e-05,2.4622405421804394e-06,1.6526531014962057e-07,,5.3310979075685765,0.22233753091484837,,,,,,2.0987007039538502e-05,3.976679059880725e-05,698.7784763313609,2.8805972556390706e-06,5.557692262547961e-06,,268.42500919138894,7.0722762649581276e-06,,268.878319554075,2.187464011491403e-05,,,,3.630557709191678e-05,,0.0,,,,,,,5.5977226009030314e-05,,,,,,,,,
1976-02-01 00:00:00,1.4302528708644167,-0.014919980743227626,,0.46752000595690935,-0.23434148596588678,265.32989890194506,269.2363216242141,0.7952657715808711,,,,,,,0.005651756151188055,,,271.4601593017578,271.4602966308594,271.45982360839844,271.4599609375,0.23805968154816937,,,,,,0.05325443786982249,,,101623.20247781066,,,2.1893491124260356,132.9671939646704,0.14963415247448802,,263.90564262796437,,74087.3454835429,0.25254614113350593,0.0036874974267722587,0.033185925004044936,0.001106753151797684,0.007681965122561483,,258.99433357193624,0.2673358031983912,-0.12861164258076593,1.7997481013453956e-07,0.02274850697162597,0.003328391345294975,9.667687152495839e-07,0.14718991093827996,0.019670473047967492
1976-02-01 18:00:00,,,6.737429782483705,,,,,,464.3003857421875,5.843106811568582e-06,3.9819826388500147e-07,5.2946514984559734e-06,3.340373025137997e-06,-2.9602395002068897e-08,,6.624675841021115,0.24670536560419748,,,,,,3.9964737976796526e-05,7.311373772705801e-05,853.7019230769231,9.82793301520263e-06,8.759458036817742e-06,,266.6402318830321,1.6213433276972123e-05,,267.18322952541376,2.4635234528039334e-05,,,,4.526055776155912e-05,,9.621209712952552e-08,,,,,,,7.893347881249422e-05,,,,,,,,,
1976-02-02 00:00:00,1.676808966687445,-0.8130625098414676,,0.5031537276047927,-0.4035039822730792,263.17914242716233,266.94915292954306,0.7940876561509081,,,,,,,0.01885232417541143,,,271.45997619628906,271.45994567871094,271.4598388671875,271.4599609375,0.2287721351758968,,,,,,0.07531891772027552,,,101320.32026627219,,,2.224852071005917,133.01993989662307,0.1502781676117485,,263.0140788061379,,73773.79636649408,0.2567404120631472,0.0046176571817793085,0.027124438765486317,0.001457739158494938,0.01833952954534948,,257.6706750632743,0.37221881941225404,-0.1565312323485606,6.780709065004395e-07,0.06514709516345404,-0.03070153851480879,8.661961238059771e-07,0.12982234129263365,0.009067409137296959
1976-02-02 18:00:00,,,4.749028646028959,,,,,,592.6524505615234,5.897200671878792e-07,0.0,5.895437220849934e-07,1.3357480249461338e-06,2.860286032482045e-08,,4.641760515743459,0.19623371553138869,,,,,,6.749212036471395e-06,2.8162092499479033e-05,600.3901627218935,5.234385559544761e-06,1.745276461691546e-06,,268.126149013903,3.461709477492338e-06,,268.5907779671031,1.1166877295138568e-05,,,,7.338425111488478e-06,,0.0,,,,,,,2.8757433566821398e-05,,,,,,,,,
1976-02-03 00:00:00,0.4932738704794257,0.12395037701849401,,0.10148929844241171,-0.23313272352049336,262.0118731436645,268.2141954771866,0.7900442128350749,,,,,,,0.003192800036548863,,,271.45960998535156,271.45977783203125,271.45994567871094,271.4599609375,0.26069261900772006,,,,,,0.23564093776003142,,,101311.58746301776,,,2.3491124260355027,133.5770312427769,0.15021519689164922,,262.40421606662005,,73930.05974944527,0.38160895172660875,0.002589183446218276,0.062105167546921226,0.001192233971590121,0.006292535003120377,,256.78056127785226,0.028396442444366815,-0.10179724425253783,-3.946301278130554e-08,0.02317464116756865,-0.003260934846641044,-7.427745283796237e-08,0.24075464664787238,-0.008380119264478514
1976-02-03 18:00:00,,,5.43926545995227,,,,,,951.5255168654163,2.642575453019001e-06,1.3078469231989257e-08,1.966600587382119e-06,7.668587230366363e-07,3.3776470550387433e-07,,5.340178523543319,0.3870687992615107,,,,,,4.1342963128400274e-05,7.172343293590658e-05,1388.4944526627219,6.913543629223073e-06,9.304695051802686e-06,,270.69596555811415,1.3179503954373873e-05,,271.1213726517717,2.159103310319799e-05,,,,4.3309651888333836e-05,,0.0,,,,,,,7.437742673433744e-05,,,,,,,,,
1976-02-04 00:00:00,-0.23983997706125473,0.9107525334555722,,-0.2225387561956101,0.06669950767381656,267.920177482289,271.7344365768884,0.7896625568880837,,,,,,,0.22829261192908654,,,271.4595947265625,271.4592742919922,271.45985412597656,271.4599609375,0.44848867563100964,,,,,,0.3409328122110762,,,101343.69212278107,,,2.8165680473372783,132.32506656082424,0.15051412864549626,,266.7858670928774,,73953.10581545858,0.6492318448117389,0.02168822429589266,0.06647541113859097,0.0016998708600828632,0.0327439618533885,,261.6727581137031,-0.145766777399729,0.007700385426628519,-3.80081026098476e-06,0.3845904141342641,0.015053967399710029,1.960331983946969e-06,0.269357152172976,0.055427183060956425
1976-02-04 18:00:00,,,5.50393098345875,,,,,,821.5521635698849,6.233958097604605e-05,8.770876382229596e-06,1.3211047684652565e-05,2.084332986696232e-06,8.754671683718214e-08,,5.186048349685217,0.3708001311714127,,,,,,8.973884864671696e-05,0.00016003335721394014,1383.2263313609467,1.1502021163172976e-05,1.978909475563546e-05,,269.52947853584965,3.900700772302391e-05,,269.99834175787026,6.889908976808807e-05,,,,0.00010295168182553624,,0.0,,,,,,,0.0002223318497810138,,,,,,,,,
1976-02-05 00:00:00,-0.5784203851011378,0.8499808283247186,,-0.2937086150491026,0.07316966875065008,268.8788732043385,272.4091302092964,0.7961812756470674,,,,,,,0.08293111225557045,,,271.4595184326172,271.4607391357422,271.4600664808376,271.4599609375,0.47120473154726816,,,,,,0.5410751580486636,,,101376.37647928995,,,2.8224852071005917,130.2131028034278,0.15210829684014857,,267.1059191099991,,73880.22321098374,0.6928828549102919,0.03785513244566202,0.07594746245435004,0.0027185473921736317,0.07822774853226701,,260.9314380171736,-0.19786635517368656,0.012764388992941592,3.5781144665984005e-07,0.37909108285720533,0.2762760862090884,6.96042645584858e-07,0.19127563969094372,0.2298253208974696
1976-02-05 18:00:00,,,5.608429485171504,,,,,,1254.332007623488,2.5343083771022818e-05,6.259193081827559e-06,1.3194912107738517e-06,9.311296971591973e-08,1.8418181510903934e-07,,5.556874295663551,0.28337756275425297,,,,,,7.941459233944233e-06,9.757417017186182e-06,1135.2507396449705,3.590358740831973e-07,1.6332201703765688e-06,,267.82006664388985,4.6382729823772725e-06,,268.2692264353735,1.257375852596125e-05,,,,9.260211999599751e-06,,0.0,,,,,,,3.510501963147045e-05,,,,,,,,,
1976-02-06 00:00:00,-0.08164131570849899,-1.7122301632130639,,0.03183554474418685,-0.9516405410315159,264.9292992586215,268.6669873119106,0.8002109291285453,,,,,,,0.3345417270998983,,,271.45989990234375,271.4599609375,271.4601287841797,271.4599609375,0.26812563563239644,,,,,,0.3482613648183247,,,101659.88942307692,,,2.3846153846153846,127.81223834336862,0.1529660422421066,,264.1965047621868,,74007.86237980769,0.7309280043611159,0.00972484292701154,0.012496835381321653,8.694660028762366e-05,0.006736354715019994,,259.88022970165724,-0.04032787098687076,-0.36320315028083394,-1.587015729929326e-07,-0.02211700988239085,-0.03788098146224163,-1.0363219081825086e-07,-0.031982788672814004,-0.014507915141314444
1976-02-06 18:00:00,,,5.582506529678255,,,,,,579.3859197443181,5.496500511846599e-06,1.3786329496541672e-06,0.0,0.0,-7.133176632930894e-08,,5.521939097071541,0.12360359507904956,,,,,,1.4447554747557499e-08,5.767983797739243e-06,437.4966715976331,1.477816048458483e-06,3.161446636366333e-09,,267.3806304028754,4.1713745239571003e-07,,267.7649334789028,7.745253263845952e-06,,,,1.4447554747557499e-08,,0.0,,,,,,,1.1258797180017776e-05,,,,,,,,,
1976-02-07 00:00:00,0.46646727048433745,-1.201964383999977,,0.06540051860922187,-0.6983011855176214,257.7613794450929,267.1739397218241,0.7955745744281972,,,,,,,0.01401375313482341,,,271.45912170410156,271.4597625732422,271.4600524902344,271.4599609375,0.20588476418038093,,,,,,0.048337451099644047,,,102019.18047337278,,,0.6035502958579881,130.93779307709644,0.15287620217137082,,259.6720083563991,,74362.75113258135,0.22380842400725776,0.001394458071014585,0.03826872695832563,0.0001004475813645583,0.0008856756447334967,,254.74722163634894,0.026422968277564414,-0.22589062233648358,1.711333107675795e-07,0.004798934289950673,-0.02581045437141283,2.0832159119374367e-08,0.07177904593074948,-0.04417079828194612
1976-02-07 18:00:00,,,4.020829996413733,,,,,,2073.4758816571302,0.0,0.0,0.0,0.0,2.1484578954821905e-08,,3.9352657555123054,0.027029635638174926,,,,,,6.066297371072706e-09,6.319698739863006e-08,117.5125277366864,2.8215216461723372e-09,9.872376630854237e-10,,268.7572195741552,1.6362509296204035e-09,,269.07352533284023,3.113179913992007e-08,,,,6.066297371072706e-09,,0.0,,,,,,,6.319698739863006e-08,,,,,,,,,
1976-02-08 00:00:00,0.396020917497443,-0.37694815347885946,,0.07234397865611421,-0.5307324934287889,262.1940805107884,270.1479518371221,0.7900900237659025,,,,,,,0.16760804667275334,,,271.4603576660156,271.46014404296875,271.46033373893897,271.4599609375,0.04884482840814534,,,,,,0.06593674879807693,,,101882.01460798817,,,1.8579881656804733,132.3752699631911,0.1527224941366523,,262.07994431715747,,74447.84543731509,0.25626988639537046,0.000820456568524164,0.007116735334227071,1.4995417651340102e-05,0.00020058867494030113,,257.5035104243713,0.0125725699599678,-0.22884087308624088,-8.785592889090857e-08,0.01350620652047143,0.00030206557440422694,6.583643789243328e-09,0.0036854786280344225,-0.000571012364689415
1976-02-08 18:00:00,,,5.423330290077706,,,,,,989.3146163006218,1.999841639276087e-05,2.0965228419332108e-07,1.604043873104118e-05,2.0121637533402304e-06,2.6408943805490817e-07,,5.29335194649781,0.14083889391295304,,,,,,8.192596703591432e-06,1.4082699485079071e-05,550.3953402366864,5.886344426482387e-07,1.5818817022989488e-06,,270.4527614074346,2.094208312457835e-06,,270.8777681610288,1.4299427616525683e-05,,,,2.4230698862019375e-05,,0.0,,,,,,,3.409182884284025e-05,,,,,,,,,
1976-02-09 00:00:00,0.2898328149107081,0.4249660559659879,,0.02880052984113524,-0.2512986504819972,266.07809971916606,270.64351821086814,0.7851615191916742,,,,,,,0.04088922083025148,,,271.46006774902344,271.4595642089844,271.45994567871094,271.4599609375,0.19032414001825998,,,,,,0.15840997639492418,,,101794.62657174557,,,2.6449704142011834,133.35897465993668,0.15264588418091543,,265.56774992632444,,74358.33270155326,0.28876563077847633,0.0059399379075631585,0.03961970668631198,0.0005141292098005848,0.006009288088104429,,260.36815223468125,0.003220288005806285,-0.14285183940413435,-1.0830596031327649e-07,0.08074878917637794,0.04925174460906161,3.684686203490662e-07,0.06415676400506284,0.02112244043124498
1976-02-09 18:00:00,,,4.758941633461495,,,,,,751.8493551334865,8.979536725219185e-06,2.660419373117255e-06,3.052120422117809e-07,3.405664799481454e-07,1.5822276977626552e-07,,4.656270314955853,0.2526648707643768,,,,,,8.582231208417543e-06,9.642021190485305e-06,998.9019970414201,8.24237010888094e-07,1.5251316438765215e-06,,267.7061950864171,2.7839876931799937e-06,,268.2327325583915,1.1892030401342719e-05,,,,8.887969530545748e-06,,0.0,,,,,,,1.8613798731177518e-05,,,,,,,,,
1976-02-10 00:00:00,0.3355717292198768,-0.5194041291637533,,0.1530600948446601,-0.539330634845079,264.2535329965445,268.84204453688403,0.7858756466730107,,,,,,,0.002792505117563101,,,271.4596710205078,271.46063232421875,271.4599914550781,271.4599609375,0.3096197347140171,,,,,,0.11587759164663461,,,101745.97096893491,,,2.5857988165680474,131.59228642029169,0.15313846825142585,,264.47520708614553,,74069.4270756287,0.363535172796461,0.0058672526884361136,0.020216924904366218,9.270179906540368e-05,0.003719837707880686,,259.94630576590816,0.02676243154254891,-0.3269963066958817,2.1164025663613126e-07,0.027269426138090663,0.0007052294601350141,3.2209296886962095e-07,-0.03175116960818951,0.007300292246440458
1976-02-10 18:00:00,,,4.345503570060052,,,,,,1175.555009820488,1.5318217362172506e-06,3.54701642101333e-07,0.0,0.0,9.044214434571806e-08,,4.171790010124974,0.07692407009869638,,,,,,3.787892809986363e-06,3.963841136390641e-06,337.3746301775148,4.623117636249968e-09,8.773940378392237e-07,,267.292709621452,7.980828278163481e-07,,267.6885459945047,1.7159039804921348e-06,,,,3.7921030493177606e-06,,0.0,,,,,,,5.488520895941017e-06,,,,,,,,,
1976-02-11 00:00:00,0.39535158237761997,-0.36607931351520606,,0.11844495626596305,-0.5121756333571214,262.5819447534324,269.1944455479729,0.7817580206154366,,,,,,,0.0011198393691926312,,,271.4602966308594,271.45985412597656,271.459716796875,271.4599609375,0.1445437098395895,,,,,,0.062333778516780694,,,101731.75702662722,,,1.8402366863905326,133.2063073152621,0.15306772423919135,,262.207157293015,,74106.05297707101,0.18632940709943602,0.0017168648849577594,0.01064553345448872,2.83425376260069e-05,0.0009791131555681397,,256.97891831256936,0.026854468167886225,-0.23395809760460487,-1.3637125007146915e-08,0.0039843182815183726,0.002997136746461575,-1.0819723533422372e-07,0.005135251308333945,0.00721981887810329
1976-02-11 18:00:00,,,5.4115354436389085,,,,,,469.30735371907554,0.0,0.0,0.0,0.0,7.282974715613258e-08,,5.117911468596148,0.03676456248266457,,,,,,1.8201195448912548e-09,2.1555708974776183e-07,161.6815828402367,1.0238520900261473e-08,3.7096620581426915e-09,,267.46645856326853,1.700903625177914e-08,,267.94050020296896,1.9631963002787539e-07,,,,1.8201195448912548e-09,,0.0,,,,,,,2.1555708974776183e-07,,,,,,,,,
1976-02-12 00:00:00,-0.2705801337428347,-0.8716529078737518,,-0.2246079811683068,-0.664250277908596,260.8348473543246,267.54520502034023,0.7797754981814051,,,,,,,0.0,,,271.4603271484375,271.459228515625,271.4602508544922,271.4599609375,0.100033822144277,,,,,,0.006821186584833811,,,101922.43269230769,,,0.28402366863905326,133.23025332117928,0.15315361700114413,,261.1235441851193,,74391.32477348374,0.10075116580759985,2.8457360331123397e-06,0.005266494299533099,8.061395947044418e-06,0.0,,256.50796553933407,-0.12023289810270953,-0.3512331494212856,-3.954034270286442e-08,1.9073486328125e-05,0.00041637991912547254,5.3373023870362506e-08,0.0027244014323815793,-0.0031581923321506683
1976-02-12 18:00:00,,,5.3337693468353455,,,,,,1203.3951142165834,0.0,0.0,0.0,0.0,2.3701578308414866e-07,,5.16933759429751,0.1116613805646727,,,,,,1.0262579607540334e-05,1.890269609598013e-05,487.2906804733728,1.3380184681457881e-06,2.151564557171432e-06,,270.477013762886,2.5942128085525784e-06,,270.85576200767383,5.323814569845708e-06,,,,1.0262579607540334e-05,,0.0,,,,,,,1.890265200970441e-05,,,,,,,,,
1976-02-13 00:00:00,1.111120212712937,0.3395770992753068,,0.38942931248591495,-0.14943548913538104,265.9172564625035,271.9432026338295,0.7743723099753701,,,,,,,0.17851410814996302,,,271.46038818359375,271.4593963623047,271.4601745605469,271.4599609375,0.18937023998012203,,,,,,0.11886226496047522,,,101667.74269600592,,,2.5798816568047336,134.26871485964082,0.15304061505921493,,265.5543247200328,,74272.0855214497,0.382600478938169,0.0025410708591077453,0.05925242767950655,0.00039151716514451967,0.003856433213815181,,260.4104447223731,0.12132064901160065,-0.09101050774726642,-5.551442645487414e-09,0.02487755386081673,0.003999219424802171,-6.519927065984825e-07,0.33252652910863156,-0.06354862522091385
1976-02-13 18:00:00,,,5.77932527643689,,,,,,1894.6697933115859,5.6071570639074205e-06,0.0,4.995195470618073e-06,0.0,8.697867550723222e-08,,5.338391715958274,0.23562477608404217,,,,,,5.100429410765157e-06,1.6988359788465782e-05,825.6941568047338,2.3725911005008856e-06,1.0526480054008891e-06,,268.8502528625127,1.385438768468665e-06,,269.4663671008229,9.727151788903412e-06,,,,1.0095448536280345e-05,,0.0,,,,,,,2.2597037828885594e-05,,,,,,,,,
1976-02-14 00:00:00,0.5843302709816476,0.19932868776942145,,0.01713205371382674,-0.20964872484376446,265.83194258650377,269.37975017841046,0.7767127223268768,,,,,,,0.6891277492399046,,,271.4595947265625,271.46026611328125,271.4599151611328,271.4599609375,0.2510311871590699,,,,,,0.41283078165449333,,,101295.04789201183,,,2.3195266272189348,133.5191771377473,0.1533282691910422,,264.9661960037502,,73953.2013914571,0.7953379379927054,0.004097053273212434,0.06691249869984282,0.0006403640882503351,0.005376307922002127,,259.7973304161659,0.011726097242366633,-0.09345554000527195,-2.8799826201959376e-07,0.08985772958168617,-0.038619545789865345,-2.755535168562239e-07,0.32464777365238706,-0.03911565041400977
1976-02-14 18:00:00,,,6.087654091197358,,,,,,640.329610350785,8.627728244962071e-06,8.466989683681692e-07,1.8540262823274149e-06,5.141010827566745e-08,2.702112711098563e-07,,5.9418942378117485,0.3704329270582933,,,,,,5.750164125092636e-05,9.450854281701985e-05,1404.674926035503,7.286028572793543e-06,9.031051538399691e-06,,272.8308206592086,1.8315555075921957e-05,,273.2605299187835,3.123358332899195e-05,,,,5.9354499246947156e-05,,2.835877239704132e-07,,,,,,,0.00010314001839541825,,,,,,,,,
1976-02-15 00:00:00,-0.5238497412416356,0.5765429445977747,,-0.31601619720458984,-0.027324055778909718,270.0326341256588,273.082483686639,0.7771244486408121,,,,,,,0.027271338468472635,,,271.4604949951172,271.4602966308594,271.4600524902344,271.4599609375,0.4116335535895895,,,,,,0.24588464138775887,,,101400.46301775148,,,2.8224852071005917,132.27033283301358,0.15405894172262158,,269.5576700063852,,74065.82181490384,0.48945951743944155,0.004836872484557022,0.06825391780695267,0.0021837505363148345,0.01069930037097818,,263.53018396140556,-0.4507029098871897,-0.07075376023907633,2.5968304957530446e-07,0.036993630539030715,-0.002245710049507886,2.629148340563582e-06,0.5947939375919681,-0.10952546928055892
1976-02-15 18:00:00,,,7.141365327778653,,,,,,1576.9095674402574,1.6301738087242172e-05,3.19195657792176e-07,1.4982059509796505e-05,1.6028777911112859e-06,1.4802092465347495e-07,,6.818772225690311,0.26888893624029214,,,,,,7.93403069648517e-05,8.758708570130478e-05,1002.032174556213,7.046419664247502e-07,1.989234481337508e-05,,270.5854094917252,2.0283390079024277e-05,,271.0222202278453,2.6641600936122195e-05,,,,9.43252320825701e-05,,0.0,,,,,,,0.00010389124853371164,,,,,,,,,
1976-02-16 00:00:00,-0.6412975322565383,1.1686435112586389,,-0.5063046788322855,0.05671540096666686,268.0255306627623,272.2696486253005,0.7793109639156499,,,,,,,0.14205752039802144,,,271.4599151611328,271.4595642089844,271.46026611328125,271.4599609375,0.2864786181929549,,,,,,0.22336664143398668,,,101591.00110946746,,,2.7041420118343193,131.65039477827986,0.154946372353819,,267.27793017505894,,74129.42279955621,0.4638610478688979,0.017741186378975593,0.01688057713254669,0.0004983935835798817,0.03066041483681583,,261.4202461919841,-0.38651482170150125,0.06748828662217722,-3.6788006318655945e-06,0.35327196403367983,-0.0020645176165202664,9.917948235201059e-08,0.10285334735585255,0.031086890655156425
1976-02-16 18:00:00,,,7.0278870565651435,,,,,,1839.9880653323985,7.584536745703432e-06,2.0035283540832926e-07,5.460085248100687e-06,2.5273339282831497e-06,4.653492606639002e-08,,6.525282193923138,0.25919716739090237,,,,,,0.00010830569549425114,0.00011778512649987576,1022.0935650887574,1.8779320653373673e-06,2.4446457095400118e-05,,272.6542157054653,2.6804808328842974e-05,,273.11678688907057,3.786252800529525e-05,,,,0.00011376586891490326,,0.0,,,,,,,0.00012536620247293506,,,,,,,,,
1976-02-17 00:00:00,-0.00663718951524362,-0.049283879748462926,,-0.2174116450653979,-0.40331966355002136,268.72187164126063,272.94670032749514,0.7879643186309634,,,,,,,0.15283871261325813,,,271.45960998535156,271.45985412597656,271.46026611328125,271.4599609375,0.3203370585244083,,,,,,0.6251428367118158,,,101782.89090236687,,,2.4437869822485205,128.76067122058757,0.1566555598783775,,270.2457916440343,,74289.93174463758,0.6891419679675934,0.0477483625242696,0.01481590045274362,0.0010160976613061668,0.08802488428601146,,263.61886000774314,-0.0829367496558195,-0.22058862765159834,-2.6064323703620647e-06,1.2187481547248433,-0.001490913904630221,-1.8690965557195379e-06,0.2049115197752849,0.01848177091609797
1976-02-17 18:00:00,,,7.474422387117465,,,,,,600.6226287841797,8.045172197578926e-06,1.3662336846075115e-06,2.4163467291544175e-06,3.199664787692431e-08,2.409971472666015e-07,,7.376662147115674,0.17783188678809173,,,,,,2.8966270254913873e-05,3.097537001209146e-05,676.383875739645,1.2720957089810682e-07,6.933404496435583e-06,,271.2798616307727,7.949593151814838e-06,,271.7511723083857,1.0167441424533461e-05,,,,3.138096374872874e-05,,0.0,,,,,,,3.90281691353702e-05,,,,,,,,,
1976-02-18 00:00:00,1.8751717855239056,-0.16026241257345888,,0.5761689067592283,-0.4306910644621539,267.1676813610912,271.4863497039976,0.788965155739756,,,,,,,0.00010441040851660734,,,271.46013341288597,271.4600067138672,271.45977783203125,271.4599609375,0.19765702648275701,,,,,,0.038584963104428625,,,101586.19156804733,,,2.473372781065089,130.46123057709644,0.15751281433556913,,267.0508559187488,,74147.50658746302,0.20699043951090976,0.00380942666318995,0.007645578779412444,9.839845126902564e-05,0.00857941215560281,,261.53496212931077,0.46139388006819776,-0.22421016918836967,1.6880118337696826e-07,0.05987685954077004,-0.004134738233667859,-1.7429750203292752e-08,0.03730143886610601,0.0052285576404551785
1976-02-18 18:00:00,,,6.896862165462336,,,,,,245.63142838016634,5.7922312493860365e-06,1.8354659602486876e-06,1.529022257708939e-07,3.710583392420464e-08,2.1718255051834642e-07,,6.69753821784928,0.18763019629484098,,,,,,2.2898676127371704e-05,2.524812193311883e-05,694.8942307692307,3.449420428134986e-07,6.546106564222708e-06,,270.78834190594375,5.855406882494865e-06,,271.26493988939995,8.547226705494717e-06,,,,2.305103829626501e-05,,0.0,,,,,,,3.102765633509709e-05,,,,,,,,,
1976-02-19 00:00:00,1.374261382063465,-0.1894953518929566,,0.38697489337808283,-0.462225801140599,265.77849980642105,271.6320748413808,0.7847484103321324,,,,,,,0.0,,,271.46022033691406,271.4599609375,271.4600372314453,271.4599609375,0.19853914701021635,,,,,,0.05726352669078218,,,101656.20691568048,,,2.3550295857988166,132.03926312147513,0.15771812235815286,,266.8041351137782,,74213.23224852071,0.20724785257373335,0.0047799285346939715,0.007392747867742234,0.00013922375334790473,0.00825134819075906,,261.60916435648,0.279607513247157,-0.29724892497768063,1.360276009964608e-07,0.07924078743127809,0.011185244827933566,1.2497049181160004e-08,0.03245894037760221,0.014594326908948154
1976-02-19 18:00:00,,,8.122084250816933,,,,,,489.54293092539615,1.4279103843418099e-06,8.360190680746496e-07,2.906801035771003e-08,5.573056329636884e-08,1.0607769291230737e-07,,7.951648966095151,0.16070619842709874,,,,,,2.6400449007925904e-05,3.136738517580653e-05,629.6634615384615,5.685641656260519e-07,5.790776402287229e-06,,270.43156586596245,6.560610948935063e-06,,271.06266170704856,9.196176684114355e-06,,,,2.642936960479917e-05,,0.0,,,,,,,3.2796838579798594e-05,,,,,,,,,
1976-02-20 00:00:00,2.4850785520655165,-0.37342556834926266,,0.9624906235192654,-0.477564253045257,264.7505717982907,271.27645061425204,0.7883312363596358,,,,,,,0.0,,,271.4598388671875,271.45936584472656,271.45994567871094,271.4599609375,0.16489387828217456,,,,,,0.02679551705806213,,,101536.5551035503,,,2.3136094674556213,132.35194803271773,0.15824475937341093,,266.64860787476306,,74103.31097448224,0.17047028851932322,0.0012393759552543685,0.007382658106335521,0.0001614093780517578,0.009075999965329143,,261.24885829948107,0.7779110617186191,-0.24655221340924324,6.61464033737233e-08,0.01384266711545546,-0.003774702548980713,2.035873376102374e-07,0.026613483746872234,-0.0068982165946057565
1976-02-20 18:00:00,,,8.543375613421379,,,,,,370.7132972268497,4.366128402348806e-06,8.15893683207811e-07,1.0086251037007958e-07,1.3424615381208398e-08,1.32606733105071e-07,,8.302937310122879,0.10149189424232619,,,,,,1.0439894608491976e-05,1.535657242205016e-05,388.2614644970414,8.280945600137203e-07,3.3380364525247608e-06,,270.5710091675527,3.905603166162615e-06,,270.97694415030395,5.3293694405866096e-06,,,,1.0540764007342638e-05,,0.0,,,,,,,1.972437610287638e-05,,,,,,,,,
1976-02-21 00:00:00,2.5771802755502553,0.5303787310447918,,1.0452995638875566,-0.1502081120507957,263.4606994990061,270.7833522819203,0.7895950868990295,,,,,,,0.0,,,271.460693359375,271.4604949951172,271.4599304199219,271.4599609375,0.10157486955089683,,,,,,0.023662093123035317,,,101331.99482248521,,,2.36094674556213,132.51686574721478,0.15819124075082633,,265.7825321897247,,74002.90010170119,0.10806897406041975,0.0018201607924241286,0.00797817975106324,0.00012313191001937234,0.00814205372827293,,260.5616487582054,0.821667638050734,-0.029439244749983388,4.502378178370521e-08,0.028936685175141016,-0.003927698854863997,4.75244885916717e-09,0.041816756337296944,0.009340791505645717
1976-02-21 18:00:00,,,6.772714552794688,,,,,,418.68024486499826,9.562048686326608e-06,1.760276817005767e-06,9.582041812366282e-07,1.0152628435891055e-06,1.5569716756894755e-07,,6.771338744981755,0.12306520360461354,,,,,,1.1097220979498687e-05,2.1032856766288803e-05,493.4474852071006,1.675179283294452e-06,2.6243678211460453e-06,,270.92458203558385,5.332190962232781e-06,,271.2811587181317,8.418009831355168e-06,,,,1.205521575092564e-05,,0.0,,,,,,,3.0597462456607255e-05,,,,,,,,,
1976-02-22 00:00:00,1.2727353079079171,0.4142446574374769,,0.43333415307942225,-0.13781733766815366,264.80071416550135,271.33849682328264,0.7883857118307486,,,,,,,0.0003727060803294887,,,271.46006774902344,271.45965576171875,271.45997619628906,271.4599609375,0.13855883355676776,,,,,,0.020754752074473002,,,101408.9375,,,2.485207100591716,132.0856527294633,0.15810939969395746,,265.7952158549834,,74084.25309726331,0.14060432388937685,0.001008160720915484,0.014979638996914294,0.0006478382990910456,0.003606017524674094,,261.2563872026974,0.25366312935507507,-0.036999307440582815,2.0017904657753426e-07,0.018628047048248567,-0.003988680402202719,3.4916276016965587e-07,0.06637401692216222,-0.006399485486498951
1976-02-22 18:00:00,,,7.4662011614918,,,,,,284.1925494854267,7.83748175265521e-06,6.986682760644947e-07,4.670500049929647e-06,6.642368947260479e-07,2.0776989924192385e-07,,7.385966949914334,0.19358798596985946,,,,,,2.7529322184049168e-05,3.810306272563144e-05,685.1645710059172,1.9270221333531937e-06,6.92445498246413e-06,,271.25123532989323,7.906344515332104e-06,,271.6877155191094,1.3040632185851329e-05,,,,3.21999985790817e-05,,0.0,,,,,,,4.5948303662813625e-05,,,,,,,,,
1976-02-23 00:00:00,1.5220381211952345,1.2034931295722193,,0.5041726919320914,0.15851196875939003,266.14741967556745,271.3941793949646,0.7862104911070603,,,,,,,0.0006397461750098234,,,271.45997619628906,271.4600067138672,271.4599914550781,271.4599609375,0.22646832889353735,,,,,,0.036356006148298814,,,101288.78735207101,,,2.7514792899408285,132.98413645727393,0.15818933058067186,,266.79253671860556,,73992.99951460799,0.23335040391549555,0.0032467870317267242,0.018558208759014424,0.0008430763109195867,0.008266516691128883,,261.75815297866006,0.3349028730533532,0.08224993168249638,2.0393931205982353e-07,0.058462836805830254,0.014368778470760355,1.2010763352461292e-07,0.07992991611096986,0.04658597057475846
1976-02-23 18:00:00,,,6.802531496307553,,,,,,608.611240666087,3.573324906050101e-06,0.0,3.2876899256508733e-06,1.8642763414326504e-06,4.590985026987567e-08,,6.37993147246231,0.054487961989182696,,,,,,2.415994038948646e-06,2.9157340173890604e-06,221.74371301775147,4.733453873963751e-08,5.147513553235658e-07,,270.5967105662329,6.366499076933551e-07,,271.1039705897224,3.7616173896563828e-06,,,,5.703353317531608e-06,,0.0,,,,,,,6.4933793784598626e-06,,,,,,,,,
1976-02-24 00:00:00,2.027506718974142,0.07490581873605942,,0.6747308200633032,-0.32909482470630896,262.35353007119085,270.439394076195,0.7833708193175186,,,,,,,0.002232218635152783,,,271.4598693847656,271.4604034423828,271.4597625732422,271.4599609375,0.06349136984559911,,,,,,0.06348468848234097,,,101200.17215236687,,,1.9467455621301775,132.64775979307277,0.15828055319701426,,265.271247276893,,73911.94582100592,0.11255614150910688,0.0004596004824666582,0.00834674948065944,1.9618392696042033e-05,0.0003600402696598211,,260.5864106127496,0.4987760105076626,-0.13965810262239897,1.3359647322399267e-07,0.007513057536183107,-0.000947939838178059,2.6353082566910573e-08,0.043969312958287064,-0.005978043086430025
1976-02-24 18:00:00,,,6.985870513690294,,,,,,478.15297058105466,4.3860333558370374e-07,3.552492763075603e-08,1.777944392001135e-07,0.0,1.6304184315855665e-07,,6.784124696043116,0.22399017514561761,,,,,,2.7727622252244215e-05,3.826935615765272e-05,874.7832840236687,1.8660728571682992e-06,7.696052980140822e-06,,271.6909934500971,7.808605242057665e-06,,272.160861043535,9.928405637571798e-06,,,,2.7902115731549688e-05,,0.0,,,,,,,3.870686835791232e-05,,,,,,,,,
1976-02-25 00:00:00,1.3202207949034561,0.8457238123967097,,0.40177265708968485,0.022426074778539893,267.68229873928095,272.9694644544252,0.7866930672402918,,,,,,,0.004136429735894739,,,271.460693359375,271.45948791503906,271.4604034423828,271.4599609375,0.2768551075952293,,,,,,0.1450652173284948,,,100930.1288831361,,,2.532544378698225,132.998628875913,0.15853838666656314,,268.30687519502357,,73734.46260170119,0.3250973492684449,0.007598194144886626,0.021021713166547246,0.0003688927938246868,0.014836463702500925,,262.6997527173285,0.24753613655383772,0.01937950292282556,-1.0287273260516792e-06,0.12329489802423321,0.015059416110698994,8.181982243863436e-08,0.19049954837595923,0.019107639436891092
1976-02-25 18:00:00,,,10.444643421285956,,,,,,195.05973494680305,2.559208305629753e-06,1.7525396756166538e-07,1.7603539679882794e-06,3.0707744275324444e-07,3.362435655246114e-07,,10.231522503689195,0.18256283370700813,,,,,,3.230853898990789e-05,4.032024970421424e-05,728.1630917159763,1.7236080571744568e-06,6.846290015610012e-06,,272.52974019248103,8.463991816932633e-06,,273.10133885490825,1.0971310576038247e-05,,,,3.406925666967087e-05,,0.0,,,,,,,4.287813542157235e-05,,,,,,,,,
1976-02-26 00:00:00,2.6942306044539053,1.3006965422771386,,1.0008062441673504,0.24439011523004114,266.7965301874827,273.24688883222774,0.7910354352561679,,,,,,,0.000691622671996348,,,271.4598693847656,271.4598388671875,271.4602508544922,271.4599609375,0.2188013742661335,,,,,,0.014505013911681767,,,100393.09559911242,,,2.7337278106508878,132.96705528123843,0.15937740280783388,,268.53595720099275,,73355.98943694527,0.21986118294078216,0.002254452225724621,0.018421601966993342,0.0001975601241433409,0.008612367528430103,,262.42850173859904,0.7550246204144856,0.09298276054788623,1.1804713291555544e-07,0.01583213331425816,0.01427905898976564,1.0456532700064443e-06,0.11117631141730094,0.07014329363343984
1976-02-26 18:00:00,,,11.103540917120036,,,,,,327.1200132824126,2.1320563801646937e-06,1.361800947353332e-08,1.9708328698513778e-06,2.7395211733304535e-07,1.0053388141171411e-07,,10.612407994693553,0.13501482179178995,,,,,,2.3595151111219055e-05,2.3714536745872724e-05,537.1213017751479,1.1807062371066336e-07,4.797204006353074e-06,,271.7238002980249,5.57995583178729e-06,,272.35770483976285,6.68885792500874e-06,,,,2.5566513016379092e-05,,0.0,,,,,,,2.5842493102395322e-05,,,,,,,,,
1976-02-27 00:00:00,2.95720012935661,1.0035969322249734,,1.1926219364595132,0.18456518297364727,264.23676485140646,272.0343136759199,0.7903240266636279,,,,,,,0.0,,,271.4602966308594,271.4600830078125,271.4604187011719,271.4599609375,0.14878249309472077,,,,,,0.018172676041281435,,,100770.20118343196,,,2.4497041420118344,133.19234651644555,0.15983381214931872,,266.705547897068,,73574.64855306952,0.1505608191856971,0.0018545861780290772,0.011769830827882305,0.00013184406348234099,0.007796022313586354,,260.9502347686587,0.881906096046493,0.00634111031978088,1.376754224208079e-07,0.011097873928929133,0.007436884750375117,2.5488669741568127e-07,0.07460897749692158,0.029923661000277164
1976-02-27 18:00:00,,,9.886289489339795,,,,,,275.0510998237424,2.0883944348470698e-07,0.0,8.534276362001544e-08,0.0,2.0420836642441015e-07,,9.626337722913753,0.11507907844859468,,,,,,4.230563104505369e-06,5.568427270686133e-06,433.1201923076923,3.665002316412841e-07,8.42127772654302e-07,,270.36524638339614,1.170380404715002e-06,,270.83053001990686,1.6199171366776234e-06,,,,4.316244781369993e-06,,0.0,,,,,,,5.776602664642786e-06,,,,,,,,,
1976-02-28 00:00:00,3.017629724987865,1.0001386044293465,,1.2518490898538623,0.008967975187583788,262.0539972429445,271.00871060162603,0.7872024647582917,,,,,,,0.0,,,271.4598693847656,271.4598846435547,271.4600830078125,271.4599609375,0.1105796317377034,,,,,,0.01325623100325906,,,101029.81915680473,,,2.5680473372781063,132.73258782561714,0.1600159018702761,,265.91177557770317,,73773.90717455621,0.11215074527898483,0.0010841005652613893,0.008889914969720783,9.648193269086307e-06,0.0021936879355526533,,260.77307282397027,0.9935535756793953,-0.013954292387651973,3.992583997010842e-08,0.0064859897987166225,0.004081094053370008,-7.884563484157508e-08,0.07768574527729324,0.015956070825193056
1976-02-28 18:00:00,,,9.678763259797407,,,,,,970.2703885165128,5.9119695742454755e-06,1.4418416474697857e-06,1.0373721108634091e-06,6.411177761985e-08,1.040825144730139e-07,,9.345267730351736,0.06713000416050297,,,,,,1.8912350990363127e-06,2.3559926176917623e-06,270.7170857988166,7.502588625313967e-08,6.611398338566165e-07,,271.4476132364668,8.85472847865178e-07,,271.9379550550111,3.0484116641727425e-06,,,,2.928430864796836e-06,,0.0,,,,,,,8.276757403943666e-06,,,,,,,,,
1976-02-29 00:00:00,3.4390959475167406,0.6512478879217566,,1.4159250259399414,-0.06787696251502404,261.5684178820729,272.6675654304098,0.7859436337059066,,,,,,,0.010800807433720876,,,271.4600524902344,271.4600830078125,271.4598083496094,271.4599609375,0.08304925500993898,,,,,,0.032564197066267564,,,100815.16863905326,,,1.952662721893491,133.49215698242188,0.16001814215846316,,265.9964244774813,,73694.22933616865,0.10432641746024408,0.0009085638283272467,0.00983390582383737,7.321637057693753e-05,0.001104332286225268,,260.9448541043073,1.045661881125185,0.04900125392089934,3.37544347449914e-07,0.02708462121918489,-0.006983470281905676,-2.1167384874221688e-07,0.09729942908653846,-0.027441108367852206
1976-02-29 18:00:00,,,6.7248389639798,,,,,,2183.4573653371713,0.0,0.0,0.0,0.0,-1.1181325710946198e-07,,6.408687470227304,0.0,,,,,,0.0,0.0,0.0,0.0,0.0,,271.8008067114113,0.0,,272.18104715742305,0.0,,,,0.0,,0.0,,,,,,,0.0,,,,,,,,,
1976-03-01 00:00:00,0.966663648390911,-0.36485942863148346,,0.31272096464619836,-0.36206163033931216,260.618276291345,271.8652243529551,0.7875889236405051,,,,,,,0.0,,,271.46014404296875,271.46009826660156,271.4597473144531,271.4599609375,0.00024396145837546807,,,,,,0.003264269179846408,,,100992.2000739645,,,0.0,131.90601145727393,0.15979970841718144,,264.45246959437986,,73931.69309356509,0.003264269179846408,0.0,0.0006959960305479152,0.0,0.0,,261.43018778964614,0.07764042693482348,-0.179970921849358,4.85218164661323e-08,-0.0002994537353515625,-0.0001373291015625,1.9756046131832047e-07,0.005179134113493668,-0.002541168267733952
1976-03-01 18:00:00,,,6.654613556946523,,,,,,1829.3591806162958,3.7161975040943665e-07,0.0,3.719559082618126e-07,7.961568086457675e-08,-1.744859665563363e-08,,6.50063215310757,0.0433887729983358,,,,,,9.271564215598022e-07,4.2741423880560155e-06,178.01146449704143,7.787730390503562e-07,8.557834965590189e-08,,271.5505096616124,9.950823508776152e-07,,271.98277382032404,1.927881815729762e-06,,,,1.299453998458456e-06,,0.0,,,,,,,4.648104221863154e-06,,,,,,,,,
1976-03-02 00:00:00,0.8324960110455575,-1.2078607040044118,,0.4013320990568082,-0.7355888355413133,262.6057639037364,271.8736500034671,0.7947748680791912,,,,,,,0.001598832169933432,,,271.4601745605469,271.46022033691406,271.4601287841797,271.4599609375,0.07761703581499631,,,,,,0.10985705133020525,,,101026.93602071005,,,0.5207100591715976,131.16773020727393,0.15956589173988478,,265.5248960235415,,73848.85579234468,0.13582100952870746,0.0021018770319470286,0.031190161168927977,0.00020967362195077027,0.0023410052237426036,,262.65175371339336,0.05863398525136462,-0.34246827300483657,-2.449640564030841e-09,0.012059612387030788,-0.01319736947674723,4.244938868369367e-07,0.10942343318250758,-0.10437072275658331
1976-03-02 18:00:00,,,7.271830090404262,,,,,,1874.6303661799027,2.88087279486233e-07,0.0,1.9292154255703355e-07,0.0,-2.18952077402342e-08,,7.195248056445601,0.01266330515844582,,,,,,6.660299662214059e-09,2.795510743496686e-07,40.19896449704142,6.842189991967918e-08,2.5409344582372076e-10,,271.5043847800712,6.3206975695473205e-09,,271.9234581219374,9.025783228450979e-07,,,,1.99581325583204e-07,,0.0,,,,,,,5.6651966458947e-07,,,,,,,,,
1976-03-03 00:00:00,0.3857125615227152,-1.7038066062701525,,0.05228315725834412,-0.9680416005602955,259.42647502831454,270.64107328335916,0.7918495564065742,,,,,,,0.0,,,271.46086975826313,271.4602508544922,271.4600067138672,271.4599609375,0.012663282586272652,,,,,,0.011056369578344582,,,101499.2148668639,,,0.047337278106508875,131.0471449631911,0.15937748745348326,,264.84821901942144,,74176.8138174926,0.019704784867326183,7.778714747118527e-06,0.0023470122433273044,0.0,0.0,,261.8022295709192,-0.051473493406758504,-0.451588427526711,6.793632829994857e-08,0.0004377694877647084,-9.925382283444588e-05,1.2178293352852955e-07,0.0034106468283102887,-0.0034804169816025615
1976-03-03 18:00:00,,,5.748384842505822,,,,,,1928.4753484389362,0.0,0.0,0.0,0.0,-3.990874590955609e-08,,5.7103687884539545,0.020332200992742234,,,,,,2.6961857419923917e-08,2.0969499277292624e-07,60.61593934911242,1.9070069641756587e-07,2.6283428188655857e-09,,272.5724435840133,1.2188219222840826e-08,,272.9641961092074,2.8033360574372423e-07,,,,2.6961857419923917e-08,,0.0,,,,,,,1.9569484483913558e-07,,,,,,,,,
1976-03-04 00:00:00,-0.43206021912704556,-0.3368755374434432,,-0.2629143077240893,-0.4674788819262262,261.98941003923585,273.3392037837463,0.7939269719039195,,,,,,,0.0,,,271.4597473144531,271.4602355957031,271.4603576660156,271.4599609375,0.026104357115615755,,,,,,0.03737184422961354,,,101487.51590236687,,,0.7751479289940828,130.6739478478065,0.15906413490250265,,266.27344020866076,,74265.49093934911,0.05193085077951646,0.00014054845776078265,0.011331321219720783,3.732837868865425e-05,0.00015440777208678116,,262.6750894580367,-0.27111026380189074,-0.2907088353083684,-5.400886829941087e-08,0.0008997268079795197,-0.0003630102518394854,-3.988727322399352e-07,0.03903997297117696,-0.029927156027957532
1976-03-04 18:00:00,,,5.851442432967869,,,,,,792.8015758047859,6.891081671742998e-06,1.0124743866497243e-06,4.908411636860413e-06,2.0741049707288572e-06,1.9499365671382137e-07,,5.670093367085654,0.18226307524731877,,,,,,2.8291882495202962e-05,3.412392365156546e-05,736.6046597633136,8.118267242725079e-07,5.733133596781443e-06,,274.0979558278823,6.507288598449978e-06,,274.48071821765785,1.2063724402139878e-05,,,,3.3198464551620936e-05,,0.0,,,,,,,4.101002357415194e-05,,,,,,,,,
1976-03-05 00:00:00,-0.0953192287648218,0.6378023666742991,,-0.15916201913145167,-0.15381466002153926,269.2730036628317,275.40260089219674,0.7942310307152878,,,,,,,0.0067278393626918455,,,271.4607823788238,271.4598693847656,271.4600830078125,271.4599609375,0.26444763544748523,,,,,,0.13302955401719674,,,101194.48280325443,,,2.42603550295858,131.21749444543963,0.1589858941072543,,270.2129362207898,,73975.94799371302,0.3126784104567308,0.004406776653944388,0.04818389161914234,0.0002516402295355261,0.008015683416784162,,263.5008597289317,-0.13346347583116158,-0.10071314862493932,-2.2724507612137665e-07,0.05559857496804042,0.001084213778817442,6.945877984860505e-07,0.3459524824352902,-0.02487846979728112
1976-03-05 18:00:00,,,6.744324131124824,,,,,,1291.0241141941237,3.8988579659772346e-06,1.6406156431288408e-07,3.169715051820292e-06,1.7511895334226845e-07,2.2688850710905893e-07,,6.598997542491326,0.2057459001710429,,,,,,2.948384313188361e-05,3.5532568333417e-05,821.7329881656805,1.008583772817307e-06,7.567012451104159e-06,,272.75356432672083,7.465129067911904e-06,,273.21040425498103,9.940000328086536e-06,,,,3.2654968944526986e-05,,0.0,,,,,,,3.9440375813365686e-05,,,,,,,,,
1976-03-06 00:00:00,-0.020238334610617373,0.6251357039050943,,-0.14365676451011522,-0.11589619111732619,267.97459619285087,271.57547547831336,0.8047364650393379,,,,,,,0.004109376986351239,,,271.4604949951172,271.46002197265625,271.4601745605469,271.4599609375,0.25642060951368345,,,,,,0.09772441796297153,,,101036.28420857988,,,2.5976331360946747,129.60860483745145,0.16022882517978285,,269.89136410323823,,73744.10403568787,0.3230148825640156,0.006353854331237501,0.02546076938790991,0.0004665950346275194,0.010564589641503329,,262.3550827658388,-0.17197551388712323,-0.03279197850876306,1.770900974422831e-07,0.06366529337753206,0.018001094945436398,-1.1500128897557244e-07,0.2657620582354845,0.04486010272121994
1976-03-06 18:00:00,,,6.3289834253886745,,,,,,403.7835792092716,2.5599577723170175e-06,5.2613525833251206e-08,2.2650867171541474e-06,3.670017130276155e-07,1.6569142725309025e-07,,6.210749428653153,0.15027072161612426,,,,,,1.72126046299229e-05,1.724126070914184e-05,597.3687130177515,2.2549548815968916e-10,3.7780174842247597e-06,,271.0990055242234,4.0902805751597385e-06,,271.5498708691117,4.870254965223504e-06,,,,1.9476963923527644e-05,,0.0,,,,,,,1.980470129724085e-05,,,,,,,,,
1976-03-07 00:00:00,0.4225357947264903,0.23107368988398264,,0.03265313707159821,-0.42128030788263626,263.42619739058455,270.98500711113746,0.8036496177227539,,,,,,,0.06521741878351517,,,271.4603576660156,271.45945739746094,271.4596252441406,271.4599609375,0.16989226030880178,,,,,,0.017403506668361688,,,101216.27607248521,,,2.4911242603550297,130.8404835356763,0.16061177338368793,,267.14657547629093,,73845.49986131657,0.23843889405741495,0.003616175002600314,0.007370604565863074,0.0,0.004105731580384384,,261.2729302581245,-0.0164454364212307,-0.23616594393577803,1.410828093404347e-07,0.0272945708631553,0.014662296924541688,2.13105565614822e-07,0.027293373712651243,0.03010061173424257
1976-03-07 18:00:00,,,5.936399008395404,,,,,,2272.702047027318,5.905632172110518e-07,0.0,5.90904885847893e-07,1.0471317101512435e-07,-3.124420515078357e-08,,5.747696853953705,0.13457096257858728,,,,,,7.599173389242951e-06,7.603582016815095e-06,532.2725591715977,2.2549548815968916e-10,1.6689961831245196e-06,,270.9633668075652,1.5323177068191166e-06,,271.4546035676313,1.9625556715846767e-06,,,,8.190260130978194e-06,,0.0,,,,,,,8.168525597047524e-06,,,,,,,,,
1976-03-08 00:00:00,0.9117171157746625,0.5320432990260379,,0.27601994283100556,-0.11249590766500439,262.8570336336215,271.7554315871741,0.8014792464893951,,,,,,,0.0819497193105122,,,271.4603729248047,271.45970153808594,271.4595489501953,271.4599609375,0.10020943365153476,,,,,,0.42038866754114274,,,101256.71209319527,,,2.337278106508876,130.7459014350846,0.16076638994837653,,267.4234225481925,,73842.46881934171,0.4621334640232064,0.0069846937642294975,0.003108176959336862,0.0,0.004999990293965537,,261.4196975075987,0.1042113088997158,-0.07887713619943201,-2.8317622336167733e-07,0.1757410545880767,-0.015359005984469983,2.482134280361224e-07,0.01117977163450966,0.005453346516198572
1976-03-08 18:00:00,,,5.523652387088572,,,,,,2927.668378898896,1.0302080910586747e-06,6.92740049676077e-08,6.194149292785035e-07,1.0541441833831855e-07,9.013978848282038e-08,,5.396597975104518,0.15907468175041606,,,,,,1.3076165724082811e-05,1.3077576484905897e-05,609.0665680473372,1.044164497140773e-09,2.8809719889827027e-06,,270.3264710917275,3.0936221399250822e-06,,270.7653620793269,3.5503339132613683e-06,,,,1.3695666070520525e-05,,0.0,,,,,,,1.411629322717881e-05,,,,,,,,,
1976-03-09 00:00:00,0.9371644082154043,0.34345582815317005,,0.294835513865454,-0.1349339174801076,264.75483270227556,272.23224870128746,0.8005211014719404,,,,,,,0.12974439993412537,,,271.4598388671875,271.4591979980469,271.45977783203125,271.4599609375,0.15294543384800297,,,,,,0.17197792910965237,,,101383.01109467456,,,2.2840236686390534,130.81431859484792,0.16097587100147495,,267.6074341542622,,73971.39369914941,0.3520294731185281,0.004547615728434726,0.004351892414883043,0.0,0.007399542091866216,,262.1850152551775,0.12419503539271609,-0.058112076753695334,-6.562709696756224e-07,0.07273237239679642,0.007118326870823753,1.210421204949955e-07,0.014700842496371392,0.005909659100707466
1976-03-09 18:00:00,,,6.952969805023374,,,,,,551.8437492241294,9.917703694140417e-07,1.3816638811100163e-07,1.926584025988212e-07,2.2508110299970975e-08,8.550329212569108e-08,,6.88137475414389,0.15495480870354106,,,,,,1.6797752775384123e-05,1.681688621904723e-05,621.019600591716,1.6373487812130762e-09,4.309918400803966e-06,,271.4200342844224,4.20062852329051e-06,,271.9238271318244,4.960279140246691e-06,,,,1.6989968937529616e-05,,0.0,,,,,,,1.7814734983726366e-05,,,,,,,,,
1976-03-10 00:00:00,2.267781172983745,0.2578861473580084,,0.7580114172760551,-0.18378652764495307,265.3820379133055,272.09466814571584,0.8012737804615991,,,,,,,0.00012796023893638474,,,271.4599151611328,271.4607238769531,271.45985412597656,271.4599609375,0.1640268359663924,,,,,,0.02604422484629253,,,101038.82821745562,,,2.3491124260355027,130.67364736703726,0.16149165644448185,,268.0857809394069,,73701.00688794379,0.17160305045765534,0.0018807473267323871,0.004805389946029031,2.309073798755217e-07,0.0067524204592732985,,261.3429783928324,0.5286753646720795,-0.07405823927659255,1.5434087417708413e-07,0.013774318575098582,0.0008477400878124688,3.425920914793828e-07,0.021296755932877668,0.004049462988179111
1976-03-10 18:00:00,,,6.275721222691282,,,,,,431.1924692789714,8.035737734574537e-06,1.5835101391084095e-07,7.324978797393438e-06,1.7534434442689432e-06,1.7142402617461958e-07,,5.977237690129929,0.1619037876467733,,,,,,1.7437356463550815e-05,1.7421529490566818e-05,670.7614644970414,0.0,3.251627352110733e-06,,272.10022685936923,4.607401567803332e-06,,272.6778825387447,7.210641041309876e-06,,,,2.4763966453145946e-05,,0.0,,,,,,,2.544827362489418e-05,,,,,,,,,
1976-03-11 00:00:00,2.352275600094767,-0.17764826780240212,,0.8510490507769162,-0.42834976580016004,265.2979785084019,273.14473051714475,0.8006834500640102,,,,,,,0.00012796023893638474,,,271.4602355957031,271.4598846435547,271.4601287841797,271.4599609375,0.19999288525101702,,,,,,0.10984025763336723,,,101069.96412721893,,,2.473372781065089,127.95364921614969,0.16183276430389584,,268.8134154370551,,73734.63528568787,0.23903479942908654,0.007292358127571422,0.004461435171274038,0.0,0.006441590348644369,,261.90256477671966,0.6784390246374368,-0.19566290477323814,2.509841579012573e-07,0.06635397283238781,0.005653007077218513,2.0657736333100865e-07,0.015648297374494947,0.010674970163881073
1976-03-11 18:00:00,,,6.215744069342077,,,,,,1338.4293199704018,3.402358328802346e-07,0.0,3.401807250355828e-07,1.0316050749205979e-07,1.6276215470207238e-07,,6.020142002218574,0.15738826954858542,,,,,,1.0577620133845764e-05,1.058515888699413e-05,594.0085059171597,0.0,2.4379379826889943e-06,,270.88219041090747,2.0573852506615e-06,,271.3107893904285,2.5868614220760278e-06,,,,1.0917878009863859e-05,,0.0,,,,,,,1.0925152245357896e-05,,,,,,,,,
1976-03-12 00:00:00,1.7382638355684,0.8219395699585683,,0.6004203931819758,-0.044841551921776766,264.3468433808998,272.27606074767704,0.7987740484215099,,,,,,,0.06904277011487611,,,271.46051025390625,271.460205078125,271.45985412597656,271.4599609375,0.15903739252034024,,,,,,0.012679466834435096,,,101290.5286612426,,,2.2485207100591715,128.9295876407059,0.16200643460426103,,267.1774480695555,,73872.42397836539,0.23075749323918268,0.0017107450045072115,0.002394828570664987,0.0,0.0015860337477463942,,260.93262594550316,0.42419157437318883,0.03761273446167714,2.684907630976626e-07,0.012808613290393053,0.004534041414832278,2.3579081211662053e-07,0.009804375825130199,0.006878785970868796
1976-03-12 18:00:00,,,5.631308555603027,,,,,,427.8005645234706,4.2236580915704984e-07,5.2695498752170766e-08,2.128416507025442e-07,5.792592205768506e-08,6.111554688492999e-08,,5.300254460622573,0.15024652424648668,,,,,,1.936736544208414e-05,1.9365469732228116e-05,623.7389053254437,1.6373487812130762e-09,3.7206391963733017e-06,,270.7853756515232,3.9258608098566175e-06,,271.23906730335847,4.589711949670103e-06,,,,1.9581227965608858e-05,,0.0,,,,,,,1.9788345288948195e-05,,,,,,,,,
1976-03-13 00:00:00,0.8911515636556953,-0.3395950328668899,,0.3507724287947254,-0.4829953154163248,262.5054017919055,270.5058272322254,0.798212036578613,,,,,,,0.0006566809479301498,,,271.4598693847656,271.4596252441406,271.4597625732422,271.4599609375,0.17803900904909392,,,,,,0.02536227435049926,,,101386.13960798817,,,2.195266272189349,129.9965255105284,0.1623908895007252,,267.48091414412096,,73919.4023668639,0.18183637088572485,0.00379253139157267,0.0033661091821433524,0.0,0.00454858633188101,,260.6593850942758,0.15960765660867182,-0.20737783443292923,4.5581802527059264e-08,0.013563703270298402,0.007443979930838008,2.153081895705015e-07,0.008706821989786078,0.00543767328445728
1976-03-13 18:00:00,,,6.023468254585944,,,,,,710.9123275940677,2.401842344442063e-06,0.0,1.6930011602548452e-06,1.8128138807045638e-07,1.6039606925484465e-07,,5.705806512099046,0.2218575562245747,,,,,,1.8458879558292368e-05,1.8470518335082827e-05,910.5894970414201,0.0,3.340935125153446e-06,,270.5335822472206,3.4627124402650007e-06,,271.03410510903984,4.975422775957006e-06,,,,2.0148530161592383e-05,,0.0,,,,,,,2.0877232212992108e-05,,,,,,,,,
1976-03-14 00:00:00,0.8482048440967086,0.40881654637805104,,0.3383280737160226,-0.12693644416402783,263.99396537464753,270.4370726636176,0.7984099617371192,,,,,,,0.003172338361570821,,,271.46063232421875,271.4599914550781,271.46014404296875,271.4599609375,0.22713339540379993,,,,,,0.08742708285179364,,,101559.52477810651,,,2.532544378698225,129.72574610964082,0.16290335965579783,,267.5864775166709,,74006.37120931952,0.2544497879299186,0.006515683507072855,0.005184783032659949,0.0,0.0072686460596569896,,261.1834195831118,0.13140541773576003,-0.07156144655667819,-2.5065010964605936e-07,0.04958551168397342,0.018875529052766824,9.319677238749373e-08,0.019235210190113834,0.016247009582949813
1976-03-14 18:00:00,,,5.4528179225131606,,,,,,783.8440843854631,0.0,0.0,0.0,0.0,2.119363213788729e-08,,5.351127218212602,0.04035335743921043,,,,,,3.773509662532242e-07,3.6861361748368076e-07,153.69045857988166,0.0,1.021072588111522e-07,,270.6438167955748,9.914521216111776e-08,,271.0701956664317,1.6824149432972337e-07,,,,3.773509662532242e-07,,0.0,,,,,,,3.6861361748368076e-07,,,,,,,,,
1976-03-15 00:00:00,1.0870226910833776,-0.9048907319469565,,0.3599865930320243,-0.642432020966118,261.16037366517196,270.7265744181074,0.8002624652794832,,,,,,,5.569542653461885e-05,,,271.4592590332031,271.45985412597656,271.4600830078125,271.4599609375,0.0497275809564534,,,,,,0.00973041240985577,,,101565.64164201183,,,1.3609467455621302,130.23633227827986,0.16339415770310622,,265.80834139310394,,74099.25092455621,0.05089049931813979,0.00019193683150251943,0.001005411148071289,0.0,0.0001304728039623012,,260.1879326634153,0.14310571357343324,-0.32040834709032046,-5.720758101029012e-08,0.00038736083092906417,-6.0085273353305796e-05,-1.0726974447693169e-07,0.002404235291002682,-0.0015789306772178446
1976-03-15 18:00:00,,,5.481213490638507,,,,,,2567.7331879179355,1.1061436011725982e-08,0.0,4.515312915149878e-09,8.469602139942216e-11,2.6342807967593265e-07,,5.313692668485924,0.16162958088711168,,,,,,5.250774632544207e-06,7.477385052562466e-06,672.2296597633136,4.866959516113326e-07,9.889433369834042e-07,,273.2430575218426,1.484384903540978e-06,,273.7551537688667,1.9288186490888426e-06,,,,5.255051001289187e-06,,0.0,,,,,,,7.488913613663623e-06,,,,,,,,,
1976-03-16 00:00:00,0.8317731089845917,0.060540272639347956,,0.2737927352182964,-0.3218954470030655,266.90706927959735,274.5258073976054,0.7985993133494135,,,,,,,0.0194890851805196,,,271.46087646484375,271.4599304199219,271.4596710205078,271.4599609375,0.1822433020236224,,,,,,0.017423641046828774,,,101517.27588757397,,,2.514792899408284,131.85835058449288,0.16321045407176724,,269.75539258245885,,74174.24063886834,0.20712253186829696,0.000975874048718334,0.00896126560910919,2.959599861731896e-05,0.0009473146066157776,,263.2245080710868,0.11200668966981786,-0.13501260830805853,-3.8258770825972503e-08,0.003817321047925297,0.0009271549226264276,2.884557055648328e-07,0.03496438629522964,0.005152187205454302
1976-03-16 18:00:00,,,7.140571656311757,,,,,,500.0687107803798,7.519707877255051e-06,9.455624416735045e-07,4.26296651716063e-06,5.026937589137512e-07,3.235511858750177e-07,,6.848328895117405,0.200375619019277,,,,,,1.4299339443974241e-05,1.9297312349962764e-05,858.4596893491124,1.1196040366528302e-06,3.0477393484679904e-06,,274.92345676760704,4.547631599493986e-06,,275.48065023027226,8.235228132214066e-06,,,,1.8560630682657458e-05,,0.0,,,,,,,2.6829496643246985e-05,,,,,,,,,
1976-03-17 00:00:00,0.8647474480803902,0.45461953744380434,,0.32928204959666235,-0.15250620757334332,269.31068664189627,275.4105460262863,0.7974651730977572,,,,,,,0.0010531047392173631,,,271.46055603027344,271.4599304199219,271.45973205566406,271.4599609375,0.2523281842293824,,,,,,0.02043684558755547,,,101229.1974852071,,,2.562130177514793,131.80648298094258,0.16351347421047954,,271.7273013323722,,73971.37208764793,0.2553366034693972,0.002377800687530337,0.013566282373913647,8.558239457169934e-05,0.0024439569055681397,,264.39139128013477,0.14690993946684888,-0.04507247019096239,1.2914700987790133e-07,0.014746536150042205,0.0072173902974326225,3.87915484497004e-07,0.051254339944626366,0.022794531448882008
1976-03-17 18:00:00,,,5.455684368426983,,,,,,500.6699593283913,1.4090524799019627e-06,5.144482621779808e-07,2.822155386385833e-07,5.234280854639922e-08,1.2426679584882414e-07,,5.319883927791076,0.08754229122365015,,,,,,5.552710513391438e-06,5.803120559489234e-06,371.13720414201185,8.289184222912647e-08,1.3663659434346757e-06,,272.74598188230976,1.515179167132406e-06,,273.34205383661936,2.0738624962123893e-06,,,,5.834906764284393e-06,,0.0,,,,,,,7.216085696361474e-06,,,,,,,,,
1976-03-18 00:00:00,1.1105867194000787,-0.5786932770317122,,0.34020527721156735,-0.5523505746965578,265.3503246420234,272.5286904058513,0.7929122765388714,,,,,,,8.57686150003467e-05,,,271.4601287841797,271.46018981933594,271.4601593017578,271.4599609375,0.09959817920210799,,,,,,0.016149803026188056,,,101377.62352071005,,,2.1479289940828403,132.17311574721478,0.16352504244922886,,269.18206949629024,,73997.00039293639,0.10178831202038646,0.0011479106880503999,0.003879874415651581,4.940175798517713e-06,0.0019856063571907358,,261.8071038962821,0.214079050270058,-0.23773389172977244,6.207447719812592e-08,0.007507685140690066,-0.0009522560609162912,1.5000110450262734e-07,0.008082660683069086,0.00101745415192384
1976-03-18 18:00:00,,,5.841929633236496,,,,,,1146.043276315712,2.329673111086061e-06,0.0,2.3214951069397335e-06,1.2340189437189046e-06,2.733393126516215e-07,,5.569439318053115,0.17386089979544195,,,,,,1.0822739826856986e-05,1.1473695731021949e-05,695.1664201183432,2.2025503350432807e-07,2.3399562348980877e-06,,274.2470554148657,2.3996931385006426e-06,,274.9075742642555,3.980373489786182e-06,,,,1.3144323106348161e-05,,0.0,,,,,,,1.3795962347786808e-05,,,,,,,,,
1976-03-19 00:00:00,1.5315879675058217,-0.4173785158868372,,0.5201482652912478,-0.38964627621441905,267.0573976956881,273.7195772250023,0.7979530575712757,,,,,,,0.00606936392699473,,,271.45982360839844,271.4598846435547,271.4596862792969,271.4599609375,0.19138033714520156,,,,,,0.14917398486617048,,,101518.22281804733,,,2.3727810650887573,130.30088941585382,0.16366058834911099,,271.6501674313517,,74129.12097818048,0.31623629597566755,0.003436619008081199,0.009012549586550019,1.5426669600447254e-05,0.004062991170488165,,263.7519139397074,0.34800115598023995,-0.17542040559667102,9.438635916766e-08,0.024212041317303416,0.0038851792510797285,-9.965698321531774e-08,0.06385992612888122,0.010524995426630832
1976-03-19 18:00:00,,,6.058228441949427,,,,,,3602.781476777175,4.489140133180562e-06,6.884512816660503e-07,3.34106738398061e-06,1.8990714345457992e-07,1.0114275313398564e-07,,5.851919371700851,0.19894977998451369,,,,,,2.146086837413043e-05,2.2863892055827485e-05,831.7851331360947,2.6703057204477886e-07,3.9391638435555636e-06,,275.1090860761834,4.033987911847921e-06,,275.56270369129066,1.0852332739435004e-05,,,,2.4802123124782855e-05,,0.0,,,,,,,2.736715081880784e-05,,,,,,,,,
1976-03-20 00:00:00,1.2622242707472582,0.5707659918881027,,0.4498296835013395,-0.08159447844917252,269.4106175349309,276.37506934171597,0.7972075219690447,,,,,,,0.7261527699126294,,,271.46002197265625,271.45997619628906,271.4600830078125,271.4599609375,0.1662477572288739,,,,,,0.45215060442862426,,,101344.30011094674,,,2.4792899408284024,130.19384892029169,0.1637404204825678,,272.96077516093055,,74071.22073779585,0.7306836370885725,0.023287722344934588,0.00461576111923308,1.2537519607318224e-05,0.024337712124254576,,265.17038839667504,0.3472526419092212,0.04061874235875508,7.832310914706725e-07,0.6262777655787722,0.11557659170286903,7.666848750079612e-08,0.027880279660468077,0.011795182542919495
1976-03-20 18:00:00,,,6.51042132970144,,,,,,3044.509450066019,1.5986300784455247e-05,3.511086106300354e-07,9.147020486684945e-06,8.052413368366174e-07,2.439055226296288e-07,,6.371766581337833,0.20762571075258876,,,,,,2.833001712370201e-05,2.8707527902704723e-05,908.5099852071006,1.4858728153465767e-07,6.098123873479268e-06,,275.62312605818346,6.071771302166775e-06,,276.0797747549926,1.3310660624645165e-05,,,,3.747915375162159e-05,,0.0,,,,,,,4.470454165216028e-05,,,,,,,,,
1976-03-21 00:00:00,0.3367816597752317,0.43095462279912283,,0.10119712423290726,-0.1448540997928416,269.912897324421,276.88525101701185,0.7978564134010901,,,,,,,0.15902366863905326,,,271.4599151611328,271.4599151611328,271.4599914550781,271.4599609375,0.26021517240084135,,,,,,0.12194440441795752,,,101273.19101331361,,,2.5384615384615383,131.68213017029169,0.1641104997262447,,272.9374521469929,,73975.5568602071,0.44654988482065455,0.007624272028392059,0.01655419891667084,6.471203981771977e-06,0.008365574673082701,,264.86817363310143,0.045555875851557806,-0.030522792297002128,-4.5363397868598133e-07,0.11431012776702335,0.05983717904492287,-3.801060140617853e-07,0.101851911899343,0.07227216302913189
1976-03-21 18:00:00,,,6.447399252265162,,,,,,1793.3354313627203,3.5895596770845223e-07,1.1249577637607529e-08,2.940113727863018e-07,7.715924868922262e-08,9.713960413169392e-08,,6.346311862652119,0.11959694405279216,,,,,,1.7605501519152398e-05,1.88553474358553e-05,497.9045857988166,2.7631073308414254e-07,3.941577567151312e-06,,272.89006882165313,3.9498217007112225e-06,,273.2982181345923,4.299558126009428e-06,,,,1.7899645150765865e-05,,0.0,,,,,,,1.9212798959404757e-05,,,,,,,,,
1976-03-22 00:00:00,0.6718951174493372,0.3924679953671066,,0.21999555508765947,-0.24184791858379656,265.80927299183503,274.1905679194885,0.7978193516561971,,,,,,,0.06175096500554734,,,271.4604034423828,271.4601593017578,271.46018981933594,271.4599609375,0.14462072609444343,,,,,,0.14133114786543086,,,101403.47928994083,,,2.260355029585799,132.81052791437455,0.16477478185348962,,269.66184455826436,,74008.51705806213,0.28379047237964866,0.00392160472079847,0.016326069126467734,1.0053875178275023e-05,0.0057222941923423636,,261.9142401881472,0.0806390636066008,-0.13737106887546516,6.606291283642565e-08,0.03447797876843334,0.02161400699051174,1.78700102184563e-08,0.16495747514724865,0.06288991935451972
1976-03-22 18:00:00,,,6.979770434678659,,,,,,7370.04296875,0.0,0.0,0.0,0.0,1.6383422292719357e-08,,6.405739236865523,0.0,,,,,,0.0,0.0,0.0,0.0,0.0,,272.8007249098558,0.0,,273.33217643421784,0.0,,,,0.0,,0.0,,,,,,,0.0,,,,,,,,,
1976-03-23 00:00:00,1.2365533783591005,-1.5843168066803521,,0.39814353694577187,-0.9204168093980417,259.86122754339635,272.6232121935963,0.7963702251925271,,,,,,,0.3480537911138591,,,271.4600372314453,271.46014404296875,271.46002197265625,271.4599609375,0.010648648414386095,,,,,,0.11402694431282359,,,101616.10207100592,,,0.0,131.96012110964082,0.16483541635366586,,267.40951068584735,,74108.13491586539,0.3714498486039201,0.0015247037424843692,5.417321560650887e-06,0.0,0.00040697839838513256,,261.0921511678301,0.3524181966245527,-0.3561088686158671,-4.6486297160622627e-07,0.043229610729444576,-0.005980019782774547,-2.9655915267211688e-08,-0.0006580352783203125,-0.00047672438550982956
1976-03-23 18:00:00,,,5.573380949934559,,,,,,82.42260945638021,0.0,0.0,0.0,0.0,2.1014318328589986e-07,,5.376192928065915,0.11328070826784394,,,,,,2.0965007987953503e-06,2.099399471424035e-06,519.7477810650887,0.0,3.831069806271051e-07,,273.58186809833234,3.3847238185137684e-07,,274.0862488154124,4.2216466552407077e-07,,,,2.0965007987953503e-06,,0.0,,,,,,,2.099399471424035e-06,,,,,,,,,
1976-03-24 00:00:00,0.8450094877615483,0.5876283194186419,,0.28976539182945116,-0.1008957575058796,265.3399054171771,274.5882844642775,0.7967430264992121,,,,,,,0.00012190666424452201,,,271.4601745605469,271.4598083496094,271.45985412597656,271.4599609375,0.14090038051266643,,,,,,0.0005253165431276581,,,101416.36945266272,,,2.21301775147929,132.40376940845738,0.16462118667963693,,270.5337329390486,,74092.10611593934,0.1410397862541605,0.00035347599955000116,0.003912152623283792,0.0,0.0002450914777947601,,262.82952402329306,0.15772149478190045,-0.015009140827246671,-4.6285224026937e-08,0.0005725205857162061,0.0005784711748679835,3.6840521403796386e-07,0.006383545609940527,0.007677889081853381
1976-03-24 18:00:00,,,5.839676292690299,,,,,,647.5911413122107,5.300140239783292e-06,1.316195761663674e-06,1.4525546124700965e-06,3.287072717790773e-07,1.5072245757851872e-07,,5.746426176037309,0.13842123358912722,,,,,,7.078580602386294e-06,8.54090032492869e-06,573.4796597633136,2.960393414694882e-07,1.5805040061826536e-06,,274.35991447493876,2.625668366279828e-06,,274.7740576027413,3.701880486053828e-06,,,,8.531223387407834e-06,,0.0,,,,,,,1.3844192733426066e-05,,,,,,,,,
1976-03-25 00:00:00,1.1800991938664362,0.18128395080566406,,0.4654560184337684,-0.2165660011697803,267.36983097234423,274.90044723601034,0.8007177696425534,,,,,,,0.05488315559703218,,,271.46067810058594,271.4602355957031,271.4603761621922,271.4599609375,0.14700335440551035,,,,,,0.02147462382119083,,,101377.05343934911,,,2.3076923076923075,130.177322477984,0.16474127628394133,,271.1528830443614,,74044.70626849112,0.20427563909948224,0.0014928134940785064,0.0077607420069226146,2.1723600534292367e-05,0.00119627439058744,,263.5420073560004,0.24332727906266613,-0.0928905757926625,-1.3952143834738513e-08,0.009775421090324867,0.00037029048306702156,-2.1240414607961326e-07,0.03102455477742754,0.003645391043650328
1976-03-25 18:00:00,,,5.43484657332742,,,,,,378.400146484375,2.0883944348470698e-07,0.0,2.0912049349243118e-07,0.0,2.2148079052552412e-07,,5.30987735612858,0.16307167188655694,,,,,,4.4027420543354645e-06,4.50894589254842e-06,683.9086538461538,4.736691459837044e-09,7.173718785393167e-07,,274.85412904637803,8.73525467144667e-07,,275.41057094596545,1.592771012402145e-06,,,,4.611755087530824e-06,,0.0,,,,,,,4.7170772002293515e-06,,,,,,,,,
1976-03-26 00:00:00,1.1522372883452465,-0.2972681169679179,,0.42902956065341563,-0.35791767278366543,269.1656003873024,275.3373727290588,0.8084935785750665,,,,,,,0.0,,,271.4602508544922,271.4598846435547,271.46018981933594,271.4599609375,0.1685787404077293,,,,,,0.019537479919794747,,,101423.64903846153,,,2.2781065088757395,129.20468934188932,0.16468846022024664,,272.0567645010864,,74116.97533746302,0.17597374549278846,0.0008597839513473962,0.005969527205066568,1.0833320533030132e-05,0.0006069431643514238,,263.8190476457043,0.2192420765493043,-0.13822333206086468,8.592323650476474e-08,0.0039431270550848285,-0.0011305263012471283,-1.2872799652003126e-08,0.029087215784617516,-0.006647312782219881
1976-03-26 18:00:00,,,5.795728892264282,,,,,,184.0374942555147,0.0,0.0,0.0,0.0,2.3076179244386506e-07,,5.601684519525111,0.15328049518652923,,,,,,5.019982979142454e-06,6.320836716855066e-06,638.4256656804733,2.9663450619172767e-07,1.2284502960168397e-06,,276.1898142797707,1.4190573090984976e-06,,276.5843195266272,1.663689297684551e-06,,,,5.019982979142454e-06,,0.0,,,,,,,6.320836716855066e-06,,,,,,,,,
1976-03-27 00:00:00,0.21308586865487184,0.5717155580689921,,0.06389507880577674,-0.14238060155563806,270.2495016064164,277.4616150263499,0.8160879548484757,,,,,,,0.04170371512689534,,,271.46014404296875,271.4600524902344,271.46044921875,271.4599609375,0.1728837052745932,,,,,,0.048367562378651995,,,101490.21079881657,,,2.5207100591715976,128.71744821762897,0.1645905026317348,,273.3145764593542,,74210.92044193787,0.20655389368181398,0.0012645030162743564,0.012556290485449796,4.2090049156775843e-05,0.0007937095574373324,,264.84491490471294,-0.011866817812947832,-0.02693348946655996,-1.7436192008961522e-08,0.008607853079244313,0.0033074497325675145,1.5872995568557845e-07,0.0512676013146421,0.03253120558126967
1976-03-27 18:00:00,,,6.774177156256501,,,,,,1810.631258592538,6.329704671216434e-05,1.2419103870730428e-06,5.410770340078681e-05,1.5511315249832425e-05,1.210857762406806e-07,,6.516546932197887,0.271548209105723,,,,,,8.177192958854359e-05,9.247572464350412e-05,1075.4534023668639,2.101725022468341e-06,1.977467854347455e-05,,277.21140555658286,2.336912077559522e-05,,277.5610799394416,5.6911414191567686e-05,,,,0.00013588377709924823,,0.0,,,,,,,0.00015576986166147085,,,,,,,,,
1976-03-28 00:00:00,0.3088992361486311,0.6303662633049417,,0.023139908468934912,-0.11352171700381668,271.12995125132903,278.8538579997226,0.8220162098929726,,,,,,,0.2339249108670026,,,271.4604931695045,271.4600524902344,271.4597930908203,271.4599609375,0.2462495882835614,,,,,,0.4571484447230954,,,101282.50221893491,,,2.497041420118343,124.82784022946329,0.16520882499288525,,274.93456173507417,,74053.44602903107,0.5628162812904494,0.03147657947427422,0.013585638012406389,0.00013783768083922257,0.045380970430091996,,266.35218124841094,0.09278330718271831,0.009535953138001572,-2.123400659890041e-06,0.7814230552086463,0.14430662271612843,-1.1139921637351168e-07,0.08918791940331063,0.0489931300546996
1976-03-28 18:00:00,,,6.313180630023663,,,,,,2619.1306268601193,9.212047743374074e-06,2.8699283769144816e-06,2.7245759258608844e-06,8.529041116759622e-08,5.1125425670761615e-08,,6.03794179160214,0.08652040379992604,,,,,,2.921156629302798e-06,3.1509563415008183e-06,406.0883875739645,1.835435650934129e-08,5.766815511432625e-07,,274.65446625658745,1.027590468437714e-06,,275.1064487434703,4.886566887240438e-06,,,,5.64595298654229e-06,,0.0,,,,,,,1.236293795546131e-05,,,,,,,,,
1976-03-29 00:00:00,1.4940563630775587,-0.5189086304613825,,0.5072934980223165,-0.4527365893301879,267.9216429580598,275.798000809709,0.8225070393297094,,,,,,,0.052336066432253144,,,271.45982360839844,271.45977783203125,271.460205078125,271.4599609375,0.10442374867095044,,,,,,0.026899845642450997,,,101296.02329881657,,,1.8047337278106508,128.19479659041005,0.1656879786203599,,272.0363906770063,,73978.9657220784,0.16508420684633876,0.0014369445439626478,0.0029173856656226887,1.1931245143596943e-05,0.0012204322589219674,,263.7516868636453,0.38650693449042955,-0.233399537893442,3.859730836585407e-08,0.023612118317086397,-0.000742795287504704,1.501120413297418e-07,0.00857632986225805,-0.0009921231918786405
1976-03-29 18:00:00,,,5.947976129294853,,,,,,3137.4988886729006,1.3988354855035184e-06,0.0,1.3958706834612513e-06,6.025491734228191e-07,1.8192819621596146e-07,,5.7352285667284,0.09232714049209505,,,,,,2.4581405185383454e-06,2.4221550959807177e-06,382.04955621301775,0.0,5.361442206173959e-07,,276.020786623983,5.101112748038839e-07,,276.4250694139469,1.1993561094329203e-06,,,,3.854595345152905e-06,,0.0,,,,,,,3.8084811007482766e-06,,,,,,,,,
1976-03-30 00:00:00,1.432809965144953,0.4484244916566025,,0.4361494786640596,-0.10000487897523055,268.53894638874124,276.76122153016945,0.819982087471076,,,,,,,0.27138505743805474,,,271.4603729248047,271.4604187011719,271.4601287841797,271.4599609375,0.08574735201322116,,,,,,0.4764649882119083,,,101588.10817307692,,,2.0710059171597632,130.00909947502544,0.16567205113066724,,273.3286118366309,,74212.01419193787,0.6502973480072952,0.01331177785232823,0.0013943903544950766,0.0,0.010814430975333165,,263.83982352533286,0.3096890460104632,-0.025241688158385147,-2.1829761147289676e-06,0.34932537675702935,0.11601844428592091,1.5513077301638663e-07,0.0044674927688385605,0.004103079117206338
1976-03-30 18:00:00,,,5.731321910429283,,,,,,2803.443491114248,5.792110012127803e-08,0.0,5.773648884169449e-08,0.0,1.1898351959972339e-07,,5.609545386049169,0.12161110420904216,,,,,,5.5421518503561525e-06,5.531923834388778e-06,557.4227071005918,0.0,9.253819489620141e-07,,275.3563959245851,9.676138457109236e-07,,275.7328571567874,1.1233486146969204e-06,,,,5.599706483310497e-06,,0.0,,,,,,,5.590580624236157e-06,,,,,,,,,
1976-03-31 00:00:00,1.5027761854363617,0.1297818189541969,,0.48195309610761833,-0.22932296391774917,268.54699409078563,275.8960632685374,0.8177242130922848,,,,,,,0.26030726686737243,,,271.45982360839844,271.4603271484375,271.4601287841797,271.4599609375,0.1489663208730122,,,,,,0.1832596818370932,,,101572.72300295858,,,2.2189349112426036,130.2280112723627,0.16573162473870454,,272.9373397375705,,74184.94760077662,0.47447592831222263,0.004261059168527818,0.0027293143187754254,0.0,0.002227225952599881,,263.72970093495746,0.38330008715567504,-0.0838572203054936,-9.795225486892948e-07,0.09863829752352825,0.03831663075283434,2.6833349585701222e-08,0.0037946497577865273,0.004766426747664809
1976-03-31 18:00:00,,,7.841134923449634,,,,,,2263.1940096768467,6.72156994159405e-05,7.2977775652733075e-06,3.747254081026337e-05,4.0486631308786965e-06,2.3983899456071364e-07,,7.732432591139212,0.2666926637909116,,,,,,6.517468119514059e-05,6.686565438671225e-05,1105.9145710059172,2.550501266174768e-07,1.49703325604546e-05,,277.58792096200074,2.0386728309315337e-05,,278.01838711168637,4.5020287558877256e-05,,,,0.00010264969083684435,,0.0,,,,,,,0.00013406900964545076,,,,,,,,,
1976-04-01 00:00:00,1.6247248339229787,0.8315251818775425,,0.7234178012644751,0.21500233080260148,270.5653852654632,277.611310789571,0.8267248897157478,,,,,,,0.48940895577154214,,,271.4599609375,271.4598083496094,271.4597473144531,271.4599609375,0.35945996165980953,,,,,,0.3678711651915343,,,101480.4674556213,,,2.3846153846153846,125.78376201200767,0.16705325651450975,,276.2421138244268,,74143.50499260356,0.8528347145876235,0.027650169320073883,0.015274203004685407,5.079038749785113e-05,0.03219075111903735,,266.20610822869475,0.6901808828997189,0.3509276068422216,-5.023199727361989e-07,0.5490808307948197,0.3117022582015695,4.6742559939666964e-08,0.13175282563281263,0.10671030958017787
1976-04-01 18:00:00,,,6.0012991470698065,,,,,,4625.647934682271,5.871233855478862e-06,0.0,5.873173651610606e-06,5.140018886363013e-07,1.1605567856107635e-07,,5.850923905005822,0.07726120807715421,,,,,,3.578086223828017e-06,3.708537513687766e-06,323.08653846153845,3.1380473288911334e-08,7.790926645493366e-07,,275.03196833683893,1.2992776533555702e-06,,275.31085430799857,1.5511425465521728e-06,,,,9.450686753854243e-06,,0.0,,,,,,,9.587530553693603e-06,,,,,,,,,
1976-04-02 00:00:00,2.0519184247981865,0.07226646581345056,,0.6928272755188349,-0.34286297002487637,269.65847769291446,276.2271311381865,0.824457453905478,,,,,,,0.45536361319514423,,,271.4601135253906,271.46031188964844,271.45957946777344,271.4599609375,0.10532555213341346,,,,,,0.4104261229024131,,,101567.72226331361,,,2.1301775147928996,129.86595505934494,0.1672968554073537,,271.81780283549836,,74180.41750647189,0.7070748545009004,0.011059218427970917,0.003485752986027644,1.2125930137182833e-06,0.005807955589520155,,263.0287964950652,0.5476120604565863,-0.1523495736206777,5.144295287397745e-07,0.35140374227917404,0.15530682229519596,1.757585164745057e-07,0.007500994432519174,0.010410931626797692
1976-04-02 18:00:00,,,6.339907318882688,,,,,,2736.207515258789,6.591339083112908e-06,2.131516323287106e-07,3.88649176563737e-06,3.595731755685524e-07,1.9486648352271134e-07,,6.111990403846876,0.19285773102348372,,,,,,1.2643525057290432e-05,1.2670439728618373e-05,819.9633875739645,2.0017494039731266e-09,2.2866338844130026e-06,,274.88366428352674,2.5994921400702213e-06,,275.2905741132928,6.785539127665864e-06,,,,1.6528253371898944e-05,,0.0,,,,,,,1.9240881917039318e-05,,,,,,,,,
1976-04-03 00:00:00,1.3978565204778366,0.7557696618977383,,0.49706778441660504,-0.03175107402914375,268.97019200071077,275.9122046295708,0.8202141403446536,,,,,,,0.2776244575455344,,,271.4599914550781,271.46043395996094,271.4604034423828,271.4599609375,0.19178952550041606,,,,,,0.2884852132893797,,,101579.09393491125,,,2.4615384615384617,131.99837462295443,0.16753917332937027,,271.7882163143722,,74146.95730861687,0.5331305639498686,0.014389840053696153,0.007231375371820993,4.134675454811232e-06,0.013164926562788924,,263.52923583984375,0.33656304616194505,0.048315025645600265,-4.4352780271889144e-07,0.25743389726869936,0.10888978034346061,-1.4429067787796963e-07,0.06696822447977828,0.03713596415893346
1976-04-03 18:00:00,,,5.132643801220776,,,,,,180.97960205078124,1.1738411773591353e-06,0.0,1.1682973281871637e-06,2.863899578709574e-07,1.1381177753816254e-07,,4.988998712167232,0.12592870949288093,,,,,,7.223139500476905e-06,7.209605013830422e-06,571.1050295857988,2.2549548815968916e-10,1.3171105518848937e-06,,272.97448947161615,1.3411375721530801e-06,,273.52402392505894,2.3298494561889467e-06,,,,8.391734411025188e-06,,0.0,,,,,,,8.403769964297141e-06,,,,,,,,,
1976-04-04 00:00:00,1.6037205690462915,-0.899320156616572,,0.6225254860150038,-0.5655382483668582,266.7664658585949,274.09395549706454,0.8210264617169397,,,,,,,8.452996699767706e-05,,,271.45982360839844,271.46026611328125,271.4599151611328,271.4599609375,0.1441999807865662,,,,,,0.02000968978249815,,,101749.36168639053,,,1.8106508875739644,132.2118315386349,0.1682993222975872,,270.22091828295464,,74194.94887204142,0.15002369175295857,0.0014413517607739692,0.0015724565855850128,0.0,0.0011896663868921043,,262.5290182440944,0.4271680225987406,-0.21358708940314117,1.455204008207739e-07,0.005996327917504857,-0.0014446218161893315,5.9077977381933195e-08,0.0026501084556637784,-0.001299748847470481
1976-04-04 18:00:00,,,5.446688223167284,,,,,,6677.90629308364,0.0,0.0,0.0,0.0,6.359891947730824e-09,,5.323989885093193,0.013457349066198224,,,,,,6.577947876862521e-08,6.274854731277601e-08,25.74907544378698,0.0,1.4619077914036238e-08,,274.57440907856414,3.1590571946646333e-09,,274.9151399149697,1.037474060376015e-08,,,,6.577947876862521e-08,,0.0,,,,,,,6.274854731277601e-08,,,,,,,,,
1976-04-05 00:00:00,0.7567043473734658,0.8202662778323924,,0.21623763283328898,0.04204064431275136,260.9022337783723,273.0310882026627,0.8148624777088503,,,,,,,0.4492878208498983,,,271.45936584472656,271.46034240722656,271.4601745605469,271.4599609375,0.015066383858404217,,,,,,0.0029315666334163507,,,101564.26423816568,,,0.26627218934911245,133.59020616881241,0.1680596001754851,,269.8264813846385,,74274.75487703402,0.4518235787837463,0.0011490442343717495,0.0010069615742158609,0.0,8.36085638350989e-05,,261.92413185616215,0.09594781687979162,0.04885586655351537,5.417318849657065e-08,0.024679894968863858,0.00825493433021943,1.0832599072321731e-07,0.0011881145354347943,0.0018615835371596694
1976-04-05 18:00:00,,,5.980660534469334,,,,,,4968.228188681435,9.45330988725967e-07,0.0,8.132705498023851e-07,1.316658667558749e-06,2.0211946226890818e-07,,5.787306063273955,0.14493375699195635,,,,,,6.094861489075881e-06,6.105464238386888e-06,594.4123520710059,7.69710209573338e-09,1.385317531210431e-06,,274.74242649416954,1.2980322160664394e-06,,275.10056589341025,1.842354440830163e-06,,,,6.908628009480132e-06,,0.0,,,,,,,7.045978801490287e-06,,,,,,,,,
1976-04-06 00:00:00,0.23007641741509974,0.1128517184737166,,-0.02201458406166212,-0.4224877103545962,267.9702898736536,276.21663796690086,0.8111672986893964,,,,,,,0.5657577063204974,,,271.45945739746094,271.4601287841797,271.45994567871094,271.4599609375,0.15026440140763683,,,,,,0.04137447740904678,,,101788.85965236687,,,2.1893491124260356,133.8946163019485,0.16800329953255738,,271.8560026270398,,74355.06007303995,0.6892739696615546,0.003608947026955939,0.006252649973130085,1.603312040927142e-05,0.002190144104365061,,263.31388909153685,-0.033137823703020985,-0.1904968340721356,-2.1681721887438277e-07,0.0714513873378333,0.014223060267564107,1.955577048776842e-07,0.021735377551091575,0.008887282974973938
1976-04-06 18:00:00,,,5.5032418042244995,,,,,,698.6450214150511,0.0,0.0,0.0,0.0,2.0351615585940846e-07,,5.334218679800541,0.1710561718461076,,,,,,5.810086191053221e-06,5.860763364995019e-06,678.5421597633136,3.5525185948777833e-09,1.178938652989427e-06,,275.56298114844327,1.0812379552062447e-06,,276.0567457210383,1.2880191206932068e-06,,,,5.810086191053221e-06,,0.0,,,,,,,5.860763364995019e-06,,,,,,,,,
1976-04-07 00:00:00,2.0353567755433937,-0.07497670664589785,,0.7598671997792622,-0.32241869819234814,270.8407622568706,277.33546339407474,0.8090359000764655,,,,,,,0.06042624930658284,,,271.4595184326172,271.46022033691406,271.4601287841797,271.4599609375,0.18991440993088943,,,,,,0.10791114942561945,,,101282.96042899408,,,2.408284023668639,134.7105833877473,0.1681510061907345,,273.3418325390336,,73976.53247503698,0.27707812066614274,0.0014255625256419887,0.005286267523229475,2.225034335661217e-06,0.0007751792140260956,,263.8697101660734,0.631375083556542,-0.06648716559776893,-2.5035838249343386e-08,0.011805167332148323,-0.0027336946209154185,-1.0520233386079091e-07,0.016109421175557394,0.0015752190095785806
1976-04-07 18:00:00,,,5.855501095924152,,,,,,1390.3143851270954,3.05933403898273e-06,5.843856278255846e-07,9.960191842366957e-07,7.969972032767076e-08,2.499255383581463e-07,,5.685601578661676,0.1481198643791605,,,,,,7.095730163641935e-06,7.53527033258472e-06,649.4737426035502,6.420821634799065e-08,1.488264495804465e-06,,276.41761048446745,1.8437100938085975e-06,,276.91462734606137,3.1436600628689197e-06,,,,8.091462787086442e-06,,0.0,,,,,,,1.0569684604215904e-05,,,,,,,,,
1976-04-08 00:00:00,1.9685698966302816,-0.0018350273899778106,,0.8633731413169725,-0.2388197261200854,270.66759946924697,276.53476475822856,0.8100261430768572,,,,,,,0.02774664071890024,,,271.4598693847656,271.45994567871094,271.45970153808594,271.4599609375,0.14701572395640716,,,,,,0.023605504684899685,,,101032.56009615384,,,2.396449704142012,134.35312684188932,0.16844660290599575,,273.46367676864713,,73814.16325351331,0.1747420271472818,0.0017733404622275449,0.005517970880813147,3.4955126294017543e-06,0.00146003023407163,,264.6286675266966,0.5678020694552088,-0.035812368407051945,1.1414173037638976e-07,0.019537434542617766,-0.004094711400171709,2.0687581751545198e-08,0.027763208694006565,-0.0009720705273236044
1976-04-08 18:00:00,,,4.95126643547645,,,,,,717.2306810604629,8.58395057317068e-06,1.2143785078850019e-06,1.310089812476254e-06,2.629801454628713e-07,2.115219002292733e-07,,4.630616870857555,0.14955554488142567,,,,,,4.277470901872985e-06,5.298971953476674e-06,633.9493343195267,1.7025981914009567e-07,8.914079627341773e-07,,276.2872018306213,2.3972794149048933e-06,,276.8480448525333,5.399268230742957e-06,,,,5.587759102589986e-06,,0.0,,,,,,,1.3888675785629001e-05,,,,,,,,,
1976-04-09 00:00:00,0.9093149173894578,-0.019516561158310027,,0.34100213699792264,-0.30350825067102555,271.6823080390163,278.74172233265534,0.8076019742079741,,,,,,,0.016196978868112055,,,271.46038818359375,271.4598846435547,271.4597930908203,271.4599609375,0.18745566825189533,,,,,,0.04165220542772282,,,101020.47374260356,,,2.242603550295858,133.81852532561714,0.168661109089146,,273.57936096191406,,73815.74609375,0.2117871165980954,0.0015801960194604637,0.013347129144612148,8.941261020637828e-05,0.001249189207539756,,264.50782811994384,0.18394125424898589,-0.09450642738116563,1.7778320236616497e-07,0.015940784469808966,-0.005212097478336131,3.060385253409216e-07,0.05720466133289744,-0.001533837801605992
1976-04-09 18:00:00,,,6.282933297241933,,,,,,250.98670171922254,7.223508723036071e-07,6.86815956376008e-08,5.15905864669021e-07,5.5426781302725774e-08,2.2814394211287737e-07,,6.105577858242057,0.21479400093033468,,,,,,1.3853098161121797e-05,1.5224401767437275e-05,908.5968934911242,4.3176996284688014e-07,3.002716239387467e-06,,277.583932368713,3.2076292489407332e-06,,278.11767144739275,4.227851798548501e-06,,,,1.4367320481136705e-05,,0.0,,,,,,,1.5930840249597675e-05,,,,,,,,,
1976-04-10 00:00:00,-0.23177044208233172,0.14457671035676312,,-0.21914688087779388,-0.2619164765939205,271.9924952038646,277.9827396911982,0.8085847190145911,,,,,,,0.006600487161670211,,,271.4602966308594,271.4595947265625,271.45970153808594,271.4599609375,0.26241839707955805,,,,,,0.03417065863073225,,,100998.98520710059,,,2.366863905325444,134.05088941585382,0.1690866312331702,,275.1658602381599,,73834.27248982988,0.2720026320959689,0.0022870605513894346,0.013219393216646634,8.932514303534694e-05,0.002734257624699519,,265.91195353671645,-0.33396730479404063,-0.08617329456397062,2.162742074844207e-07,0.02611130911212128,-0.006962764897995447,-1.374355203213071e-08,0.05535392082610082,-0.002395688076696452
1976-04-10 18:00:00,,,7.213848328449317,,,,,,1159.4228183521943,4.418326552802994e-06,6.611949417012683e-07,0.0,0.0,1.634889432196726e-07,,7.084340276097405,0.13054191995654585,,,,,,1.0103957187494583e-05,1.0387784630589231e-05,531.5066568047338,9.516849232143199e-08,2.4712782287033353e-06,,276.9801519269774,3.259827399394921e-06,,277.5112839196561,4.178805816808396e-06,,,,1.0103957187494583e-05,,0.0,,,,,,,1.4809373567795613e-05,,,,,,,,,
1976-04-11 00:00:00,0.8790540525899131,0.2246580236762233,,0.1996731334889429,-0.28718727156960755,271.48272867597774,278.7888631425666,0.8034736753920831,,,,,,,0.0399968976805196,,,271.4602355957031,271.45985412597656,271.45997619628906,271.4599609375,0.13231717623197115,,,,,,0.06944545768421782,,,100811.0924556213,,,2.437869822485207,134.36951460076506,0.1691416480837489,,274.1749985373232,,73692.8775887574,0.19756466115014792,0.002046343842907065,0.007629168809518306,7.972650274017153e-06,0.0033192832089034762,,265.13519747581705,0.006771279509956315,-0.07187521104981913,-1.5487383807232307e-07,0.032813122759148834,-0.0026650361760833558,1.1633344039564799e-07,0.034569583899347035,0.01112011224913174
1976-04-11 18:00:00,,,8.186196569860334,,,,,,459.8156345667464,0.0,0.0,0.0,0.0,1.8439860850883944e-07,,7.93929483763565,0.10576932105792344,,,,,,7.096611889156364e-06,7.1604267732631525e-06,474.6764053254438,3.658885345656491e-08,1.3485550880432129e-06,,277.39371097722704,1.4292109294755924e-06,,277.99173966808434,1.781091049930753e-06,,,,7.096611889156364e-06,,0.0,,,,,,,7.1604267732631525e-06,,,,,,,,,
1976-04-12 00:00:00,2.8368737542417626,0.3007922482913768,,1.2428680252746718,-0.22025549623387805,268.30219535150474,277.6696790887054,0.8141213958785378,,,,,,,0.0,,,271.4594421386719,271.4597473144531,271.4598846435547,271.4599609375,0.13469041451899963,,,,,,0.021258653268306213,,,100521.5599112426,,,2.396449704142012,131.0326063167414,0.16907524921484954,,274.0425669653176,,73481.81460336539,0.13810955702200445,0.0019327818289310975,0.0062738903880824705,0.0,0.0013447146443925665,,264.45466938808823,1.0365967083964827,0.0018007511923299033,1.129890184938362e-07,0.014658143519910918,0.003713669847010238,3.797853230009649e-07,0.041298228375249976,0.010835556752880561
1976-04-12 18:00:00,,,6.469696592297074,,,,,,654.9112087387637,2.9124840322507202e-08,2.1343612657672556e-08,0.0,0.0,6.408937391308384e-08,,6.225559736849994,0.09625785872781065,,,,,,2.826305007088114e-06,4.218240990441227e-06,416.8450443786982,3.3197241157469665e-07,5.707905225499848e-07,,276.2941884599494,8.169076675494041e-07,,276.91759296846107,1.0464814375843523e-06,,,,2.820044755935669e-06,,0.0,,,,,,,4.246213732386482e-06,,,,,,,,,
1976-04-13 00:00:00,2.0025567331257657,-0.21893829706857895,,0.8298000414695965,-0.29366427201491135,268.3227375639966,277.516907099436,0.8112012842703148,,,,,,,0.0,,,271.4607391357422,271.45994567871094,271.4599914550781,271.4599609375,0.11894885181675297,,,,,,0.02850522374260355,,,100929.23372781066,,,1.8875739644970415,131.64128789958164,0.16897171347804324,,273.50128291203424,,73769.60905140532,0.12723915957840237,0.0007489588133682161,0.0087749097474228,2.888956013515856e-05,0.0013509671363604845,,264.73568960336536,0.6018926159164609,-0.013549135281489445,-3.0657036178562783e-08,0.005611481736658676,-0.0011365317337259033,3.4037230013850413e-07,0.07529797074357433,-0.015139305732659335
1976-04-13 18:00:00,,,6.046930459829477,,,,,,279.37925837590143,0.0,7.164226459151894e-08,0.0,0.0,1.504154708269176e-07,,5.939079482174484,0.13353300376756658,,,,,,1.6700266998195085e-06,1.8589584344237514e-06,544.7522189349113,5.0326550280201364e-08,3.795139491558075e-07,,276.85407180334687,3.6519279802692007e-07,,277.2591848881287,4.7409967602004666e-07,,,,1.6700266998195085e-06,,0.0,,,,,,,1.8589584344237514e-06,,,,,,,,,
1976-04-14 00:00:00,0.9092842643782937,0.14411146965252578,,0.3578153136213856,-0.28161910017566566,269.29749735995864,278.41072109606137,0.8116421942880168,,,,,,,0.08942824143629807,,,271.46022033691406,271.46009826660156,271.46043395996094,271.4599609375,0.13632346610345783,,,,,,0.028419223762828218,,,101353.79733727811,,,2.2958579881656807,131.94819433449288,0.1687289469340849,,274.1972388092583,,74137.98837370562,0.2005209838144878,0.0007659697673729891,0.009515999336919842,3.9057618767552125e-05,0.0007418965446878467,,265.9495539016272,0.15730265893879727,-0.09394683499308028,6.281563398298586e-09,0.006880353660923402,0.0012773692211103158,1.9605416520746678e-07,0.05107097489588492,0.011099397078068299
1976-04-14 18:00:00,,,7.171052774734045,,,,,,2825.4254703006227,1.4393022779882307e-05,1.8125107875589787e-07,1.3793052653589193e-05,2.6855485502784774e-06,1.772886256052914e-07,,6.842726380161985,0.1906384349574704,,,,,,1.3267279729335266e-05,1.3451913052056668e-05,772.5166420118343,3.3872036715231e-08,2.6511722767846824e-06,,279.39735548030694,3.2159229795608294e-06,,280.1179791512574,1.254746106249341e-05,,,,2.706015603782157e-05,,0.0,,,,,,,2.7852386412535897e-05,,,,,,,,,
1976-04-15 00:00:00,1.4541634158975274,0.6269617983575403,,0.5588232469276564,0.0033081212692712184,271.6351643398669,280.90481693786984,0.8184603942921881,,,,,,,0.30310301897088454,,,271.46002197265625,271.4596710205078,271.45985412597656,271.4599609375,0.19705823187291974,,,,,,0.29926498633941645,,,101260.98372781066,,,2.396449704142012,130.68499629455206,0.1690320742906198,,277.2508903367985,,74056.5347170858,0.567814454877165,0.009121539375673119,0.016895226472933615,0.00037425227419159114,0.012806457880686021,,266.97331210706363,0.4856384491779395,0.08783996175732132,1.4637338630262673e-06,0.21087353032897915,0.06980517949666497,8.604777377572726e-07,0.22218449158075998,0.07495011991584266
1976-04-15 18:00:00,,,6.069941424759182,,,,,,60.10916512472588,1.9800248583392984e-07,3.726667994578209e-09,1.8840821008005086e-07,4.887032548527746e-08,1.5394921562139815e-07,,5.945139975237423,0.1714353843553532,,,,,,4.831370870037192e-06,4.8298278503869415e-06,649.2762573964498,0.0,1.123384434795944e-06,,275.9977583123382,1.2417119988322963e-06,,276.4675311026489,1.5463040777917443e-06,,,,5.0199719575735235e-06,,0.0,,,,,,,5.027158020516119e-06,,,,,,,,,
1976-04-16 00:00:00,2.331846874846509,-0.7473434752966526,,0.925579691779684,-0.45159328054394243,268.9951351549498,277.6872266058386,0.8166125480239913,,,,,,,0.0,,,271.4604034423828,271.45994567871094,271.45970153808594,271.4599609375,0.19451290333764792,,,,,,0.004675554805958765,,,101419.66678994083,,,2.0710059171597632,132.9860780253213,0.16921900292120037,,274.4190722584019,,74041.79874722633,0.1967744545118343,0.0006663361950033515,0.0026606046236478365,0.0,0.003101687459550666,,264.65342233872275,0.7551925704324034,-0.14639190244956835,5.993897825673762e-08,0.0031382374364032667,-0.0006883904646486926,5.452162957269445e-08,0.00564076656685073,-0.003349517224103036
1976-04-16 18:00:00,,,4.441567550749468,,,,,,1007.685199584961,2.079141827730032e-06,2.130965244840588e-07,3.693658395631779e-07,0.0,-2.413257008822106e-08,,4.353614005816759,0.018564303245770155,,,,,,7.974518429950849e-08,7.596478615639478e-08,86.27329881656804,0.0,1.8797974658788308e-08,,276.57990495128746,4.1132495248106104e-08,,276.9924879807692,1.4402655631127442e-06,,,,4.49580818238343e-07,,0.0,,,,,,,2.156513241621164e-06,,,,,,,,,
1976-04-17 00:00:00,0.8434195151695838,0.5319175043049649,,0.33203679182120327,-0.07454224309977694,266.83645512507513,276.52654180583164,0.8118068745150369,,,,,,,0.010381867899697209,,,271.46009826660156,271.46002197265625,271.4599914550781,271.4599609375,0.023948624289247412,,,,,,0.010456152921597633,,,101279.76109467456,,,0.9053254437869822,134.34963664218517,0.16898982200396837,,273.1483662622215,,74102.02503235947,0.03707578760632396,0.0009008977540145964,0.0006818390456882455,9.247316763951228e-07,0.00048343246505105285,,263.90936044546277,0.17711432234070004,-0.0074762705515122275,3.006719200032868e-07,0.02041044741648197,-0.00027996431705514354,3.113774852685978e-10,0.0016799262137918254,0.00044862899141242873
1976-04-17 18:00:00,,,6.195989648265951,,,,,,2010.3878738132455,8.118575846655129e-05,7.805982108652238e-06,5.355935830336351e-05,1.2272340658853745e-05,1.4224582939019433e-07,,5.6857429538252795,0.30522020328679733,,,,,,7.76665274208114e-05,7.964547216539553e-05,1187.4596893491125,2.3493300792733593e-07,2.0240538219023033e-05,,278.0673380293084,2.540881640812349e-05,,278.3860455575074,7.142276453548635e-05,,,,0.00013123108790471003,,0.0,,,,,,,0.00016083149514960115,,,,,,,,,
1976-04-18 00:00:00,-0.7191275590975609,-0.07653649459929156,,-0.291242373765573,-0.44836186516214405,269.2282873751849,278.30826293223004,0.8186646100332046,,,,,,,0.03582456690319896,,,271.46009826660156,271.460205078125,271.46026611328125,271.4599609375,0.2591048020582933,,,,,,0.38561710871800164,,,101175.57673816568,,,2.5384615384615383,127.69509707117928,0.1699279497361042,,276.00045812482665,,73926.40703587278,0.4619853443868414,0.03908427540121942,0.01087556626443123,1.4560109764866575e-05,0.04195512399165588,,266.57033498188446,-0.1464190003434582,-0.20087292349550145,-5.989301379373264e-08,0.3088099842728529,-0.02591945292681632,7.065755091077157e-08,0.05705216086122411,0.022846204289317835
1976-04-18 18:00:00,,,6.57280525794396,,,,,,,0.0,0.0,0.0,0.0,-1.5043777497361288e-07,,6.221026087653708,0.0,,,,,,0.0,0.0,0.0,0.0,0.0,,277.9825215537167,0.0,,278.4070272050666,0.0,,,,0.0,,0.0,,,,,,,0.0,,,,,,,,,
1976-04-19 00:00:00,-1.5732353312024,-0.8847514835335094,,-0.9183544012216421,-0.6596508816149108,265.2768201658712,276.50021524824336,0.8198781828203144,,,,,,,0.0,,,271.4590759277344,271.4597625732422,271.46002197265625,271.4599609375,0.0006141239369409324,,,,,,0.0,,,101505.41420118343,,,0.0,133.35564625756982,0.17046218228763377,,272.8588905108751,,74313.84846523669,0.0006141239369409324,0.0,8.40886192914297e-06,0.0,0.0,,262.3933360082863,-0.8641278983573236,-0.3005805325931346,2.6178484810539486e-08,-0.0004024505615234375,0.000457763671875,3.9193620047018486e-08,0.0003673872075556122,0.0003509521484375
1976-04-19 18:00:00,,,5.213974647973416,,,,,,996.5904646248653,3.622114636312575e-07,0.0,0.0,0.0,7.716470565743326e-09,,5.129856008044361,0.08439257017959505,,,,,,6.167091341060999e-07,1.949142422196428e-06,435.07211538461536,2.1481210057287528e-08,1.230168971921918e-07,,279.169904539571,1.953883074532599e-07,,279.5501326160318,6.247411024641003e-07,,,,6.135748754415286e-07,,0.0,,,,,,,2.3174722342801516e-06,,,,,,,,,
1976-04-20 00:00:00,-1.508209363948664,0.09552261533116448,,-0.9311505436191897,-0.18810067374325362,271.53198576255664,280.86167772281806,0.811637607904581,,,,,,,0.08198439016850037,,,271.4602487769705,271.46002197265625,271.46009826660156,271.4599609375,0.17783730410965237,,,,,,0.12777926653799926,,,101580.49704142012,,,2.100591715976331,136.7668888611201,0.16990472579143456,,277.0018137192585,,74338.71710891272,0.2713018112634061,0.0016110550017046504,0.020959130096935848,2.3343594821952503e-05,0.0012004163843640208,,265.4250426884939,-0.893394571789623,-0.022258837547527967,6.564298998385381e-08,0.006728719444614808,-0.0002068177791389488,2.1599583214454728e-07,0.0562260519071157,-0.03124067663441043
1976-04-20 18:00:00,,,4.602704031227608,,,,,,1562.3071360331096,2.3980994196333123e-05,3.547322820629594e-05,4.786513084490624e-06,7.519189863515323e-07,1.8002967519640867e-07,,4.400863833681366,0.1571622769508136,,,,,,1.5769729710365893e-06,1.847307258368244e-06,735.2230029585799,4.203833044457012e-08,2.918077478482878e-07,,279.2081522744083,8.254025418024796e-07,,279.5913273737981,1.3632622696238862e-05,,,,6.362861959186531e-06,,0.0,,,,,,,2.5838878027786164e-05,,,,,,,,,
1976-04-21 00:00:00,-1.3190374938693978,-0.2120051073604787,,-0.7452743462556918,-0.380089003658859,275.31946739783655,279.76444185697113,0.8097172136137472,,,,,,,0.6078127543910368,,,271.459716796875,271.4597625732422,271.45985412597656,271.4599609375,0.2110447629669009,,,,,,0.4735559924511162,,,101366.17862426036,,,2.4437869822485205,135.0402339054988,0.16958169259968595,,277.79831095136836,,74147.78786057692,0.768499224496311,0.0233339823922969,0.018740524201703496,0.00014868078852546285,0.018764789287860576,,267.0473570513302,-0.6819169761161127,-0.13254322949245836,6.013572940702092e-07,0.0746777889555728,0.09805945295994804,3.263548233707507e-07,0.11906113672433917,-0.05530803161259939
1976-04-21 18:00:00,,,6.013971656031862,,,,,,1782.7444104076137,5.750331652940378e-05,8.176075371764821e-07,9.937377194681112e-06,1.6801169461752535e-06,3.915788130513806e-07,,5.597018529677532,0.2566776614217363,,,,,,2.6485574095559542e-06,3.475682622582249e-05,1125.0029145189997,3.596558373355301e-06,6.385910815212148e-07,,279.11930675619453,9.144243051314495e-06,,279.4076310558432,3.826706367131521e-05,,,,1.2583082773276334e-05,,0.0,,,,,,,9.226199437880657e-05,,,,,,,,,
1976-04-22 00:00:00,-2.1005306751770383,-0.8729952298677884,,-1.0557641870171361,-0.5103539630506165,276.96461405556585,280.3491225383691,0.8270410479173153,,,,,,,0.9247031084884553,,,271.4599914550781,271.46002197265625,271.4598388671875,271.4599609375,0.2598226874537722,,,,,,0.5215732190735947,,,101568.68639053254,,,2.408284023668639,134.25496208597218,0.17081686166616586,,277.6940643491124,,74330.94424926036,0.9857633068011358,0.06485247190975578,0.008573710161382498,0.0050693263668985765,0.1106871346414045,,268.06381749260356,-0.9597488493609005,-0.14724824555526825,1.0427787070597945e-06,-0.1299817914793477,0.12772127307025638,-2.2558675514576823e-07,-0.01840961649573061,-0.01631528033307318
1976-04-22 18:00:00,,,4.536435076470911,,,,,,4952.964683306993,4.44874608305079e-06,1.1852707165519337e-09,0.0,0.0,3.1638534169925426e-07,,4.334288382671288,0.07444672894901072,,,,,,4.4511122761305265e-08,3.309226071340798e-07,333.9733727810651,0.0,1.012529150070347e-08,,278.57604041466345,1.9926307778033985e-08,,278.8765486316568,3.966089536452434e-06,,,,4.439815167976907e-08,,0.0,,,,,,,4.7743232292536445e-06,,,,,,,,,
1976-04-23 00:00:00,-1.3815171055539825,-0.24548940263556304,,-0.5614377422445624,-0.32768422188843493,273.76142142933503,280.6811263406065,0.8191517009537601,,,,,,,0.9263641037179168,,,271.4598693847656,271.4604187011719,271.45994567871094,271.4599609375,0.07234525962694156,,,,,,0.16149252265162722,,,101629.19434171598,,,1.1775147928994083,137.10268767768815,0.17024533141999554,,276.0849807107237,,74446.85814996302,0.9295993281539375,0.023709519259278944,0.0026833743033324474,4.030731038229e-06,0.020500681318959893,,266.43562894742166,-0.39125143423588316,-0.067936028249165,7.317100194597633e-07,-0.06728058912344938,0.034324777196850294,5.207748902987788e-08,-0.004197521168275698,-0.0005659361827302967
1976-04-23 18:00:00,,,4.220268943606044,,,,,,1717.625580416381,5.416770482204369e-07,1.0279707125658114e-06,0.0,0.0,3.359349023966813e-07,,4.163231274079994,0.26719909306813977,,,,,,2.9180017051964824e-07,3.5861119925534937e-07,998.958949704142,1.0846773735605754e-07,1.0016332959105983e-07,,278.3854157035873,3.793100501305958e-07,,278.7821716669749,8.582330402537916e-07,,,,2.9180017051964824e-07,,0.0,,,,,,,8.885643979501443e-07,,,,,,,,,
1976-04-24 00:00:00,-0.8972758513230544,0.5618846374150563,,-0.5305470743122891,-0.11051148634690505,276.39518566244453,280.7921092016457,0.8125060507531702,,,,,,,0.8163664884115818,,,271.46018981933594,271.4595489501953,271.45965576171875,271.4599609375,0.30253176717363167,,,,,,0.12915382159532174,,,101744.59818786982,,,2.2366863905325443,137.8302209617118,0.1695260747649966,,277.1954901881472,,74469.37867511094,0.8605226726221615,0.019473629437398013,0.015301254748166319,2.6291996769651152e-05,0.006997682152887029,,267.20534501837557,-0.4263193480361848,0.032407252746220874,2.0898782566173233e-07,-0.003853474142988758,0.058540471023521744,-3.0881255952408537e-07,-0.018269787173299395,0.016258177231754777
1976-04-24 18:00:00,,,4.020257453241292,,,,,,1947.8522452329978,0.0,0.0,0.0,0.0,2.3515404182594943e-07,,3.7550674867347853,0.2123465453379253,,,,,,1.3594223550085486e-06,1.3441133957642776e-06,854.5909763313609,0.0,2.860303791846044e-07,,278.8209105723003,2.693781662269457e-07,,279.24325796274036,3.4929694023710734e-07,,,,1.3601139584589287e-06,,0.0,,,,,,,1.3441133957642776e-06,,,,,,,,,
1976-04-25 00:00:00,-0.5363147047144421,0.3318056354861288,,-0.3056503724769728,-0.15724893152361086,275.41695173816566,279.1410945012019,0.8132078238492887,,,,,,,0.23745546961677144,,,271.4601287841797,271.46022033691406,271.4600524902344,271.4599609375,0.2829439964520155,,,,,,0.03911012728538739,,,101599.08080621302,,,2.3431952662721893,138.23947576940412,0.16917496178982525,,277.39391295303255,,74317.88792067308,0.5153934952070022,0.0017026847145057244,0.01448672408783621,0.0,0.0005317340941118771,,267.45889047475964,-0.2188198100885696,0.0845881573547273,1.7055244906039113e-08,0.0005883832390491779,-0.0006501145616790952,-8.708094253573985e-09,0.007715803984354234,-0.0010782116968956219
1976-04-25 18:00:00,,,4.356267466347599,,,,,,528.4368059535226,7.417321910519572e-05,6.208141174542128e-06,0.0,0.0,2.4899726649246025e-07,,4.092417959630842,0.3110202586157082,,,,,,2.46012440094581e-06,8.999000815950202e-06,1236.1168897278915,1.1803356368513503e-06,4.927564368269148e-07,,279.05895779400885,8.723792239759095e-06,,279.41158208903477,2.7399444015773794e-05,,,,2.46012440094581e-06,,0.0,,,,,,,8.316928818381044e-05,,,,,,,,,
1976-04-26 00:00:00,-0.6278360468396068,0.038291152412369404,,-0.40563762822800137,-0.2199354679626826,276.9834894485022,280.0963373127774,0.8109922557187503,,,,,,,0.0769775661491078,,,271.45997619628906,271.4596710205078,271.46002197265625,271.4599609375,0.2897683769993528,,,,,,0.12743589863974666,,,101442.13165680473,,,2.57396449704142,138.1509957398183,0.16867846144726995,,278.24382858727813,,74228.29176682692,0.40246229991316795,0.0027257866192038705,0.051685069961826036,0.00020553303893501237,0.002514737597584019,,267.9674368412537,-0.3596194792075975,-0.05772110978527182,6.221762776250652e-09,0.010634060914644741,0.005998351826117589,3.0624058385022787e-07,0.14909334051059064,0.003448447884892571
1976-04-26 18:00:00,,,5.035281198264579,,,,,,644.5779754638672,0.00012258735634166108,3.349110924985987e-05,0.0,0.0,1.8789014790569482e-07,,4.800477185898279,0.3731377054248336,,,,,,1.6773257338436398e-06,2.370228076122216e-05,1490.9330621301774,4.601262553909121e-06,4.890655889313602e-07,,278.3515552769046,2.816385595050789e-05,,278.7190779285318,4.9039897834055525e-05,,,,1.6773257338436398e-06,,0.0,,,,,,,0.00014628108436539328,,,,,,,,,
1976-04-27 00:00:00,-0.45364561024502187,0.09407452013365616,,-0.3678516071929029,-0.047348344114405166,277.99116182045117,280.33274922568415,0.8131762178691887,,,,,,,0.09891189484906619,,,271.4599609375,271.45973205566406,271.459716796875,271.4599609375,0.4334052272096893,,,,,,0.1836961373774963,,,101049.66235207101,,,2.485207100591716,139.03011001496625,0.16850627526729064,,277.74839502819896,,73937.96715514053,0.535105163132298,0.0077352128790680475,0.07382537757553513,0.0010508390573354869,0.005196464132275102,,267.2454466509396,-0.35105078883425017,0.08442930074838492,3.651127032952841e-07,0.06195837260928617,0.007431835465177276,7.389275702928915e-07,0.462578267564435,-0.1013134217121192
1976-04-27 18:00:00,,,5.1373231086505236,,,,,,274.1428649902344,0.0003450854995546962,7.545031034029447e-05,0.0,0.0,1.1131138286447241e-07,,4.919519176144572,0.4761079867210614,,,,,,5.793708139622705e-07,5.622860595319398e-05,1745.7031210103685,1.1334228797777165e-05,2.1708771013296567e-07,,278.32661410901676,7.827236102177546e-05,,278.717511961446,0.00012159030112994493,,,,5.754595346881088e-07,,6.16359199292561e-07,,,,,,,0.0004013163098216762,,,,,,,,,
1976-04-28 00:00:00,-1.2957665539352146,0.025093738849346455,,-0.8371414263572918,-0.1585009309667102,277.40974697135607,279.98375670303255,0.8171685531999938,,,,,,,0.037303676266642015,,,271.46031188964844,271.4600830078125,271.45973205566406,271.4599609375,0.5024054960028087,,,,,,0.18414098976631843,,,100934.95025887575,,,2.5680473372781063,137.08488997058757,0.16794399679059813,,277.9427020733173,,73904.51153383875,0.538125312429737,0.015367948091947116,0.12127446194080162,0.005513405658789641,0.013977457080367049,,267.4973759397247,-0.8199680542804786,-0.0727132989104683,2.847884636311709e-06,0.15442813218697993,-0.06544668434639654,-1.9062121196225638e-06,0.32405430995501006,-0.0200577364165402
1976-04-28 18:00:00,,,5.01444563781016,,,,,,279.6932350204376,4.831494311609212e-05,1.223363290877032e-05,0.0,0.0,2.246361717336519e-07,,4.830439257198537,0.48590792142427885,,,,,,1.2890083065047066e-06,6.389238777950671e-05,1684.996956909902,1.812783571390005e-05,2.294821532432144e-07,,279.8067561945266,1.9239956105249168e-05,,280.35610582701554,5.728050449190761e-05,,,,1.2890083065047066e-06,,1.4433405808443149e-06,,,,,,,0.00011222584713140183,,,,,,,,,
1976-04-29 00:00:00,-1.0820083674594496,0.7113039934423548,,-0.7777888676118568,0.17013492245645917,278.5869501779771,281.3494562453772,0.8226768275689796,,,,,,,0.0077731002717328496,,,271.46026611328125,271.46038818359375,271.4602966308594,271.4599609375,0.4273220738451156,,,,,,0.18926776231393305,,,100998.55676775148,,,2.911242603550296,138.80118989662307,0.167254820377869,,278.95819832164153,,73961.5499260355,0.471319120355259,0.00399462570100141,0.10213740888883817,0.006895449034561067,0.006677751710428994,,267.37923462997526,-0.8237834907847749,0.17573814843533306,4.157201367528205e-07,0.03255593563633566,-0.007106779462839725,1.0186669584804562e-06,0.4442624015920966,-0.11769054345125278
1976-04-29 18:00:00,,,5.513768878914195,,,,,,169.96089191678203,4.180992496084179e-05,8.087076202652159e-06,1.5720725059509277e-06,1.874162688763184e-07,8.486398731147562e-08,,5.288130224103758,0.5696046366494083,,,,,,3.212778525944997e-05,0.00025156228500005057,1983.428596902881,6.799126517843213e-05,7.559032835198577e-06,,279.2741193602071,5.772401242566532e-05,,279.58801486224115,0.00011616098810229782,,,,3.369990185167663e-05,,3.826732818896954e-06,,,,,,,0.0002933768831061188,,,,,,,,,
1976-04-30 00:00:00,-0.49084432590642624,0.07123202261840098,,-0.43854974148541515,-0.09404202749037884,278.54218865569527,280.81264879576554,0.8350834239869428,,,,,,,0.0033548795259915865,,,271.46031188964844,271.45960998535156,271.45989990234375,271.4599609375,0.573786954268725,,,,,,0.11725765431421042,,,100902.18528106509,,,2.7218934911242605,133.5617760652621,0.16668613986856134,,279.1650939580251,,73864.36425203402,0.581685409104154,0.0028089376596304085,0.11047347636683982,0.010714784881772374,0.010207001274154031,,268.1384107601008,-0.4705912121654262,-0.022926465999445266,5.018960567175399e-07,0.030320793686478713,-0.007097397330244617,3.343452003745902e-06,0.32874004269492696,0.07033735619494196
1976-04-30 18:00:00,,,5.814620503307094,,,,,,227.60304295739462,0.000104065124805157,2.5206592661389233e-05,4.05884706057035e-06,6.764660143023412e-09,4.247567361873745e-08,,5.58133972325974,0.42861830130131284,,,,,,1.5640840727902023e-05,0.00013487437773033006,1535.0902366863904,2.6115828011868268e-05,4.223090480770585e-06,,279.23573583117604,4.1550962177254036e-05,,279.67737755408655,9.23434658163398e-05,,,,1.9699687788472374e-05,,4.211121056912213e-06,,,,,,,0.0002389169303623177,,,,,,,,,
1976-05-01 00:00:00,-0.7341214580648749,-0.2728099653706748,,-0.6037968347763875,-0.34113834877691324,277.1534685665334,280.8586237980769,0.8469021606022085,,,,,,,0.0006811209684292946,,,271.4604034423828,271.45977783203125,271.4600830078125,271.4599609375,0.4905946268837833,,,,,,0.14563114685419748,,,100648.19341715977,,,2.2189349112426036,130.49876755934494,0.16602537617880916,,278.97891867372414,,73690.85875092456,0.49831972742927144,0.0031147454617291514,0.09049510751003104,0.007502493773691753,0.01368496686043824,,268.1707778118066,-0.6187661357179901,-0.2062275452021311,5.98755100569426e-07,0.022136496368949935,0.005479246554290049,3.1158665075247897e-06,0.4045056154036663,0.0779715748228265
1976-05-01 18:00:00,,,5.175070751348191,,,,,,285.39693938520617,1.328021905125951e-06,8.216855176807156e-08,2.325516601903199e-08,1.8836205726015497e-08,3.2458789581184955e-08,,4.926811415768234,0.2748702912640995,,,,,,1.4674337305260834e-05,5.532933410102799e-05,1098.3794378698226,7.258584866156945e-06,2.2767365155135384e-06,,280.16215704742973,8.36457726518078e-06,,280.5114312708025,1.6336698503889275e-05,,,,1.4697041737257376e-05,,9.761230480036086e-06,,,,,,,5.663622765851444e-05,,,,,,,,,
1976-05-02 00:00:00,-0.793829900978585,0.25676438935409635,,-0.584647268938595,-0.1446108676978117,277.9073898044564,281.3852799093935,0.8470863089758969,,,,,,,0.0,,,271.45994567871094,271.46002197265625,271.4601745605469,271.4599609375,0.42323402540218197,,,,,,0.06930803829396265,,,100649.5351331361,,,2.5384615384615383,134.87959226348696,0.16551003371470074,,279.27221101839865,,73697.39138775888,0.42881476949657915,0.0023931017994175295,0.07046989342828287,0.002452240893121302,0.007108338485808062,,268.133238211186,-0.5626434630896213,0.036508298837221585,-5.4761795371842496e-08,0.008109549784357108,0.0052472806477797986,1.1133772807372128e-06,0.1374376737154447,0.08946743307734382
1976-05-02 18:00:00,,,4.982381324090901,,,,,,373.6470599507177,2.438059219947228e-06,4.789863641445453e-07,9.991465544206856e-08,0.0,3.770895807049099e-08,,4.764403241625904,0.23522100505038832,,,,,,1.8924606975013688e-05,5.039643253800432e-05,999.2633136094674,5.5390217247799304e-06,3.7875511413495214e-06,,280.66115448178624,8.454028318619587e-06,,281.0293040980954,1.5616372844876623e-05,,,,1.902402152676554e-05,,4.474668813174999e-06,,,,,,,5.282981861272507e-05,,,,,,,,,
1976-05-03 00:00:00,-0.9335783162765955,0.3385432655289328,,-0.5689432494033723,-0.14501506195971248,279.10873647836536,282.0006312985392,0.8450150514495444,,,,,,,0.0,,,271.4599914550781,271.4600524902344,271.4598388671875,271.4599609375,0.3218231201171875,,,,,,0.09376552965514054,,,100535.95099852071,,,2.4437869822485205,135.1766984025402,0.1648679964641142,,279.76501681536615,,73641.7044424926,0.3315025194156805,0.003200124706742326,0.05973681484407904,0.00197846790742592,0.009059657711954511,,268.6076992418639,-0.565143274837697,-0.018324586766711354,5.1479585060282175e-08,0.01627982979689962,0.0075879751597172935,1.9252982910876796e-06,0.28293170978331705,0.08152615882941251
1976-05-03 18:00:00,,,5.075957298278809,,,,,,312.72175316671724,7.493840254975494e-08,1.2221025611610103e-08,8.479633489788989e-09,7.26579710532575e-09,7.130772122677923e-09,,4.834201603951539,0.15465179985091532,,,,,,1.191956228053076e-05,3.244917420945929e-05,679.5454881656805,4.487299531169192e-06,2.2584958189337915e-06,,279.31858906943415,5.781386025558562e-06,,279.70136834319527,9.2458178305767e-06,,,,1.1928644053329377e-05,,2.187098095402915e-06,,,,,,,3.253152737250695e-05,,,,,,,,,
1976-05-04 00:00:00,-0.6678789183938292,0.14620656797871787,,-0.33759271745851055,-0.21982613399889342,274.8512605746117,280.197038819804,0.8458797529604308,,,,,,,0.0,,,271.4603729248047,271.45945739746094,271.4595489501953,271.4599609375,0.20774895481809358,,,,,,0.04758024497850407,,,100719.28772189349,,,2.2840236686390534,132.57888035520293,0.164321648298636,,278.4001132581361,,73706.15456268491,0.2149348512909116,0.0023989141340086447,0.02632132084411982,0.0009129371868788138,0.0073856602053670485,,267.3696849755282,-0.25933791053365673,-0.03462581521660619,7.25148090529228e-08,0.012999156508481092,0.001939478953032804,1.001106585464137e-06,0.1223706070342502,0.02005028901015513
1976-05-04 18:00:00,,,6.219524270684056,,,,,,1326.227880317474,1.20680889434363e-05,1.2650005739821485e-07,1.07590351584395e-05,3.7309333417542586e-06,-1.2091822471378714e-07,,6.034792025413739,0.19977402545996673,,,,,,3.878110964622723e-05,5.1718491774338945e-05,827.8450443786983,2.7246640984123275e-06,7.777480331398327e-06,,278.9736833741679,1.2887740981649366e-05,,279.360055415588,1.7988655341447458e-05,,,,4.95390426477737e-05,,9.730634604685406e-06,,,,,,,6.37827892980632e-05,,,,,,,,,
1976-05-05 00:00:00,-1.1921414595383863,0.35302206750452164,,-0.6165798909565401,-0.1524548445932964,275.37429791512574,280.2245342548077,0.8491370480441482,,,,,,,0.0,,,271.46044921875,271.4605255126953,271.4597930908203,271.4599609375,0.2343263343946468,,,,,,0.12169082912467641,,,101089.39903846153,,,2.3195266272189348,131.81006563626804,0.16448013599102312,,278.528372318787,,73912.02503235947,0.27886258638822115,0.007213084655400564,0.01402287229278384,0.0005559864834215514,0.01716108152852256,,267.3042078864645,-0.5384426568386823,0.06354913203673955,3.0165923300912857e-07,0.04838620697913799,0.0144212766379647,3.592542389176301e-07,0.06216335613216816,0.03239010640326336
1976-05-05 18:00:00,,,6.472384430247651,,,,,,609.5582252785011,1.6422468353305342e-06,9.828621863260777e-08,1.0093552826424322e-06,1.134963281805346e-08,1.526637121307603e-07,,6.27969100771571,0.14820590950328216,,,,,,8.989108957835203e-07,2.0331818852904282e-06,699.2688609467456,1.2114081950582697e-07,2.2131999260222417e-07,,277.943342039571,4.5368910805713494e-07,,278.37373884754066,1.3484779370607003e-06,,,,1.9075249779153858e-06,,0.0,,,,,,,3.685326089520426e-06,,,,,,,,,
1976-05-06 00:00:00,-1.3127801093829454,0.004073667808397282,,-0.9333121734257985,-0.13253358694223258,273.64232098280326,278.94363529724484,0.8471640962115407,,,,,,,0.005852163190672384,,,271.4598388671875,271.4602508544922,271.46031188964844,271.4599609375,0.27304943919887203,,,,,,0.09582230607433433,,,101137.33284023669,,,2.2958579881656807,133.30183708597218,0.164494474964029,,277.30227498613164,,73906.67481046598,0.36019157093657544,0.004441210504114275,0.019222944763422938,0.0002701014456664317,0.003788761838653384,,265.940163516434,-0.8554524980353181,0.10405866069906562,3.874180393297633e-07,0.03361907370652681,-0.00550274524462999,-1.081473196818102e-06,-0.07221819522112784,0.039731200211323224
1976-05-06 18:00:00,,,5.752656502131174,,,,,,373.9211151123047,1.983342350587337e-06,1.4377361130432265e-07,0.0,0.0,2.2591590074017732e-08,,5.49158268426297,0.1253962770721616,,,,,,9.116628510359477e-07,2.66438162714772e-06,497.1756656804734,2.2791777930316136e-07,2.591232851853032e-07,,278.4643020178439,2.974693900382025e-07,,278.80369793592826,2.719968910047994e-06,,,,9.116628510359477e-07,,0.0,,,,,,,4.646605288488625e-06,,,,,,,,,
1976-05-07 00:00:00,-1.2783813758714664,0.24671101993357641,,-0.9517572560959314,-0.1641456389568261,274.2701185779459,279.944143803162,0.8422621573216816,,,,,,,0.021163353553185098,,,271.4598846435547,271.4593048095703,271.46038818359375,271.4599609375,0.22222990679317678,,,,,,0.05116624098557692,,,101191.96782544379,,,1.8579881656804733,133.25995468952246,0.164075210955016,,277.42369937332427,,74047.96514423077,0.2447357177734375,0.0011670081573125174,0.01993337326501248,0.0007667090060442862,0.0009946315246220877,,267.4011733376768,-0.9116654593563644,-0.03437497629921817,-2.041346327740611e-08,0.01747189447719097,-0.0005063131319347923,-5.230301896044047e-07,0.04569549426524597,0.006705727450240999
1976-05-07 18:00:00,,,6.546113460021611,,,,,,306.1897935806566,6.105314345049435e-05,7.307961494964961e-06,2.9656661332711665e-05,6.3258074444426585e-06,5.085983707296756e-08,,6.131733042248608,0.3921553933408839,,,,,,1.9228229155907265e-05,4.663287535221619e-05,1463.9856331672895,8.085885873207679e-06,3.470449581654114e-06,,279.7351695404956,1.450438471235467e-05,,280.1040862495377,4.786429320566753e-05,,,,4.888065820614967e-05,,6.882969797010252e-06,,,,,,,0.00010765066160958194,,,,,,,,,
1976-05-08 00:00:00,-1.2708230385413537,1.6931278465767583,,-0.9788288139027251,0.683380629183978,276.96119464219674,279.71662929918637,0.8454311133841791,,,,,,,0.07814901679225222,,,271.4600830078125,271.46002197265625,271.4600372314453,271.4599609375,0.37739337135392886,,,,,,0.18439778599188217,,,101014.61131656804,,,2.6508875739644973,136.15349204159347,0.16470325627975915,,278.83325773160135,,73957.07278568787,0.4719827560247776,0.018248749138203936,0.052274896493236696,0.0030688449475892196,0.016379407171666974,,267.2110244480111,-0.9782571510450374,0.6495560894351033,-9.472375479389049e-08,0.37457871007782645,0.1762430087963571,1.2983476223710638e-06,0.238120412685462,0.11008174086992557
1976-05-08 18:00:00,,,5.370408718402569,,,,,,419.2441615513393,0.0001341153884075097,3.368085658056496e-05,0.0,0.0,-1.495712471694669e-08,,5.004286512115298,0.20676733615130363,,,,,,2.051268968753208e-08,1.210011762274793e-05,766.7895710059172,3.3032523809805425e-06,3.4491698596538346e-09,,277.8860649695763,2.282434666650535e-05,,278.2638076691938,4.4579865664420044e-05,,,,2.051268968753208e-08,,0.0,,,,,,,0.0001462302969757622,,,,,,,,,
1976-05-09 00:00:00,-0.8469871430707401,-0.6855540078067215,,-0.621953840086446,-0.36101111575696593,275.2123888004461,279.6524029793824,0.8415161702759872,,,,,,,0.033685537484975964,,,271.4597473144531,271.4602355957031,271.4600524902344,271.4599609375,0.2413478151580991,,,,,,0.08707206771218565,,,101373.62074704142,,,1.2248520710059172,137.15603457117928,0.1648253491644323,,276.6028776450975,,74192.33515162722,0.26187242135493716,0.009268089159000554,0.06284567025991586,0.0015888214111328125,0.005384840203460152,,266.49501696705113,-0.6104112038245568,-0.15615286629580888,2.1907439636729227e-06,0.1927309600559212,0.005949739873761961,-1.613274402640892e-07,0.3257263662326618,-0.019217663968103173
1976-05-09 18:00:00,,,4.301204105806068,,,,,,1764.0786376638512,4.869673577462428e-08,0.0,0.0,0.0,7.083436959669732e-08,,4.09190461762558,0.04896590554502589,,,,,,0.0,1.3198714549019491e-06,175.30066568047337,2.185108702210985e-07,0.0,,278.6098993967271,3.5563158697983216e-08,,278.99715698964496,9.146800055306338e-07,,,,0.0,,0.0,,,,,,,1.3697495650962965e-06,,,,,,,,,
1976-05-10 00:00:00,-1.4881186964949207,0.20992399813860832,,-0.8515312544692902,-0.16069839974126873,274.08236143574914,278.8208816799186,0.8353840726367115,,,,,,,0.08191206892566567,,,271.4596405029297,271.4601593017578,271.4597625732422,271.4599609375,0.04989596936829697,,,,,,0.01915154090294471,,,101326.39071745562,,,0.2603550295857988,138.70101423094258,0.16459552776178665,,276.8090755304641,,74216.25762758875,0.13458233895386465,0.0012535512800047382,0.009450856045153014,8.000354089680507e-05,0.0011903929287159936,,266.4254017666247,-0.787669074605908,-0.03534537835939396,-5.3226121640337094e-08,0.018298363529979912,-0.011012006088121402,-1.447285699779333e-07,6.448093956038797e-05,-0.0015166582175965846
1976-05-10 18:00:00,,,4.965946857745831,,,,,,717.3683049585912,0.00010650362488786145,3.490998194767879e-05,0.0,0.0,2.1320818244898417e-07,,4.943253020563069,0.3018246261325814,,,,,,6.394590300744807e-07,1.5411195317669026e-05,1193.6002218934912,4.2093796490212165e-06,2.7434338303007316e-07,,279.0026017589682,1.3876067110772669e-05,,279.4097662028476,7.259739926580847e-05,,,,6.394590300744807e-07,,0.0,,,,,,,0.00012191830302131246,,,,,,,,,
1976-05-11 00:00:00,-1.8137766934005466,-0.04383434769669933,,-1.1501839485394179,-0.2820359743558444,276.55833805242236,280.7862483820266,0.8293741105576239,,,,,,,0.5837714875477901,,,271.4596862792969,271.4596710205078,271.46034240722656,271.4599609375,0.34463041862087135,,,,,,0.21460818680080437,,,101365.23724112425,,,2.532544378698225,139.28884707117928,0.16445791932958118,,278.7351536496856,,74195.73465236687,0.757171409722616,0.02644622791145195,0.08215396652852679,0.006569010266185512,0.03347357759896608,,266.92406648714865,-1.000987256067039,-0.18206959222195415,1.6344610440473143e-06,0.25637435490882354,0.02412977620694764,-3.174988528129441e-07,0.3490736586807748,-0.1404084249361027
1976-05-11 18:00:00,,,4.2156184890566495,,,,,,736.9472661765225,3.2417784781145625e-05,4.811223442032492e-06,1.1496201774777745e-05,5.501967210036058e-08,2.719534462188321e-08,,4.035308826604538,0.3230329885990662,,,,,,6.564600756887854e-06,2.660597922533927e-05,1268.0633157583384,4.7309423339437455e-06,1.2636559425726444e-06,,279.845510990662,4.93001391196392e-06,,280.1930343357064,2.588816648404274e-05,,,,1.806241168072943e-05,,7.896403060156918e-07,,,,,,,5.9038224304921526e-05,,,,,,,,,
1976-05-12 00:00:00,-1.6238054636667465,0.3974609318569567,,-0.9635753123717901,-0.027952070066914757,277.23855428300664,280.6037092039571,0.8246592533658947,,,,,,,0.24509317070774778,,,271.4602355957031,271.4600524902344,271.4599609375,271.4599609375,0.32707522364027425,,,,,,0.24323882153753698,,,101585.68842455621,,,2.6568047337278107,140.0116188907059,0.16414571513791057,,279.43689037074705,,74355.83859559911,0.5830765874869019,0.006717828143740723,0.09447820568402138,0.0032912711420002775,0.011099143846500554,,268.1963289701022,-0.8686736857397317,0.10100231509236894,-5.657910570824662e-07,0.0657488017400848,-0.028355308185667682,2.3779060799055375e-07,0.3201017886752913,-0.11176728602697159
1976-05-12 18:00:00,,,3.583264446822849,,,,,,1076.699251073352,0.00010663500198951134,2.6339521774878867e-05,1.3151553255566479e-05,8.893248862063391e-07,5.0546475786015874e-08,,3.4624016214404585,0.4906128726282416,,,,,,3.036750844244421e-05,0.00015459089699134952,1819.8957476192677,2.6439068585457885e-05,5.978495764309132e-06,,280.57241586538464,3.712866785963611e-05,,280.93384077986315,0.00015400358911096698,,,,4.3519502560767905e-05,,1.3887617715011687e-06,,,,,,,0.000261312733319828,,,,,,,,,
1976-05-13 00:00:00,-1.4401754571135932,-0.42676971932134683,,-0.6570302184516862,-0.3827381754767965,279.2073317307692,281.0363235022189,0.8270080004923442,,,,,,,0.35396763215050897,,,271.45947265625,271.4597625732422,271.4601287841797,271.4599609375,0.4312422712879068,,,,,,0.681683922285688,,,101415.26941568048,,,2.8461538461538463,139.70979751496625,0.1642666568417521,,280.1993256518121,,74259.52276719674,0.8082965369055257,0.04549726389194205,0.08421108139272071,0.019007304716392382,0.11687255204522971,,268.97093426405326,-0.6041169138349725,-0.25440481851792196,1.334556145593524e-07,0.2505487975989573,0.14303841225846986,-4.757027976633705e-07,0.14640821155006364,0.1095305818777818
1976-05-13 18:00:00,,,3.7532369173490086,,,,,,915.766335836271,9.765065986023852e-06,1.4023982076602576e-07,7.867658808386538e-06,2.4392605709606374e-06,1.256223896293785e-07,,3.633372532545462,0.3551755826148761,,,,,,5.174388546915449e-05,5.654734972666001e-05,1450.7555473372781,6.200348925308363e-07,1.628820360059569e-05,,280.0235819619083,1.7825403862450955e-05,,280.4544742742234,3.1399391811980296e-05,,,,5.961011147358008e-05,,1.0021940182299303e-06,,,,,,,6.632145339920676e-05,,,,,,,,,
1976-05-14 00:00:00,-1.2603363059681547,0.4823747781606821,,-0.7211355288353192,-0.06520405605699889,278.8301344651442,280.8673232941938,0.8317975909752253,,,,,,,0.23262619831152923,,,271.4603271484375,271.45973205566406,271.4598388671875,271.4599609375,0.33906789926382214,,,,,,0.2702190001555801,,,101335.03735207101,,,2.5976331360946747,139.9803688907059,0.16473607904106907,,279.5791087855954,,74198.20562130178,0.5057164318639146,0.013230054819155292,0.03678812736028133,0.00047099942991719445,0.02830803323779586,,269.5156755616679,-0.6345339724298059,0.07910273060996152,3.550919175792772e-07,0.052247446912103854,0.010264881197693785,2.1430952671657663e-07,0.04413233177196345,0.005133505050952618
1976-05-14 18:00:00,,,4.012019027619672,,,,,,548.5677279861721,0.00018126724739751872,5.13485197484846e-05,6.818912438386996e-06,1.4873607271521755e-06,1.4232360766842388e-07,,3.900483565923025,0.42154309876571744,,,,,,2.033973233939628e-05,3.28575012951913e-05,1519.535193268364,4.224368982766507e-06,3.6887537974577685e-06,,280.2103668754623,2.7577552569688425e-05,,280.54375028892383,8.823727009564462e-05,,,,2.715851251895611e-05,,1.1976036799729928e-06,,,,,,,0.00021408119145229724,,,,,,,,,
1976-05-15 00:00:00,-1.078793683701013,0.8968055431659405,,-0.5158741121461405,0.25158252941786186,279.9660196699334,281.45724360900516,0.8278517257532424,,,,,,,0.2723980747251468,,,271.4599609375,271.4600372314453,271.4599151611328,271.4599609375,0.40056904064651205,,,,,,0.32387158283467826,,,101274.51164940829,,,2.7514792899408285,141.27030971910827,0.16469008541671482,,279.93091109236315,,74151.79883968196,0.613280675820345,0.0201046100938858,0.052269655446516426,0.0013907985574394995,0.02478510745079119,,269.41455511510725,-0.4399927974452634,0.3103110747929861,-5.642372526548053e-07,0.2515266993959275,0.1446641652718098,-2.4001773986855204e-07,0.02191704441104415,0.12362829679568138
1976-05-15 18:00:00,,,3.9422687214507155,,,,,,761.2106953457262,3.280933703896562e-06,9.030632718780337e-07,1.1706724762916565e-06,3.612319216925717e-08,2.0728881421606414e-07,,3.664150734624919,0.2767145281007304,,,,,,7.0924236929628275e-06,9.691794595774814e-06,1127.4722633136096,4.284648698638882e-07,1.0508707774108683e-06,,279.23265156943415,1.52783192826446e-06,,279.6442972217086,8.082998222147924e-06,,,,8.262297105507033e-06,,2.257713287539736e-07,,,,,,,1.2969961885869856e-05,,,,,,,,,
1976-05-16 00:00:00,-0.9649036904058513,0.1532385560887805,,-0.49269422835852267,-0.22599413832263834,278.1418211446006,279.4995579465606,0.8235598277058122,,,,,,,0.19855169713849852,,,271.459716796875,271.4600524902344,271.46018981933594,271.4599609375,0.33398959816560236,,,,,,0.2888620453473379,,,101220.02644230769,,,2.603550295857988,142.0987583137828,0.16454003971709302,,278.74779117742236,,74064.36691013313,0.5680220751367377,0.010190414460603224,0.06254593819275102,0.0010094896576108312,0.013181866978752543,,267.8806137897559,-0.4797799093483468,-0.07788786239172579,-2.5309803454789537e-06,0.12718541094480143,0.033603861398950836,-2.1890583847643884e-07,0.2218054003969452,0.020122172917134664
1976-05-16 18:00:00,,,3.954644665915585,,,,,,596.2988465407799,0.0,0.0,0.0,0.0,3.3740799522388847e-07,,3.924110079658102,0.13010988856208394,,,,,,4.02773764899232e-08,1.8474491610682223e-07,546.1094674556213,1.6049126482750537e-08,9.765992658874074e-09,,278.38037542760725,1.8587876001053306e-08,,278.85297822670117,4.9301888793706894e-08,,,,4.02773764899232e-08,,0.0,,,,,,,1.8474491610682223e-07,,,,,,,,,
1976-05-17 00:00:00,-1.3218121218258108,-0.40090880309336285,,-0.607761794998801,-0.4277664161998139,276.97917003744453,279.73743759245565,0.8199659099240275,,,,,,,0.023261753059703218,,,271.4600067138672,271.460205078125,271.4596862792969,271.4599609375,0.15918311847032174,,,,,,0.037416898287259616,,,101190.50536242603,,,1.319526627218935,143.18636001496625,0.16418171211107244,,277.6854348267324,,74119.2500231139,0.19151531874075445,0.00039193757186979937,0.007279582277557554,0.00013143071056117672,0.0007590062519502357,,266.37827585434775,-0.5448059273894722,-0.2805351731339855,3.9122711077329743e-08,0.002960396708766296,-0.0004490812105187298,-1.6933179012025822e-07,-0.007576402827832826,-0.004279937969862356
1976-05-17 18:00:00,,,3.679666575595472,,,,,,839.9395197426401,6.589046596775393e-06,1.379393437910362e-06,0.0,0.0,7.668445478351897e-08,,3.565798545024804,0.29639953974436023,,,,,,2.5074399963638487e-06,3.031583932729868e-05,1110.5484467455622,5.6984156546508065e-06,5.290780172369184e-07,,279.56041541466345,4.891107773639747e-06,,280.0375716531065,9.696423654725566e-06,,,,2.5074399963638487e-06,,2.60877781189405e-07,,,,,,,3.690620851234572e-05,,,,,,,,,
1976-05-18 00:00:00,-0.5581692182100736,0.4586156246930184,,-0.3574064694918119,-0.12597489215918548,279.18542263775885,282.438755373983,0.8133144509157485,,,,,,,0.038449349488026995,,,271.4602966308594,271.45985412597656,271.459716796875,271.4599609375,0.3418033757858728,,,,,,0.14446434607872596,,,101140.32174556213,,,2.5384615384615383,141.40173538478874,0.16326792846769977,,279.8397512943787,,74040.72365014793,0.4215454707616532,0.0020671462577825533,0.06247619447882491,0.0022559081308940456,0.001106425855286728,,268.07252132257764,-0.3050110382441233,-0.029618477680274015,-4.72839514603673e-08,0.013620974734951136,0.0017595267606645645,5.321742493360298e-08,0.17602848484230466,-0.002237469839626515
1976-05-18 18:00:00,,,3.8339601776303622,,,,,,966.3818043034252,7.470595766101363e-06,7.48392084293817e-07,0.0,0.0,-2.7574211053864357e-09,,3.5158441475862583,0.2405472253201276,,,,,,5.256979775852001e-06,1.6859782165324194e-05,1112.7792159763314,8.835881595780864e-07,4.600940173017908e-07,,280.45335469443415,2.0270924684564036e-06,,280.8359288322855,9.47138526030546e-06,,,,5.255943748372546e-06,,7.172726844189435e-07,,,,,,,2.4309525123009316e-05,,,,,,,,,
1976-05-19 00:00:00,-0.9075660874857705,0.029826621332112148,,-0.41387951867820244,-0.2145233267157741,279.8028961723373,282.4219761233358,0.8121244970863387,,,,,,,0.38199070155256865,,,271.45982360839844,271.4601287841797,271.45997619628906,271.4599609375,0.33490243042714496,,,,,,0.337995901615662,,,101153.17732988166,,,2.485207100591716,140.62450720431536,0.1628888993573612,,280.3044448039941,,74065.82676127959,0.687404122931012,0.020511030510878023,0.0662709948711494,0.00244952941081933,0.028134159787872134,,268.5601004877034,-0.3424321913860253,-0.07648860209086943,-4.851198586436903e-06,0.32847748229489526,0.1143082573172256,3.56824106745871e-07,0.21839831247044034,-0.0747190879646843
1976-05-19 18:00:00,,,3.9214112998465813,,,,,,739.5486760788415,2.4024485307332325e-06,5.385689657820752e-07,0.0,0.0,9.42745182274692e-08,,3.756676070083528,0.2882838503143491,,,,,,4.8140118989718735e-06,2.896045086651864e-05,1158.582100591716,4.806969116425373e-06,9.648033456336817e-07,,280.68655232988164,5.118945646568163e-06,,281.1305690065644,9.385086375580737e-06,,,,4.8140118989718735e-06,,2.5407802423781896e-06,,,,,,,3.136738517580653e-05,,,,,,,,,
1976-05-20 00:00:00,-0.8097043799225395,0.7086995187595752,,-0.46295495569353273,0.013083333799824912,279.8240641757581,281.9937809148484,0.8198309322080669,,,,,,,0.26447399974574703,,,271.45977783203125,271.45960998535156,271.46031188964844,271.4599609375,0.3390620304987981,,,,,,0.2593615424527219,,,101207.12259615384,,,2.562130177514793,137.8337342753213,0.16222641171788324,,280.8139099482249,,74120.20959689349,0.5288468603287223,0.004166548147235484,0.07091069544290782,0.003924872042864737,0.003939047367615107,,269.05321687777365,-0.34068029166678704,0.17405716166693783,8.39921908960099e-08,0.04504934006188748,0.017361311098703973,7.756521268169114e-07,0.26381810551740714,0.021343894611448932
1976-05-20 18:00:00,,,4.333097700536603,,,,,,568.9023193172151,0.00011263990543297762,1.982789067827033e-05,0.0,0.0,1.1675798606448504e-07,,4.245215568316759,0.43705054288785133,,,,,,2.305072969233496e-06,2.140106534111429e-05,1721.4516938339323,6.311655749936076e-06,4.546769161725185e-07,,280.3699452778291,2.0234718830627803e-05,,280.7076466577293,4.959423866497694e-05,,,,2.305072969233496e-06,,8.976737246710873e-07,,,,,,,0.00013403814925244575,,,,,,,,,
1976-05-21 00:00:00,-0.9757212746072803,0.3291231471405932,,-0.623161321561012,-0.1367890002459464,280.5358352209689,283.43553531804736,0.8279622948381322,,,,,,,0.11541152141503329,,,271.4608459472656,271.4602508544922,271.45970153808594,271.4599609375,0.49374615383395076,,,,,,0.17713675414316754,,,101072.73409763313,,,2.5384615384615383,134.25128697502544,0.16181955958259175,,280.925066163554,,74037.69378698224,0.6357490670751538,0.01181428527773617,0.11403876297264057,0.0027644676569650866,0.009058015286879747,,269.4412979035688,-0.5892389229768832,-0.0957207425811587,-8.807662181651286e-07,0.22051535437115022,0.06704828103442163,1.3776410084504349e-07,0.36079155199902035,-0.14737185641858705
1976-05-21 18:00:00,,,4.258396120466424,,,,,,468.14191179444805,3.2523988619358585e-05,7.068308500143198e-06,1.1248199941491234e-07,7.697360413755185e-09,7.782746763159755e-08,,3.816697724472136,0.35288252068694526,,,,,,8.310329102905545e-06,3.6978069141771665e-05,1378.40308619392,4.166615961571417e-06,1.4891737752412199e-06,,281.59226348696376,7.555020984107926e-06,,281.97921770987426,3.810817673361513e-05,,,,8.423895349163981e-06,,2.3326930209729798e-06,,,,,,,6.950836209855841e-05,,,,,,,,,
1976-05-22 00:00:00,-0.8133871654081627,0.13520323736427803,,-0.4678506907626722,-0.1654884180373694,281.2241572092271,284.15758482803255,0.842386811089939,,,,,,,0.11553399802665033,,,271.45948791503906,271.4591369628906,271.4599151611328,271.4599609375,0.3841987000943641,,,,,,0.18993783136003117,,,100909.5299556213,,,2.473372781065089,132.70878050313195,0.16128352125720866,,281.81210706360946,,73917.76111778847,0.5219819379981453,0.006437618457112935,0.11118434433489156,0.0015270978036011464,0.006235337116309172,,269.5869761811206,-0.4119711768697705,-0.010751182511007998,-7.710941053221564e-07,0.08725020707000775,0.02383142288157044,3.872947462906058e-07,0.6213306098426941,-0.022619517949911263
1976-05-22 18:00:00,,,5.806713087318917,,,,,,487.88592747279574,0.00016865628005484858,3.0760625763052314e-05,2.038778637993265e-05,4.4764763504795776e-06,-2.211186121777251e-09,,5.450197389139932,0.4157301321537537,,,,,,6.482357809529502e-05,0.0002379600818340595,1500.4478550295858,4.207779317212528e-05,1.5669320462018076e-05,,281.651593992696,7.148677780783387e-05,,281.97529267982617,0.00017094188893335106,,,,8.520960102419881e-05,,4.662388175196902e-06,,,,,,,0.00040661512747318786,,,,,,,,,
1976-05-23 00:00:00,-0.4560901991714387,0.2051218360133425,,-0.3466163386960001,-0.17667269283497827,280.26498792298446,284.1221237634061,0.8457810818796327,,,,,,,0.13107092140694343,,,271.45989990234375,271.46022033691406,271.4601745605469,271.4599609375,0.3586474255873607,,,,,,0.2133070364506287,,,100706.5386464497,,,2.6863905325443787,133.16467917177098,0.16117352141431096,,281.4767170742419,,73759.76192677514,0.4845164592802172,0.014113860722829604,0.07300262100658429,0.007869652742464867,0.024752509664501664,,269.06330898668637,-0.2744314995037733,-0.016464103608441777,5.619619713738676e-07,0.2925126115245932,0.170822254449581,1.2431122547224958e-06,0.41381691195919407,0.07921058433295707
1976-05-23 18:00:00,,,4.411116543606188,,,,,,656.6669580684686,0.00012288925915780152,1.8065850410235704e-05,5.857192376661582e-07,5.357033578601815e-07,4.9092737302051844e-08,,4.16182994278225,0.2197216869105954,,,,,,2.1995414467252924e-06,6.234581918406064e-06,916.166050295858,6.614732363167599e-07,2.6817543751742006e-07,,280.5581069133691,1.9750475178103475e-05,,280.9932059564534,4.188372538639949e-05,,,,2.7853157922361023e-06,,1.1176862836589474e-06,,,,,,,0.0001291371661530444,,,,,,,,,
1976-05-24 00:00:00,-0.512813618902624,-0.06519159621740939,,-0.3096709843923354,-0.26855737923165046,279.433785884338,283.15232930380915,0.8450265322211226,,,,,,,0.0503554033809865,,,271.4601287841797,271.45989990234375,271.460205078125,271.4599609375,0.3193255543003421,,,,,,0.1254323925492326,,,100767.88683431952,,,2.6153846153846154,135.44426497058757,0.16105749762269872,,280.98164178069527,,73772.86476053995,0.39355186840309897,0.00822913342589878,0.05325554380849136,0.0002860677312817094,0.006317601401424972,,268.62637672198593,-0.23323120591203136,-0.1365036541188257,-1.6676322639693877e-08,0.12821418717062685,0.03162058905736934,5.871402451041094e-07,0.29963329044231296,-0.08306039331932745
1976-05-24 18:00:00,,,3.5870930429041032,,,,,,858.846437407703,4.805652038938195e-07,3.0544762824766735e-07,0.0,0.0,5.3857628479269306e-08,,3.418518794358835,0.11938774515185836,,,,,,5.000954240384187e-07,1.2236311150020396e-06,602.1516272189349,1.0897231855865061e-07,1.1694849022394102e-07,,281.2970945821006,9.463360180428042e-08,,281.744367430196,1.032417915629212e-06,,,,5.000954240384187e-07,,3.8149507617103983e-07,,,,,,,1.710745886232726e-06,,,,,,,,,
1976-05-25 00:00:00,-0.6915295222807213,-0.28800054696890026,,-0.3848484987337914,-0.41513633728027344,279.51013255824705,282.9634251340606,0.8431215303889393,,,,,,,0.02997336302988628,,,271.4608154296875,271.4603271484375,271.45989990234375,271.4599609375,0.2583457450189534,,,,,,0.13812923995700813,,,100744.64922337278,,,2.0236686390532546,133.6629687427769,0.16049166967177533,,281.60086763822113,,73799.31104382397,0.3811544381831525,0.00497038038560621,0.06103485737260453,0.00024111101613242245,0.002975599300226516,,269.06683737850756,-0.3520546185194388,-0.28346978136773643,-2.3586639704612585e-07,0.056773500650647214,0.018046362160225593,-2.8093021274158543e-07,0.1309472251925948,-0.09584709314199594
1976-05-25 18:00:00,,,4.3654993384547485,,,,,,528.0314234683389,0.00010797593015185474,2.2907140692310222e-05,0.0,0.0,9.688198572119765e-08,,4.115311284037031,0.34309649044240015,,,,,,1.3209873887561481e-06,1.4396241078009973e-05,1256.3028846153845,1.9007026267474925e-06,3.732674749645256e-07,,281.53058547522187,9.924349700205425e-06,,282.00512984236315,6.047190999138285e-05,,,,1.3209873887561481e-06,,0.0,,,,,,,0.00012237909277515297,,,,,,,,,
1976-05-26 00:00:00,-0.6589093687971668,0.29943583561823917,,-0.40883916933861003,-0.1930361301941279,280.7895146657729,284.15462624815086,0.8447835448930955,,,,,,,0.09159318370931953,,,271.46009826660156,271.46058654785156,271.4599151611328,271.4599609375,0.4034526757234652,,,,,,0.09022395568486502,,,100655.65791420119,,,2.100591715976331,130.36526164218517,0.15998835817596616,,282.3757483126849,,73736.27098742603,0.4601249184025301,0.01598898671823842,0.0731605813210312,0.0008771250233847714,0.009180610701882627,,269.76944312823593,-0.3620468117076264,-0.018282066435503536,-3.642292718055862e-08,0.1096290949533677,0.04844557180912537,2.8245224405256425e-07,0.18889756597710786,-0.05190384000010744
1976-05-26 18:00:00,,,4.248407290532039,,,,,,473.0335355348225,1.8666658175767526e-05,1.114584814161944e-05,0.0,0.0,7.283812163804262e-08,,4.165307248132469,0.33912451027413093,,,,,,1.348116980678231e-06,2.2180598868420845e-05,1433.1793639053255,3.9114005114199846e-06,4.419855795492082e-07,,282.1299651557877,5.456911036248743e-06,,282.58056929548815,1.9456331546490008e-05,,,,1.346981759078404e-06,,9.187249213280763e-07,,,,,,,4.086092378966202e-05,,,,,,,,,
1976-05-27 00:00:00,-0.9439036295964167,0.12709367627928242,,-0.6088222526234283,-0.15040302276611328,280.7462945520525,283.2836206199149,0.8528202796828818,,,,,,,0.022610184708995933,,,271.4598693847656,271.4601070545393,271.4598693847656,271.4599609375,0.4658965161566198,,,,,,0.10879029042622042,,,100609.01775147929,,,2.1124260355029585,129.5209800223627,0.15951754778799926,,282.96667697161615,,73752.20737795858,0.49278015162817823,0.0035352706909179688,0.09764442898432267,0.0013775684424405972,0.0027032265296349158,,270.4759225337463,-0.571365017862715,-0.006921660970654008,4.242662548434717e-08,0.01151985611171412,-0.0031564365962200615,-1.1125163928765428e-06,0.2079031262877425,-0.008495863725447797
1976-05-27 18:00:00,,,4.2429491979836005,,,,,,485.937784765936,2.4446368922848674e-05,3.292385114015207e-06,3.526928965842693e-10,0.0,-1.4375726192619256e-08,,3.9787562838672885,0.36335023056120563,,,,,,3.872009424062876e-06,3.9095621137224e-05,1437.8602071005917,6.28460881978097e-06,6.737181993983907e-07,,283.4132043962648,8.072990637559156e-06,,283.79224066198225,2.252914496427457e-05,,,,3.872422732897764e-06,,1.11794859699949e-05,,,,,,,6.353572980892024e-05,,,,,,,,,
1976-05-28 00:00:00,-0.9171374902217346,0.006672430320604313,,-0.5808763955471784,-0.22108032858583349,282.4935454419379,285.6943027112611,0.8568980111878299,,,,,,,0.0011989322639781343,,,271.4602813720703,271.45970153808594,271.460205078125,271.4599609375,0.46051765757904956,,,,,,0.12762821355514978,,,100424.01701183432,,,2.1183431952662723,128.93844026644555,0.15905557158430653,,283.555612056213,,73646.6940181213,0.49510021322577663,0.0016247224525587094,0.10817346769831414,0.0038053636720194618,0.003196597804684611,,271.13759852302144,-0.5628541235387678,-0.04920461756237865,1.2466158651052452e-09,0.001034553719342813,0.0014364169194148136,-1.9327354391474696e-07,0.18981728680740448,0.06170379374859601
1976-05-28 18:00:00,,,4.270624019690519,,,,,,965.2915179015724,1.3714854622028283e-06,2.3880640055829958e-08,1.0081076065971124e-09,6.487926198913545e-10,1.8506188308282827e-08,,4.094753090446518,0.23880591759314904,,,,,,4.945157547674236e-06,1.0870022357568233e-05,1045.4204881656806,5.460305679479295e-07,7.937265526966231e-07,,283.29108496671597,1.4079833877157177e-06,,283.6458617441753,4.218240990441227e-06,,,,4.9459070143615e-06,,3.1394718666753825e-06,,,,,,,1.220460209620775e-05,,,,,,,,,
1976-05-29 00:00:00,-1.4954780544755022,-0.05715133734708707,,-0.8330457732522276,-0.32830371518106855,282.47080713757396,285.63773431721523,0.8569944564407393,,,,,,,0.0,,,271.46022033691406,271.4598083496094,271.4603576660156,271.4599609375,0.33064459625785875,,,,,,0.09141233545788646,,,100514.86834319527,,,2.0710059171597632,129.63666511851656,0.15847386410955847,,283.9263128698225,,73698.04733727811,0.36788605091839854,0.001957032807479949,0.08075451904621261,0.001635884392190967,0.0021410721998948315,,270.72939828725964,-0.7797180153209077,-0.1470909852247972,5.451496106605342e-09,0.0019806667917115976,0.0033628056404461874,7.82084611510395e-08,0.14089312426437287,0.07425892458864923
1976-05-29 18:00:00,,,4.789893139043503,,,,,,657.1249939506575,3.246169471176418e-05,4.645150441389817e-06,8.87994031757998e-08,4.541575247366753e-09,-2.3490192365871202e-08,,4.6779451765252285,0.31797727325258873,,,,,,6.0284896009772485e-06,9.741105095169248e-06,1274.398298816568,3.77994350339534e-07,1.269461554006712e-06,,282.8341476169564,6.718968851326486e-06,,283.2431553947855,1.9728476126518476e-05,,,,6.117114036746279e-06,,5.166195112572619e-07,,,,,,,4.221631225044205e-05,,,,,,,,,
1976-05-30 00:00:00,-1.2602457746246156,0.5270506108300925,,-0.8229204832449467,0.09926407153789814,281.0316284901997,284.0231182391827,0.8548468033942951,,,,,,,0.031189551720252402,,,271.4599609375,271.4595947265625,271.4600372314453,271.4599609375,0.3812015691452478,,,,,,0.11255145857810489,,,100762.68232248521,,,2.3076923076923075,130.39690457857571,0.1579440303102753,,283.4483433108358,,73846.70155325443,0.44513361067814233,0.008416589116677642,0.061255243380923245,0.00053698776741705,0.012240979798446745,,270.0873488928439,-0.8223206503151437,0.27327087221766366,-4.3622164342265864e-07,0.020476378335138046,0.04882296520428589,-4.28309879050805e-07,0.17962606277691542,0.08752201682717137
1976-05-30 18:00:00,,,4.381822128973064,,,,,,453.47203289686576,0.0002063442264082869,1.3552297501874393e-05,2.3630243786693324e-07,2.468831440400795e-08,5.089381833784382e-08,,4.1558466916958965,0.4119154348881287,,,,,,5.640907863364418e-07,5.474078232014673e-05,1598.933801775148,1.5943052147972514e-05,1.307109855776708e-07,,283.1986120099852,2.523251539151344e-05,,283.57774217594306,8.895464197418394e-05,,,,8.011027377032669e-07,,1.4203275449177218e-06,,,,,,,0.0002610965593326727,,,,,,,,,
1976-05-31 00:00:00,-1.2455877608801487,0.08048424918270676,,-0.7976535988982613,-0.13942598873341577,281.9535237148669,284.5314493574334,0.8527930019169869,,,,,,,0.2984651644554364,,,271.4603576660156,271.4596862792969,271.46006774902344,271.4599609375,0.4356861273501862,,,,,,0.18267668774847448,,,100921.4075443787,,,2.2071005917159763,128.0401414498775,0.15739546442878316,,283.5574438332101,,74011.13174926036,0.6267159102407432,0.0759844773666163,0.12374680778066788,0.013228376941568048,0.16148602186575445,,270.6263897235577,-0.7559933521338469,-0.01369606108355099,7.785183374808561e-07,0.2533309147238577,0.35298890571975144,-7.111220731218786e-07,0.20950749534121632,-0.09150413119581324
1976-05-31 18:00:00,,,4.142755976795445,,,,,,396.3222044995551,0.00019531595636401657,4.079964386640921e-05,1.9112811286068527e-05,5.270602435049926e-06,8.983842519346743e-08,,3.9494541946952864,0.569858922055487,,,,,,4.790392676754111e-06,4.6385198655213126e-05,2101.1816002659543,8.50300817094611e-06,1.6883831228730241e-06,,283.5430770964312,3.1279873918499466e-05,,283.9417948525333,0.00010409633788836779,,,,2.39038432138206e-05,,6.146618776772854e-07,,,,,,,0.00024168766461885892,,,,,,,,,
1976-06-01 00:00:00,-1.5083625951462243,0.12700360202225003,,-0.8943989827082708,-0.15539424377080252,283.24780851285135,284.77683524408286,0.8516841199271072,,,,,,,0.336521634993215,,,271.4596252441406,271.45916748046875,271.46018981933594,271.4599609375,0.5847335773679985,,,,,,0.39034176437107065,,,100822.63350591715,,,2.331360946745562,129.73598556969998,0.15720188547168257,,284.1963352903106,,73941.26460798817,0.766837883983138,0.023868866299262503,0.1285518879035058,0.004312977988339035,0.026281637646868885,,271.7729802780603,-0.8737412740492961,-0.022985306011854546,4.691693321498629e-07,0.0992517593873323,0.02225174373511732,-1.514928684757262e-06,0.16538556828301335,-0.10277633765745445
1976-06-01 18:00:00,,,6.300655184412849,,,,,,284.31331702238003,0.0004445004039967554,0.00013842808424368411,1.6198267598123944e-05,4.7410931989286073e-07,8.799663148841066e-08,,6.006441116333008,0.645922511529464,,,,,,1.177198347255323e-05,0.0002976045806027023,2310.37711058848,7.560549403083395e-05,2.2645742141988856e-06,,283.57580783099115,0.00015050049364214113,,283.8716181467271,0.0003219029959842298,,,,2.796912687064628e-05,,2.1920930704421545e-05,,,,,,,0.000742121561039129,,,,,,,,,
1976-06-02 00:00:00,-1.5887679545837041,-0.7078408179198497,,-0.9920350757576305,-0.48120232305583166,283.42086665588016,285.2401419193787,0.8532840493162708,,,,,,,0.4649757520686945,,,271.45985412597656,271.4599609375,271.460205078125,271.4599609375,0.6307187334320249,,,,,,0.49211337298331176,,,100704.09060650888,,,2.3195266272189348,130.57344858745145,0.1568181867430196,,283.87185650887574,,73838.43049648669,0.8499772136027997,0.040329513522591745,0.15354340172995476,0.033426408936991496,0.10501694538184171,,271.6246099528476,-0.9856199456389839,-0.39586301386003664,9.739904260791882e-07,0.25776992886685063,-0.05866361581362211,-1.2120633756675753e-06,0.5170129879691897,-0.274089931736331
1976-06-02 18:00:00,,,5.173131271226872,,,,,,466.69579756887333,6.586154537088067e-05,1.748179542947803e-05,0.0,0.0,1.35747614532467e-07,,4.987535820910211,0.37525750335151625,,,,,,3.6258206388654087e-07,4.6372589980356794e-05,1295.6139053254437,1.296766939953234e-05,1.6073856128038034e-07,,282.9942215236686,1.511211402317476e-05,,283.4973794609837,5.265382620004507e-05,,,,3.6258206388654087e-07,,0.0,,,,,,,0.00011223307728062014,,,,,,,,,
1976-06-03 00:00:00,-2.0683441274970242,-0.2988395070183207,,-1.218637929160214,-0.2891359329223633,280.8856872919749,283.6523249699519,0.8475816034706387,,,,,,,0.1917675853480954,,,271.4603576660156,271.45989990234375,271.4598388671875,271.4599609375,0.33634488258136097,,,,,,0.27776684281388686,,,100742.2274408284,,,1.4082840236686391,128.97835798094258,0.1557812747165296,,282.7431019438794,,73927.34922799557,0.5576984473234098,0.004280705423750116,0.10486133282001202,0.002813807605991702,0.0027189367621608036,,270.9264775563979,-1.2297467564690043,-0.2137969936844865,1.7363785467449489e-07,0.021445302568243806,-0.030838384078099176,-1.5379488674824584e-07,0.36469560403090256,-0.27294806756916834
1976-06-03 18:00:00,,,5.127513998358912,,,,,,423.47694577550044,0.00041100753129586664,0.00010918019085946168,8.263840125157283e-06,7.911811213521562e-06,9.968318937681894e-08,,4.777451707061226,0.5267565123428254,,,,,,6.053938403637452e-06,0.00016872875789213462,1898.2794637849345,4.5514142019508856e-05,1.3016197367532719e-06,,284.2255295973558,7.951594668732593e-05,,284.5577327570266,0.000249181097075784,,,,1.4317855679777246e-05,,2.9319357237166906e-06,,,,,,,0.0005797147750854492,,,,,,,,,
1976-06-04 00:00:00,-1.1196919616157486,0.3934656967072797,,-0.6747906250361155,-0.0005022929264948919,283.7570237379808,286.7280519022744,0.845754104253103,,,,,,,0.7297267575235762,,,271.46022033691406,271.4605255126953,271.45997619628906,271.4599609375,0.5419747146320414,,,,,,0.27686865089913093,,,100888.48298816568,,,2.136094674556213,130.88359096910827,0.15485351889796511,,284.8027806028106,,73986.82858727811,0.8933659142996433,0.07830979322505881,0.15002912549665692,0.018014264529978737,0.10786699825490015,,271.3056640625,-0.6395556602252306,0.09065537198760806,-2.3635022670096725e-06,0.48409658423327007,-0.07552038212499675,2.503450360623073e-07,0.4654460690210204,0.052478042227276686
1976-06-04 18:00:00,,,5.1266868523592075,,,,,,403.40205654166857,0.0004865594164154233,0.00012515053241210576,8.95127742248174e-06,8.747819260027281e-07,3.01599744521357e-08,,4.832216313604772,0.6740227295581759,,,,,,7.211015774653509e-05,0.0005592879883911014,2433.728459284856,0.00013719049431163178,3.0111279007951183e-05,,283.62960111177887,0.00018112268499714614,,283.9399948571561,0.00038399578434896635,,,,8.106125882391394e-05,,2.1268630168847077e-05,,,,,,,0.001045810019644713,,,,,,,,,
1976-06-05 00:00:00,-1.416753294905262,0.2192873700836001,,-0.7856630686472154,0.020732292762169473,282.9824377658099,285.177455563517,0.8517272810964189,,,,,,,0.6854570836018903,,,271.45994567871094,271.4595031738281,271.45960998535156,271.4599609375,0.5993866271521213,,,,,,0.4298402684680104,,,100582.64811390532,,,2.3431952662721893,130.3417548004692,0.15501314648509731,,283.90026638775885,,73757.68209134616,0.8879097580204348,0.09036113784687054,0.1515927095057101,0.07117872971754807,0.41320006240754437,,271.5313684587648,-0.7364215568677913,0.09204151785585302,-7.569064787787402e-06,1.017050392800369,0.17740167774392304,-6.253183226944251e-06,0.6680875919406584,0.4833506941795349
1976-06-05 18:00:00,,,5.410176841464974,,,,,,730.2784998967097,9.642074094016171e-05,2.3216979038080522e-05,4.947692508528218e-07,0.0,1.3770147486963205e-07,,5.212261713468111,0.5992088907084169,,,,,,1.2233236132288825e-05,0.0010024590772862065,2305.9137230145157,0.0002188393350183611,2.2049861017768905e-06,,282.93962936852813,0.00023345763866718,,283.2452096431213,0.0002961320989936061,,,,1.2728280922364907e-05,,7.134922862758298e-06,,,,,,,0.0010988874010657923,,,,,,,,,
1976-06-06 00:00:00,-1.7943138314422065,0.5504097741031082,,-1.0336677167542587,0.051688679576625485,282.5567937546228,284.9895120654586,0.8506626574950811,,,,,,,0.7647219021011078,,,271.4595489501953,271.4598693847656,271.4598846435547,271.4599609375,0.4695436376086354,,,,,,0.4299698543415223,,,100670.51146449705,,,2.3846153846153846,134.28323039218517,0.15772287097908336,,282.4634598049186,,73813.66852348374,0.8916635206465185,0.1300199991381402,0.18194704348519003,0.22450680704511836,1.2990018117685695,,271.21487408700074,-0.9070138366970085,0.1237563014735837,-1.0352051670844914e-07,0.4150012904370325,0.5144282673987058,-2.3272787613419473e-06,0.5172795628654886,0.2223261298512566
1976-06-06 18:00:00,,,3.8804351648635413,,,,,,349.6544436500186,0.0002500189126595943,4.7468222104586086e-05,1.4110406676097911e-09,8.818977264433922e-10,1.0365310381476619e-07,,3.67849339818108,0.5517915804710614,,,,,,1.7191553433265912e-06,5.8783581976354474e-05,1976.1976574779262,1.3893260758304032e-05,1.8252131457512195e-07,,283.64283671181585,5.68263276794253e-05,,284.0220318856324,9.509409673115205e-05,,,,1.7202244355128362e-06,,4.960146881419526e-06,,,,,,,0.0003088169549343854,,,,,,,,,
1976-06-07 00:00:00,-0.9195656635352141,0.5318222779494065,,-0.5256389189048631,0.18023833262144462,282.45568630963385,284.1997691498706,0.8406072872630238,,,,,,,0.5945947410086908,,,271.4596405029297,271.4600067138672,271.45997619628906,271.4599609375,0.5572740676504223,,,,,,0.23791564072443713,,,100753.29604289941,,,2.076923076923077,133.27121116141595,0.1570453756659694,,283.94505391318415,,73909.02741309171,0.8672326221268558,0.03405152837271918,0.08913831284942006,0.009367248715733635,0.06615501827453572,,271.87903915495565,-0.5090393088978423,0.25640491374145596,-1.9669972777576046e-06,0.012118407255093727,0.13061935002860453,3.0228004655828316e-07,0.15722480447158305,0.03464004802986009
1976-06-07 18:00:00,,,3.9737539122090535,,,,,,283.83971108076815,0.00010358476074489616,9.980868305680315e-06,2.879935961503249e-06,5.290729800354931e-10,3.2210678013864615e-07,,3.7708353911631205,0.4943860296666975,,,,,,9.381270157338599e-07,3.2136007349872025e-05,1775.915486172106,1.1087874689045742e-05,2.1300249672412168e-07,,283.4518407336354,1.6887247915098653e-05,,283.8531356901812,5.336969914520986e-05,,,,3.81529243034724e-06,,9.895054369988526e-07,,,,,,,0.00013566281668533236,,,,,,,,,
1976-06-08 00:00:00,-0.5578733365211261,-0.24607350840371037,,-0.3682224002815563,-0.3654441494913496,283.1703104775333,285.37538571329515,0.833870355194137,,,,,,,0.5142632659370378,,,271.4604187011719,271.46006774902344,271.45960998535156,271.4599609375,0.5094422568186853,,,,,,0.1595137556629068,,,100916.43084319527,,,2.1538461538461537,130.17209873538044,0.1558175538418561,,283.91079477163464,,74009.16958672338,0.8273729766614338,0.009215379086290018,0.09815181966336477,0.005282497970310189,0.0068814994315423905,,271.68529984513685,-0.31759517714822083,-0.22020830910586747,-6.426615923293177e-07,0.014677207390695104,0.04893426334805037,2.1755826439413643e-06,0.27463029274309175,-0.14413549808355477
1976-06-08 18:00:00,,,4.720511459034576,,,,,,170.99485914241632,4.3747164088593434e-05,3.3690511474947956e-06,5.299302600544585e-06,3.0068217738140266e-08,8.889083833767435e-08,,4.013797737437592,0.616279769909276,,,,,,1.2474073945770603e-06,0.00010730104344108848,2362.600224782729,1.876126732346574e-05,2.157320571545313e-07,,284.24668604382396,1.7305362154040817e-05,,284.5043208556768,6.235227782345382e-05,,,,6.5468560309099725e-06,,1.1277710192302276e-05,,,,,,,0.00015103268916062795,,,,,,,,,
1976-06-09 00:00:00,0.13816180031680497,-0.3413263749794142,,-0.06648701887864333,-0.18064031093078253,284.9373540934726,286.4467845668454,0.8363020046222844,,,,,,,0.9390851492007103,,,271.4604034423828,271.46055603027344,271.4600372314453,271.4599609375,0.5963599958716059,,,,,,0.3410702316013314,,,100594.10447485207,,,1.863905325443787,128.77232062887157,0.15460938673753005,,284.9635638174926,,73815.99140162722,0.9722288868131017,0.03627462213385035,0.12605104053161553,0.013844145825628698,0.0624783307137574,,272.0982731023484,-0.022273193449663692,-0.12414169311523438,9.829277883403653e-08,0.03832459414499046,-0.003486959539221589,3.223780411042097e-06,0.61414607215298,-0.1217637982594191
1976-06-09 18:00:00,,,4.501934175660624,,,,,,258.34528292142426,8.092124081222263e-05,1.4327775091814572e-05,0.0,1.5518369053947855e-08,1.2646541352070453e-07,,4.026729183084161,0.6185788487541605,,,,,,7.330357323031453e-06,0.0001151611113689355,2280.987438946786,2.9844557039836455e-05,1.32402107560423e-06,,284.16385880870934,3.508244745830107e-05,,284.5415616910133,6.915831706933016e-05,,,,7.3311949622701615e-06,,1.823355460308007e-05,,,,,,,0.0001960989286208294,,,,,,,,,
1976-06-10 00:00:00,0.3616636547111195,0.42712655152089496,,0.017193878896137667,0.17891992760833197,284.3181426821376,285.0718394623706,0.8439586575214679,,,,,,,0.6762158658531819,,,271.4598388671875,271.4595947265625,271.46002197265625,271.4599609375,0.5405218300530852,,,,,,0.34723145589613036,,,100191.94267751479,,,1.7337278106508875,126.05784670135678,0.1541448796289207,,284.57340109559914,,73525.41325351331,0.9172402877779402,0.01883025794658884,0.147422096146458,0.008776647804756841,0.03414303029077293,,272.5284734421228,0.04734068086161416,0.2853139392017613,-9.299203382871119e-07,0.09684160454391595,0.021316209885142965,1.803295980979132e-06,0.8283004542955985,-0.10611058621716922
1976-06-10 18:00:00,,,5.382072335869603,,,,,,179.48405284994453,0.0009011446371586365,0.00022211935393203646,2.0525026956253504e-06,7.756263811207382e-07,7.567119225243984e-08,,5.171371025446604,0.8057031899293852,,,,,,1.0856598086611053e-05,0.0007646616124899734,2925.88604122365,0.0002436151165934004,2.8369408211059118e-06,,284.5562520224667,0.0003475254103982237,,284.81132696930473,0.0006175958193265474,,,,1.2908152927308392e-05,,2.5886932068322537e-05,,,,,,,0.0016657928474207906,,,,,,,,,
1976-06-11 00:00:00,-0.7320858035567244,0.6978470108212804,,-0.4238770784005611,0.3197982607508552,284.80019040079515,285.4795485276442,0.851325928459506,,,,,,,0.6906134848835597,,,271.4593200683594,271.4600067138672,271.4596252441406,271.4599609375,0.803551404433843,,,,,,0.5675218577163305,,,100159.58524408285,,,1.6272189349112427,122.89403845431536,0.15335215901482036,,285.05224898298815,,73505.10465976331,0.9092220343076266,0.07532761915250731,0.35207442921646953,0.10388589892867049,0.14863150960286342,,272.7769053081084,-0.38280097126255375,0.399752554808848,-9.339339114979086e-07,0.2868357203768555,0.12017812425568258,-2.7674417350353046e-06,0.7808951880099505,0.3004222057274813
1976-06-11 18:00:00,,,5.163986860647709,,,,,,145.2996923024069,0.00013882909300764638,4.782144134566629e-05,5.639213297141374e-07,8.86116920799546e-09,3.4467868759026805e-08,,4.903158402301856,0.8012294145025445,,,,,,4.947167881847133e-05,0.0002411770542090574,2984.2931724412906,4.7976889553860094e-05,9.592181655782214e-06,,283.37651396079883,7.264095650622126e-05,,283.60959747133876,0.00015338061641197254,,,,5.003651218301446e-05,,1.8521173465886763e-05,,,,,,,0.000380007381632424,,,,,,,,,
1976-06-12 00:00:00,-0.19622505345993493,0.2756008678639429,,-0.11712666799330852,0.04011912599823179,284.4420881102071,286.2439701599482,0.8550165009921824,,,,,,,0.20128464557715423,,,271.4598693847656,271.4604797363281,271.4597930908203,271.4599609375,0.7759815447429228,,,,,,0.40711151105324195,,,100237.85096153847,,,2.2781065088757395,127.44086722650472,0.15342884233012002,,284.13765775240387,,73540.88461538461,0.8748291811999485,0.01951177165011418,0.21082695987979336,0.01721155290772929,0.04118290737535826,,271.9773931559726,-0.08318998686660677,0.11608875996967745,-9.976046541485297e-07,0.21085795973973162,0.005472331004735281,-3.405905379665762e-06,1.4739345704045521,0.020567611829768975
1976-06-12 18:00:00,,,6.680852873085518,,,,,,801.0326067681849,8.28941016507572e-05,2.786799295414129e-05,1.583111709391577e-05,2.3751591260616597e-06,7.864132143120343e-08,,6.082985663555077,0.4792077781180658,,,,,,6.298191801330747e-05,0.00014741286723571415,1741.1465038942868,2.2143654569366274e-05,1.4704382102164996e-05,,283.05648460613907,3.255894903600569e-05,,283.38047655094306,8.922180480505588e-05,,,,7.880959637771697e-05,,2.368689465099538e-06,,,,,,,0.00023024075130033774,,,,,,,,,
1976-06-13 00:00:00,0.7517075453989605,0.1574384192743245,,0.244583062166293,-0.05132539737859421,282.4238194572855,285.3906351123336,0.8550259823629842,,,,,,,0.12084374060997596,,,271.46046447753906,271.4593811035156,271.45985412597656,271.4599609375,0.41427725858396725,,,,,,0.37790606466270765,,,100375.96468195267,,,2.4319526627218937,129.31161426792482,0.15443781282774796,,283.1444575744268,,73608.82523576183,0.6256693643931102,0.017403452025747793,0.0667054529230182,0.0038082077658388035,0.04882582263833672,,271.853192752635,0.25664078413382085,0.04017280826907186,-5.873648956770727e-07,0.13090189594841567,0.01916278607746553,1.276547131238825e-06,0.5142223834812355,0.1063642665611569
1976-06-13 18:00:00,,,5.846171672527607,,,,,,208.81778441660504,0.00012779350464160627,4.338495124726606e-05,1.962447660209159e-05,8.956898422636224e-07,8.654303292670843e-08,,5.5785871031721666,0.6291592713423382,,,,,,1.9655513340199488e-05,0.00016065074141914323,2264.084066627999,3.8228532266334666e-05,3.926048176528434e-06,,282.6677751710429,4.410091236498229e-05,,282.94898905556585,0.0001090646848170715,,,,3.9282370601180035e-05,,3.5526925290124656e-06,,,,,,,0.0002884117103892671,,,,,,,,,
1976-06-14 00:00:00,-0.23079503640620666,0.9209872195001184,,-0.3064832348795332,0.30979989407330577,282.3825409116124,285.1839447924371,0.8482180004994545,,,,,,,0.14268267930612055,,,271.4599914550781,271.46014404296875,271.4598388671875,271.4599609375,0.566367063428876,,,,,,0.2669865867707151,,,100554.79049556213,,,2.455621301775148,129.7766198152621,0.15443573054477308,,282.7069214589497,,73717.5512204142,0.6570166790273768,0.009349428795962787,0.11495669122190165,0.00837630774142474,0.018136560564210428,,270.97762573964496,-0.33192794844949036,0.36631330865374684,-1.7493655391074663e-07,0.07799596617207724,0.014654530664167461,1.645098321867236e-07,0.6504335007547627,0.14563138985774926
1976-06-14 18:00:00,,,4.2341878710413825,,,,,,289.39016443737864,4.994975039239466e-05,8.324635099377152e-06,9.121670878145116e-07,9.343672830324907e-08,-4.5471333901359305e-08,,3.9895521310659556,0.5022066556490384,,,,,,8.860955665097433e-06,4.001305653498723e-05,1840.7336794159116,5.9989297531060215e-06,1.3884256136487927e-06,,282.5093105699889,1.135243642965012e-05,,282.8565002080251,3.102703912723699e-05,,,,9.771326237176296e-06,,1.1549105305643477e-05,,,,,,,8.996562844902806e-05,,,,,,,,,
1976-06-15 00:00:00,-0.4549988120265261,0.6879811145850188,,-0.33895331726977107,0.2651723207101314,281.92341785318047,283.5466900887574,0.8429521371626995,,,,,,,0.17442529441336907,,,271.4600524902344,271.4598846435547,271.46006774902344,271.4599609375,0.5459338000716543,,,,,,0.18888195873012203,,,100816.10798816568,,,2.408284023668639,131.1662278034278,0.15435612977609126,,282.69089485484466,,73897.26999352811,0.6622176724072744,0.006654469778529815,0.06880177766740454,0.0025606042534641964,0.008609638876159752,,271.2977937777367,-0.31057601567556165,0.402179966311483,-2.0135059953080324e-07,0.045205332037094516,0.014160552717877563,-2.803572526059703e-07,0.3695718337004707,0.03734469836985571
1976-06-15 18:00:00,,,4.689842568346735,,,,,,581.8201060951827,0.00048368922352085453,9.65362469825519e-05,7.374586879148991e-07,3.172117753847111e-07,8.146774035653915e-08,,4.434758005762947,0.5756680965203153,,,,,,9.101413234451113e-06,0.0012748735190848627,2077.130055354192,0.0003245243659386268,1.9013749424522445e-06,,282.23291304548815,0.0003258518918731509,,282.56746804502586,0.0005398600764528535,,,,9.8368163997605e-06,,2.0235600556142233e-05,,,,,,,0.0017585500457583095,,,,,,,,,
1976-06-16 00:00:00,-0.6154463784934501,0.4732339960583568,,-0.4175365380281527,0.04682221497304341,281.73413374861315,283.702392578125,0.8386744183196119,,,,,,,0.5616995898439113,,,271.46044921875,271.4601287841797,271.4601287841797,271.4599609375,0.4807256131747065,,,,,,0.4238887990014793,,,100977.57193047338,,,2.4142011834319526,131.72299555490707,0.15418969950027014,,282.52712272328034,,74015.45044378698,0.7998737541176159,0.09451195946067968,0.17363570490851998,0.37305554271449703,0.76297781804281,,270.74392826599484,-0.35483653728778547,0.14164577010115223,3.11111414477163e-06,0.7891171978794854,0.21022052877753444,4.049454445085494e-07,1.088999925148205,0.15743141625759868
1976-06-16 18:00:00,,,3.656957657026821,,,,,,354.30882674348567,1.2651548759471735e-06,5.155559298554821e-07,2.1210182788809375e-07,1.7885182096937e-07,7.304214914956202e-08,,3.587900110955774,0.3666497405464127,,,,,,1.2152337816339978e-05,1.6985031274648813e-05,1492.1442307692307,9.51965973222044e-07,2.214624463806491e-06,,282.29662508089865,2.951818634067061e-06,,282.7206135586169,5.4981427256172225e-06,,,,1.2364547104525143e-05,,1.0371957657605233e-06,,,,,,,1.8252467615364572e-05,,,,,,,,,
1976-06-17 00:00:00,0.24235965232171955,0.6757354172023796,,0.04870401190582817,0.09885940326036081,281.71706412953034,283.8062231300851,0.8388400028443196,,,,,,,0.022694604636649407,,,271.4602813720703,271.4602813720703,271.4599151611328,271.4599609375,0.3815720236513036,,,,,,0.0820846106173724,,,100900.51146449705,,,2.3076923076923075,130.46342639810234,0.15391964319895005,,282.2650659324149,,73974.47284116125,0.40786918005823386,0.0021056705678003072,0.03601255778432686,0.0012052242572490985,0.002966818724863628,,270.9571771565274,0.051089015938121186,0.16906370354827338,-1.0203736225975203e-07,0.008926780738719027,0.006088642468235109,-2.9650930805715935e-07,0.10041120600578039,0.050380195518569836
1976-06-17 18:00:00,,,4.72873769003964,,,,,,313.40060623439814,1.3282335192494138e-05,3.124328230965067e-06,3.455082759172959e-07,4.404136282805155e-07,5.802785004378908e-08,,4.501736262846276,0.5140938843495747,,,,,,9.560770184330686e-06,6.548628299193975e-05,1807.1224028457552,1.463144135898387e-05,1.7578851365478787e-06,,282.4212075859837,1.0948121195008769e-05,,282.77090941660504,3.162035222589617e-05,,,,9.905458731058787e-06,,1.569788836868557e-05,,,,,,,7.877124131783931e-05,,,,,,,,,
1976-06-18 00:00:00,0.1450602063060512,0.9614255273130519,,-0.02367555178128756,0.3693762784878883,282.0302113188794,283.73868285410504,0.8389587536366028,,,,,,,0.06954721304086539,,,271.46022033691406,271.4595947265625,271.46022033691406,271.4599609375,0.4857225587382119,,,,,,0.10130084336862057,,,100676.21597633135,,,2.3905325443786984,130.55609004455206,0.15356031113122343,,283.0332840236686,,73806.94152181952,0.551615330241841,0.0035660836693594687,0.057425236970065,0.003239253568931444,0.006749181352423493,,270.74464335244085,0.01364029652973604,0.4670378668068429,9.156550484304399e-08,0.025303744690919148,0.015945654416170258,1.1900117133121343e-06,0.1707677689529735,0.15071018827120228
1976-06-18 18:00:00,,,3.592037257358167,,,,,,319.44121205584605,2.6862517263762345e-05,3.751780639386036e-06,9.94201486423259e-10,5.487535843217867e-09,1.8572220852606814e-08,,3.407243700422479,0.43706336388221156,,,,,,4.937387341578331e-06,3.773538318611461e-05,1588.1564349112425,5.0119041691165e-06,9.721685090713953e-07,,281.36492089265903,7.907512801638722e-06,,281.7814392450999,3.1861063291335245e-05,,,,4.938114765127735e-06,,1.0554805486159916e-06,,,,,,,6.460958331294313e-05,,,,,,,,,
1976-06-19 00:00:00,0.4092306103226701,0.4488030777880426,,0.07869636941943649,-0.03184097899487738,280.79467195589865,283.1420277251294,0.8386849186124181,,,,,,,0.0,,,271.46043395996094,271.4600830078125,271.45970153808594,271.4599609375,0.3683536687546228,,,,,,0.07084380381206083,,,100720.76331360947,,,2.662721893491124,129.07767843212602,0.15313504856719068,,281.90216895109097,,73799.19050480769,0.38630044248682505,0.0012113779959594005,0.0644207771711834,0.0012376943283532499,0.0008767934945913461,,269.2320953910873,0.13266578087439904,0.08230585177269208,2.824265198828928e-08,0.002948045716038905,0.003187326051724645,8.173778924550971e-07,0.1944251931038239,0.08049216707782632
1976-06-19 18:00:00,,,3.4283543412501993,,,,,,366.76867226993335,2.5982026165053688e-06,1.0069856453224047e-07,1.2552464854787793e-07,6.965666006390865e-08,1.1553884855690473e-07,,3.325062404722857,0.27570717715652737,,,,,,2.0106372660433754e-06,2.2420075518139723e-06,1080.460798816568,1.3240692949683004e-07,4.255221109594819e-07,,281.8457580205251,8.045056471105158e-07,,282.3832574426775,1.3962178628825578e-06,,,,2.13675432392126e-06,,0.0,,,,,,,4.844751054718649e-06,,,,,,,,,
1976-06-20 00:00:00,-0.23930489241018804,0.622385312819622,,-0.19447918615397616,-0.05427488067446376,281.7570988581731,284.28287086261093,0.8467739298498842,,,,,,,2.861093487259904e-05,,,271.460205078125,271.4599914550781,271.4596252441406,271.4599609375,0.3288249179456361,,,,,,0.028069716233473558,,,100874.07673816568,,,2.201183431952663,128.18790864662307,0.1525321599294448,,282.54728382720043,,73924.8202893861,0.3396754518768491,0.0007216796367126104,0.02968690814808584,5.454512742849497e-05,0.0001814460613318449,,270.29921383829515,-0.15821877880209295,0.06639768386028222,3.227692293058309e-08,0.0014136470068995593,0.0015172497548449498,-5.1093302748425034e-08,0.025891785790934364,0.0313864674793898
1976-06-20 18:00:00,,,3.4447958398852827,,,,,,419.71187645280867,1.3221970059462553e-06,7.531864667785238e-08,0.0,2.96037834614361e-10,7.866679244243391e-08,,3.3000599167050693,0.2593753972702478,,,,,,2.246928682341378e-06,2.505830847300016e-06,1087.4297337278106,4.022614341559848e-08,6.839751469842076e-07,,282.1531122873521,5.455745505334357e-07,,282.62587110530694,3.381516541955034e-06,,,,2.246928682341378e-06,,0.0,,,,,,,3.815700228397663e-06,,,,,,,,,
1976-06-21 00:00:00,-0.4338547633244441,0.16009273754774467,,-0.2229347398295205,-0.24327258950859837,282.02297088803624,284.1819829997226,0.845460706913965,,,,,,,0.0,,,271.4600830078125,271.4595489501953,271.4598693847656,271.4599609375,0.3193684414293639,,,,,,0.0477608223638591,,,101011.02588757397,,,2.165680473372781,126.5948289498775,0.15188489439924793,,283.00436563886836,,74023.00314349112,0.33597614356046596,0.0003413247638905542,0.030262096619427057,1.4010353906620184e-05,2.8542777490333693e-05,,270.1280048076923,-0.1609656994159405,-0.0653303135076218,-3.298274900798411e-08,0.000379132081326731,0.0005092865404446979,1.4450918801628967e-07,0.0041059252073073526,0.027926971463585748
1976-06-21 18:00:00,,,3.6676845099093645,,,,,,545.4045884305199,6.638930217754206e-06,1.4617576225269476e-06,0.0,0.0,9.157227491398768e-08,,3.5626996734438565,0.3152173284948225,,,,,,8.85594085123412e-07,3.3455487539076944e-05,1197.0096153846155,1.0096638865724823e-05,1.911732461854551e-07,,282.82788519323225,6.4599178951872874e-06,,283.29762042344674,1.82301158735738e-05,,,,8.85594085123412e-07,,0.0,,,,,,,4.0092147313631496e-05,,,,,,,,,
1976-06-22 00:00:00,-0.30531309906547593,0.39285392874091335,,-0.1957389334955159,-0.19365619343413404,282.44503946699336,285.08385147004435,0.8528128700143487,,,,,,,0.0077762942342363165,,,271.45948791503906,271.4593963623047,271.4596252441406,271.4599609375,0.3942854841785318,,,,,,0.0989452113766642,,,100828.63091715977,,,2.0118343195266273,124.00241955638637,0.1512162248058432,,283.6055337578587,,73933.7708256287,0.4250492795684634,0.0011390299486690725,0.05989559283939854,0.002723434267664802,0.0008032928557085568,,270.5537918361686,-0.11094543073304305,-0.026783305512377495,-4.1797524231993015e-08,0.0009149630248688503,0.0024914854367884182,1.6087144975772282e-07,0.017562881729306555,0.07010329979852106
1976-06-22 18:00:00,,,3.651110846615402,,,,,,541.014040318931,9.325746248459675e-06,1.7382612330673713e-06,1.467418575868804e-09,1.6373487812130762e-09,4.173800782703939e-08,,3.4602069798305894,0.3207518447785688,,,,,,6.537705373305541e-07,5.833385787772004e-06,1278.6579142011835,1.7185050707597e-06,1.8191306173977767e-07,,284.3173582539756,1.5433227433960818e-06,,284.6572106716901,9.249366775772276e-06,,,,6.545888888236333e-07,,2.304554955493769e-07,,,,,,,1.516285732653014e-05,,,,,,,,,
1976-06-23 00:00:00,-0.6995977085722974,0.0831376927844166,,-0.3477880714913092,-0.24514582594470866,283.02926509338016,286.0063389885355,0.8537090441884374,,,,,,,0.32820960050503883,,,271.46018981933594,271.4599151611328,271.4596710205078,271.4599609375,0.3645174827801405,,,,,,0.11851564666928624,,,100687.25943047338,,,2.0059171597633134,124.72921319543963,0.15052035010072606,,284.5653632350222,,73863.05117418639,0.6501366068669677,0.0034977444530238768,0.0598903412148136,0.0002667459510487212,0.0014478779403415657,,271.86920996671597,-0.2937360176673302,-0.0958801867693839,-3.8582946422004235e-07,-0.022578562857836663,0.023419848560581547,2.7002003807650286e-07,0.0484397043666896,0.027546320926155565
1976-06-23 18:00:00,,,3.8062497539633124,,,,,,445.480733747313,2.591272253961958e-05,4.562394991076204e-06,3.7723523977945544e-07,0.0,2.7758873795241306e-08,,3.6462417467106025,0.32474892520340237,,,,,,4.736657017434137e-07,1.307640819859928e-05,1391.3637002798228,2.616046536603623e-06,4.470279473348482e-08,,284.911324946838,3.358371247201276e-06,,285.2263024685651,2.024743772117344e-05,,,,8.511020851558482e-07,,2.574373984477929e-06,,,,,,,3.900229049152171e-05,,,,,,,,,
1976-06-24 00:00:00,-1.141472483527731,0.11547481378860022,,-0.6530442773943117,-0.09282499234351886,284.4759297568417,286.5172270825629,0.8580451607704163,,,,,,,0.5795065072866586,,,271.4601593017578,271.4596252441406,271.4600372314453,271.4599609375,0.3215364201887119,,,,,,0.4198229772496153,,,100712.37980769231,,,1.7159763313609468,123.03771448981833,0.14968070193860658,,284.9594192053439,,73910.56041974852,0.7999047591136053,0.007063341097711288,0.10466929283764588,0.0010639675975551268,0.004779520871485556,,272.41389636880547,-0.6149543276905308,0.01088057185065817,1.0650702822779872e-07,-0.029195487146546854,0.05127480704221632,-3.193594906158806e-07,-0.023296830216808433,0.05894450781613412
1976-06-24 18:00:00,,,3.810290014955419,,,,,,422.5815215881713,2.059706393078234e-05,7.2165265591186885e-06,0.0,2.9603245298890673e-10,4.375074751924492e-08,,3.6050312617826745,0.43103821884245563,,,,,,2.916968433109261e-07,6.831150788527269e-05,1726.2569017015264,1.8470474248807107e-05,1.1436462115782958e-07,,284.9641041050296,1.6108948803512302e-05,,285.27195965467826,3.6107982404133275e-05,,,,2.916968433109261e-07,,1.2696296329329e-06,,,,,,,8.893013000488281e-05,,,,,,,,,
1976-06-25 00:00:00,-0.7363100221171182,-0.12808930097952398,,-0.38546853375858103,-0.20466752024091914,284.30446502866124,286.2152251294379,0.859149322354582,,,,,,,0.625792915299094,,,271.4598693847656,271.4602508544922,271.46022033691406,271.4599609375,0.472603769922204,,,,,,0.24086377747665497,,,100931.40717455621,,,1.6390532544378698,122.36870561407868,0.14879576835406602,,285.4511285364275,,74057.32306305473,0.8633389709263863,0.008407059884572883,0.09935376321698522,0.005963974450466901,0.008126066986625716,,272.5820948132396,-0.3297391868907319,-0.07676447919134557,-5.084303240932403e-07,-0.0561888926833339,0.04954954943133686,5.347994977202591e-07,0.0051899291354523605,0.04557859509654299
1976-06-25 18:00:00,,,4.2490465626914125,,,,,,289.1725793420916,3.0347757790921002e-05,2.570307025542626e-06,0.0,0.0,7.204367370653922e-08,,4.078133916008402,0.512168387689534,,,,,,5.368468456367064e-07,7.297918641355616e-05,2080.241776776737,9.105623473782512e-06,1.937550487073921e-07,,285.0104402621117,1.1010900051636104e-05,,285.35062349759613,3.4086450317202234e-05,,,,5.368468456367064e-07,,4.058670715467464e-06,,,,,,,0.00010331424735706939,,,,,,,,,
1976-06-26 00:00:00,-0.7942712490375226,0.08427337217613085,,-0.48235916950293545,-0.13659161223462346,284.92092155140534,287.6350675503883,0.8596449878794201,,,,,,,0.7329807012182104,,,271.4596710205078,271.45973205566406,271.4599304199219,271.4599609375,0.554083266466327,,,,,,0.20779355743227626,,,100862.38775887575,,,1.6331360946745561,122.16710613183015,0.14789061856693064,,285.77649864783655,,74023.62580898669,0.9102437023580427,0.006126396949733635,0.1253883943138038,0.0027150430622890857,0.0040894006130963384,,272.6625853769878,-0.4200747393997463,-0.03724011302699704,-2.747145537376547e-07,-0.025266107722852357,0.03306473482693972,-1.15486862277061e-07,-0.03962200527360454,0.07680310837968567
1976-06-26 18:00:00,,,4.287302632303633,,,,,,298.78510848728155,2.697568673353929e-05,6.1803447776997585e-06,1.0955439516778529e-08,2.0466859765163452e-10,6.95817357499498e-08,,4.1274342395850185,0.5694200865615754,,,,,,3.9004368057265084e-07,4.923564089825873e-05,2174.5705158301357,1.1545887007515812e-05,1.7075079559354033e-08,,285.15940071421966,1.0182210326900143e-05,,285.4380865153476,2.791878034377239e-05,,,,4.008489512127532e-07,,6.049121978014884e-06,,,,,,,7.620577276105711e-05,,,,,,,,,
1976-06-27 00:00:00,-0.9401113803570087,0.25454363738291363,,-0.5867240048019138,-0.028738597441001757,284.57885164339865,286.3451585036058,0.8595075540288666,,,,,,,0.5200670231023484,,,271.45977783203125,271.4601287841797,271.4599151611328,271.4599609375,0.6121097608474937,,,,,,0.17232084556444158,,,100655.45340236687,,,1.4437869822485208,120.38116400904909,0.146975136367527,,285.71469350961536,,73871.0829095784,0.8279065221724425,0.0028880606199912714,0.1280886511257767,0.0023417275332840238,0.003137024196647328,,272.80341767982617,-0.5005190640511598,0.09427497231748683,-1.5985406961046798e-07,-0.006712504039854693,0.00971247772851507,-7.072049117310953e-07,-0.04425661098322219,0.06347179518648859
1976-06-27 18:00:00,,,4.000617377151399,,,,,,144.90277397562062,8.791914353003868e-05,1.2598050063883764e-05,0.0,0.0,5.36704427435871e-08,,3.618570378546179,0.6356760961769601,,,,,,1.902212581690952e-07,0.00017248067630113229,2363.20938011034,3.5649837826836036e-05,1.763106604828637e-08,,285.2665510008321,3.8726795354538416e-05,,285.5519181652182,0.00011520643206037713,,,,1.8810511693446594e-07,,9.502003178794003e-06,,,,,,,0.00026033686462944075,,,,,,,,,
1976-06-28 00:00:00,-0.5691937271659896,-0.11185453629352637,,-0.33823800510203345,-0.16231212954549395,285.1163655117419,287.2878692446376,0.8590530640274815,,,,,,,0.7029840787486917,,,271.4607238769531,271.4599151611328,271.4601287841797,271.4599609375,0.6560252272474343,,,,,,0.2330719535872781,,,100445.95469674557,,,1.2958579881656804,119.42216807709643,0.14600844072872365,,286.20642884384245,,73749.7890856139,0.8665809779477542,0.016678425450340883,0.1943670330491997,0.0270865626589081,0.01363613196378629,,272.8790752704327,-0.3387632313564684,-0.08885861007419564,-7.76990687752903e-08,0.06182003960277907,0.048176376442507614,-3.9755875456901874e-07,0.4762531637087376,-0.02024054774165859
1976-06-28 18:00:00,,,4.954214953811916,,,,,,213.25444238425712,0.000747107895168327,0.00018967114962064303,1.8465889276132075e-05,3.000247407947066e-06,4.9042732899066676e-08,,4.239782677599664,0.7583831245377219,,,,,,6.454036786006048e-05,0.001502324778952103,2843.5516494660687,0.00039976553098689877,2.268168347827076e-05,,285.6803693602071,0.00046379396901328183,,285.9317114113351,0.0007743480043826323,,,,8.300652165384688e-05,,4.200840137413973e-05,,,,,,,0.0022494030481431454,,,,,,,,,
1976-06-29 00:00:00,-1.500790793514816,-0.11634400610387678,,-0.8091666204689523,-0.09316288648977787,285.19152759800295,286.6202804294564,0.8604939897384869,,,,,,,0.999733056542436,,,271.4607791324868,271.4597930908203,271.4599914550781,271.4599609375,0.7577793442991358,,,,,,0.7707750877288319,,,100401.41808431952,,,1.4082840236686391,120.6375203330136,0.14528176347179525,,285.9946838017751,,73712.08066752959,0.9999402627437073,0.24008853140579173,0.374690704455478,0.23403677855723004,1.1166468706841652,,273.03482543223004,-0.7826116719894861,-0.048554155248156664,-9.0593258235824e-07,0.4652095884966427,1.16774101453949,-5.091052724891646e-06,0.7054525578515769,0.5518141533496111
1976-06-29 18:00:00,,,5.80327542999087,,,,,,211.52431302945288,0.0004362354617147051,0.00012410321884606716,3.254739843176667e-05,1.011762393296823e-05,-4.3680113685157524e-08,,5.2984067533143175,0.9378839685366704,,,,,,0.0005593758362990159,0.0031120261758065715,3405.4661294609837,0.0006968309944625498,0.00013666551494034084,,284.9216409717086,0.0008359938576564705,,285.0723566360022,0.001112090536534353,,,,0.0005919256153896716,,5.6404686538425425e-05,,,,,,,0.003548266032608679,,,,,,,,,
1976-06-30 00:00:00,-1.3855763045993783,0.2563114674133662,,-0.8427809878919251,0.06013943598820613,284.09116991031806,285.1145178439349,0.8633185801421397,,,,,,,0.9999877062774974,,,271.46043395996094,271.45977783203125,271.4600372314453,271.4599609375,0.8661670049972082,,,,,,0.8572668094606795,,,100456.71985946746,,,2.5502958579881656,126.40827661999585,0.14790330977129512,,285.06051798261836,,73708.06432599852,1.0,0.3485875902972983,0.284833769341545,0.46349388021426746,2.061049397527819,,273.0353947024374,-0.8509653870170638,0.12819640594121268,4.681551325432515e-06,2.4069665134305787,1.0243795383611374,1.1976090185454436e-06,1.581367224983915,0.6950115776626316
1976-06-30 18:00:00,,,4.5099349445139865,,,,,,180.00909152962046,0.00017651016190207215,6.978434218457464e-05,0.0,0.0,3.2025599609191643e-07,,4.143765539812619,0.7232306666628143,,,,,,1.2824477175989094e-06,0.00044480583371495357,2603.5477085452108,0.0001257474605853741,1.4166160315804227e-07,,284.0330962231879,0.00011746558917344674,,284.3537019808617,0.0002581537122557149,,,,1.2824477175989094e-06,,2.944478269159441e-06,,,,,,,0.0006213611399633644,,,,,,,,,
1976-07-01 00:00:00,-0.06097767621102418,0.1266188311153615,,-0.10231406307784763,-0.008915494884964983,283.7922522189349,285.1032729289941,0.8499232470636537,,,,,,,0.6598601619872821,,,271.460693359375,271.4603271484375,271.4598693847656,271.4599609375,0.7605851444266957,,,,,,0.30957256971731695,,,100309.96653106509,,,1.680473372781065,129.45637665697808,0.1500756105727698,,283.81871475129435,,73587.67242973374,0.9396226949240329,0.02224878187445626,0.22247326210934734,0.06842086159971339,0.02726488282694619,,272.3336687257304,-0.06626550121420234,0.08051217660396057,-1.337385244568336e-06,0.15525835399796978,0.04246540852552335,3.3981709936688813e-07,1.4934265021036361,0.06709471115699181
1976-07-01 18:00:00,,,4.261562934288611,,,,,,182.83734780937962,0.0006410511287711781,0.00015575751750426884,7.070281360981732e-07,4.882158259668294e-06,5.031633057346369e-08,,3.8196366722061788,0.7654693426685573,,,,,,1.0985241839166224e-05,0.0011778315143472344,2781.883927745932,0.00028434907190898466,3.325582079633453e-06,,284.51379322300295,0.0003656579192573502,,284.8458721454327,0.0006237862378182496,,,,1.169375237628553e-05,,3.228967006389912e-05,,,,,,,0.0018188868754008818,,,,,,,,,
1976-07-02 00:00:00,-0.17596693433953461,0.5390099858391214,,-0.18642149592292379,0.2465644136688413,285.13315920857985,286.507568359375,0.8338138637458079,,,,,,,0.9313966652609893,,,271.45941162109375,271.4599151611328,271.45994567871094,271.4599609375,0.7214778608824375,,,,,,0.4747534208757439,,,100408.52718195267,,,1.668639053254438,130.34168545875323,0.1481395839939456,,284.52029256425664,,73679.56679918639,0.9852261102411168,0.17138891768250505,0.2472396530872266,0.21253705447947485,0.6195451183431953,,272.16701024523854,-0.17125516248172556,0.3193804216102736,2.5502881538067786e-06,0.7760835188336274,0.31992897620567906,-1.9080830309484927e-06,1.3487070016562939,0.1045736391868817
1976-07-02 18:00:00,,,4.985755536683213,,,,,,287.79771523846836,0.00014008837338735366,3.560231282160832e-05,2.5164652836216977e-08,2.4534529075026512e-08,1.4342956398903067e-07,,4.333810778059197,0.6824535038211995,,,,,,1.8307652610998887e-06,0.00012139385268533019,2495.5545878212833,3.355829673405935e-05,3.699789143349292e-07,,283.4136363373706,4.3303920672490043e-05,,283.7222185304179,0.00012446992848751814,,,,1.854577360773933e-06,,1.35029649593421e-06,,,,,,,0.0002614637098368808,,,,,,,,,
1976-07-03 00:00:00,-0.42314646229941466,0.5238137216963006,,-0.2954732059727054,0.16822126490124584,284.3737691845414,286.1510421482064,0.8241969816078095,,,,,,,0.5124047619659873,,,271.45997619628906,271.46009826660156,271.4599914550781,271.4599609375,0.7294119254371824,,,,,,0.29033168815296784,,,100538.01608727811,,,2.1183431952662723,130.28004067325028,0.14633867726523495,,284.1966054340791,,73740.41732156066,0.8782398206947823,0.011989397444547368,0.18484126708123105,0.011460524338942308,0.013285868266630455,,271.3349363789756,-0.2580361507348055,0.28563576760376697,-1.0463524507854642e-06,0.0729472375276482,0.027840288372478893,9.245111589105084e-07,1.0027314899103528,-0.006574647313744359
1976-07-03 18:00:00,,,4.683389167108479,,,,,,283.3822921662641,8.891990198891544e-05,2.1223022916613245e-05,1.4851079184628097e-05,2.2469397039103084e-07,1.3742620472764575e-07,,4.339008754527075,0.6518430452595448,,,,,,2.2174426789819843e-05,0.00017127059620513014,2433.4694256302873,3.119844656724196e-05,3.8767486987029305e-06,,283.85260840421597,4.259730584522676e-05,,284.25675792806953,0.00010866826102578429,,,,3.702612318230804e-05,,2.8815671537049422e-05,,,,,,,0.0002602134230574207,,,,,,,,,
1976-07-04 00:00:00,-1.0111745631201028,0.6345695236025477,,-0.5952642655231544,0.1491236263478296,283.7095232179179,285.4066559379623,0.8276791925261007,,,,,,,0.7522959551779476,,,271.4595031738281,271.4602813720703,271.4598846435547,271.4599609375,0.669788941476472,,,,,,0.2574495396538246,,,100812.08006656804,,,2.06508875739645,127.9423002886349,0.1452974398460614,,283.8717264931583,,73943.69517381657,0.9067689406095877,0.014335419741574918,0.17208243558216377,0.009568502211711816,0.013272832836625139,,271.54263648761093,-0.5480602591700808,0.20915909490641757,-5.993670236733302e-07,0.08075474085804274,0.10310864340535988,-3.7253729602288917e-07,0.7120746920800068,0.19110882705485327
1976-07-04 18:00:00,,,5.353267410097743,,,,,,122.77427980321399,0.00026310283756820406,6.955650431164623e-05,1.1421541666843482e-06,1.1584495563478864e-07,4.042223370227599e-08,,4.880671489873581,0.7019821620772223,,,,,,8.675544219609549e-05,0.0009419508939664039,2726.804885503103,0.00033545000313301766,2.2566970988843566e-05,,283.9447072046043,0.0003416919143947624,,284.1935370631472,0.0005160760597364437,,,,8.789604232156066e-05,,3.0392725792156874e-05,,,,,,,0.0012050225184513973,,,,,,,,,
1976-07-05 00:00:00,-0.34955472776875696,0.391894442089916,,-0.2789889736288398,0.14147179507644925,284.197561771912,285.5894724828957,0.8437817435292803,,,,,,,0.2782386915218195,,,271.4597473144531,271.4608459472656,271.4602508544922,271.4599609375,0.6714738078371307,,,,,,0.405614728758321,,,100911.16826923077,,,2.201183431952663,125.93289292916744,0.14442400960527227,,284.3790247087648,,74023.3008043639,0.7878568444026293,0.04697953447280727,0.2303336543229425,0.1401829465606509,0.3815856572438979,,271.57874474158655,-0.30139981219049033,0.22117300992886696,2.988302179876737e-06,0.38451461808634757,0.2649988292344638,3.122626604049428e-07,1.1691085757279889,0.5539597138850647
1976-07-05 18:00:00,,,4.7022820816942925,,,,,,301.30121093388846,8.923617693094107e-05,2.1813624709315554e-05,2.6865294699132795e-06,1.7528289918010758e-07,7.310885977869324e-08,,4.298169017543454,0.6895367409262432,,,,,,1.9965902764416305e-05,0.00017009919725245515,2648.801685581546,5.6080211549115606e-05,4.696169283968457e-06,,284.5777176174186,5.872882682190844e-05,,284.79990725545485,0.00012634788225156934,,,,2.2649368238166945e-05,,6.678629909041365e-07,,,,,,,0.0002593611301423292,,,,,,,,,
1976-07-06 00:00:00,-0.21741898102167795,-1.095106689182259,,-0.13172636088534925,-0.5719032964762851,284.72618545441935,286.65427520571376,0.8519027892654464,,,,,,,0.4746695975580159,,,271.4600067138672,271.45965576171875,271.46022033691406,271.4599609375,0.6015835341573115,,,,,,0.5677439024197984,,,100937.98594674557,,,1.8994082840236686,125.7111150075698,0.1437373274176784,,284.8927124745747,,74038.84885817308,0.9535371121570203,0.041153319908813,0.15458875439114614,0.006715763250046228,0.0802042087438081,,272.38949603018676,-0.11707608939627924,-0.5200155698336087,8.26150975217657e-08,0.09016807403790175,0.04145070575398101,2.090556987219617e-06,0.41213980828516583,-0.10840520386159773
1976-07-06 18:00:00,,,6.203497373140776,,,,,,747.8353676535867,0.0001564369751856877,3.8999601228702705e-05,0.0,0.0,-8.01467019930267e-08,,5.781504670543783,0.4702961035734098,,,,,,1.404015622900788e-06,0.00031003585228553187,1698.1667899408285,9.681346148428832e-05,6.660389212461619e-07,,283.8921432946561,0.00010684397093643098,,284.2804511256472,0.00021020336263983912,,,,1.404015622900788e-06,,0.0,,,,,,,0.00046648922756578794,,,,,,,,,
1976-07-07 00:00:00,-1.1785089899096968,-1.1296139327732064,,-0.4782402952747232,-0.6091927748460036,278.8981269068972,285.7956557414941,0.8498019731256383,,,,,,,0.46982949160965237,,,271.4600067138672,271.4600830078125,271.46014404296875,271.4599609375,0.3814625034670858,,,,,,0.25228150497526813,,,100947.46782544379,,,0.9230769230769231,123.75835983005501,0.14303181157309627,,282.38773431721523,,74026.22663184171,0.5476912097818047,0.035559231007592916,0.09647635736409024,0.04786149425619453,0.2138816336908284,,270.4532319921008,-0.3738558673294338,-0.09968947235649155,-3.1593981744534163e-07,0.15429260350278848,-0.06967607228713628,2.4271182462396707e-07,-0.12558666770980204,-0.057451310242421526
1976-07-07 18:00:00,,,4.142154592028736,,,,,,175.36046967683015,7.308129022812703e-05,2.0471550303803392e-05,0.0,0.0,1.7633084830534906e-08,,3.6720906150411574,0.4319403834596893,,,,,,0.0,0.0005508724754378641,1375.3261834319526,0.00017375000835170406,0.0,,283.77476077107985,0.00018027830406053532,,284.18370498566935,0.00025427623613346256,,,,0.0,,0.0,,,,,,,0.0006239414215087891,,,,,,,,,
1976-07-08 00:00:00,-1.0011099922586475,-0.5140791334344085,,-0.44834052881545566,-0.3251453207794731,280.22409942446376,284.12742118158286,0.8450225616347861,,,,,,,0.17142066729844674,,,271.4598083496094,271.46038818359375,271.4600372314453,271.4599609375,0.4187620264538646,,,,,,0.16367362660063794,,,100704.9561760355,,,0.757396449704142,123.1555954069781,0.1422818285473705,,282.4354024130917,,73943.89349112425,0.4411480243389423,0.04353467952570266,0.12421078653730584,0.09488998503374631,0.3435101932322485,,270.66674226839865,-0.40346819973556247,-0.17061244806594397,2.799868826842564e-06,-0.09544325157030094,-0.2953460287060258,1.8248552030790046e-06,-0.334799354598367,0.012429236660342244
1976-07-08 18:00:00,,,3.7879303136520837,,,,,,221.45587230864027,1.9536965344784528e-05,3.6685953478841386e-06,0.0,0.0,4.029402690272714e-08,,3.521906903509558,0.5387148885331916,,,,,,1.457619023393597e-06,3.569568755358634e-05,2062.4462646281227,6.787611182624772e-06,1.9639609216232976e-07,,284.7097745816383,6.14983707490052e-06,,284.972394773946,2.5886579378116764e-05,,,,1.457619023393597e-06,,7.485937790052425e-06,,,,,,,5.5231991604235044e-05,,,,,,,,,
1976-07-09 00:00:00,-0.10472434230104706,0.4323834582898744,,-0.10215460196049256,0.0725210460685414,283.5983236640163,285.855486085429,0.844273591182641,,,,,,,0.04495907394138313,,,271.46002197265625,271.45947265625,271.4597473144531,271.4599609375,0.574553609665858,,,,,,0.1509242311737241,,,100510.87851331361,,,1.680473372781065,122.05218379455205,0.14152125917242828,,284.67917754946376,,73759.02581823224,0.6109536766961834,0.0017136850300625232,0.102886773341407,0.00118065444675423,0.0015088594876802885,,272.15238131009613,-0.13986856133274778,0.1322823642979007,-6.303633511556897e-08,-0.0001944133559980336,-0.006545335936123098,-3.863996904899267e-07,0.13030479222359742,-0.039040427236161995
1976-07-09 18:00:00,,,3.735293399652786,,,,,,214.998122085481,0.0003385499736966466,6.422215312190309e-05,3.900819805246839e-06,1.8859667890876003e-06,4.927418990384532e-08,,3.581051064666206,0.8634605122035777,,,,,,3.969087403201492e-06,0.0007655860404291097,3131.9342308270157,0.00020033897027461488,7.245689630508423e-07,,284.5862625392936,0.00021583406177498178,,284.8710865269046,0.0003849116302806245,,,,7.869907208448332e-06,,4.099388799723789e-05,,,,,,,0.0011041390119925054,,,,,,,,,
1976-07-10 00:00:00,-1.3107096260115945,0.3055132465249688,,-0.7022760549240564,0.1474209847534902,284.9335215190459,286.6502981693787,0.8534248182054102,,,,,,,0.43835692998220227,,,271.45970153808594,271.4602966308594,271.4599914550781,271.4599609375,0.8499659035332809,,,,,,0.377843732664571,,,100537.24722633135,,,1.7041420118343196,121.7942326111201,0.14122908778444548,,285.34828321468194,,73773.63308986687,0.8983896685069834,0.07075956051632935,0.2661181642458989,0.09471356092825443,0.3684031469582101,,272.48812739806766,-0.7040904908490604,0.1791380933050573,1.9774257485099004e-06,0.09417911323569936,-0.30069982088529146,8.811213085758527e-07,-0.1436699128009864,0.31808607606492806
1976-07-10 18:00:00,,,3.059996712137256,,,,,,830.935041155134,1.1939224759502524e-06,8.377246558666229e-07,0.0,0.0,1.213824327401776e-07,,2.949556299920618,0.3182590642624353,,,,,,8.804359908640032e-07,3.825592086512661e-06,1328.3487426035504,7.742211310821172e-07,7.248541461469154e-08,,284.6603931675296,8.9084172963038e-07,,284.9924937592456,2.1717670930207833e-06,,,,8.804359908640032e-07,,2.4443601131351036e-08,,,,,,,4.9999127021202676e-06,,,,,,,,,
1976-07-11 00:00:00,-0.1564308369653465,0.3714402554303231,,-0.14070175103181917,-0.017600031294060882,284.2877262273484,286.4968276164941,0.8520261627682567,,,,,,,0.48915253331080166,,,271.46018981933594,271.45997619628906,271.45985412597656,271.4599609375,0.37379247902413093,,,,,,0.1449656399440836,,,100691.63036242603,,,1.2248520710059172,121.92660594691891,0.1407783807382076,,284.4751597748706,,73896.89827570267,0.7569991600583996,0.0031265098899162028,0.038201417959950995,9.419332594561154e-05,0.0010999709191406972,,272.5332717444064,-0.11048195630135621,0.15142385494074173,1.67434336617589e-07,0.001615191374481077,-0.00979646778053786,3.573942469097481e-07,0.005444694552901228,0.07040886307609152
1976-07-11 18:00:00,,,3.929582008948693,,,,,,361.1182996761164,0.00010135752209544888,3.285732495008841e-05,5.1140079836873616e-08,4.688782077392883e-08,5.1531556426348904e-08,,3.860951276925894,0.5681522527389978,,,,,,4.042744548363093e-06,0.00028768610470820695,2167.761740419286,8.112421402564415e-05,4.792894572901303e-07,,285.0488469050481,7.913592299060709e-05,,285.2696049255732,0.00014464812871267104,,,,4.093961779182479e-06,,4.457342906816471e-06,,,,,,,0.00038903798478354503,,,,,,,,,
1976-07-12 00:00:00,-0.5649850326176931,-0.07761116140692897,,-0.2385296059783394,-0.1531667652920153,285.0317281689164,287.40992655556585,0.8484297634581842,,,,,,,0.7369548011813644,,,271.4602508544922,271.45982360839844,271.4602355957031,271.4599609375,0.5204063916700126,,,,,,0.5320389450654476,,,100591.43232248521,,,1.4023668639053255,121.74731138330945,0.14003400689751438,,285.5265376525518,,73829.52572577662,0.9304830178001223,0.026285735839294524,0.17675610177615692,0.02452267979729105,0.037292707061443955,,272.72119140625,-0.18530615970227846,-0.027123400445520526,4.1394254819389446e-07,-0.0762570793106711,-0.02966582669308905,-8.550815517771658e-06,-0.7970741599269168,0.07934156677426671
1976-07-12 18:00:00,,,4.538532296581381,,,,,,346.81850537181606,0.0002698371043572059,5.721834284314037e-05,2.047878045302171e-05,1.9276195023892194e-05,8.934613528706032e-08,,4.34245859518559,0.8904317289414491,,,,,,0.00013157672430636613,0.0016223727508459086,3234.774311494545,0.0004933762127125756,3.276434699459189e-05,,284.95151858357985,0.0004524483499514144,,285.1322635447485,0.0006720440240196534,,,,0.00015205779724572537,,1.9349598672968395e-05,,,,,,,0.0018922781744646735,,,,,,,,,
1976-07-13 00:00:00,-1.1006468146510378,-0.7603836736735508,,-0.6196625105728059,-0.5554375958865916,284.79438592132027,285.74910000231137,0.845132375257255,,,,,,,0.8526062455755719,,,271.4598388671875,271.45936584472656,271.45977783203125,271.4599609375,0.7138853778500529,,,,,,0.84172956654306,,,100805.41087278107,,,2.4023668639053253,128.96340328419703,0.14056520631327432,,285.33684472078403,,73958.36709504438,0.9997421707627336,0.17530015077904837,0.26204252525194155,0.4014350845968935,0.9941084480365,,273.0337159647744,-0.6165887279623359,-0.5198046046601245,3.6665505024235275e-06,-0.11392312924537433,0.3768608277366006,-9.223501478354915e-06,-0.9546492480667386,0.528395032036234
1976-07-13 18:00:00,,,4.210167416454067,,,,,,491.966251892451,0.00017145134993558806,5.7682835844141494e-05,0.0,0.0,2.0011100130529038e-07,,4.053442672864925,0.858986397466716,,,,,,2.0543939968538002e-05,0.00047986923590214294,3099.8349590414373,0.0001108649037998809,3.655556831839522e-06,,284.2786265717456,0.00014405402206104888,,284.4785791882396,0.0002328913945418138,,,,2.0543939968538002e-05,,8.160634153693385e-06,,,,,,,0.0006513510935405302,,,,,,,,,
1976-07-14 00:00:00,-1.6774344811072717,-0.2605755032872307,,-0.8488394946036254,-0.29842583808673206,284.36427081407174,285.36194931120565,0.8389581247899659,,,,,,,0.6200104413565094,,,271.4598846435547,271.4605255126953,271.46009826660156,271.4599609375,0.7349752104626253,,,,,,0.814097359644238,,,101078.61446005917,,,1.7455621301775148,130.19079788478874,0.1406036664748333,,284.25903031388685,,74160.62830528847,0.9623749347833487,0.09394950752102456,0.12248614600710792,0.10724373540934726,0.32055994546508965,,272.1699377658099,-0.8670466327102933,-0.29656847553140314,8.387275325332784e-07,-0.1311118447568995,0.03974680470291679,4.210603565190156e-06,-0.4007839507605197,0.12786596061209954
1976-07-14 18:00:00,,,3.819485444288987,,,,,,152.303073409041,0.00018837898087924754,4.215697212332099e-05,1.009137055577611e-05,1.8941227500960672e-06,-7.958780942634905e-08,,3.6576193803866235,0.872418328105698,,,,,,9.232054095296464e-05,0.0006620430413452935,3217.5797400841348,0.00014757933701283832,1.5847164498278374e-05,,284.68446629992604,0.00018057308509893097,,284.8566807854105,0.00027120506065706835,,,,0.00010241100774008847,,1.786164278109398e-05,,,,,,,0.0008503985630195745,,,,,,,,,
1976-07-15 00:00:00,-1.4727737325183032,0.11631230348666038,,-0.7809773845785468,-0.00411903223342444,285.16287068925664,286.7532807299371,0.83136473111147,,,,,,,0.734920214795502,,,271.46009826660156,271.4607849121094,271.4598693847656,271.4599609375,0.7834686799162238,,,,,,0.6690300942878046,,,100943.625,,,1.952662721893491,130.79000276644555,0.14011902498775686,,285.00038426867604,,74055.94669933432,0.9844948998569737,0.1027427677219436,0.16424991256011837,0.09231007592917899,0.4879119310241479,,272.9666675815921,-0.699426447851418,0.07327151439599032,5.433135101097752e-06,0.27825776093016713,-0.09373548609265209,6.711221032792471e-07,-0.06219826647515833,0.19926647356981356
1976-07-15 18:00:00,,,4.007601845193896,,,,,,283.35818246694714,0.00012179468510418955,3.705901154399623e-05,2.9519729360320864e-05,6.460998008942463e-06,-3.264246445793945e-09,,3.7641438760701016,0.8188879532221507,,,,,,5.7112976644166125e-05,0.00023635397622472513,3148.9036626872225,3.9113079302409694e-05,1.4382574332536325e-05,,284.4384187777367,6.992901165320549e-05,,284.5877129368528,0.00015745265156952163,,,,8.6631912451524e-05,,1.2987772741261319e-05,,,,,,,0.000358187257135807,,,,,,,,,
1976-07-16 00:00:00,-1.054912031049559,0.13889005198281193,,-0.572784751124636,-0.0787939602101343,283.3886285364275,284.595895259338,0.8250907130495331,,,,,,,0.9404514943354229,,,271.4593963623047,271.4599609375,271.4601745605469,271.4599609375,0.8334083638247654,,,,,,0.7010984092774476,,,100721.0399408284,,,2.088757396449704,131.41292251496625,0.13996800586316713,,284.8035664755917,,73892.70233912722,0.9981473141167996,0.06399142768608748,0.24766108863187966,0.03085213883827043,0.14903563474850542,,272.96025889018586,-0.4953715702485756,-0.046476956655287886,1.1569297853195984e-07,0.2915804416558446,-0.12913297442994878,-3.1281820775323806e-06,-0.5006712795009275,0.45493822690297864
1976-07-16 18:00:00,,,4.188883741931803,,,,,,414.6551214816302,8.468532703331942e-05,8.010454255448291e-06,5.2269217530651204e-05,1.5950679073672322e-05,-2.425432344433609e-07,,3.88938088388838,0.8601562751115427,,,,,,0.00016032291587287858,0.0004047088574903284,3168.5447745238534,5.5333478210945805e-05,3.563066029689721e-05,,284.1940166766827,0.00010647207085715163,,284.3631815712833,0.00017145483783162447,,,,0.00021259336781924998,,2.252672021910989e-05,,,,,,,0.0004893869766758854,,,,,,,,,
1976-07-17 00:00:00,-1.2437813662918362,-0.2338363828038323,,-0.5767973668476534,-0.20083762625970783,283.26534907775516,284.40672527967826,0.8298778301160011,,,,,,,0.7769786108880353,,,271.4595642089844,271.45965576171875,271.4602813720703,271.4599609375,0.5849441854206062,,,,,,0.7461376172551036,,,100904.35170118343,,,2.5857988165680474,132.1684929661497,0.14128823816423586,,284.2967478735207,,73988.25062407544,0.9933515469703449,0.07252291250511034,0.12178429925935508,0.0339668770513591,0.22532808908520366,,272.98701449964176,-0.44826761505307533,-0.07952860544419148,7.704535304443338e-07,0.37796329041204507,-0.2195763030701135,-6.775200379373142e-07,0.12416046610950718,0.14261315101702537
1976-07-17 18:00:00,,,4.3366575523241035,,,,,,933.0010319094686,5.2803278674740763e-05,9.93400459458842e-06,7.088742488940086e-07,1.3463948605328622e-07,8.778982100382822e-08,,4.246005944246371,0.6463220891867869,,,,,,2.5548354981566324e-06,3.0427224042882403e-05,2508.750611073872,7.671805528494027e-06,9.038154939575308e-07,,283.9700790495562,9.354182266286755e-06,,284.23304017196745,4.566374953614307e-05,,,,3.2633543014526367e-06,,2.745274432312102e-06,,,,,,,8.322164137620316e-05,,,,,,,,,
1976-07-18 00:00:00,-1.1955442428588867,-1.0436302388208152,,-0.5649168477255917,-0.7306309141350921,284.2510357918824,285.5493756356324,0.8267750768266486,,,,,,,0.04115141919378698,,,271.4601745605469,271.4601287841797,271.45989990234375,271.4599609375,0.4773918919309357,,,,,,0.066578295103897,,,100878.44896449705,,,2.0710059171597632,131.71943601348696,0.14021880245773044,,283.9986435026812,,73980.44803994083,0.5508229930019943,0.0013756657274895518,0.04038390602815563,0.0007058431410930566,0.0015094661148342156,,272.5831912791235,-0.47985190329467053,-0.6181259380995169,-7.228340454001431e-08,-0.002775004342991925,-0.005705740435059959,-1.8150511838546705e-07,-0.00724474777131391,-0.06331679242602467
1976-07-18 18:00:00,,,4.124048611116127,,,,,,197.13144867329657,3.228900876976329e-06,3.2087644705405603e-07,0.0,0.0,2.2049718512326876e-07,,4.127349294854339,0.42753790680473375,,,,,,4.323873429189949e-08,7.813884573575307e-06,1545.7701543322682,1.041367429600665e-06,1.5197107540829294e-08,,284.14716767982617,7.949196375333346e-07,,284.5859216091901,8.97080764262634e-06,,,,4.323873429189949e-08,,1.9201556959095793e-06,,,,,,,1.1047094884003408e-05,,,,,,,,,
1976-07-19 00:00:00,-0.9353157020884858,-0.4735809303599702,,-0.5127307564549192,-0.4159522084794806,284.8273189025518,286.1525286612426,0.8135695746664465,,,,,,,0.08423149515185836,,,271.4600067138672,271.4598388671875,271.4599609375,271.4599609375,0.40644266478408725,,,,,,0.12973293327015534,,,100658.09837278107,,,1.816568047337278,131.59834226348696,0.13807755532349356,,283.7223557692308,,73876.92756102071,0.5059227463761731,0.0026347340916740825,0.04200015712778095,0.0006317556257078634,0.002272983979896681,,271.0020137990015,-0.467213890256261,-0.23490888268284543,4.8629492364573075e-08,-0.012170738017065285,-0.020034679294337887,-3.4234456899823874e-07,-0.11152891964602048,-0.05992493474271876
1976-07-19 18:00:00,,,4.683248141813561,,,,,,454.5113598408143,6.654188477781397e-05,2.118918669999704e-05,0.0,0.0,1.5415960387785292e-07,,4.653219764754617,0.600427751710429,,,,,,1.5256717007541093e-06,0.0001927226252809784,2228.0710168420915,4.6374529776488534e-05,4.832709990662231e-07,,284.24173100036984,4.4423359385608924e-05,,284.5734603249815,0.00010441164293232754,,,,1.5256717007541093e-06,,5.545998377912848e-07,,,,,,,0.00025925269493689906,,,,,,,,,
1976-07-20 00:00:00,-1.4530869376729931,-0.8611314085108288,,-0.6649462682961007,-0.5425174306835648,284.231462647929,286.12027320636093,0.8108054656954207,,,,,,,0.23959666596361873,,,271.4601135253906,271.4596710205078,271.46009826660156,271.4599609375,0.5479950177202211,,,,,,0.2665811572554549,,,100772.42529585799,,,2.0059171597633134,130.11956082857571,0.13683578953940487,,284.88493175619453,,73952.71447392751,0.7183421081339819,0.02162098179202108,0.13532469748827966,0.056047879732572116,0.13883222771819526,,272.04918350129435,-0.6119759125117015,-0.4697845334837423,3.2857242977169493e-07,-0.1394203739053399,-0.11941585879354082,-7.191229303031278e-09,-0.33307045028054505,-0.10084710318661301
1976-07-20 18:00:00,,,4.939824115595169,,,,,,309.79222586495536,7.204808427031929e-05,1.1663729622519229e-05,0.0,0.0,9.839548693378682e-08,,4.817719527250211,0.4542738333256287,,,,,,3.2058713086963407e-07,0.00014783962238469774,1723.5345414630056,2.5851310357539612e-05,1.3037000578888775e-07,,284.5073690019416,2.4606225758614624e-05,,284.87337769276996,8.659073587000017e-05,,,,3.2058713086963407e-07,,3.6511978013275645e-07,,,,,,,0.00021988188726662178,,,,,,,,,
1976-07-21 00:00:00,-1.8804331446540425,-0.4608306151169997,,-0.9691623146011985,-0.3959596622625046,283.71073091947113,286.27278453217457,0.8352624460084904,,,,,,,0.2024636353261372,,,271.4602355957031,271.46009826660156,271.46009826660156,271.4599609375,0.4117467756102071,,,,,,0.18178626066128883,,,101008.73076923077,,,1.7455621301775148,123.48637850609052,0.13592764893932455,,284.1161271495932,,74180.07861039201,0.5767954087116309,0.014317371436124722,0.07497628255108008,0.023025241829234468,0.039922590086446004,,271.8059645432692,-0.9509340150821843,-0.24926465502857456,1.915676859651758e-06,-0.1262334676889273,-0.053049258579163865,-1.478980029464738e-07,-0.4007045700705263,-0.027311392789761697
1976-07-21 18:00:00,,,4.817004570594201,,,,,,272.2880660076531,0.00020087188517553566,2.8779873481163613e-05,0.0,0.0,6.262327652626406e-08,,4.789215990777552,0.53195443238027,,,,,,1.0438555487866937e-06,0.00016844025730381352,1958.2877218934912,5.900313162944726e-05,2.145527492789827e-07,,284.3495371440459,5.1669996871045356e-05,,284.6656024639423,0.0001518541186518923,,,,1.0438555487866937e-06,,4.906030977971455e-07,,,,,,,0.00036931496400099533,,,,,,,,,
1976-07-22 00:00:00,-1.613353616387181,0.004939282434226493,,-0.9753873305913259,-0.16849044370933397,284.13722003282174,286.31579806536615,0.850009843442567,,,,,,,0.2618714281793177,,,271.45928955078125,271.45965576171875,271.46002197265625,271.4599609375,0.6113661091730616,,,,,,0.19896007289547893,,,101218.48187869822,,,1.7100591715976332,121.36306582117928,0.1353178983609352,,284.6281651604105,,74314.66503328402,0.7060449089546351,0.025400150457077476,0.10617730791763866,0.014933794913207286,0.04641145785179364,,272.2802373220229,-0.9530433225913866,-0.12232247753256172,5.290838724454127e-07,-0.20214660351093,-0.10680545152291744,-5.438331426424387e-07,-0.2874022884481757,0.07139457718155087
1976-07-22 18:00:00,,,3.2520903186685235,,,,,,240.84682350387115,7.008386434182613e-05,6.936159888668173e-06,0.0,0.0,4.5945749411523204e-08,,3.0707886092056182,0.5630422738882211,,,,,,1.4598012940418085e-06,5.131942280650844e-05,2157.4855575505094,9.02185954991177e-06,1.615651789501574e-07,,284.9345269739275,1.2839731027388714e-05,,285.20243302745934,4.6041634308515925e-05,,,,1.4598012940418085e-06,,2.992907043039446e-07,,,,,,,0.00012137507193187285,,,,,,,,,
1976-07-23 00:00:00,-0.35820461589203784,0.0012231691349187546,,-0.20061830373910758,-0.20102709143824832,284.2208028037167,285.8893205089682,0.8594108460217538,,,,,,,0.051831307495839495,,,271.45912170410156,271.4596405029297,271.45989990234375,271.4599609375,0.4784823186563317,,,,,,0.17521486903083394,,,101021.7400147929,,,1.514792899408284,117.71816474869406,0.13476694829365204,,284.78014920025885,,74152.08388036242,0.5597339257950613,0.001297273579433825,0.10678120069729286,0.0024430991629877034,0.0009302782589161889,,272.80650194156806,-0.20649149855213053,-0.08430002003731812,3.5720393648880847e-08,-0.007896052309747279,-0.0028484397121435086,2.532611236309622e-07,-0.04996252694778894,0.03234204561752681
1976-07-23 18:00:00,,,3.2358103927070574,,,,,,306.05963721642127,0.0001640854149880494,3.063493579097048e-05,2.310671926250119e-05,1.068325085047434e-05,4.732221105441379e-08,,3.1299332782361633,0.6781857217380987,,,,,,2.1721252940110203e-06,0.00011108012131545317,2539.878907784908,2.485024329473281e-05,4.5243953767965533e-07,,285.59013556305473,4.0260027851578754e-05,,285.78054647050664,0.00012491749235864222,,,,2.5278497377090907e-05,,2.1402343843110212e-06,,,,,,,0.00027516712340942855,,,,,,,,,
1976-07-24 00:00:00,-0.884876945315028,-0.09534926104122365,,-0.4631207313763319,-0.1879444178744886,285.218313725037,287.05363292806953,0.8563127623507257,,,,,,,0.8525260595174936,,,271.46026611328125,271.4601135253906,271.4600372314453,271.4599609375,0.6469825209950554,,,,,,0.5290535589647011,,,100655.93380177514,,,1.4792899408284024,120.97597724869406,0.13480098995231313,,285.78662398298815,,73902.94279308432,0.9633538581915861,0.02911802345594755,0.16430434205613415,0.01566720996382674,0.02812396485038851,,272.988860903407,-0.3977909144565199,-0.1399743966096957,1.4119794921702897e-07,-0.18950149152405868,-0.1592203674937141,-6.28272212952921e-08,0.17468733512438261,-0.07655175656256591
1976-07-24 18:00:00,,,3.295243669543746,,,,,,308.88154087405235,0.0005641516812447554,0.00010384125469704351,1.0696234258674305e-05,2.2783236214395105e-06,2.071451544153749e-08,,3.119373050667125,0.9236518680696657,,,,,,1.1726332134043676e-05,0.0002697573172392809,3311.3228983681583,7.678415914656478e-05,1.975120260165288e-06,,285.6842351608728,0.00014749355356943636,,285.887451171875,0.000350996001419758,,,,2.24218830554443e-05,,1.5032802813151885e-05,,,,,,,0.000833891869709309,,,,,,,,,
1976-07-25 00:00:00,-0.9255999672342334,0.4223591561853533,,-0.47431475170970666,0.08058260107886862,284.8867259730954,285.8600525263499,0.8520471566527553,,,,,,,0.7038765489702394,,,271.4596405029297,271.4601135253906,271.459716796875,271.4599609375,0.7981211765939314,,,,,,0.6335093481300851,,,100501.97688609468,,,1.4082840236686391,122.71622318064672,0.13447938445051746,,285.7245992626664,,73782.56566660503,0.9712494449502618,0.05809054403158026,0.19849290914789458,0.037723539241042575,0.13083655340321496,,273.13317162327513,-0.42811131900584204,0.0624011081351331,2.7937717465738924e-06,-0.1642686742297291,-0.1344995893670257,-9.446019291624251e-07,0.05203048117767424,0.15310118748591497
1976-07-25 18:00:00,,,2.7724672577084872,,,,,,234.1692410982572,0.00015325535683942263,3.307176059519751e-05,5.335782616007963e-08,6.379680184526203e-09,4.1988380215213066e-08,,2.7294924075786886,0.7701215405435957,,,,,,3.5845007769454866e-06,7.05740288694385e-05,2696.0063173192493,2.2643262288979523e-05,5.943601477075611e-07,,285.75715953217457,3.694213882705869e-05,,285.98677884615387,8.845941758951225e-05,,,,3.6376026960519644e-06,,3.397993787505923e-06,,,,,,,0.00022377240408447705,,,,,,,,,
1976-07-26 00:00:00,0.29390127419014656,0.2732580850815632,,0.19786435189331777,-0.05041848696195162,285.52280042298446,287.45179161658655,0.8456172255369333,,,,,,,0.9521745549151178,,,271.4599304199219,271.4599609375,271.45997619628906,271.4599609375,0.6354115743344352,,,,,,0.38872324516610984,,,100498.84411982249,,,1.2899408284023668,122.84760261851655,0.13393027683686928,,285.75077287120934,,73786.08122226331,0.9857435522700203,0.016431636193535736,0.1329405073010357,0.009482411943243806,0.02527397200906065,,273.0447552020733,0.16691108568180243,0.04812475351186899,1.8726874237774027e-07,-0.07495635148336197,-0.06871704095919456,1.776813281963155e-07,-0.10416228390304294,0.12135242073405424
1976-07-26 18:00:00,,,2.987013297673513,,,,,,499.57667180349137,9.259969525083283e-06,1.25970471011111e-06,6.27802343234508e-08,3.007923930707063e-08,6.19357063821173e-08,,2.9367921708603584,0.41984819942677515,,,,,,3.0742021354697864e-06,1.6833220184202024e-05,1589.5623199587037,3.732156735905529e-06,3.691674513224314e-07,,285.52370330991124,3.633921492029224e-06,,285.76615228596523,1.542164376501501e-05,,,,3.136275611685578e-06,,1.1329842213342882e-06,,,,,,,2.606301265355398e-05,,,,,,,,,
1976-07-27 00:00:00,0.17730635016627566,0.6867147253815239,,0.08380814275798007,0.12216525352918185,285.23510453263685,286.72249734190086,0.8467125508206836,,,,,,,0.9591092809417544,,,271.4603576660156,271.4603729248047,271.459716796875,271.4599609375,0.3705418607848283,,,,,,0.3160664199973896,,,100371.09855769231,,,1.1183431952662721,121.20295579898992,0.13342796980276617,,285.0938959065274,,73693.26710428995,0.9767365254594024,0.019956520036656475,0.04825771333148273,0.0005058868396917039,0.01905115768340962,,272.9839952457586,0.1167046022133009,0.19532847298672917,-2.955857780762017e-10,-0.08165852663785043,-0.04740414499531131,4.435635797649115e-07,0.05240126086409981,0.04489024880634257
1976-07-27 18:00:00,,,3.1166330766395705,,,,,,292.21379622058754,9.366058738979362e-05,1.1519148681290757e-05,5.325622107150287e-08,4.0933719530326904e-10,5.310252162648409e-08,,2.865113929883968,0.6547315845916257,,,,,,1.5240405085524157e-06,4.965477919258182e-05,2454.5684908353364,1.3521282806904358e-05,1.6599102772375536e-07,,285.354230711446,2.26657242464596e-05,,285.623029539571,6.586480775528405e-05,,,,1.5776494198296903e-06,,1.4271609176545454e-06,,,,,,,0.00014332876881019475,,,,,,,,,
1976-07-28 00:00:00,-0.7838636150021525,0.3325350101177509,,-0.35692884230754784,-0.016030881531845183,285.27459030602813,287.2399078910873,0.8499645781234877,,,,,,,0.8175446098372781,,,271.4596710205078,271.4598693847656,271.4600830078125,271.4599609375,0.5521056659122896,,,,,,0.4611914083141194,,,100424.74389792899,,,1.3905325443786982,118.58179270727395,0.13299690901175054,,285.4688930172892,,73720.3841068787,0.9703632219303289,0.03639089221344192,0.10822353223283615,0.005542405258268999,0.0638664932108688,,272.90376922788,-0.2863040337195763,0.14472285953499156,1.8901892231822775e-07,-0.20415406537479197,0.020076491555871344,-6.396809252552115e-07,-0.19810192965896878,0.07197118440323327
1976-07-28 18:00:00,,,4.074911918865858,,,,,,277.7865621352337,2.5869385730585405e-05,2.8416580526081063e-06,3.4338579728053164e-06,2.6750670382257043e-06,4.657077823312182e-08,,3.9818127310487648,0.5098443567400148,,,,,,4.5209511365058153e-07,7.761443948604652e-06,2030.4015477648854,1.76862014468605e-06,7.171872672597332e-08,,284.9801061506102,3.7243644866717636e-06,,285.2979165703587,1.728352761910333e-05,,,,3.885147134227866e-06,,6.530417360850339e-08,,,,,,,3.362651310533036e-05,,,,,,,,,
1976-07-29 00:00:00,-1.631959356499847,0.286403977659327,,-0.8684086150671604,-0.1265261046279817,284.81827125323593,286.45347170857985,0.8530058687960608,,,,,,,0.7298086464140542,,,271.45970153808594,271.46031188964844,271.45970153808594,271.4599609375,0.5029100755439002,,,,,,0.16444634699080823,,,100501.00443786982,,,1.4733727810650887,118.69338664218519,0.13251645184127536,,285.03700680704515,,73762.77272096893,0.8950549529854362,0.00705016238377953,0.08251816016682506,0.001417428078736074,0.008931883062031423,,272.72605110484466,-0.7597169142503005,0.0018664760702460474,6.883366422806233e-08,-0.027223931967154058,0.01727730647478936,-1.3132581691197037e-06,-0.40149106922939687,0.1990568616025194
1976-07-29 18:00:00,,,4.599169550562752,,,,,,197.94148353712094,7.496245161316099e-05,1.3786175194576646e-05,1.2482202352856744e-07,1.1195158641013873e-07,3.4223090684819835e-08,,4.334643042299169,0.6354196022248128,,,,,,4.174463318649834e-06,3.720212930400618e-05,2258.850308570636,6.563167952926906e-06,9.361224678846506e-07,,285.394235103088,1.714137566428594e-05,,285.6011811205621,4.304671375272218e-05,,,,4.298985004425049e-06,,7.452288940108035e-07,,,,,,,0.00011216418414068567,,,,,,,,,
1976-07-30 00:00:00,-1.4796396740794888,0.644817470798831,,-0.8113864977684246,0.18046233498838526,286.19984860392015,287.7402257072855,0.8546253411022163,,,,,,,0.9277895625526383,,,271.46038818359375,271.4597930908203,271.45989990234375,271.4599609375,0.6601656326175441,,,,,,0.2533949695488978,,,100655.85817307692,,,1.3431952662721893,116.48094673833903,0.13203838167811285,,285.4456014238166,,73896.14044008875,0.9715533002593814,0.01936874100277145,0.13896606683995597,0.007281173615765995,0.015475604504060287,,272.85324475892196,-0.7654804308738934,0.23137228023371048,4.5351145521926377e-07,-0.11307098315312313,-0.011973919953114887,1.3737024335719689e-06,-0.5745347491382847,0.413278125601231
1976-07-30 18:00:00,,,3.470697797967132,,,,,,552.1720776078264,0.0002105544657396847,5.2538408330206335e-05,8.691080223173785e-06,3.7123399549687404e-07,3.969366364460582e-08,,3.1798575305374417,0.7918029036042253,,,,,,1.0074419382761216e-05,0.00047659899473459646,2935.905747272559,0.00011745712460850823,1.929281554983918e-06,,285.19934009800295,0.0001357893938651232,,285.3824860160873,0.0002604676480527061,,,,1.8765940468692216e-05,,1.837008979898938e-06,,,,,,,0.0006871557529606187,,,,,,,,,
1976-07-31 00:00:00,-1.5537199155818782,-0.0976559565617488,,-0.8042586682110848,-0.11910079640044263,284.72562494221523,286.3845128166605,0.8556689962127505,,,,,,,0.9231958315217283,,,271.4591827392578,271.4599914550781,271.4599151611328,271.4599609375,0.499818236363181,,,,,,0.5000318364342179,,,100785.7851331361,,,1.3609467455621302,116.97851977827986,0.1317921474840514,,285.3236047868898,,73970.18759245562,0.9823614076749813,0.06359143074761701,0.12220242687848193,0.0805065448467548,0.2134127655705801,,272.8559671435836,-0.7387315987129889,0.009465296592938124,-6.816104177065943e-07,-0.5736032689111472,0.09076508584283513,-1.4035349791682154e-06,-0.5056059910700872,0.17394688249339718
1976-07-31 18:00:00,,,3.3008710138896515,,,,,,948.8061204479586,1.8360787594812157e-05,3.616286981740647e-06,8.30347368703086e-06,1.97181378948618e-06,7.856254784657248e-08,,3.2603699046479173,0.4698912490754438,,,,,,3.6014254981949486e-05,7.030808714014539e-05,1694.8990384615386,8.030447381487965e-06,1.062946559409418e-05,,284.6223390116494,2.3130084988633556e-05,,284.92109346107617,3.5716055412969645e-05,,,,4.431808135918612e-05,,2.9134415310515453e-06,,,,,,,8.86959437082505e-05,,,,,,,,,
1976-08-01 00:00:00,-0.9892431010861369,-0.16012188386634962,,-0.45300862916122525,-0.31676308784259144,284.525407960429,286.65185257951185,0.858576329149438,,,,,,,0.4439274902571235,,,271.4600067138672,271.46044921875,271.4603271484375,271.4599609375,0.4029143745377219,,,,,,0.24373071433524407,,,100984.00110946746,,,1.7810650887573964,120.8852551702917,0.1317699703239125,,284.3794364252034,,74096.59670857988,0.740370176247591,0.021368426234876742,0.032607058955923446,0.0004712046956169535,0.04872555704511834,,272.8126769658376,-0.3484146073019716,-0.09234988759960648,5.339731706582566e-07,-0.11451035914336435,-0.03512343711401584,2.748241236319038e-07,-0.050555290202417315,0.04479842992312104
1976-08-01 18:00:00,,,4.565294807479226,,,,,,782.9725473711568,7.390623261942666e-07,1.730041898037555e-07,0.0,0.0,1.4299900144089113e-07,,4.470144898228392,0.3621212208764793,,,,,,6.570026124193824e-08,1.582363895939652e-06,1307.323291976071,2.9445223554351627e-07,1.1827564211396953e-08,,284.49407128328403,4.212898284902234e-07,,284.96985657821745,1.1648778864265193e-06,,,,6.570026124193824e-08,,0.0,,,,,,,2.2942773424662077e-06,,,,,,,,,
1976-08-02 00:00:00,-1.771958023838743,0.271391625940447,,-1.0006342216356265,-0.13411352620322323,284.51539530556585,286.2590765416975,0.8511913083714141,,,,,,,0.35593752889238167,,,271.4598693847656,271.4598846435547,271.46002197265625,271.4599609375,0.37559843345506655,,,,,,0.11590979443780372,,,100862.6575443787,,,1.2248520710059172,120.32222355046922,0.13119998627160429,,284.38784410826554,,74039.71777921598,0.637750309247237,0.0015826257362137907,0.029516784463232085,0.00010281924665326902,0.0011281092491375623,,272.2203022432045,-0.8496916787864188,0.08183513167341785,6.359079322287229e-09,-0.005192561637191378,0.0014338081360921351,-3.2008707561404805e-07,-0.066677987575531,0.014590089490427774
1976-08-02 18:00:00,,,4.279948426421577,,,,,,173.27386239858774,1.5149785745778733e-05,3.979216225048494e-06,0.0,0.0,5.6797175730509975e-08,,4.089679560012366,0.5543185804017197,,,,,,7.242658699052573e-07,1.2592958099037938e-05,2001.2496030006182,2.686782965998678e-06,4.6414237733952395e-08,,285.56218796227813,2.0375877574703398e-06,,285.79472540680473,1.4483487817662707e-05,,,,7.242658699052573e-07,,3.0061770120316004e-06,,,,,,,2.7734896487738254e-05,,,,,,,,,
1976-08-03 00:00:00,-1.4095725053866235,0.35220104420678855,,-0.8752812379916038,0.10617616755017162,286.19343593981137,287.6520085983728,0.8450142765891623,,,,,,,0.9619411565142976,,,271.4601135253906,271.4601287841797,271.45977783203125,271.4599609375,0.6019894197010077,,,,,,0.1651823778344682,,,100648.04789201183,,,1.272189349112426,119.56956545135678,0.13051684791519796,,285.47878287953034,,73891.07992788461,0.988197163364591,0.014494909998580548,0.08057102378452274,0.00033620546555378027,0.008895613790418092,,272.54777860923633,-0.8479562680396808,0.11617880601149339,-9.837356295189324e-07,-0.21132360725007818,-0.022813254559533837,-1.6244271110203227e-06,-0.200762156198716,0.02608017420627662
1976-08-03 18:00:00,,,6.481890605046199,,,,,,102.82362483097957,0.0002118285591080344,4.1962772078768034e-05,2.242069272599982e-05,9.658958586539037e-08,-3.7405951030913346e-08,,6.291683191378441,0.9673755835499284,,,,,,0.00021741164506539792,0.002211660870262036,3429.1510782636833,0.0006806279888810396,5.250216941156331e-05,,285.56955696421966,0.000711176184020415,,285.79945653430104,0.000924733159716402,,,,0.00023983075068547175,,3.161144679820044e-05,,,,,,,0.0024234682961143885,,,,,,,,,
1976-08-04 00:00:00,-2.1296401447092994,1.164581840560281,,-1.2803260814508743,0.589520311567205,285.3039362980769,286.4599941637389,0.85062686755107,,,,,,,0.9979035998942584,,,271.4598388671875,271.4600067138672,271.45973205566406,271.4599609375,0.8701507657237307,,,,,,0.8999276665540842,,,100785.91863905326,,,1.698224852071006,119.53147373538046,0.1311292845821945,,285.8677913507766,,73986.47281804733,0.999788505791207,0.2548805643203696,0.31885962071415236,0.31253467085798814,1.1550586282898336,,273.11626691648945,-1.2625442425880207,0.6739949414715964,1.482915504526942e-06,-0.8784261116614709,0.1312257439427122,-4.156452869533522e-06,-1.4026640999246631,1.2107471517954
1976-08-04 18:00:00,,,5.761858217814971,,,,,,233.82801015278292,0.0002881622814898414,6.495451433418771e-05,4.105684319896811e-05,8.958463485424336e-06,-7.913079102952089e-08,,5.5233638526419915,0.9380927089403367,,,,,,0.00014602891086826664,0.0020463395157357756,3360.500524396727,0.0006583928144366234,3.754669392602684e-05,,284.8858230861686,0.0006875121435020914,,285.082083256287,0.0008833339244125379,,,,0.0001870852250319261,,1.929682740092983e-05,,,,,,,0.002334501152495115,,,,,,,,,
1976-08-05 00:00:00,-1.7997428115302994,0.9136012549231038,,-1.085468580031536,0.4294286271524147,284.3332707331731,285.7313889723558,0.8528205071680645,,,,,,,0.9158470821098463,,,271.45965576171875,271.46022033691406,271.45970153808594,271.4599609375,0.862496354170805,,,,,,0.9094877288891718,,,101004.87389053254,,,1.8875739644970415,120.42877865401951,0.1322678532120744,,284.8934174486871,,74126.99345876479,0.9942974680979576,0.13368123403844043,0.3598380272425491,0.3031226510041498,0.655023374236547,,273.03747269669935,-1.0321792399389504,0.47296550005850707,2.7398271079742787e-06,-0.4713531753720617,0.45508127769774936,-5.449489903906305e-06,-1.025216858767899,2.240796835046019
1976-08-05 18:00:00,,,3.8713351988933495,,,,,,80.36061303855399,0.00022470386775993032,5.3632365175958216e-05,3.8090542223326556e-08,1.481298864240477e-08,1.2130122961574263e-07,,3.648827473792804,0.8215885246999165,,,,,,2.248725198077027e-06,0.0005811373679812035,2967.9442940435465,0.00015448959621452017,3.240988782700702e-07,,284.430890867696,0.00018050402579222912,,284.6522455159024,0.0003070436285797661,,,,2.2868212510848185e-06,,2.934823374776445e-06,,,,,,,0.0008058221904700221,,,,,,,,,
1976-08-06 00:00:00,-0.7044175334230682,0.8037482214397227,,-0.47631106856306626,0.269601376098994,284.493913819804,285.90050330528845,0.8515451278912245,,,,,,,0.8354462078337134,,,271.4598693847656,271.4598388671875,271.45985412597656,271.4599609375,0.821624159460237,,,,,,0.515816171947018,,,101027.5551035503,,,1.514792899408284,120.2001127886349,0.1329893106539574,,284.1146637504623,,74151.08485114644,0.9750065094620518,0.029813862464958304,0.23797319977152984,0.15123717178254437,0.1656410394859164,,272.60898567515716,-0.47255595054852184,0.23327377244565614,2.182940283866693e-07,-0.1148521293549848,0.06497494939483217,1.6422018879947401e-06,0.25937108316365076,0.5870196134645558
1976-08-06 18:00:00,,,3.3651562301364875,,,,,,138.16735036274386,7.748268765105298e-05,1.999347872988007e-05,2.7693014525802884e-06,2.983814248671898e-07,2.6614425062221206e-08,,3.1456199962006517,0.8014771486880511,,,,,,9.928063968934956e-07,0.00013010014899300155,3003.523319041235,2.5151396644185985e-05,1.4522019222643248e-07,,284.75625086677144,3.335761600697534e-05,,284.9493978827663,6.817641965082527e-05,,,,3.7620582524135974e-06,,1.646027233473648e-06,,,,,,,0.0002075483960766178,,,,,,,,,
1976-08-07 00:00:00,0.33552951925605007,0.5021728876779771,,0.10693449099388348,0.2485163479867066,285.2499985553809,286.71199207193047,0.844812369910923,,,,,,,0.8095950050466865,,,271.4602813720703,271.4603576660156,271.4595947265625,271.4599609375,0.7681458810862352,,,,,,0.3344972217841261,,,100897.45987426036,,,1.5088757396449703,120.30333948981833,0.13210314124293582,,284.91759314903845,,74067.40382303995,0.9612941318715112,0.027266536818640913,0.19001903916163557,0.014843370787490755,0.03524597122929109,,272.66051451553255,0.1395220647196798,0.2971386214685158,2.8116068623329035e-07,-0.1768184149053675,0.02483789737407978,1.166562733433992e-07,0.3587651114040137,0.026728769378549247
1976-08-07 18:00:00,,,2.655324066884419,,,,,,174.85536591117904,0.00019393923014578734,4.449332430517885e-05,1.664115832402156e-05,2.311090745869473e-06,-1.3156680394716274e-08,,2.481454775883601,0.8346321060812685,,,,,,3.410064609798454e-05,0.00013583448864299164,2879.9216649885007,3.4065024387201615e-05,1.1637674633567855e-05,,284.76709417760725,6.18497383665051e-05,,284.9064031296228,0.00013067498362275977,,,,5.0742421629866196e-05,,3.3709689004886786e-06,,,,,,,0.0003298029039033066,,,,,,,,,
1976-08-08 00:00:00,-0.5935524596265082,0.2736698195073732,,-0.3503416840141342,-0.035724882543439695,284.22228209365755,285.5257720044379,0.8440582544140561,,,,,,,0.7807115856447869,,,271.4600067138672,271.4600830078125,271.4601287841797,271.4599609375,0.726079045315466,,,,,,0.5288551120892079,,,100960.42899408285,,,2.0473372781065087,121.30974204159347,0.1315795091482309,,284.7782220784024,,74094.08889607988,0.9537817744108347,0.039223574967118056,0.155283749330866,0.006755343555698733,0.0700847919170673,,272.89384144438793,-0.32234283876136915,0.07415596056266649,1.8503445562870054e-06,-0.2619118895051042,-0.029311593114977053,-4.017347882890291e-07,-0.19105070582508335,0.06768044988079185
1976-08-08 18:00:00,,,2.920001154115214,,,,,,169.3515020968646,9.620617303622545e-06,8.605916560048887e-07,0.0,0.0,1.1994760046483065e-07,,2.5727553621551693,0.5431569116355399,,,,,,3.4252005304105183e-07,6.5210876027507895e-06,2271.365828113443,8.605737459553769e-07,2.4560877513250654e-07,,284.52613604844674,9.944114128689794e-07,,284.8043971315644,9.637039441328783e-06,,,,3.4252005304105183e-07,,3.270375040861276e-08,,,,,,,1.6147832898698615e-05,,,,,,,,,
1976-08-09 00:00:00,-0.0437221075656146,0.5888470418354463,,-0.08106680311394866,0.1326013147478273,284.74670337925295,286.81822647004435,0.83811400910101,,,,,,,0.7056551776694123,,,271.45924377441406,271.4600524902344,271.4598083496094,271.4599609375,0.5590202004246457,,,,,,0.1850992236617049,,,100877.72281804733,,,1.5562130177514792,122.95228549573548,0.13083475158059385,,284.08203413923815,,74021.55022651626,0.9242542537711781,0.003533529677048061,0.1175421412439036,0.0008005418721035388,0.0007664451937703691,,272.203953489044,-0.033931833752513636,0.17810689344914002,-3.408208189306305e-08,-0.019428983815675656,0.010193272679768635,-2.7612203715083925e-07,-0.17256667769166845,0.2197608286239339
1976-08-09 18:00:00,,,3.2785255161262827,,,,,,82.76703169783191,2.3918083080878623e-05,4.386694649972859e-06,0.0,0.0,5.166541157816361e-08,,3.0380628179516314,0.6876377805450259,,,,,,2.093370673219128e-06,3.4016705829010915e-05,2482.8462027826254,1.202777204428904e-05,5.041761599348847e-07,,284.6023613743528,7.05431110760164e-06,,284.7522868320081,2.406951943798178e-05,,,,2.093370673219128e-06,,4.991007274424536e-06,,,,,,,5.7857417495998403e-05,,,,,,,,,
1976-08-10 00:00:00,-0.10391107254479764,0.5304371704011274,,-0.15201916214982433,0.17214836594621105,285.0629276072485,286.0198461769601,0.8389489223971169,,,,,,,0.7518955433862449,,,271.4595184326172,271.45945739746094,271.4600067138672,271.4599609375,0.7206411799030191,,,,,,0.20260484684148483,,,100747.31416420119,,,1.757396449704142,121.51076367620885,0.12994015992745844,,284.4026514538646,,73920.84749445267,0.9332288327301748,0.006749078010060114,0.18314215100023168,0.003770083365355723,0.005664238562950721,,272.1403880824704,-0.14690376597748706,0.18487430465291943,5.438784774552656e-08,-0.012128076609775159,0.0010851997904170899,3.1634630776077963e-07,0.15143486063861283,0.0978292513352174
1976-08-10 18:00:00,,,4.597540595827724,,,,,,405.0033479047245,0.0001512631862121221,4.915566839410003e-05,2.4296387412844326e-06,8.611372236669416e-07,1.1812216891926443e-07,,4.3561332239907165,0.7711306201547561,,,,,,6.411890306416347e-05,0.0008947907332732331,2858.79556761973,0.0002458740973613671,1.1820588591536122e-05,,284.87669742742236,0.00025384074518509204,,285.087663819804,0.00036772308332720996,,,,6.654823320151786e-05,,2.662370190817929e-05,,,,,,,0.0010460398118771242,,,,,,,,,
1976-08-11 00:00:00,-1.4899154809805064,-0.558727247475167,,-0.761782177806606,-0.3207966787575265,284.1192070774778,285.31783353365387,0.8471027185931008,,,,,,,0.6715583217787672,,,271.45957946777344,271.4600830078125,271.4600372314453,271.4599609375,0.6544033720119465,,,,,,0.7206749993668505,,,100610.03975591715,,,2.1124260355029585,120.80872502975916,0.1306766730088454,,284.7281082424186,,73812.90282914201,0.935053938591974,0.06362053131017856,0.21201130844233834,0.09200959515994822,0.32837897884113904,,272.6829595622226,-0.7236526816554324,-0.20233392997606267,4.4172106189487956e-07,0.11938422142401249,0.034002624319855276,-3.934768992944582e-07,-0.17419195457323064,0.24652371674599732
1976-08-11 18:00:00,,,4.073048913267237,,,,,,749.9391375660191,4.5494744058191425e-05,2.911616359236678e-05,4.960119327497201e-07,9.068106053143563e-07,3.758569732108622e-08,,4.044435281019944,0.41790529966530715,,,,,,6.109564262028982e-05,0.00038500650394597704,1666.2077023658526,7.038074132253432e-05,1.6033869875958686e-05,,284.6215719189164,9.390764687893659e-05,,284.8355676775148,0.00013081173925004767,,,,6.159011428878152e-05,,1.8580160902802054e-06,,,,,,,0.00043050354049050597,,,,,,,,,
1976-08-12 00:00:00,-0.7506051712487576,-1.3313576963526257,,-0.2825961536204321,-0.8929876970821584,284.30896935096155,286.35504836584687,0.8462239743689813,,,,,,,0.6825325059864296,,,271.4601135253906,271.45985412597656,271.46014404296875,271.4599609375,0.27072263273173536,,,,,,0.5945335178906043,,,100738.50036982249,,,2.0177514792899407,124.7813350519485,0.1316233471300475,,283.92552410780326,,73871.93179086539,0.8765008181509887,0.04107141362492149,0.08159692246141739,0.045169446595321745,0.20806206600127822,,272.6796549960706,-0.20791394047483186,-0.5795158352372209,2.6769996014528374e-07,0.034505933346832995,0.09158816466317374,-4.100936365771223e-07,-0.12095803586688973,0.07214555408827653
1976-08-12 18:00:00,,,4.718603754890036,,,,,,485.69004948181515,0.00011204826761279586,3.082838636883617e-05,0.0,0.0,-3.8258761071776366e-08,,4.401037334690432,0.6033469951276244,,,,,,4.9288456256573016e-05,0.0004076572542501401,2294.8089000092455,8.87964604168954e-05,1.3910366233283951e-05,,284.40505096616124,0.00010563918119351539,,284.64664183848004,0.00017452806808421765,,,,4.9288456256573016e-05,,4.4380331180504795e-06,,,,,,,0.0005196857712114127,,,,,,,,,
1976-08-13 00:00:00,-1.6672967876908342,-1.533231170925163,,-0.765446702404135,-0.9043177147588787,284.5127603203587,285.8594905695266,0.8357343148197648,,,,,,,0.5567760580390163,,,271.45916748046875,271.4598846435547,271.4601745605469,271.4599609375,0.5556540627407252,,,,,,0.5153086362682151,,,100788.33043639053,,,2.1538461538461537,125.84739459336862,0.1313599326906825,,284.05217675203403,,73915.74227995562,0.9449062340358305,0.08464410133968443,0.07267944389794397,0.0421078473153199,0.28143807301248186,,272.3816466924001,-0.7055306067833533,-0.6975114472519012,1.3390185894202111e-06,0.11335635749546029,-0.0034304031958946814,-7.293090126449628e-07,-0.3505208619247527,0.09890318304829343
1976-08-13 18:00:00,,,5.856320951111924,,,,,,247.96178801948503,6.394925907518736e-05,1.3511209092902008e-05,8.200708578324177e-06,1.1546526258513773e-06,1.197096037760703e-07,,5.610644289727747,0.7849817428759922,,,,,,1.2806666320597631e-05,0.00015667868606564857,2929.028795592178,4.776871415990344e-05,2.50993087094211e-06,,284.66586538461536,5.193425000771968e-05,,284.8718695104475,9.964683792266969e-05,,,,2.1009072220537085e-05,,3.7940648885873645e-07,,,,,,,0.00022063038720945296,,,,,,,,,
1976-08-14 00:00:00,-3.082753728832719,-0.06741900133663381,,-1.7639826204649796,-0.14512713844254171,283.6444229035688,285.14902834920485,0.8278633250287298,,,,,,,0.870845919177377,,,271.4602355957031,271.4606475830078,271.45997619628906,271.4599609375,0.6919132185405528,,,,,,0.701282452902145,,,101040.12925295858,,,2.0473372781065087,125.5900212575698,0.13106629128992206,,284.1743409647744,,74111.3888683432,0.9896037917165361,0.036349407799497864,0.10633710555776336,0.007968620435726008,0.05937354814002191,,272.65035703760634,-1.6270779321884967,-0.07091437006843161,-1.2028581914340406e-07,0.005630758739787446,0.07219189363559322,-5.112216462100134e-06,-0.9651054066313794,0.23064798822064372
1976-08-14 18:00:00,,,5.327657225569324,,,,,,187.7092792578703,0.00010783555944995767,2.528131889873708e-05,2.685599249495557e-05,6.072487704147248e-06,1.2615369598397754e-08,,5.098314990658732,0.8021641842712312,,,,,,8.304514123137886e-05,0.0001870156048673552,2908.7472898946007,3.173532923297769e-05,1.6901928644913893e-05,,284.40194359051407,5.8447688641632804e-05,,284.59238050110946,0.00011161904363237189,,,,0.00010990302943619046,,2.9761156827740417e-06,,,,,,,0.00029485181310421476,,,,,,,,,
1976-08-15 00:00:00,-2.3471596339750573,0.5405670820608647,,-1.3831280702669946,0.1791135517097789,284.15929381240755,285.2486723950629,0.8235025532852264,,,,,,,0.87325766135955,,,271.45985412597656,271.4593505859375,271.45997619628906,271.4599609375,0.6657188090346974,,,,,,0.4613105122154281,,,101162.99056952662,,,2.230769230769231,125.21895062147513,0.13108156700811444,,284.1669329581176,,74198.68001109468,0.9777102209407197,0.02388314609470937,0.10665366722177164,0.0046663679314788275,0.06380582660761766,,272.8929353070682,-1.2813981750307704,0.24209762889252612,3.235765054137253e-07,0.04708709340740943,0.035425632971630996,-3.257186872576027e-06,-0.5795269802477233,0.31428406398589087
1976-08-15 18:00:00,,,3.607512575634838,,,,,,224.22599918884637,0.00023223944669644508,4.9969501043917865e-05,1.8271909662957727e-05,4.977913650535268e-06,1.3263264563163335e-07,,3.3128069589829305,0.872969821007294,,,,,,1.679210973209178e-05,0.000421431824437626,3277.6824380547337,0.00010717303089841584,3.6216544858097325e-06,,284.0506541235207,0.0001295116758235414,,284.2052471454327,0.00025419737972494317,,,,3.506450434408244e-05,,6.08108452791293e-06,,,,,,,0.0006536120191795015,,,,,,,,,
1976-08-16 00:00:00,-0.756364083149024,-0.0022975876486513035,,-0.3545871824907833,-0.07168243904790934,284.45600701507027,285.4484949958395,0.8185833953541412,,,,,,,0.9890144333331543,,,271.4603271484375,271.46031188964844,271.45985412597656,271.4599609375,0.6715419669828472,,,,,,0.5147728654142667,,,101127.38997781066,,,2.1124260355029585,125.88074795875323,0.13072056742109492,,283.7787190273669,,74175.69309356509,0.9983441138408593,0.06917982242075649,0.14287475019847676,0.055805454592732985,0.17657713672923223,,272.3083915033284,-0.3261694541344276,-0.02235720707820012,7.365187063049277e-07,0.05999075273084923,-0.02939527733086129,2.487258384274264e-06,-0.29580515799437757,0.12756552639797594
1976-08-16 18:00:00,,,2.7704559247169267,,,,,,186.68405584752912,2.7133339255519167e-05,5.348216323457526e-07,1.5587942707820756e-07,7.707865346641935e-08,1.5606058301789787e-07,,2.6739846855931027,0.7484842253154551,,,,,,3.4782528524568094e-06,2.31997441511533e-05,2714.360802283654,3.391766601060269e-06,7.247535743304258e-07,,284.1675787028476,4.26143451907931e-06,,284.39500652967826,3.842571650427181e-05,,,,3.634197031252483e-06,,3.7789432960149098e-06,,,,,,,5.033859419113765e-05,,,,,,,,,
1976-08-17 00:00:00,0.7847492680747128,0.36030278897144385,,0.2793225966967069,0.05797989657644689,284.3735019300111,285.8560552653476,0.8149174550581261,,,,,,,0.9269937499035039,,,271.4602966308594,271.4599304199219,271.4599914550781,271.4599609375,0.5501150594440085,,,,,,0.39852779995672094,,,100933.0412352071,,,1.863905325443787,125.2461788019485,0.12991178670578454,,282.93631830159023,,74051.32433431952,0.9832594595717256,0.018990272515558102,0.04641132615644419,0.004534140141052607,0.023875445303832284,,272.08114136464496,0.14967356419422218,0.12811605570584358,1.0026405747468755e-07,-0.02540880618010752,0.01665407666087856,1.72780082774963e-07,0.0552963607410002,-0.0011747232555637697
1976-08-17 18:00:00,,,3.286072200571997,,,,,,184.8975400303948,0.00018555278608784872,4.4842708040271286e-05,1.7498669451510411e-07,6.204867768569811e-08,7.867670259140097e-08,,2.9191058683677538,0.8937643932167595,,,,,,6.819397387419932e-06,0.0002569122029504237,3217.921979012574,8.284163898264868e-05,1.0143728518979789e-06,,284.00157896865755,0.00010166938135560044,,284.21290218195264,0.00018012866552286657,,,,6.995312649117419e-06,,2.2640286465368327e-06,,,,,,,0.0004424821856295529,,,,,,,,,
1976-08-18 00:00:00,-0.8132620365661982,0.45274594549596664,,-0.4989530461779713,0.2064060008032082,284.1430404031065,285.04228544517383,0.8198271591282456,,,,,,,0.9623626297747595,,,271.46058654785156,271.4599609375,271.4600524902344,271.4599609375,0.8593343087201993,,,,,,0.546891149812648,,,101052.57673816568,,,1.9763313609467457,123.28110391289525,0.1292478516257021,,284.00928890070264,,74130.32391826923,0.9956885061320468,0.03490637198845531,0.19512908936604945,0.04124847953841531,0.09983553918706771,,271.97900968472635,-0.4941442760490101,0.18440980177659255,2.3578854645230428e-07,-0.01561368393474782,0.020922534564543054,3.0928477024957097e-07,-0.18125618703266572,0.16881897322524933
1976-08-18 18:00:00,,,4.8765308052830445,,,,,,120.80889847433778,9.273530463495197e-05,1.8191408123490372e-05,1.10474916604849e-05,1.7646634014400505e-06,3.93480377169908e-08,,4.4344130690986585,0.8498752201802632,,,,,,5.758055568446775e-05,0.00048672088393401637,3158.6998211561577,8.862446802685067e-05,1.695708057584142e-05,,284.26016722910504,0.00011811577566493875,,284.46867343518863,0.0002059906727230657,,,,6.862663658412956e-05,,7.233014826238508e-06,,,,,,,0.0005794614789220549,,,,,,,,,
1976-08-19 00:00:00,-1.2267748138608312,0.3540944827378854,,-0.6925072980350291,0.11963230336206199,284.93399679872414,286.39488084781806,0.8361626415563053,,,,,,,0.8678793342861199,,,271.46009826660156,271.45970153808594,271.4600372314453,271.4599609375,0.7874174798072795,,,,,,0.5525801262471097,,,101085.93639053254,,,1.8875739644970415,120.03047983745147,0.12904474156848073,,284.14194971569896,,74171.05741494083,0.9626483754998834,0.02112240159536916,0.20786672841603235,0.07497988367927146,0.14850629998382026,,272.4658167009523,-0.6425356723853117,0.13529861043896196,4.43493963058035e-07,0.005281321043093529,0.02561561183552065,2.051753056726071e-06,0.015490616567036104,0.5675768200638731
1976-08-19 18:00:00,,,3.9103467591415497,,,,,,163.94816092767658,7.479712807920558e-05,2.2609029295881825e-05,3.297521165136755e-06,6.706238939211919e-07,-9.307892555329595e-09,,3.5001457315930247,0.7808581777578275,,,,,,1.5486759194255582e-05,0.0002498678082357675,2991.076436240292,3.4249305019717244e-05,2.249976146150623e-06,,284.61536727995565,4.7507938886233934e-05,,284.83349320451185,0.00012626084188110788,,,,1.8783663151532236e-05,,7.410947035050251e-06,,,,,,,0.0003246734008799116,,,,,,,,,
1976-08-20 00:00:00,-0.21257081680749296,-0.03765848825669148,,-0.1981311719093097,-0.0999536782326783,285.1318344928809,286.4802332770895,0.8412081715623303,,,,,,,0.832580002454611,,,271.4599304199219,271.4603576660156,271.4601135253906,271.4599609375,0.7256539210059939,,,,,,0.4146300894056706,,,100903.14312130178,,,1.5088757396449703,118.4221449631911,0.1288995150278306,,284.6437367095044,,74052.25961538461,0.9666637192816424,0.029915050613093217,0.10224691072489912,0.01219285592524963,0.06696668033868339,,272.7721431213018,-0.184079965896155,-0.06395681334670479,5.917137549169218e-08,-0.11560734242377196,0.015815099668220655,2.1688380249715326e-06,0.16204381482840996,0.11795409050213515
1976-08-20 18:00:00,,,3.916193132569804,,,,,,94.83715648763985,7.28604179867626e-05,1.6821912054479474e-05,5.006922419959977e-06,7.610531116025688e-08,1.804307252981496e-08,,3.5170096166035125,0.8732297584502655,,,,,,6.317651483434192e-06,0.0003030344198773034,3181.6434795673076,6.05047101805196e-05,1.8372955406911275e-06,,284.7555401141827,6.162123219842964e-05,,284.9414885932877,0.00014532351645470113,,,,1.1324265299464118e-05,,6.242087606847639e-06,,,,,,,0.00037588258187941544,,,,,,,,,
1976-08-21 00:00:00,0.05998835479014018,0.050531759769958856,,-0.04492724153417102,0.01382058611988316,285.55211463341345,286.2853007119083,0.8523988572098095,,,,,,,0.8448062274362561,,,271.4596710205078,271.45948791503906,271.45977783203125,271.4599609375,0.844647660763306,,,,,,0.44719574065636514,,,100824.82581360947,,,1.5029585798816567,115.94923446023253,0.12867598279693424,,284.8819905117419,,74002.59834966715,0.9710029324836279,0.024034523181947907,0.1925933571345002,0.031148741231162166,0.04698334643121302,,272.9234395224667,-0.07993757372071757,0.003471419656065089,2.0912381395533648e-07,-0.04379835178160808,-0.05638869662256636,3.3513428443579896e-06,0.4936856539291743,0.12160571898229024
1976-08-21 18:00:00,,,3.7374602831327,,,,,,95.86785193448941,0.0002891463640878892,8.690471832568829e-05,3.081974545879477e-05,1.298689101574689e-05,9.929996012835233e-09,,3.3901087066830966,0.9221042747328267,,,,,,1.988022108755168e-05,0.0008794143211145864,3346.5886678300667,0.00020637452619501388,5.211923602064686e-06,,285.0193318925666,0.00023098265209088053,,285.1663406642936,0.0003865693867015235,,,,5.069833535414476e-05,,9.868360130039192e-06,,,,,,,0.0011685496210702695,,,,,,,,,
1976-08-22 00:00:00,-0.02762955321362738,0.7036117893704296,,-0.09595167284181132,0.3174326719616997,283.39608132627586,284.894758055196,0.8526522421977929,,,,,,,0.8731261348935979,,,271.459716796875,271.4607696533203,271.4598388671875,271.4599609375,0.905111354130965,,,,,,0.6159988832191603,,,100843.55029585799,,,1.7751479289940828,117.22632395727395,0.12865807742056762,,285.1394938632581,,74015.75367511094,0.9858847306324885,0.05607442147809373,0.31527339197563,0.10311555580274594,0.21026036764506095,,272.86074449889054,-0.10669738160082574,0.31658460191015664,4.560784421263252e-07,-0.1751167082927636,0.11941600117016826,7.689354277199365e-07,0.2740313333167127,0.697176954361814
1976-08-22 18:00:00,,,3.955617633797008,,,,,,161.68164252106254,0.00026412704992576465,6.822386436913845e-05,2.286402431465465e-05,5.464934738430046e-06,9.282050729871655e-08,,3.828723399596807,0.8954185275636481,,,,,,3.270566816160665e-05,0.0005342919662890656,3261.964807634523,0.0001288200660870864,8.850231678528194e-06,,284.7564646703957,0.00015260302825717076,,284.92204257581363,0.000260392974044706,,,,5.5568987095849754e-05,,6.177677558018611e-06,,,,,,,0.0007984121116754784,,,,,,,,,
1976-08-23 00:00:00,-1.1736843797582142,0.9046140535343328,,-0.676146321042755,0.37794375560692783,284.58860137758876,285.77738419933434,0.8479194877415719,,,,,,,0.8266722191684499,,,271.4601593017578,271.46022033691406,271.4600067138672,271.4599609375,0.9079535832771888,,,,,,0.6458020062136227,,,101029.00110946746,,,1.514792899408284,119.75974666437453,0.12896634558954181,,284.3286884014423,,74159.15107248521,0.9733919642380708,0.07692344433672109,0.33507754675735385,0.11019269581155904,0.22574664659787125,,272.67362804525703,-0.6656886727146848,0.2634205677100187,3.364394728360235e-08,-0.02922609995102741,0.11689696685802302,-7.198477706723136e-07,-0.3549380782087879,0.9739919363923327
1976-08-23 18:00:00,,,3.608719521020291,,,,,,1104.8957457232052,7.606326387478755e-06,5.877824753699218e-06,1.1330000648396255e-08,0.0,-5.659677896623847e-08,,3.308977048072589,0.5354397564950074,,,,,,3.758072853088379e-05,0.00015746418540999734,2055.6601184246806,2.3572226247843906e-05,8.188364421122173e-06,,284.4756581684541,3.4846056847882695e-05,,284.626203367696,5.4137505723174506e-05,,,,3.759298451553435e-05,,6.129535344930796e-06,,,,,,,0.00016505637112453845,,,,,,,,,
1976-08-24 00:00:00,-0.46432110825939293,0.43081486718894463,,-0.16533331334943602,0.05407607555389404,284.1190120539016,285.6777878259061,0.8431123766673387,,,,,,,0.5983236640162722,,,271.4595031738281,271.46034240722656,271.4604389313939,271.4599609375,0.47162136100453034,,,,,,0.664376333267731,,,100852.19767011834,,,1.6745562130177514,121.76889977088341,0.12967842147195127,,284.3651332516642,,74005.11358173077,0.9443562908990849,0.03976699461493663,0.09516455195623742,0.016519715800087834,0.09782128894326866,,272.9664920603735,-0.08278107502051359,0.17629953390042458,5.317634268121011e-07,0.1204102152198024,-0.010117847185868483,-1.1025916422667675e-06,0.2580966956516695,0.17401052403026784
1976-08-24 18:00:00,,,3.5318752999841814,,,,,,298.394694311379,0.00019761514381544124,5.1544350985239245e-05,8.056835772899481e-08,3.103673810789571e-08,-4.1886019680963156e-08,,3.3665280539608564,0.55552980568282,,,,,,1.8404388921500662e-05,7.405775714908126e-05,2047.54036988027,1.4854363612169344e-05,3.983448507517753e-06,,284.4841929779956,4.679458381156244e-05,,284.7543121879623,9.363395927925786e-05,,,,1.8485022719795182e-05,,4.840959635006605e-06,,,,,,,0.0002716860827609632,,,,,,,,,
1976-08-25 00:00:00,-0.7238281238713914,0.6104626264092485,,-0.39624033594977925,0.10390633803147536,284.13533047106137,285.4303476909209,0.8365968331782776,,,,,,,0.7725838723884532,,,271.4608154296875,271.4598388671875,271.4600830078125,271.4599609375,0.5189486452152391,,,,,,0.2964710447297999,,,100844.40255177514,,,1.8816568047337279,120.96536796614969,0.1290936526462171,,283.87376629530326,,73996.67071930473,0.9363065312599995,0.026975102138501652,0.12435800927834442,0.006379420940692608,0.03682582513511886,,272.317234739044,-0.30631081733477894,0.13364725282206338,3.6038264737963214e-08,-0.1225625720955211,0.0779777219609947,6.339026955314554e-07,0.17736901757279797,0.10864047432792258
1976-08-25 18:00:00,,,3.420623175491243,,,,,,295.913869191909,0.00013284676173734946,2.9922766092966295e-05,2.206388940847308e-08,4.0970271530412355e-08,-4.413536690883669e-08,,3.0827484300150676,0.5035358857826369,,,,,,4.605340534413354e-06,1.855287149813048e-05,1847.6626874032106,2.564592342052234e-06,8.905868558488654e-07,,284.26574634800295,2.3843180498427892e-05,,284.49887319711536,6.286949801021779e-05,,,,4.627097111481887e-06,,1.3211554676823362e-06,,,,,,,0.00015138874392537675,,,,,,,,,
1976-08-26 00:00:00,-1.050319530554777,0.01400737649590306,,-0.4676720658702963,-0.1295438856768185,284.96823282636836,286.3184503860022,0.8395869654311231,,,,,,,0.7415020105555742,,,271.4598846435547,271.4602813720703,271.45994567871094,271.4599609375,0.5082670704808814,,,,,,0.17227696603131012,,,101030.14256656804,,,1.7396449704142012,118.6159088315343,0.12847667332937027,,283.8425451876849,,74116.06592085799,0.9233631378800206,0.01730465820781093,0.06863268081253097,0.002817752093253051,0.028616463794261384,,272.3700283434264,-0.44645067925989274,-0.0600788635615061,-1.231714628568641e-07,-0.062323948335365434,0.00798429187232926,7.341822197976985e-07,-0.030335481702928713,0.0962343420943565
1976-08-26 18:00:00,,,3.2123105257925904,,,,,,503.41362496099526,6.389335767757257e-06,1.8233422344252909e-06,1.4051208796100856e-08,6.6097554359474835e-09,1.1033549067689937e-07,,3.1202388571564263,0.3407042012412167,,,,,,9.449424784211718e-07,3.7159550295778987e-06,1361.9256656804735,1.6077162598717142e-07,3.56671747547635e-07,,283.3183954904771,1.2978117846878323e-06,,283.66759314903845,4.636498509779485e-06,,,,9.594013991616886e-07,,5.014924079003419e-07,,,,,,,1.0107307744449412e-05,,,,,,,,,
1976-08-27 00:00:00,-0.5940773021539992,0.2885157003910584,,-0.3362970465033717,-0.152913121782111,283.25522229798446,284.9756321653106,0.8393137356233314,,,,,,,0.29555940345899595,,,271.4604187011719,271.45997619628906,271.45982360839844,271.4599609375,0.4007920202242552,,,,,,0.10841832459716887,,,101199.41642011834,,,2.094674556213018,121.08625369100176,0.12810331265601885,,282.2812774477626,,74201.83321005917,0.6409979445870811,0.0020999682725533933,0.046817314695324415,0.00015315466378567488,0.001070389380821815,,271.1958166720599,-0.22781516532220783,0.0399246124120859,-5.104181673770396e-08,-0.005405599196281659,0.0068760256795488165,3.8343868249360494e-07,-0.015600133577042078,0.04578872066894932
1976-08-27 18:00:00,,,3.612325634476701,,,,,,397.42532980653664,2.5304971185661633e-06,1.7109401413851237e-07,1.79153019782795e-08,5.973776466262764e-09,8.649362561086303e-08,,3.4548656418478703,0.35328611114321373,,,,,,2.7193792561102196e-06,4.510218883759877e-06,1493.6617063262759,1.7853736183082563e-07,7.54825925156915e-07,,283.3424642890163,8.261382315285813e-07,,283.7258040749815,4.380164370381621e-06,,,,2.7375648448453145e-06,,2.4998571569397605e-07,,,,,,,7.029914864774286e-06,,,,,,,,,
1976-08-28 00:00:00,-0.6522530550082054,0.08560793498564048,,-0.3372966946934807,-0.22962851778289975,283.6559437407544,284.93509615384613,0.8416180145105666,,,,,,,0.060230954864321375,,,271.46070861816406,271.45909118652344,271.45989990234375,271.4599609375,0.396794092417116,,,,,,0.07162346924550435,,,101199.2287352071,,,2.059171597633136,121.13058616141596,0.12758718580889278,,282.46436124722635,,74203.95025887575,0.46952414442096235,0.0008790248285286052,0.049905887612047985,3.389185349616779e-05,0.0002248661052545852,,271.3977700859837,-0.25973647303835173,-0.028817501293836967,-3.001888135043658e-08,0.001386123322248018,0.0008396958505539168,2.861143056335639e-07,-0.012277239878502117,0.0445304606660936
1976-08-28 18:00:00,,,3.491021139381905,,,,,,315.78768125979485,7.242978324551554e-05,1.563131809234619e-05,4.57956521777359e-08,9.718612828374614e-09,3.8081621170081315e-08,,3.1506047615638146,0.5333995353320294,,,,,,2.116995406221356e-06,1.7952769852983703e-05,1948.4904684032915,4.663413181107425e-06,3.5314071240157063e-07,,284.1737530048077,1.0273887737262884e-05,,284.4422224597818,4.0910653108675804e-05,,,,2.1600732083856707e-06,,4.701691090002568e-07,,,,,,,9.037940092978516e-05,,,,,,,,,
1976-08-29 00:00:00,-1.0338295253776235,0.586043160695296,,-0.510218388935518,0.0880247700143848,283.9820231601331,286.1223881286982,0.8539183993311323,,,,,,,0.19892467972794933,,,271.45970153808594,271.4602940944878,271.4599304199219,271.4599609375,0.45510203422173945,,,,,,0.16883472516752515,,,101139.23150887575,,,1.970414201183432,117.39810650165265,0.127214107287706,,283.06650881795485,,74193.29941752959,0.6264467362821455,0.008738205777811845,0.0896058273915003,0.001434718363383818,0.007774386885603504,,272.0159977117234,-0.44777953695263384,0.11887154282902825,-8.34763728594683e-08,-0.010085592255789852,0.015656342933825135,-7.698527150153673e-08,-0.09220065132400693,0.11428907344850694
1976-08-29 18:00:00,,,3.838429197051821,,,,,,209.83064739520734,8.17970146794291e-06,1.6595451877667354e-06,7.533070151886996e-09,2.305251553092571e-09,5.187606790683631e-08,,3.622141561564609,0.435838326899963,,,,,,2.088829786819819e-06,7.286127766913916e-06,1840.6193652632674,7.108911960082647e-07,3.9558615204850595e-07,,283.34743522328034,1.8297457659738303e-06,,283.60561899038464,6.4095823898823305e-06,,,,2.0923566888775347e-06,,1.2340630299946261e-06,,,,,,,1.5462467656333067e-05,,,,,,,,,
1976-08-30 00:00:00,-1.164625060628857,0.5843697948568671,,-0.620671639075646,0.05843464439437234,283.573015382304,285.04221610345786,0.8571693957204649,,,,,,,0.4155697316239924,,,271.45989990234375,271.4608459472656,271.46026611328125,271.4599609375,0.5188249868048719,,,,,,0.10819507696935853,,,101230.14275147929,,,2.195266272189349,118.25729659041004,0.12693496004364194,,282.3520840074889,,74230.01421505178,0.7214525035147131,0.006333149479548502,0.06931043949705609,5.758320086101103e-05,0.007107638748439811,,271.39250011556953,-0.6029634419277575,0.1472595485709828,-1.1086374464081104e-08,-0.01013488035935622,0.005970356649768776,-6.358483253451913e-07,-0.14632351722943007,0.1135059229811907
1976-08-30 18:00:00,,,3.8357379281309227,,,,,,329.11250883023416,9.62864541443142e-05,1.471304505534426e-05,1.761440694684813e-05,3.268468309436324e-06,7.290908442398591e-09,,3.508793064828455,0.6349117121047522,,,,,,9.643024153257969e-06,7.84311597869241e-05,2415.3435415234085,1.889021967995096e-05,2.6144484091087206e-06,,284.0606104382396,2.9414605635863085e-05,,284.28428370007396,8.906238883204714e-05,,,,2.7259249658979607e-05,,1.690245768022255e-06,,,,,,,0.00017470720957016804,,,,,,,,,
1976-08-31 00:00:00,-0.9249640018982295,-0.20459614138631427,,-0.48542745578923874,-0.20723490178937742,283.8729110808062,284.78971546782543,0.8580606646791717,,,,,,,0.4823660427720297,,,271.4602813720703,271.4605255126953,271.45977783203125,271.4599609375,0.5686125178000278,,,,,,0.43588009705910313,,,101249.48539201183,,,2.272189349112426,118.02620376496625,0.1268548626871504,,283.75423562315086,,74246.42217548077,0.8757633450468616,0.01929583603698077,0.09898490663728066,0.0101493067995331,0.04456454177094987,,272.2478915784486,-0.3935163430208285,-0.10587153350107768,-7.580291224435556e-08,-0.025776546735029954,-0.039331339167419974,-7.980378912438049e-07,-0.14340897530493651,0.014989924854075415
1976-08-31 18:00:00,,,3.979374552619528,,,,,,353.7852389544425,0.00010636466494678745,2.151921656004776e-05,3.520165674785185e-05,2.7142817804799276e-06,-5.401698917222138e-09,,3.6675067427595693,0.7985765807022004,,,,,,4.0298735601662176e-05,0.0004938121378069093,2826.561416535688,0.00012370432622333955,1.029917121638913e-05,,284.2845856254623,0.0001391484539889725,,284.4303476909209,0.00022284219250876523,,,,7.550180311033711e-05,,4.5261395400797825e-06,,,,,,,0.0006002145406057143,,,,,,,,,
1976-09-01 00:00:00,-1.7054367968316615,-0.3039956628923585,,-0.853001825908232,-0.24067075153779702,284.13732982387205,285.1484923955251,0.8533755551428485,,,,,,,0.809623415300832,,,271.4601287841797,271.45965576171875,271.4596862792969,271.4599609375,0.6392446485452751,,,,,,0.6355158732487605,,,101348.3012204142,,,1.952662721893491,121.02622687887158,0.12780365294958712,,284.16282879530326,,74324.20952755178,0.9569065062957403,0.059066221890860846,0.14941450614019258,0.0643884782960429,0.23032894189684436,,272.71029175526996,-0.7843730407353688,-0.23466022198016828,1.1023924790719556e-06,-0.15435897669143225,-0.15870824614925497,9.498519846375965e-07,-0.46230447080713755,0.09141430100040322
1976-09-01 18:00:00,,,3.0962872194820608,,,,,,362.00248023038785,2.9507826065876073e-05,4.961337210864005e-06,9.871578428166858e-06,5.826635076802158e-07,1.383825658402366e-07,,3.0582810012546515,0.5062111397466716,,,,,,9.666191491149586e-06,4.9896670516426045e-05,1975.7440828402366,6.472504526905759e-06,2.1307351695891667e-06,,283.82101458487426,1.2602061914974416e-05,,284.0559992141272,3.2945321156428414e-05,,,,1.953760459578249e-05,,3.3244909443093477e-07,,,,,,,7.936552431456436e-05,,,,,,,,,
1976-09-02 00:00:00,-1.343521800972301,-0.18229439978063458,,-0.5780084880851429,-0.3254060068074063,282.41164276303624,283.9963118874815,0.8434158165073959,,,,,,,0.4501741240216941,,,271.4596252441406,271.4596862792969,271.4599914550781,271.4599609375,0.4530654989841488,,,,,,0.26334064180505345,,,101419.56286982249,,,2.0,123.86029215254023,0.12787618862806693,,282.9807201137204,,74371.89836815829,0.839514314422946,0.011390890680892756,0.056173261833658235,0.0024740568984895064,0.022309323448340614,,271.81299261510725,-0.4715278049897865,-0.18500247368445763,6.036109143086935e-08,-0.03247059167489497,0.0021516198854474628,-1.347077896435519e-07,-0.17291344164391242,0.10733669702950094
1976-09-02 18:00:00,,,3.8828351511757755,,,,,,351.9723748201449,1.7516447242195084e-05,7.336121603582033e-07,2.206958962615425e-06,1.5725230125809562e-07,1.0839425462399528e-07,,3.6142813496335724,0.5270602435049926,,,,,,2.1970478167547984e-06,1.4750297958328879e-05,1987.525716747758,2.37731935357201e-06,5.480296050126736e-07,,283.9117019924186,2.6866837718783047e-06,,284.1234889284394,1.737731095601821e-05,,,,4.403700930832406e-06,,1.31271294588168e-06,,,,,,,3.225440104332196e-05,,,,,,,,,
1976-09-03 00:00:00,-1.1781143380340033,-0.09414627142911831,,-0.5878364292122203,-0.23570321438580574,283.4613174348188,285.47876409948225,0.83376908090693,,,,,,,0.5619199625574626,,,271.46009826660156,271.4606018066406,271.4596862792969,271.4599609375,0.4907529584225818,,,,,,0.162469988038554,,,101442.0199704142,,,1.9585798816568047,124.15483264810234,0.1275108185040175,,282.8945298053809,,74391.83804086539,0.8704718337256527,0.003712979881037798,0.05044963503994885,0.0002665442122510199,0.002071329827844744,,271.9018518572023,-0.5010509829549394,-0.10044545958028037,-6.260873268347387e-08,-0.0092222123853201,-0.0020366741355354262,3.4406266906939325e-07,-0.031527469144065,0.04723125248706552
1976-09-03 18:00:00,,,3.8589615342179697,,,,,,192.3014001789883,1.7011549169495262e-05,2.646455045282488e-06,2.770392587904394e-06,8.1448843316919e-07,1.4517330313290414e-07,,3.639574005758974,0.5277863451715051,,,,,,3.4964825274676263e-06,1.0153212579044365e-05,2068.022947412976,1.4572608224033605e-06,6.29254434941083e-07,,283.73485894739275,4.18930937199903e-06,,283.97303040634245,1.2329079695707243e-05,,,,6.267293934991374e-06,,1.2399485478034387e-06,,,,,,,2.7101200360518236e-05,,,,,,,,,
1976-09-04 00:00:00,-1.1824920812302087,0.22938649894217766,,-0.6469754608425163,-0.1050466729339058,284.3781666050296,286.3168194110577,0.8256108542165813,,,,,,,0.7795991823958928,,,271.4597625732422,271.4603576660156,271.4598693847656,271.4599609375,0.5513790211028601,,,,,,0.16099984262733769,,,101337.87962278107,,,1.9289940828402368,124.16313054011418,0.1270463029308432,,282.3868169840976,,74329.93495747041,0.9148479685980893,0.004996023122937634,0.08834090295451633,0.0012705932707476192,0.0020837614522177792,,271.13397902990937,-0.6336257528271195,-0.09225629772660295,4.168177085009696e-08,-0.02640312839541915,-0.005621245913427962,4.295907274354249e-08,-0.14793113843929132,0.07147033021030341
1976-09-04 18:00:00,,,3.9341045469927365,,,,,,405.6520836282764,5.3661638463037254e-05,1.8765764123589328e-05,5.01488274811993e-08,1.3214086193437054e-08,8.098008705681251e-08,,3.7695060707408294,0.4330359464566383,,,,,,3.8496576822721044e-06,0.00010014814737985825,1744.933745976736,2.2498901779129662e-05,8.309643010239629e-07,,283.7862873867419,3.614369228746764e-05,,283.9906143098188,7.054438957801231e-05,,,,3.900456093472136e-06,,2.0116567611694336e-06,,,,,,,0.0001538124310194388,,,,,,,,,
1976-09-05 00:00:00,-0.9135574194101187,0.30540846649711656,,-0.4739447486471142,-0.03998780109473234,283.98024627866124,286.2204026442308,0.8235997547059369,,,,,,,0.9621055242577954,,,271.4600067138672,271.46009826660156,271.4599304199219,271.4599609375,0.46952030715152354,,,,,,0.29999695125328013,,,101418.37130177514,,,2.1242603550295858,122.93097447502542,0.12678173731064654,,282.9784433940459,,74378.74533099112,0.9800174363266082,0.016181858888821753,0.09835179727634735,0.013907528487888314,0.02715841727107405,,271.55869920719306,-0.4451620903240858,-0.003891894097864275,-2.203552555151631e-07,-0.04553557288717236,0.008143306131193623,9.631042427003807e-07,0.060119540028318146,0.15940469629048595
1976-09-05 18:00:00,,,3.530679025593594,,,,,,440.498251649755,4.3629365559865736e-05,5.355887335433057e-06,3.910849432973467e-06,2.312038600797484e-06,7.06421534076437e-08,,3.3293370466965895,0.5574627938355214,,,,,,1.9898340546873194e-05,7.21048673934485e-05,1904.2014418381912,9.803619434142254e-06,6.709732776562843e-06,,283.56726146449705,1.9177574025103325e-05,,283.88811425203403,4.965066909790039e-05,,,,2.380852868571084e-05,,2.0637006096585967e-06,,,,,,,0.00011570037469356018,,,,,,,,,
1976-09-06 00:00:00,-0.8750609730827738,0.06893708720009707,,-0.40352952833006367,-0.10925836393819052,283.26668679502586,284.6229385285688,0.830996794108103,,,,,,,0.8547241246663916,,,271.46006774902344,271.46034240722656,271.4601593017578,271.4599609375,0.5460851636864025,,,,,,0.3504839463258636,,,101441.07303994083,,,2.224852071005917,121.17105860964081,0.12660406044954378,,282.9257104636649,,74389.84442030326,0.9391213493234307,0.013892563137077015,0.10403755904566607,0.0063019927436783465,0.022268938595021263,,271.51738310142383,-0.3174730729774611,0.0007272472043009199,-1.503350881783198e-07,-0.0338397960691057,-0.004312526897565853,3.355646842368052e-07,0.0842712789597596,0.01886375345421966
1976-09-06 18:00:00,,,3.7827674594856577,,,,,,302.13228196364184,6.216887891645262e-05,4.412551250683485e-06,2.409004986550681e-08,2.0308015708254993e-08,8.620133469092726e-08,,3.6408368962756277,0.6992232644346339,,,,,,9.733985161640235e-06,0.00015086076668733675,2597.5623837984526,2.4590663303284955e-05,2.4314407678045465e-06,,284.05990257488907,3.0355208371517926e-05,,284.25085376987795,8.157437362189158e-05,,,,9.758629389768522e-06,,3.1799871540633884e-06,,,,,,,0.00021296704309226494,,,,,,,,,
1976-09-07 00:00:00,-0.5007229979927018,-0.21305245619553786,,-0.22835500705877,-0.21197403676411103,283.4426428439349,285.0338084203957,0.8368645543177452,,,,,,,0.8747062333942165,,,271.46044921875,271.4597473144531,271.46026611328125,271.4599609375,0.7325177217376303,,,,,,0.29161443058180914,,,101199.11335059171,,,1.834319526627219,119.12305102827986,0.12671180025360287,,283.79319266595786,,74240.79997226331,0.9667658537802611,0.011778595632757748,0.19334179623680708,0.013145288772131565,0.012760777033303352,,272.1191110103088,-0.2991554948705188,-0.21481806850997653,6.441094217885329e-08,-0.016529973794722697,0.010409175203396724,1.5239592244815544e-07,0.3081197863411621,0.17453910591157937
1976-09-07 18:00:00,,,3.8616022076127092,,,,,,523.011734911676,1.708576841467231e-05,1.1768886411683799e-06,2.916703226606874e-08,8.912143964298379e-09,9.33532433577966e-08,,3.509299199256671,0.49612499731620385,,,,,,4.247238738297006e-06,1.7703196706151116e-05,2200.8859256541236,1.4755125405520377e-06,8.696403640967149e-07,,283.279575686483,2.730064667188204e-06,,283.5786219489645,1.477538304921438e-05,,,,4.27364641745415e-06,,3.6147219189525355e-06,,,,,,,3.4806026509527624e-05,,,,,,,,,
1976-09-08 00:00:00,-0.0956964210645687,0.18697097033438598,,-0.08650595760909763,-0.013137879456288715,284.21855353180473,285.2561598557692,0.8359657000507829,,,,,,,0.3991542763611269,,,271.46044921875,271.4599304199219,271.4598388671875,271.4599609375,0.5068842973064124,,,,,,0.1853208661881226,,,101116.95210798817,,,2.4319526627218937,120.62214958597217,0.12640033530060357,,282.7728220922707,,74153.37684911242,0.7474620451588603,0.004809929763336153,0.09012039080703046,0.0012918294534175353,0.0073889557426497785,,271.32230318509613,-0.07043091926348985,0.09336685746379153,-2.427272160727663e-07,-0.0021026399008621127,0.027469626490092842,1.097507023339686e-06,0.02503883203811194,0.15857426694335316
1976-09-08 18:00:00,,,3.1339794362085107,,,,,,321.1692128378964,3.2520682148679476e-05,1.960891414676192e-06,2.3707808078040737e-07,3.5871762628033315e-08,5.201007946214078e-08,,2.848465631699421,0.34741517919055104,,,,,,3.73493417127598e-06,9.645041100372224e-06,1398.5590431168234,1.567311188173012e-06,7.2927379528799e-07,,283.44731329742973,3.2490813696878196e-06,,283.73354867788464,2.0937718583281928e-05,,,,3.9742895837366224e-06,,1.5367373559601914e-06,,,,,,,4.213863223262087e-05,,,,,,,,,
1976-09-09 00:00:00,0.19657395154061402,0.5342767986320179,,0.003832751829948651,0.036372653126011234,283.15477215467826,284.8212254992604,0.8408309648022849,,,,,,,0.380626159306814,,,271.4601745605469,271.46058654785156,271.4598693847656,271.4599609375,0.4022203243872118,,,,,,0.08007828788776722,,,100950.29086538461,,,2.242603550295858,120.22563054011418,0.12619794190988032,,282.3075565134985,,74030.41182045119,0.6657146261509,0.005404370800060215,0.04001847540783371,0.0002226159417417628,0.005205944445006241,,270.7620697924371,0.018793673557642648,0.10764343569264609,-3.379997244509786e-07,0.005163044619137014,0.03238613951604086,-1.0065329968054454e-07,0.06411282186941987,0.06863216986223923
1976-09-09 18:00:00,,,3.004213067906848,,,,,,499.3218793754118,4.362336982636762e-06,4.5901252585049914e-07,1.547903582982763e-07,1.175119679355057e-07,9.085733652747098e-08,,2.799006304091956,0.30999647512943784,,,,,,7.054244978188058e-06,7.5352042031711375e-06,1101.0469674556214,3.2638998691146897e-07,3.6501011552189932e-06,,283.024850337463,2.359001506009751e-06,,283.40870585244085,8.668728481383014e-06,,,,7.209627056968283e-06,,0.0,,,,,,,1.1894322887680235e-05,,,,,,,,,
1976-09-10 00:00:00,0.016845731340216462,-0.31616937761476055,,-0.005758262950287768,-0.4710320184922077,282.7322933039016,284.80489263590977,0.8445771290705755,,,,,,,0.07517391407983542,,,271.46067810058594,271.4598846435547,271.4598388671875,271.4599609375,0.3312228050457655,,,,,,0.11618323323383002,,,101125.27699704142,,,2.4201183431952664,120.661697477984,0.1261119983605379,,281.42201657267015,,74129.79398576183,0.43493587748538814,0.002601691251675758,0.024195725886294477,4.356993726019323e-05,0.004506895528037167,,270.1199799486871,0.0018026853454183546,-0.1387561369224413,-1.3982898209722074e-07,0.005172390000310522,-0.004190393100828814,-3.1689395811188324e-07,-0.007097159617045927,0.00025309260780289326
1976-09-10 18:00:00,,,3.7549784656107073,,,,,,1537.7389038808246,9.25169893975794e-05,2.3501688206689598e-05,1.0580327306714284e-07,1.6281957126404407e-08,2.9676112507541594e-09,,3.701684847738616,0.2716792179987981,,,,,,2.2370720932469566e-05,3.064456864221562e-05,1051.23224852071,1.9154274428384543e-06,5.222790869030021e-06,,283.39609866170485,1.616167598927515e-05,,283.69432293592826,4.179273131331043e-05,,,,2.2476285519684562e-05,,1.0669264479501713e-06,,,,,,,0.00012314813376883784,,,,,,,,,
1976-09-11 00:00:00,-0.9989476965729301,-1.6414290433804664,,-0.4375431297798834,-1.0661996581850672,282.248046875,284.69637573964496,0.8447739227989016,,,,,,,0.2336502526638776,,,271.46002197265625,271.45989990234375,271.4598846435547,271.4599609375,0.27843850039871487,,,,,,0.2953904605051778,,,101464.76664201183,,,2.06508875739645,122.57046689366447,0.12721562244483,,282.4126641087278,,74385.7552006287,0.6002452745151943,0.031343458910846736,0.021162428041732698,0.0009293330491647213,0.04016573753582656,,271.34924388637205,-0.30662902290299093,-0.5821199191392527,-2.036845954217722e-06,-0.03881050178990562,0.16050728789624377,-1.2750630942035533e-06,-0.14253569495748486,0.006668755288660173
1976-09-11 18:00:00,,,5.278942847392968,,,,,,265.4086669380143,2.920177913981782e-05,1.2192897190003705e-05,3.5017728805541992e-06,7.101307077520697e-07,1.3808721834624058e-07,,5.173122231071518,0.5561734713040866,,,,,,1.998774751403628e-05,3.0004347746188825e-05,2090.604215723523,4.441571041677125e-06,4.766023987849083e-06,,283.8172383505917,1.4188726978189141e-05,,284.11646085660135,3.0770192484883865e-05,,,,2.3489564480866202e-05,,0.0,,,,,,,5.911969574245475e-05,,,,,,,,,
1976-09-12 00:00:00,-2.3401602175108778,0.08985808332996255,,-1.3402578478028788,-0.27922568800886705,283.5603749653291,285.2972347101516,0.8386403346908163,,,,,,,0.31967939568694526,,,271.4596862792969,271.45957946777344,271.45997619628906,271.4599609375,0.499398367953371,,,,,,0.4277925248858491,,,101473.79604289941,,,2.21301775147929,122.50454603567631,0.12710086269491522,,282.75369966947113,,74404.85639330621,0.7615143603827121,0.0267615887374664,0.0343433886107895,0.00037956449407092213,0.056070632483126846,,271.56245449449887,-1.21482218793158,-0.07221691989334378,1.653477388922161e-06,0.10353885350759919,0.14099108091467363,-1.9477710979246706e-06,-0.28424781031862517,0.16574779158243194
1976-09-12 18:00:00,,,4.57559359285253,,,,,,277.8783780611478,0.0001166879072697205,3.077283766142716e-05,3.566131954626924e-08,3.145390449190986e-07,8.884984515118275e-08,,4.189735621390258,0.7948711964593836,,,,,,3.377392270861293e-05,0.00010840220759547324,2912.613562950721,1.850785941061889e-05,7.571454143383094e-06,,283.9279972956731,4.733017066328587e-05,,284.1493548331176,8.832240055212235e-05,,,,3.381144012925188e-05,,8.30227233601745e-07,,,,,,,0.0002251541834498877,,,,,,,,,
1976-09-13 00:00:00,-2.0425928781723837,0.17172518848667484,,-1.1454124507114027,-0.11126012632832724,283.4566946537537,284.79560662444527,0.8316057694734201,,,,,,,0.8902319063096357,,,271.4597625732422,271.4597930908203,271.4599914550781,271.4599609375,0.5840513497017897,,,,,,0.46674081630255343,,,101191.17215236687,,,2.502958579881657,123.8070377146704,0.1268755049395138,,283.01171297152365,,74211.9852302145,0.9789859779487701,0.08447998417982247,0.1209023335573853,0.007343393811107387,0.11275690610481966,,271.90272079558065,-1.0435211644370175,-0.04415645825086966,-3.4461501219789303e-06,0.25155307334908367,0.6506954616916603,-2.3425634386921686e-06,-0.870952916568553,0.3593239868886372
1976-09-13 18:00:00,,,5.9926444849319,,,,,,216.9590138091138,0.0003258712898344683,7.2579588410417e-05,2.464180338312183e-06,1.3516335500150742e-07,-1.2092678149825944e-07,,5.868993493932239,0.9216017388027801,,,,,,0.0001493470203241653,0.0005323724738892564,3347.550086388221,0.00010804581150722638,3.7832813855459e-05,,284.26147172013685,0.00019359071232499374,,284.3904068625185,0.00031230437002570464,,,,0.00015181003237617086,,1.2801067363581008e-05,,,,,,,0.0008581985587587569,,,,,,,,,
1976-09-14 00:00:00,-1.9289876667000132,0.630468707112871,,-1.0993564650857237,0.27729979633579593,284.69489356046597,285.9117019924186,0.8310086303914087,,,,,,,0.9599996928632613,,,271.45985412597656,271.4597473144531,271.4600830078125,271.4599609375,0.8109052555095515,,,,,,0.6585329693450025,,,100909.61427514793,,,2.5857988165680474,123.98390531822069,0.12787508823462493,,284.24878363073225,,74021.29821560651,0.9959756086563923,0.13008653974303833,0.19941720459059145,0.05715657973430566,0.39511124955038346,,273.0278257110415,-1.059830146428396,0.29805682255671573,-3.141639327090344e-06,0.4973863239824419,0.86188775971091,-1.046628592750774e-06,-0.8805155838735005,0.8822735037059474
1976-09-14 18:00:00,,,4.716927076937885,,,,,,323.19358590932995,6.0325014520679e-05,1.5887812044493546e-05,1.3570788939147307e-07,3.913759127171082e-08,1.9257549821723658e-07,,4.425698432696642,0.7306550151100878,,,,,,1.1936469367269934e-05,7.838786706416564e-05,2597.142994175296,2.21743386172684e-05,3.271807844822223e-06,,283.53980936806585,2.881681778021818e-05,,283.7774723210984,6.487806873208672e-05,,,,1.207262982983561e-05,,5.452425257694086e-07,,,,,,,0.00013872450148173681,,,,,,,,,
1976-09-15 00:00:00,-1.783358957640518,0.022461609022151788,,-1.0515848080787433,-0.24881986471322867,283.5495793269231,285.04480052699705,0.8283112909666885,,,,,,,0.786991018868057,,,271.45985412597656,271.4600524902344,271.4599609375,271.4599609375,0.7079133356111289,,,,,,0.4684558588592611,,,100897.86575443787,,,2.2189349112426036,124.03376201200767,0.12826217843230658,,282.8605624768861,,73994.47774130917,0.9616345336451333,0.045067099033243206,0.19048840303480977,0.007920665853827663,0.05375634534174257,,272.02128285063793,-0.9540388118585891,-0.15907898174940482,-1.1644359042912104e-06,0.12848291385191432,0.28884389156685075,-5.155503932392148e-06,-1.1272245045949723,0.5288723233271633
1976-09-15 18:00:00,,,3.8923402707252275,,,,,,292.089945685934,8.596894303722494e-05,1.5230044810729619e-05,3.3736678071805004e-08,3.2439577178313184e-09,2.0471285210315141e-07,,3.7080079027886925,0.6701205326960638,,,,,,6.25068443061332e-06,8.212503933742677e-05,2489.824335764146,2.2637773547652206e-05,1.5703118103143027e-06,,283.3864991678994,2.9967381403996394e-05,,283.5918719951923,8.363177994161673e-05,,,,6.28459779821204e-06,,0.0,,,,,,,0.00016809890183620252,,,,,,,,,
1976-09-16 00:00:00,-1.1128041194035456,0.020051386229385286,,-0.5826634006387383,-0.23705389372695831,283.16603007119085,284.8222815158099,0.8209166904172954,,,,,,,0.6779180465365303,,,271.46006774902344,271.4598693847656,271.4601135253906,271.4599609375,0.6498175700740701,,,,,,0.21242794918017627,,,101010.18546597633,,,2.272189349112426,123.9314136392266,0.12761303376869337,,282.87423724112426,,74074.51146449705,0.9145492036667096,0.02320474917592602,0.1163413591859256,0.007680509217392058,0.03565895486865523,,271.44552485900516,-0.4594651961467675,-0.12846562425060384,1.6434766766690985e-07,0.06610300308148537,0.02246718046933236,-2.237212480481207e-06,-0.5246649747769508,0.1737106595637508
1976-09-16 18:00:00,,,4.979241794383032,,,,,,318.5516419721073,8.389459559197962e-05,1.3123117607726148e-05,9.731916206497589e-10,0.0,1.510350167812331e-07,,4.753706954640045,0.6274677971543292,,,,,,2.2216617355685262e-05,5.973766469590766e-05,2449.5059015398197,1.0772878249016034e-05,6.541653850374842e-06,,283.84767791928624,2.217741765555769e-05,,284.11681045441935,5.104916693532479e-05,,,,2.2217939943956904e-05,,8.96532992286795e-07,,,,,,,0.00014363860871159117,,,,,,,,,
1976-09-17 00:00:00,-1.9422677847055287,0.44295996039576785,,-1.0172384081507575,-0.016689007098858174,283.7340687407544,285.7405680820081,0.8206186142898876,,,,,,,0.7269246714663576,,,271.45953369140625,271.4601593017578,271.4601135253906,271.4599609375,0.4799650939258598,,,,,,0.3241432686970079,,,101061.35965236687,,,2.1597633136094676,122.82550572502542,0.1270003995951816,,282.5234822831916,,74130.27496301776,0.8979547771476429,0.016949104237474897,0.09058322916193122,0.0018744666195480075,0.02435880582008136,,271.8952239448502,-0.859034075539493,-0.04466230629463873,7.468356105799307e-09,0.038900850087227906,0.08568359309250831,1.2078546862443083e-06,-0.24684816845775356,0.33213465197904574
1976-09-17 18:00:00,,,3.955949681750416,,,,,,425.39888827772023,1.3755799750604574e-05,4.396724277699487e-06,5.445371453578656e-07,3.212959555214679e-08,8.606394852011136e-08,,3.7043787149282603,0.39820148535734096,,,,,,1.670808129056671e-05,4.694112659206052e-05,1590.7098187610243,7.726692941767224e-06,3.0659139156341553e-06,,283.05398541512574,1.1566387125726282e-05,,283.30873387805104,2.2779202320166595e-05,,,,1.7255236058545537e-05,,0.0,,,,,,,6.0672590718466856e-05,,,,,,,,,
1976-09-18 00:00:00,-1.3163849305824415,-0.14335990093163484,,-0.6586182498367581,-0.34442740784594295,283.0255076391457,284.45971968611315,0.8189838574482844,,,,,,,0.01004206640480538,,,271.4604797363281,271.4596710205078,271.4601745605469,271.4599609375,0.4389096466871254,,,,,,0.2706113802654856,,,101001.03476331361,,,2.36094674556213,123.27232062887158,0.1266709812999477,,282.1681045441938,,74057.37359005178,0.5178446643407175,0.004128647979194596,0.06101998261908984,0.0011843449970674234,0.008415786472297985,,270.87934541420117,-0.5958812758767393,-0.2006378173828125,7.769458588128689e-08,0.006969504322878708,0.008064447132010873,4.2815120182428566e-07,-0.14869318876040757,0.033526749653223706
1976-09-18 18:00:00,,,3.410595696353348,,,,,,464.61947523489505,1.1775841021678857e-05,5.18333365225933e-07,3.1560262632087845e-08,6.905830941940024e-09,1.0184153545067717e-07,,3.2300654078376363,0.42595126360831176,,,,,,3.0532060466574496e-06,7.677106903149532e-06,1532.3477695623094,9.731025870382433e-07,7.097931722035775e-07,,282.6859788161058,1.7989515023824027e-06,,282.99173966808434,8.641042300229948e-06,,,,3.0871855436697515e-06,,0.0,,,,,,,1.9457389617107325e-05,,,,,,,,,
1976-09-19 00:00:00,-0.9634465889112483,-0.2806523960722974,,-0.4299608885183842,-0.3874755667511528,281.8846746139978,283.3078801081731,0.8232643964022575,,,,,,,0.3018394334781805,,,271.460693359375,271.4597473144531,271.4601593017578,271.4599609375,0.43968748964214993,,,,,,0.17656098314996302,,,101109.19101331361,,,2.3727810650887573,122.98633227827986,0.12629477653277696,,281.45015775240387,,74093.97561482988,0.6444626461119342,0.0027690804219038705,0.08581762979104673,0.00025262846749209795,0.0011532842760255352,,270.16794708071376,-0.34145390775782114,-0.2414367946647328,-5.813191453519845e-08,0.006476853660048818,0.003818329984991062,-4.271322071893945e-07,-0.07482077595750256,0.060356452267550854
1976-09-19 18:00:00,,,3.5989804860402845,,,,,,242.56949894156998,8.863307667907173e-05,2.3170027154437183e-05,2.8863939120483823e-08,1.3754918025090145e-08,4.4572462191881535e-08,,3.4801078435231947,0.5317888429178994,,,,,,4.536114059961759e-06,3.3377498917325716e-05,1972.4309734592775,6.033967320735638e-06,1.265339487226757e-06,,282.6018615361501,2.2454550985753888e-05,,282.8562112842086,4.6067601124915854e-05,,,,4.564902398007861e-06,,1.3622659197925816e-06,,,,,,,0.00012201635089851695,,,,,,,,,
1976-09-20 00:00:00,-0.9693562829282862,0.11568468421168582,,-0.5183773040771484,-0.17444716684917022,282.60315158099115,284.8572788577108,0.8269102097262998,,,,,,,0.1947258040749815,,,271.4592590332031,271.45977783203125,271.4602813720703,271.4599609375,0.4828612029596546,,,,,,0.18624905016295304,,,101404.81823224852,,,2.4201183431952664,120.16077292177098,0.12594282838719836,,281.8743296967456,,74318.74586261094,0.653726947730815,0.005078827518661171,0.09781380290903989,0.005376482856344189,0.007520077496590699,,270.86914640347635,-0.43918999553432125,-0.11853909351416593,-2.2350046578753386e-08,0.005112938516767773,0.013882112220899594,-1.071085438062368e-06,-0.052903272343810495,0.11879083038081784
1976-09-20 18:00:00,,,3.33563876857419,,,,,,249.76880906156438,4.11647664019342e-05,6.44653771050583e-06,2.4688314404007953e-09,3.1742118519438795e-09,8.653153003865152e-08,,3.199783221151702,0.5266687517335429,,,,,,3.1065228863580692e-06,1.909976174845498e-05,1998.7811912728484,2.783315377475242e-06,9.377013076339248e-07,,282.30763018907174,9.298456843788102e-06,,282.61097997180104,1.9415904431653447e-05,,,,3.1086390275926986e-06,,1.8740414515049499e-06,,,,,,,6.0256768965862205e-05,,,,,,,,,
1976-09-21 00:00:00,-0.180928027136086,0.05870303317639955,,-0.08431096048750115,-0.25600551853518516,282.53758609929736,284.34434373844306,0.8333419325083671,,,,,,,0.01202507696208164,,,271.45947265625,271.4600372314453,271.45973205566406,271.4599609375,0.435065284525678,,,,,,0.12172586113743528,,,101420.31360946746,,,2.4142011834319526,118.87818231526211,0.125630223539454,,281.36619071283286,,74341.06538923817,0.49696183663148147,0.0010082566526514538,0.08154532765231189,0.0008166711005938829,0.0005359875379934818,,270.9027496879623,-0.05029642229249492,-0.12419112053143203,6.385852471665192e-08,0.002081010454060846,0.00042913544553844536,-2.0526380542687762e-09,0.07680714976858105,0.055624720965616804
1976-09-21 18:00:00,,,3.7319800472823825,,,,,,231.43723667167617,3.910007385107187e-05,5.6404422020771094e-06,5.879972581944522e-08,2.1866964969850152e-08,1.3678522824602355e-08,,3.5457814346403764,0.5604587532359467,,,,,,1.026581994880586e-05,4.858386939799292e-05,2156.4924183681874,8.303760247823049e-06,2.3106609046811888e-06,,282.35872058755547,1.2055744786234297e-05,,282.5874601285133,3.425768141210432e-05,,,,1.0324719213169707e-05,,2.0562059427859513e-06,,,,,,,8.770858747719308e-05,,,,,,,,,
1976-09-22 00:00:00,-0.08822930917231994,0.15103972734078852,,-0.08076210699137851,-0.1569828563893335,282.80825426451554,284.20564441568047,0.8449583335741032,,,,,,,0.008769198987610947,,,271.46014404296875,271.46026611328125,271.4598388671875,271.4599609375,0.5927181772931793,,,,,,0.15914579795001174,,,101125.81360946746,,,2.437869822485207,117.62365198981833,0.12544692056418877,,281.6533795418824,,74105.78825351331,0.6282092766648919,0.00384721248107549,0.13234939900111165,0.003728302272819203,0.004016357060720229,,270.3871622480584,-0.05120235646264793,-0.04428010297244823,1.38464368712405e-07,0.021435844827685836,0.0030190342453104506,1.5082903690350285e-06,0.4745833683957362,0.07272598482447969
1976-09-22 18:00:00,,,4.420271704182822,,,,,,237.7642499519117,2.8811351082028723e-05,9.313038379482969e-06,2.0862865597891383e-07,3.4240053790296326e-08,5.287963644871433e-09,,4.09024538902136,0.4592633670603735,,,,,,1.506353094732973e-05,5.019786795215494e-05,1869.459774401061,5.5459653132060575e-06,3.1245596839126044e-06,,281.50934524084687,1.0928458716037005e-05,,281.8091008112981,2.9840280671091473e-05,,,,1.527227946287076e-05,,1.1358608508251122e-06,,,,,,,7.900419319875142e-05,,,,,,,,,
1976-09-23 00:00:00,0.25787688712396567,0.3080253883226383,,-0.0006764090272801868,-0.09386804117958926,280.0468851123336,282.7748835637019,0.8479252704501857,,,,,,,0.0,,,271.4603271484375,271.45921325683594,271.459716796875,271.4599609375,0.5567339950147465,,,,,,0.1743766246198197,,,101048.99223372781,,,2.6804733727810652,118.03972539958164,0.12544608821530315,,280.6212295441938,,74030.0529308432,0.5823297428749722,0.0029132888161924465,0.11697730245674856,0.0027018326979417065,0.004180264896189672,,268.53561563886836,-0.03127117834147617,0.013235007517436552,-7.524158180134712e-10,0.016677207480781966,0.00837094661746637,-2.487869478607848e-08,0.40439771499330474,0.08735415427642461
1976-09-23 18:00:00,,,4.302938495161971,,,,,,703.0625379973767,1.4962529289651904e-05,1.1105195084619805e-06,3.584787337737676e-06,0.0,1.1703252946499041e-07,,4.196754434404994,0.24352973170534392,,,,,,6.018526102664203e-06,6.465406636514607e-06,981.7154410379172,1.962500563740025e-07,1.223730309122413e-06,,280.92158174232617,1.4590683597079396e-06,,281.21633170765534,1.4053734801930083e-05,,,,9.603401612953322e-06,,0.0,,,,,,,2.142875152226736e-05,,,,,,,,,
1976-09-24 00:00:00,-0.5854995716252976,-0.8257047551623463,,-0.2360243543365298,-0.6154611519807894,280.0767424995377,282.4985019300111,0.8450526337651811,,,,,,,0.0,,,271.4601135253906,271.46038818359375,271.46034703209733,271.4599609375,0.2741509612495377,,,,,,0.21829575758713943,,,101140.52699704142,,,2.059171597633136,122.14366863183015,0.12558560117461978,,279.3023472170858,,74087.37079326923,0.4259814598856593,0.006620802117522652,0.018163709169113872,3.2649943109094745e-05,0.009323413555438701,,268.11172575640256,-0.12197977551341763,-0.23835000483947394,8.414678346880948e-08,-0.0009198880054541594,-0.008248194787629257,4.551926803928056e-08,0.01588211750843116,-0.011175003982859956
1976-09-24 18:00:00,,,3.3714405612127316,,,,,,1072.1864321839575,2.2233590571838017e-06,8.461644222750466e-07,0.0,0.0,9.787419104501685e-08,,3.3056406600940864,0.038140201004299185,,,,,,1.1274505326711743e-10,5.323555562975844e-07,185.76886094674558,1.1939631179856832e-08,1.1274505326711743e-10,,281.1351181120562,1.5445213390172586e-07,,281.47426988951554,1.387521844996503e-06,,,,1.1274505326711743e-10,,0.0,,,,,,,2.7537941050952708e-06,,,,,,,,,
1976-09-25 00:00:00,-1.089758974560619,-0.5225210133388903,,-0.412630510048048,-0.5241979847292928,278.90109415449336,282.3739223141642,0.8527567968566037,,,,,,,0.062011628461307325,,,271.45970153808594,271.45997619628906,271.46034703209733,271.4599609375,0.018550398787097817,,,,,,0.10586556880431768,,,101213.12906804733,,,0.6568047337278107,115.31651441585383,0.12553420715783475,,278.0613789755917,,74198.11120099852,0.14317583614552515,0.003387298809706107,0.005926989944728874,3.781791269426515e-05,0.003688987190201438,,269.7104246602256,-0.19519915947547326,-0.1907288872984034,6.407005387770299e-08,0.0027799528731396917,-0.00027912094660059234,1.0904050375315631e-08,-0.009285513774530423,-0.0034023378066409976
1976-09-25 18:00:00,,,3.1486816293389133,,,,,,359.42394667405347,4.222283701924883e-05,1.1838311274376142e-05,2.919200300817659e-07,1.8459199183791346e-07,-8.95955070292511e-09,,3.0706084444678043,0.2764905218541975,,,,,,8.543534479903046e-07,1.006787257081658e-06,1043.7130177514794,7.460982202601856e-08,4.6961527516150616e-07,,281.0416772605399,6.152818409296183e-07,,281.3975230561206,4.7182719383014025e-05,,,,1.1458629246294146e-06,,0.0,,,,,,,4.321601263870149e-05,,,,,,,,,
1976-09-26 00:00:00,-0.43772417553783166,0.24910810572155834,,-0.2620961849506085,-0.24910819036720772,279.7078098996856,281.5107840814534,0.8537018923364448,,,,,,,0.026000163964265903,,,271.46031188964844,271.4601135253906,271.4599609375,271.4599609375,0.30322048932137574,,,,,,0.1387955705089682,,,101295.86926775148,,,2.2958579881656807,117.73741863183015,0.1254261344142214,,279.39855018028845,,74208.89594119822,0.3691372289845841,0.0014411330928463908,0.017796259192948246,3.3802490615280423e-06,0.0008384010495518792,,269.257080078125,-0.12951101494964057,-0.0571175524468958,3.747155842682644e-09,0.002795450764118567,0.005075578844314579,-1.7419006864398375e-07,-0.028115887261001317,0.004389060099096693
1976-09-26 18:00:00,,,4.466330409755368,,,,,,508.30199906388685,0.0005654604477289865,0.00013307230712394038,2.2089538665918203e-06,8.628786315579386e-07,8.726259997565218e-08,,4.1800194858799316,0.619747042677988,,,,,,1.7213993347608128e-05,8.376858864215852e-05,2241.3714161709217,2.4247209172277057e-05,4.297210531827261e-06,,281.5959385979105,0.00012879147245465155,,281.8614090236686,0.00021363059469215105,,,,1.942370770245614e-05,,0.0,,,,,,,0.0006492629387171749,,,,,,,,,
1976-09-27 00:00:00,-0.7557606838158601,0.6741136968488524,,-0.4423847142055895,0.040214171776404746,281.1086165749815,283.25715953217457,0.8550153462844488,,,,,,,0.6602768763987976,,,271.45947265625,271.4597930908203,271.45977783203125,271.4599609375,0.5315005954729735,,,,,,0.5912754648535915,,,101556.53642751479,,,2.78698224852071,121.56896448981833,0.12582414390067376,,280.56697254068047,,74396.25184911242,0.9430582350527746,0.1020420809557452,0.08410453704967971,0.011125508144762389,0.18810383045285411,,269.6093764446191,-0.4225977609848835,0.06917092362804526,-1.0170905296993856e-06,0.7127800647323653,1.1043369572543533,-4.076602808117161e-08,-0.5475891779160359,0.2081197548824529
1976-09-27 18:00:00,,,3.8461446423502363,,,,,,508.3646029861721,0.0001558065414428711,3.554733723578368e-05,2.396496883510838e-06,3.348655734189163e-07,1.616833863532606e-07,,3.6449912426739757,0.5272531001525518,,,,,,2.3168440048511213e-05,2.65745897970256e-05,1884.3403444008009,1.4533536762175475e-06,1.0473157703523805e-05,,280.76350574380547,3.100287984814164e-05,,281.1465176012389,6.522282340822841e-05,,,,2.5564529133971625e-05,,1.4573545057392686e-07,,,,,,,0.00018237645809467023,,,,,,,,,
1976-09-28 00:00:00,0.01859846622986201,0.14341892716447277,,-0.04179908255853596,-0.28998413875963563,280.13414443879435,282.0302647697855,0.8522560645842693,,,,,,,0.06511399308605308,,,271.4596862792969,271.4594421386719,271.4601745605469,271.4599609375,0.5179995221675501,,,,,,0.2801336321825459,,,101544.77403846153,,,2.8816568047337277,124.32483542177098,0.12653773211868558,,278.9715005547337,,74370.00716531066,0.6450169604910901,0.01602930860103455,0.04383685156708506,7.675050278387127e-05,0.02289689645259338,,269.1335290310651,-0.04615648258367234,-0.04392989253151346,8.560682598883065e-07,0.13853387503757986,0.03226640802868724,3.656019522469579e-07,-0.0833712922045465,0.05997072874441655
1976-09-28 18:00:00,,,4.294604337074348,,,,,,573.2313838382419,2.0079843744018374e-05,2.097073920379729e-06,2.3899721147040642e-06,2.1664684737575125e-07,3.868349984006175e-07,,4.161444461557287,0.2811939307218473,,,,,,4.657818357179151e-07,1.5816304105273365e-05,1258.4323224852071,8.632506095093383e-07,1.2905637254200038e-07,,279.77770201553255,3.380293147803764e-06,,280.1213913415311,1.3007435220233082e-05,,,,2.8555342078914303e-06,,0.0,,,,,,,3.58796154958962e-05,,,,,,,,,
1976-09-29 00:00:00,-0.595586883951221,-1.0947761648505396,,-0.2680828218629374,-0.8121448042830066,279.0986342571191,281.8944604636649,0.8448443091832675,,,,,,,0.028216254781689164,,,271.4599914550781,271.4601135253906,271.4602508544922,271.4599609375,0.22253562430658283,,,,,,0.23708528597679365,,,101588.41142751479,,,2.0118343195266273,126.46691659780649,0.1270698118491991,,277.4835082285503,,74398.22984467456,0.3777606670673077,0.0038769343900962694,0.033689081316163556,0.0003586732424222506,0.0056421799067209455,,267.117302076351,-0.08190611904189432,-0.31351544306828427,1.171310134328483e-07,0.01846745418461822,-0.0043648724725260536,3.9644129771481615e-07,0.014172209085092037,-0.013536763614451391
1976-09-29 18:00:00,,,3.1909205081194814,,,,,,525.2523829327882,1.835624670841285e-05,7.095950595020542e-06,0.0,0.0,1.915356609884225e-07,,3.077366495978903,0.2446996022963665,,,,,,8.062167456869543e-07,1.110797803077472e-05,1030.9241863905324,8.480987076223249e-07,1.1765731487577483e-07,,279.49609663923815,4.553076254545584e-06,,279.80787577431585,1.3551305560670661e-05,,,,8.062167456869543e-07,,0.0,,,,,,,2.9455275225216114e-05,,,,,,,,,
1976-09-30 00:00:00,-0.8908886599117483,-0.445397123077212,,-0.32496748591315816,-0.4646716992530597,276.6192012990015,280.38518600915313,0.833275979792578,,,,,,,0.029852963058200812,,,271.45994567871094,271.4603729248047,271.460205078125,271.4599609375,0.2579133524697208,,,,,,0.07958609676925388,,,101683.81028106509,,,1.7041420118343196,126.79143582857571,0.1266470519748665,,277.6253698224852,,74487.1996348003,0.2914055818636742,0.0035364952313124073,0.03801483515451646,0.0004539673145000751,0.004169328678289109,,266.34174044456705,-0.21833150062335313,-0.23847035966681304,4.797324242628973e-07,0.03393848493458295,0.003952872691422525,2.1903273182302526e-07,0.014385085839491624,0.015234107449209902
1976-09-30 18:00:00,,,3.5461355356069713,,,,,,274.54597343676016,3.684307696551261e-05,9.088451869389008e-06,0.0,0.0,2.3013685488785458e-07,,3.401216072090984,0.3739306207239275,,,,,,2.5131436582853102e-06,6.8662390553739645e-06,1398.7294684415738,1.7015869624515963e-06,7.89272461152641e-07,,279.28037600545485,7.780478198147384e-06,,279.5991225383691,1.4817331140563333e-05,,,,2.5131436582853102e-06,,4.5050111924402813e-07,,,,,,,4.372979409595918e-05,,,,,,,,,
1976-10-01 00:00:00,0.32433387372620714,0.0719263257359612,,0.0424749202276828,-0.2918086531599598,279.2476091554179,280.9086350661058,0.8270917788765134,,,,,,,0.012460449038172615,,,271.4595947265625,271.46031188964844,271.46038818359375,271.4599609375,0.37052635342632173,,,,,,0.06519958676671135,,,101727.55436390532,,,2.633136094674556,127.07918083597217,0.1263947289370926,,278.30603821884245,,74494.60412814349,0.4013799556707357,0.0028680092795421255,0.054538854279351484,0.0002378955395264033,0.0012473128956450514,,267.86765266734466,0.060447170184208796,-0.07091251562332966,1.0782440170437682e-07,0.021551696491925756,-0.0030378327655369007,2.906651695664647e-07,0.14267606073320882,-8.606346401237171e-06
1976-10-01 18:00:00,,,3.7101384958571937,,,,,,263.35890585995287,5.4807352596486106e-05,1.1616821825151612e-05,1.1759325200636711e-07,4.682341348049203e-08,1.3886176946245069e-07,,3.4826810821979004,0.4516838109175834,,,,,,7.295804704434773e-06,2.7729473875824518e-05,1642.2237686066937,4.600546151928648e-06,1.6170625503246601e-06,,280.28561274963016,1.0164267212681516e-05,,280.5879469651442,3.44270608834261e-05,,,,7.413140327267393e-06,,2.048248370018231e-06,,,,,,,8.256777503786708e-05,,,,,,,,,
1976-10-02 00:00:00,0.021839220848309217,0.6291997954690245,,-0.09092126090145676,0.036083847813352325,279.6277693347818,280.86060148160135,0.8205995397454888,,,,,,,0.0042206352279031065,,,271.45994567871094,271.4605255126953,271.46006774902344,271.4599609375,0.5138103856137518,,,,,,0.11611234224759616,,,101530.60299556213,,,2.8165680473372783,126.90152735964081,0.12610331935995428,,278.9793087208765,,74355.19390255178,0.5472266511804253,0.004422204734305659,0.0932974643432177,0.001808544587806837,0.0051981457591762205,,267.98721945497414,-0.07825707542825733,0.13300319324583698,6.547223854246522e-07,0.036276083726149336,-0.0004069262002346784,9.110072614231075e-07,0.4350816480065944,-0.0036167262573919353
1976-10-02 18:00:00,,,3.988927118876982,,,,,,296.34411475771947,4.700655062523114e-05,7.543756940661097e-06,7.787513403365246e-09,1.939839184747116e-09,9.546088141398835e-08,,3.5608981854816864,0.46763222598465237,,,,,,9.433669451425766e-06,3.0500340391192917e-05,1706.0885985786392,4.037531346259033e-06,1.932290443301906e-06,,279.8245452339127,1.0655961445802767e-05,,280.12796146911984,3.06886328747992e-05,,,,9.44140659281488e-06,,1.7965377787866536e-06,,,,,,,7.752915458566338e-05,,,,,,,,,
1976-10-03 00:00:00,-0.27232422913319965,0.44487896191297904,,-0.21100998489109016,0.09446062279876168,278.48307628744453,280.5625014446191,0.8171505067475449,,,,,,,0.00919924403083395,,,271.45970153808594,271.46038818359375,271.46026611328125,271.4599609375,0.4646794124556011,,,,,,0.1746581489517844,,,101503.53161982249,,,2.7218934911242605,126.14366863183015,0.12603947678966634,,278.04917483357985,,74315.9735114645,0.5226819520959487,0.004191666665161855,0.09248979916498506,0.0010420274452344906,0.00673601048937916,,267.08958010701735,-0.18186853058944794,0.12687741264083682,8.996773791704713e-08,0.026612276141721198,0.0015585312300179838,4.685775255619069e-07,0.5574344285052909,-0.057337606094292635
1976-10-03 18:00:00,,,4.082423802663588,,,,,,265.14068350762676,3.3005366663961014e-05,6.08752112416826e-06,1.0580706173146265e-09,3.879678369494232e-09,7.9877421600171e-09,,3.7833465373022315,0.44850619163738903,,,,,,4.813846575437918e-06,2.3382787521068865e-05,1748.500221207297,4.0417305640214995e-06,1.105661751955924e-06,,279.0510903984837,6.610648871878901e-06,,279.3849173100037,3.313661150678375e-05,,,,4.813846575437918e-06,,1.8328648699811225e-06,,,,,,,5.638974129095586e-05,,,,,,,,,
1976-10-04 00:00:00,-0.551589531305979,0.6138791360798672,,-0.3046626988247301,-0.06788432668652054,277.96983057507396,280.1798492973373,0.8129784119199719,,,,,,,0.000141815320979914,,,271.4601287841797,271.4602355957031,271.45994567871094,271.4599609375,0.49824152875845956,,,,,,0.17388943102232804,,,101523.4088387574,,,2.8402366863905324,125.75505454159347,0.12592410476955437,,278.2379186506102,,74341.30813147189,0.5416262387656249,0.0027913652228180475,0.11083531750299962,0.0019208778291058964,0.0050027158838757396,,267.2281443578957,-0.18293982850023982,0.030027513673319618,2.0557880810959286e-07,0.017145749365345343,-0.0018659570866082548,8.513051231209872e-07,0.5366848230750448,-0.09243695517263469
1976-10-04 18:00:00,,,4.093193279920951,,,,,,314.3608926257247,4.1654476752647985e-05,1.9646563826228034e-05,1.472791590722355e-08,1.4460298436633228e-08,6.240950490915652e-08,,3.8866717660215477,0.41009738177237426,,,,,,1.7665673774727703e-06,3.242959990303897e-05,1436.7523017296423,5.401604803356193e-06,5.804123522261896e-07,,278.9733698918269,1.100746132212983e-05,,279.3210911496856,2.9632281622237707e-05,,,,1.780446288148327e-06,,2.4897724213684806e-06,,,,,,,7.40823132046581e-05,,,,,,,,,
1976-10-05 00:00:00,-0.389958708949343,0.06999195256882165,,-0.21583022732706464,-0.25452218817535943,278.26271553716714,280.40958995931953,0.8136257596269867,,,,,,,0.0,,,271.4598846435547,271.4599609375,271.4598083496094,271.4599609375,0.39183640385256013,,,,,,0.16445850620608357,,,101697.82655325443,,,2.668639053254438,123.9040698892266,0.12582718832252998,,277.71533257298216,,74465.35620839497,0.46017754053663923,0.0019133951537002472,0.0764455761589639,0.0009443632949738813,0.0026401880930161333,,267.588258461134,-0.16759976832824347,-0.14548855279324321,5.925199795897431e-08,0.008026297966665147,-0.0035956004226701498,2.987557007726585e-07,0.2207883226095572,-0.05860108348744861
1976-10-05 18:00:00,,,3.143507489085903,,,,,,390.9151546983834,2.069184942358344e-05,5.41802694106243e-06,7.771032713574065e-08,1.7039896644784148e-07,2.7993611888767125e-08,,2.9283485186875926,0.33603808160364274,,,,,,3.920647607752557e-06,1.4419276157074425e-05,1349.323919623561,1.7689783456762866e-06,8.135295566722486e-07,,279.89245677699705,5.1006498421437645e-06,,280.2159994452663,1.7876632114839272e-05,,,,3.99863622950379e-06,,7.516489579127385e-07,,,,,,,3.512957568704729e-05,,,,,,,,,
1976-10-06 00:00:00,-1.0232936701125648,0.1532574320685934,,-0.45672469731618665,-0.23609904001450396,278.6451972193972,280.46394519693047,0.8181155733102877,,,,,,,0.0005355939357238409,,,271.4596252441406,271.4607238769531,271.4600067138672,271.4599609375,0.31501110912074703,,,,,,0.15553897654516458,,,101633.02403846153,,,2.775147928994083,122.71631563626804,0.12568331893379167,,278.7118389423077,,74431.08087555473,0.4090951488259629,0.0025194128589517265,0.07718819958576657,0.0005873032575528297,0.0018885234403892381,,268.03345791969076,-0.33492920102452384,-0.05683306406235554,1.380376350764692e-07,0.008298367793505085,-0.0007323579939864796,2.8126133339253623e-07,0.13964807281832722,-0.0055254062957312226
1976-10-06 18:00:00,,,3.689443531826403,,,,,,228.27597505500518,2.47936806029822e-05,5.2134004923013544e-06,3.498659287331372e-09,4.232282469258506e-09,5.522002463439788e-08,,3.5987444883267554,0.37832334620007396,,,,,,4.797622825972427e-06,1.4674899405276281e-05,1513.7779521152113,2.1043150911669757e-06,1.0371654564459648e-06,,279.33607040495565,3.127871665376178e-06,,279.60347662028477,1.8989986921908587e-05,,,,4.8010615554787e-06,,6.856738462955994e-07,,,,,,,3.9514617101680596e-05,,,,,,,,,
1976-10-07 00:00:00,-0.8390378839165501,0.667408367938544,,-0.4770218493670402,-0.08947243775136372,278.7101342917899,280.92533197346523,0.8213514562189226,,,,,,,0.0,,,271.4600830078125,271.46031188964844,271.45997619628906,271.4599609375,0.38917117147050667,,,,,,0.122311654175527,,,101405.84171597633,,,2.834319526627219,121.85250276644554,0.12586080110990083,,278.7014752450074,,74257.83658468934,0.4290891839687288,0.0011022965583575549,0.09155061199831274,0.0007714562162139712,0.000975481857209516,,268.0733317538831,-0.3911684419981827,0.047207409108178854,-1.5467401697379938e-08,0.0022600613962052963,3.235330860290302e-05,-2.602935734565904e-07,0.09016993130452534,0.03351901198279928
1976-10-07 18:00:00,,,4.17270834206124,,,,,,260.59230406591496,1.952722227785009e-05,4.761009173985769e-06,1.0580706173146265e-09,0.0,8.092355039060259e-08,,4.059596631653916,0.44573233847522875,,,,,,2.374698975558817e-06,3.629649531911816e-05,1502.2064795860877,6.9071952055191854e-06,7.049436818742188e-07,,278.6261556952663,6.09638246558827e-06,,278.9845642450999,2.1917227457260943e-05,,,,2.3718333676369234e-06,,2.055125829030776e-06,,,,,,,5.582433480482835e-05,,,,,,,,,
1976-10-08 00:00:00,-0.5698265606129663,0.12193044967199923,,-0.2647102852544841,-0.22091776379466763,278.0354892346986,280.7189681374815,0.8206476279969751,,,,,,,0.0005411269396719848,,,271.46038818359375,271.45994567871094,271.4596862792969,271.4599609375,0.3588143866619415,,,,,,0.11593212601701183,,,101451.11409023669,,,2.9526627218934913,123.04679825461122,0.1258772364734898,,277.40568741115595,,74261.43507303995,0.40606914709746483,0.0014582611399994799,0.07020408614847214,0.00134676871215098,0.0026028311464208116,,266.46872182992786,-0.23927317286384175,-0.08095003161910018,7.657554682920075e-08,0.004899211183807554,-0.0008613399323627088,5.70370696566671e-07,0.22019758344401974,-0.07761794399227616
1976-10-08 18:00:00,,,3.990732966090095,,,,,,243.07592389506678,8.382432206847964e-06,2.8138616557657366e-06,0.0,0.0,9.531458730763927e-08,,3.7903976891873152,0.43974376035600726,,,,,,9.777619553035532e-07,4.2454730829543615e-05,1565.940496168193,1.0171188757969783e-05,2.38514328981645e-07,,278.3151956592086,5.9717505641237515e-06,,278.6962312777367,1.9668518791537313e-05,,,,9.74496815507934e-07,,0.0,,,,,,,5.08433792012683e-05,,,,,,,,,
1976-10-09 00:00:00,-0.17872102161836342,0.11718988136426937,,-0.22227373066738512,-0.19506517669858311,276.3758312879935,278.9811260516827,0.8179798609406285,,,,,,,0.002605765528932831,,,271.4599914550781,271.4600524902344,271.4600372314453,271.4599609375,0.447281333976067,,,,,,0.07517526841022559,,,101448.94859467456,,,2.532544378698225,121.25491585816152,0.1257980278963168,,276.7889636338815,,74270.03034855769,0.4550278329417198,0.0007177626592873116,0.06885065120016638,0.0030013597928560697,0.0003954334371894069,,266.0590573824369,-0.11645410787424393,-0.04946680463982757,2.48874022560635e-08,0.009580369517203702,0.0015171228952088652,6.171237506759739e-07,0.17089872821041288,-0.04649315501105856
1976-10-09 18:00:00,,,4.185092610014967,,,,,,402.08132566254716,7.757024299463577e-06,2.7758262213870618e-06,3.780845894351513e-08,1.4297558082895872e-08,-3.057399366158419e-08,,3.999729816730206,0.277923854850453,,,,,,4.35311192944205e-06,4.772039560171274e-05,1098.414201183432,7.95267919111534e-06,1.160025640704928e-06,,277.7344024477626,5.9591859755431405e-06,,278.02695803670485,1.9599832373963304e-05,,,,4.389582301032614e-06,,0.0,,,,,,,5.5499683470415644e-05,,,,,,,,,
1976-10-10 00:00:00,-0.2195379155627369,0.17372520153339094,,-0.17762214051195857,-0.29405223124126006,275.75451912964587,279.03477920441935,0.8195978219692523,,,,,,,0.001620902112249792,,,271.45948791503906,271.4598388671875,271.4600524902344,271.4599609375,0.3166197827581823,,,,,,0.07626613639515532,,,101689.27348372781,,,2.4615384615384617,120.11371301052839,0.12582510886107676,,275.7019768889839,,74415.25582470415,0.3259480493308524,0.0009159124814547026,0.05646786050753566,0.0028232427743765023,0.0018313029814048631,,265.9281643297545,-0.0952505134266509,-0.10396895888289051,5.2879480381576154e-08,0.0069663230246745774,0.0002326825316774951,4.157514847210917e-07,0.1851740727551039,-0.018328417687726445
1976-10-10 18:00:00,,,4.634068347998625,,,,,,477.29732599673065,1.3084894806675657e-05,2.2366676016672123e-06,4.22813835934069e-06,1.3447636683311689e-06,-3.029212564679094e-08,,4.504430601582724,0.3286349505362426,,,,,,5.116961764160698e-06,6.190735912887302e-05,1090.8350591715975,1.2842949325516379e-05,1.3042924672188844e-06,,277.95753975591714,1.0957114795255943e-05,,278.2667749167899,2.5823271486180775e-05,,,,9.344615174468453e-06,,1.43525074924943e-06,,,,,,,7.500309915937616e-05,,,,,,,,,
1976-10-11 00:00:00,-0.18436197698468992,-0.08694508795202131,,-0.1905177754057935,-0.2753641591269589,275.82850385135447,278.55761140902365,0.8205080392092643,,,,,,,0.008757168019311668,,,271.4600524902344,271.46031188964844,271.46031188964844,271.4599609375,0.32189553164871487,,,,,,0.09764153294309356,,,101769.14552514793,,,2.4911242603550297,120.09145431969998,0.1258517299178084,,275.8452582726112,,74454.41297614644,0.33628050674348187,0.001719988309420072,0.0526680419393388,0.005507824688973512,0.003749508829511834,,265.4991602248694,-0.16804567596616124,-0.1466514147244967,3.7238101361969695e-07,0.031285393152977674,-0.001040580335277072,1.3415355541186748e-06,0.2218706086098861,-0.005101908946178369
1976-10-11 18:00:00,,,4.174766980684721,,,,,,326.3739013671875,1.607156364170052e-05,1.058764976157239e-06,3.5242127948964134e-06,0.0,-2.437021190503105e-08,,3.9712502293332794,0.2707752476077108,,,,,,1.8356533269205037e-06,4.836881654502372e-05,963.9264053254437,9.240747908868734e-06,7.92764920807449e-07,,277.2357300526997,8.484800539073154e-06,,277.5842646311021,2.3813642693694525e-05,,,,5.359833057110126e-06,,0.0,,,,,,,6.449751600005923e-05,,,,,,,,,
1976-10-12 00:00:00,0.1323037232167622,0.18858999331321943,,0.03650080663918038,-0.2822204905854174,274.2854670236802,278.23048030695264,0.8202219697145315,,,,,,,0.013946555775298169,,,271.4594268798828,271.46026611328125,271.4602966308594,271.4599609375,0.25540395883413464,,,,,,0.08190746420233913,,,101749.52052514793,,,2.171597633136095,118.15520247058755,0.1257952289468438,,275.1966516618898,,74499.36889792899,0.27157421224921413,0.0027955580039842596,0.053732200487125556,0.00340653594428971,0.0025357692199345877,,267.157142232861,-0.05266254470193175,-0.14382513599282892,3.3502987982566086e-07,0.0659337803244745,-0.004903749248685216,1.2147362352921987e-06,0.2242029855942585,0.019245800181958803
1976-10-12 18:00:00,,,4.10545364921615,,,,,,349.44097704765124,1.782928345471444e-05,5.898831864080486e-06,5.19799233893671e-06,2.1154110556876165e-07,1.3287744501029753e-08,,3.9116258169772355,0.29113913993158286,,,,,,1.2344157202003975e-05,7.670870899448733e-05,1015.6775147928994,1.2542677701577632e-05,3.177871012828759e-06,,277.72049654447113,1.236355516332141e-05,,278.0829572508321,3.307317135602059e-05,,,,1.7540959211496207e-05,,4.739550179278357e-07,,,,,,,9.453949138257631e-05,,,,,,,,,
1976-10-13 00:00:00,-0.409464576540614,0.31973269987388475,,-0.2219583127625595,-0.18053348812125844,274.74838031114206,278.0538972933617,0.8221798577957605,,,,,,,0.0015486768011510725,,,271.46031188964844,271.46026611328125,271.4600524902344,271.4599609375,0.29892076119868716,,,,,,0.09676934417182877,,,101768.51164940829,,,2.4319526627218937,118.41213664218519,0.12585956528341982,,275.5356701732387,,74462.35969859468,0.3064517410549186,0.002185392661912907,0.05604812941975828,0.002831080961509569,0.004640590509719397,,265.4157916187535,-0.10410315045238247,-0.05808680156278893,2.170353630621719e-07,0.01658142788870227,0.0004612046497813343,6.514668572120942e-07,0.17420545789501327,0.021958243961517628
1976-10-13 18:00:00,,,3.843632720631255,,,,,,593.0464477539062,5.92005940584036e-06,1.1536221091563884e-06,5.011397176945703e-07,3.5257999008223856e-08,-3.882598977628269e-08,,3.716935123917619,0.22125424718010356,,,,,,7.604265354088778e-06,2.7144889859758186e-05,837.7895710059172,3.916801080195861e-06,1.9010663385221945e-06,,277.6471575674926,4.77143557819389e-06,,277.98415252866124,1.0607598801336344e-05,,,,8.105394050214418e-06,,3.568288049048926e-07,,,,,,,3.3054963724147637e-05,,,,,,,,,
1976-10-14 00:00:00,-0.30869619945097254,0.1804047985189765,,-0.18316898120225533,-0.2987821906276003,274.79577853411615,277.9951171875,0.8238461648924111,,,,,,,0.0,,,271.4601287841797,271.4591522216797,271.46022033691406,271.4599609375,0.20455110990084135,,,,,,0.10133587538137943,,,101936.56749260356,,,2.485207100591716,117.8914265830136,0.12584965045635516,,275.40817197540105,,74612.3932368713,0.23274944237703402,0.0017732642811430983,0.06603710919332045,0.0019290320266633343,0.0032398517315204325,,265.89344038201506,-0.09265313910309379,-0.1309475475514429,4.865730460492078e-08,0.008520831490354337,-0.0004186089530851714,1.352905335742429e-07,0.13027180971428973,0.0076763421826108675
1976-10-14 18:00:00,,,3.816812577332265,,,,,,1114.2657631709658,4.762838754428209e-06,3.0026335776204893e-07,5.308042704706362e-07,0.0,2.663828718948547e-08,,3.6539642683853057,0.17194000785872782,,,,,,8.510106061337262e-06,1.1418169066750791e-05,724.5702662721893,3.194491538775743e-07,1.8183604852687677e-06,,276.8999687962278,2.0224578987211872e-06,,277.27058437731137,4.302423733931321e-06,,,,9.040772562196269e-06,,5.267813978110545e-07,,,,,,,1.6126142451043665e-05,,,,,,,,,
1976-10-15 00:00:00,0.16614316342145027,-0.17243172007904956,,-0.02170685762484398,-0.4492753553672655,275.0506199041062,277.6805297129253,0.826362510051953,,,,,,,0.0023260398729313056,,,271.45970153808594,271.45970153808594,271.45994567871094,271.4599609375,0.22632016514885356,,,,,,0.09315788675342086,,,101969.91937869822,,,2.4201183431952664,118.20843379455205,0.12600119156244943,,275.06867791350777,,74605.48414386094,0.27886168350129437,0.0021764343306863096,0.029654866136808896,6.728482669627173e-05,0.002297147491274501,,265.22805551382214,0.054983063562381904,-0.1406019876694538,8.631365728659622e-08,0.014397175354365062,0.0005281969640381943,1.4003381214363598e-07,0.05882836571900097,-0.003677842179699057
1976-10-15 18:00:00,,,4.642801905524801,,,,,,765.8879750911021,5.70633465192727e-07,8.861616959233256e-08,3.6149643934690033e-07,1.2852354856902326e-08,-3.600710512658294e-08,,4.448958136273559,0.17761970836029956,,,,,,1.1529685301188182e-05,1.5378527387359438e-05,798.3468934911242,8.186711185782619e-07,2.2936215591148512e-06,,277.47289605676775,3.0649219744304227e-06,,277.86362940319896,3.792290415989577e-06,,,,1.1889737915005204e-05,,0.0,,,,,,,1.594935648540068e-05,,,,,,,,,
1976-10-16 00:00:00,0.6234438348804,0.7295117519310945,,0.22312306511331592,0.024958317096416768,276.059099366679,278.682582516642,0.824116052960503,,,,,,,0.0,,,271.4601745605469,271.46006774902344,271.46009826660156,271.4599609375,0.1882705237033099,,,,,,0.03253841964450813,,,101714.70931952662,,,2.526627218934911,118.18707654603135,0.12609131942839313,,275.4619388918905,,74438.0842039571,0.19676831488073224,0.001430889558509962,0.015337314985763496,0.00016634280865009015,0.0018531867032925758,,265.67806763056467,0.05544448463169075,-0.07551262646737184,7.103965169965075e-08,0.006845688664257257,0.0022095433634722376,3.400968577845033e-07,0.0566549865306271,0.018504676579900042
1976-10-16 18:00:00,,,4.212017296333991,,,,,,809.6007006096117,4.3737553280486156e-06,7.640427121749291e-07,1.311985522332276e-06,0.0,8.504867998814416e-08,,4.166221071277144,0.18635938294540497,,,,,,6.626442780156107e-07,1.0040472950455706e-05,671.6645710059172,1.9117352172467835e-06,1.2788257545091696e-07,,276.6888276049371,1.3066455721855164e-06,,277.0449782151442,5.578611200377786e-06,,,,1.9745802032877002e-06,,0.0,,,,,,,1.4421458427722637e-05,,,,,,,,,
1976-10-17 00:00:00,-0.14852054866813344,-0.41787974792119315,,-0.1601484400280834,-0.444286329506417,274.65465956467847,278.02876092132027,0.8247529807880786,,,,,,,0.32633177627473187,,,271.45989990234375,271.4597625732422,271.4597930908203,271.4599609375,0.16074917584481324,,,,,,0.027701699522120007,,,101551.2912352071,,,2.1301775147928996,117.43224573981833,0.12615151941423586,,274.5589121079304,,74328.78846153847,0.46842830138799,0.0009145920093242938,0.017536264008273204,9.409457268799551e-05,0.00011379708199811405,,265.9415124295026,-0.10183135715462047,-0.23470011265320184,-7.154083003319877e-08,0.03142940361779831,0.005781562591092826,-5.5846128321374e-08,0.014338369641078295,-0.007634350534021501
1976-10-17 18:00:00,,,3.6180519070145647,,,,,,4092.543074967025,3.6180724759073653e-06,7.524028332275752e-06,8.020395710623476e-08,0.0,7.005080526690608e-08,,3.5182817560681223,0.17725196251502404,,,,,,2.7757600919734796e-06,1.1359071414146197e-05,699.6394230769231,1.5541624564390916e-06,5.988018399864964e-07,,277.29056490384613,1.4426241788638415e-06,,277.7383433686206,5.15950502023189e-06,,,,2.856261631440834e-06,,2.7267637072935613e-07,,,,,,,1.4973727203685151e-05,,,,,,,,,
1976-10-18 00:00:00,-0.9215799816966762,-0.7907201439671262,,-0.3890487907906256,-0.610334306073612,273.0140197573329,277.23952362241124,0.8352307606730941,,,,,,,0.4614891544116672,,,271.46006774902344,271.46034240722656,271.4604187011719,271.4599609375,0.11092769464797522,,,,,,0.041914178069526624,,,101397.09042159763,,,1.5798816568047338,115.45316382413785,0.12611120551295535,,275.23571786372617,,74245.11224112425,0.5341174690901528,0.003235712559265498,0.016681264843461076,3.9057795112655006e-05,0.001209407163089549,,267.3797062981058,-0.21420389096412432,-0.27961263148742316,4.3669834780539855e-07,0.09331967844765567,0.016106737061188772,-1.290506142027643e-07,0.002766026194984391,-0.010455185492363201
1976-10-18 18:00:00,,,3.6196645300769243,,,,,,728.1441244942802,0.0,0.0,0.0,0.0,8.301098502600395e-08,,3.5429959484105984,0.1285834679236779,,,,,,5.775770536188543e-07,5.750958229134069e-07,512.0610207100592,8.627477504268906e-09,1.6784540669628855e-07,,276.9120588133321,1.2955544296012827e-07,,277.3177873058432,1.8908844753747156e-07,,,,5.826869285141928e-07,,0.0,,,,,,,5.750958229134069e-07,,,,,,,,,
1976-10-19 00:00:00,0.08821678161621094,-0.2586153131970287,,0.018821439799472425,-0.5112233528724084,273.14685257228876,275.71291229428624,0.8427516687551194,,,,,,,0.024956674970818694,,,271.46031188964844,271.460205078125,271.4598388671875,271.4599609375,0.12267398269924186,,,,,,0.0077431695701102535,,,101336.93860946746,,,2.2840236686390534,115.74248057709643,0.1261396238789756,,274.68366164709687,,74145.5247549926,0.14898618438540126,0.00022098316243414343,0.005524742532763961,0.0,3.427073094971786e-05,,264.74645336986293,-0.013724332730445637,-0.23107163017318094,5.267276340273599e-09,0.0012507944205257843,-0.00016495025683657306,1.1870969173335884e-07,0.005565471153640183,0.0015864582324521782
1976-10-19 18:00:00,,,3.990907206337833,,,,,,308.4718526204427,0.0,0.0,7.053857931685386e-10,0.0,7.719162757511986e-08,,3.876314569507125,0.16041862894092085,,,,,,1.568407834281583e-06,1.5908918348995186e-06,698.5454881656805,5.448486768921628e-09,3.803171459916075e-07,,277.07742291512574,3.282037238485714e-07,,277.4370738373706,4.5010158737030256e-07,,,,1.5692234303824295e-06,,0.0,,,,,,,1.5908918348995186e-06,,,,,,,,,
1976-10-20 00:00:00,0.21713672163923817,0.09146225381885055,,0.048960804233889606,-0.3382156417214659,273.31471532336354,276.9228761210244,0.8463401914348264,,,,,,,0.07616519363674186,,,271.4593811035156,271.4601135253906,271.4599609375,271.4599609375,0.17365874341253698,,,,,,0.0033104123448479106,,,101365.22688609468,,,2.2958579881656807,114.79957192325028,0.1261083924558741,,275.0278356427977,,74176.98520710059,0.2514424394132823,0.0003237138838457638,0.009426726392034948,4.623680425113475e-06,8.140830598639313e-05,,265.68447740543525,0.06884879614474505,-0.10816115035107855,-5.719175465888386e-09,0.000661043005843217,0.000627419640521585,-5.994348267724286e-08,0.01554771417685779,0.008520238762776527
1976-10-20 18:00:00,,,4.808539441351354,,,,,,2034.112888552108,0.0,0.0,0.0,0.0,4.367076042011799e-08,,4.756869739329321,0.1288432284925111,,,,,,1.6344325429589085e-06,3.5609366625723756e-06,525.7699704142012,5.041155413057677e-07,2.49061281599942e-07,,276.82978631194527,7.530817618736854e-07,,277.23189314441566,1.1482931805785592e-06,,,,1.6344325429589085e-06,,1.7508203108635175e-06,,,,,,,3.5609366625723756e-06,,,,,,,,,
1976-10-21 00:00:00,1.4578811706170527,-0.2359572698378704,,0.5074990469323107,-0.2314484161738108,274.08368904068624,276.7769089196561,0.8489308075086605,,,,,,,0.13237929485253327,,,271.46009826660156,271.4596710205078,271.4596862792969,271.4599609375,0.1623627250716531,,,,,,0.020756557848326553,,,101095.44434171598,,,2.0059171597633134,112.96374999277691,0.1261076588602461,,274.7270029282429,,74015.1519276997,0.29353097768930286,0.000556176936132668,0.0133959640412641,1.2368492826202212e-05,0.0004233693230081592,,266.08840319390833,0.2913349902136086,-0.10411676711584689,4.7244060498039056e-08,0.002998854281634269,-0.00037130329912230816,1.182416302410985e-08,0.05564559846234745,-0.013320284129599848
1976-10-21 18:00:00,,,5.031591466192663,,,,,,480.85772726721797,9.859275601848343e-08,1.4773310994255473e-06,0.0,0.0,2.6414131726063897e-08,,4.88485919230083,0.27549554046089125,,,,,,4.323893750207664e-06,4.4899579335951944e-05,952.0207100591716,9.036408020899846e-06,1.0449880149942882e-06,,278.16591305704515,5.999282443311793e-06,,278.52567377034023,1.5806472865787485e-05,,,,4.323893750207664e-06,,2.3334424876602444e-06,,,,,,,4.4999478836736735e-05,,,,,,,,,
1976-10-22 00:00:00,0.8590964875983064,0.27958043228239704,,0.22094268347384663,-0.01192406648714867,273.81524658203125,276.6384725175666,0.8561611429474058,,,,,,,0.0,,,271.4599304199219,271.46002197265625,271.46014404296875,271.4599609375,0.2609923774674094,,,,,,0.06555428589589497,,,100784.04178994083,,,2.603550295857988,112.6914913019485,0.1261173931099254,,275.60161062387317,,73795.20118343196,0.27359947791466344,0.0004851719331459181,0.04073102471458977,0.0011416412669526049,0.0015073471520779401,,265.6739013491298,0.10893999507441324,0.042005200357832145,1.0679068832386825e-07,0.008314821127159438,-0.0013650962586938982,1.121667906159422e-06,0.17122354006984397,-0.020353762708472077
1976-10-22 18:00:00,,,4.48888102649937,,,,,,427.6164931000256,5.2146128648836935e-06,3.9404864318272064e-07,1.2053849076378276e-06,1.787533156970549e-07,1.0340312058538317e-07,,4.314405571074175,0.27136925691683617,,,,,,5.2443270147199465e-06,6.120074430160974e-05,910.6349852071006,1.9924219190721682e-05,1.400598936532376e-06,,277.2786265717456,1.0901896734914835e-05,,277.67983629576554,2.84330026637873e-05,,,,6.449733965495634e-06,,0.0,,,,,,,6.642038300192567e-05,,,,,,,,,
1976-10-23 00:00:00,-0.41733057259102546,0.16362630403958833,,-0.2541124129436425,-0.10870120934480747,272.8388256547014,275.01590958995934,0.8610710417025188,,,,,,,0.0005708361518453564,,,271.4600067138672,271.459716796875,271.460205078125,271.4599609375,0.2149634728064904,,,,,,0.08618200177977071,,,100991.81360946746,,,2.437869822485207,113.87841345431536,0.12643775149915346,,275.07025128426636,,73902.76682692308,0.2234372471916605,0.0004971662216637966,0.06155970662755798,0.003558920685356185,0.0031718417737610946,,263.23452578211675,-0.2662425012983514,-0.03517200572956243,1.5434243484846587e-07,0.005560637698315922,-0.0008432491291204148,1.14485970353873e-06,0.2224875079597396,-0.008209603425313735
1976-10-23 18:00:00,,,4.590378721790201,,,,,,376.89508056640625,2.327909660057203e-06,1.8037569064360398e-06,6.487926198913545e-10,1.71703989094002e-08,2.5956903445843012e-08,,4.438252657828246,0.2980969671666975,,,,,,1.6231596822569356e-05,8.203433110163762e-05,1037.3746301775147,1.5243579297376102e-05,4.148474459112043e-06,,276.9228790102626,1.446889526039891e-05,,277.16599540033286,2.6321622746935963e-05,,,,1.6231861340223685e-05,,6.244490308874457e-07,,,,,,,8.435397458499705e-05,,,,,,,,,
1976-10-24 00:00:00,0.07802462718895907,0.24224026809782673,,-0.11143998704718415,-0.09239753181412375,275.2739330946341,277.9082955806213,0.8613600709734583,,,,,,,0.0,,,271.4598693847656,271.4599609375,271.4597625732422,271.4599609375,0.3243057882997411,,,,,,0.08053922935350406,,,101387.98557692308,,,2.6745562130177514,114.12760446762897,0.12669434632069965,,275.18834248379136,,74161.38320543639,0.3313965204904771,0.0016843045251609306,0.053655771108774036,0.0057407130856485765,0.010955539680796968,,264.2066981750127,-0.09033275355954141,-0.0068184348958483815,-1.2669740160362321e-08,0.009829097718121649,-0.00013898859715320654,1.1836633757142538e-06,0.2224065966722652,0.021419458488035486
1976-10-24 18:00:00,,,4.873204073256995,,,,,,265.4118523230919,1.207871373588517e-05,3.0182566515792754e-07,1.0461011934562547e-06,0.0,-2.169268102951337e-08,,4.842419060024284,0.261457815678162,,,,,,1.7722506494917107e-05,9.0390267456777e-05,914.439349112426,1.4622095068530923e-05,4.3371196329240964e-06,,276.93241060697113,1.6564624549369133e-05,,277.1626568856324,3.72980473309579e-05,,,,1.8768673817786944e-05,,8.131493125441512e-07,,,,,,,0.00010247361025161292,,,,,,,,,
1976-10-25 00:00:00,-0.5975559166902621,0.5904782030004017,,-0.3450208810659555,-0.09465187682202582,272.8994233622353,275.5596425434541,0.8605481379130888,,,,,,,0.0,,,271.46009826660156,271.4600067138672,271.4601287841797,271.4599609375,0.22096180210452107,,,,,,0.06408041327662722,,,101496.75425295858,,,2.4437869822485205,112.88726608005501,0.12686676950849726,,275.25314349112426,,74268.83686205621,0.22677684535641643,0.0019374119459524663,0.04842957015942848,0.004244527873202894,0.008152030628813794,,263.80610340727856,-0.27900882585514225,-0.017459513873038207,1.5793469674732348e-07,0.014784107314003907,0.005082944671199079,1.505658081484705e-06,0.20764317054070047,0.03799022584271854
1976-10-25 18:00:00,,,4.916116968414487,,,,,,583.7188393729074,1.8202782382626506e-05,3.605783426550013e-06,2.822678910910025e-07,2.0821121405567644e-08,1.1632001324013956e-08,,4.702983884416389,0.2637417584481324,,,,,,2.387509896205022e-05,6.109405551436385e-05,934.4434171597633,1.1529178309017385e-05,5.543231964111328e-06,,275.80771253235946,1.150616527309079e-05,,276.17183599528477,2.817694957439716e-05,,,,2.4158044679630436e-05,,0.0,,,,,,,7.928546363785422e-05,,,,,,,,,
1976-10-26 00:00:00,-0.4405794030815892,0.2708427666207037,,-0.21453516582060142,-0.19546587227364265,272.7160556048331,276.44653031388685,0.8612439593619848,,,,,,,0.0,,,271.460205078125,271.46002197265625,271.45982360839844,271.4599609375,0.23952344183385724,,,,,,0.06298042613373706,,,101548.35059171598,,,2.63905325443787,113.84291049573548,0.12723989317403037,,274.22843942134335,,74237.92226793639,0.2489037146935096,0.003074437203491933,0.040038911678009256,0.0027022164248855863,0.010873241537421413,,263.3317586684368,-0.2170988060313569,-0.030944377712949493,2.8881417563634224e-07,0.02353513005917021,0.006533176919235986,7.711059879511595e-07,0.15459812485982152,0.03565142845966407
1976-10-26 18:00:00,,,4.120554342777772,,,,,,548.3088835295256,9.060203588220495e-06,2.3052823790431727e-06,1.715834406838262e-08,3.0490567703791975e-09,1.5154500337593642e-07,,4.151408291427342,0.17302925064718935,,,,,,1.1259899336910812e-05,1.8163898287440192e-05,670.8058431952662,1.9325108746805134e-06,1.6666596105112832e-06,,275.5465239575629,3.109228681530473e-06,,275.85194044846753,1.2006985365286382e-05,,,,1.127665212168496e-05,,0.0,,,,,,,2.722018921869041e-05,,,,,,,,,
1976-10-27 00:00:00,-1.5096980890578773,-1.0837150889740894,,-0.5913588676226915,-0.7716070547611755,272.4671593841011,275.6335237943209,0.8596849032407682,,,,,,,0.0,,,271.46006774902344,271.4599914550781,271.4596252441406,271.4599609375,0.19419689291327663,,,,,,0.10535462509245562,,,101908.09060650888,,,1.7633136094674555,113.30188331378282,0.127490464046862,,273.2799876737877,,74492.22485207101,0.2477244540784486,0.002243549866083811,0.03232141077165773,0.00018777226555276904,0.004480147502831453,,265.09855408076,-0.4171111936399923,-0.3630232387745874,1.6025655061494252e-07,0.005340782473602239,0.0004295622985038532,1.7863696495473341e-07,0.004058732083563269,-0.01467694827085416
1976-10-27 18:00:00,,,3.4553244159771848,,,,,,1271.6432830810547,0.0,0.0,0.0,0.0,9.063376788326853e-08,,3.385933712036652,0.0021545082859739046,,,,,,0.0,6.715614161283307e-08,19.104521079881657,1.6373487812130762e-09,0.0,,275.7557929225222,0.0,,275.9920069226146,4.3022005471604815e-08,,,,0.0,,0.0,,,,,,,6.715614161283307e-08,,,,,,,,,
1976-10-28 00:00:00,-0.6035425818178075,-0.791599047959909,,-0.18807805078269463,-0.6518404018244094,270.51610777363976,276.3758855514978,0.8572534114651426,,,,,,,0.0,,,271.46022033691406,271.45989990234375,271.4596252441406,271.4599609375,0.007455351790027506,,,,,,0.0081529109435674,,,102056.99093934911,,,0.27218934911242604,113.26337554751063,0.12743911799594496,,272.1540045202131,,74688.43373243343,0.013215510802861501,4.888674211219923e-05,0.003768887040177746,3.4089712701605624e-06,0.0,,268.5254798302284,-0.06412713732239762,-0.2973636254756408,5.6722429830048125e-09,0.00023484375939522621,0.00040337379151106584,7.442050720578798e-09,-0.0054434647221537034,-0.004159433954566188
1976-10-28 18:00:00,,,4.3870246255186185,,,,,,391.1420630478277,2.0816878101529453e-06,3.089276886374287e-08,1.05328725639885e-06,0.0,1.1216800309615706e-07,,4.274004343698716,0.12114566599828958,,,,,,2.2625186915933733e-06,2.313085649845868e-06,538.7045118343195,1.9385045416344552e-08,5.323913763966081e-07,,275.79752218934914,5.48017205747627e-07,,276.09536219489644,2.2065180998582105e-06,,,,3.31570675387185e-06,,0.0,,,,,,,4.3927124266088366e-06,,,,,,,,,
1976-10-29 00:00:00,0.04102280295106786,-0.18954133705274592,,0.05544908512273484,-0.371350090884598,272.5321041310327,276.15588595599115,0.8538775567472334,,,,,,,0.0,,,271.4597625732422,271.46022033691406,271.4602813720703,271.4599609375,0.15361077122434358,,,,,,0.008257736115765996,,,102024.6588387574,,,2.2366863905325443,114.45894230046922,0.1273275127072306,,273.4829116008691,,74639.90597263313,0.15556227102787537,0.00043216541674010145,0.007973733032948871,9.216059594464725e-06,0.0008722226295245469,,264.7543404483231,0.008361811821277324,-0.1776672171417778,8.038688696421543e-08,0.001475779967900564,-0.00033767763855894643,-6.451126105894649e-08,0.009766565205959173,-0.0009394234277792936
1976-10-29 18:00:00,,,4.283736240228958,,,,,,1246.0029176410876,1.1116795285919008e-06,3.9404864318272064e-07,0.0,0.0,1.2280417734650898e-07,,4.169913963453304,0.08325944708649223,,,,,,1.9445698487864443e-07,1.3160304381297185e-06,329.73002958579883,1.848110455204044e-07,1.0006344662262843e-07,,276.4866372734837,2.3676809915424098e-07,,276.7931377704327,1.1226129249708187e-06,,,,1.9445698487864443e-07,,0.0,,,,,,,2.427676902014828e-06,,,,,,,,,
1976-10-30 00:00:00,0.4054614185581546,0.08798667523987899,,0.1413769954760399,-0.2281839833457089,270.82371782833303,275.0186081384061,0.8506447002732542,,,,,,,0.02664473494129068,,,271.4602813720703,271.46006774902344,271.4596252441406,271.4599609375,0.09779565574149408,,,,,,0.022235080335267197,,,101952.43398668639,,,2.0414201183431953,115.06327846910827,0.1271998868186093,,273.4476210915831,,74656.59888128698,0.12899996966299926,0.00025024498708149385,0.014128329485831176,0.00015650204652865258,0.00020064404730260724,,264.0118400077143,0.018922660125077827,-0.12425901198528222,-5.5088161693056034e-08,0.0014922632828055875,-0.0002111591365651266,1.6499161682389236e-07,0.025115994997539547,-0.005419913128282897
1976-10-30 18:00:00,,,3.88208098665497,,,,,,925.8886432313083,1.3500733091633702e-07,3.828273083154972e-08,0.0,0.0,6.03774569538758e-08,,3.825508191035344,0.05088553344004253,,,,,,9.832703288005301e-09,9.087327669358113e-06,255.77403846153845,2.0054405962927102e-06,2.2352258426815095e-09,,276.9188196306398,8.951497853860347e-07,,277.23202027089496,2.8597224040849674e-06,,,,9.832703288005301e-09,,0.0,,,,,,,9.221438120102741e-06,,,,,,,,,
1976-10-31 00:00:00,0.2160305553639429,0.1622350625032504,,0.12511324459279077,-0.22863256014310396,270.32055952986315,275.0907784185466,0.8476906905512838,,,,,,,0.0016388752051359097,,,271.4604187011719,271.4598693847656,271.4600067138672,271.4599609375,0.08923475276789017,,,,,,0.04256958368967271,,,101878.33025147929,,,1.0591715976331362,113.90113442325028,0.12708278520572822,,273.25402678540473,,74655.1683848003,0.10259522206684542,0.000451034342748879,0.02510698307195359,0.0018023823845315966,0.00040308258237218013,,267.77728108964726,0.021190347403464233,-0.11257186867076265,3.577868795396413e-07,0.005183665477257421,0.0009181344297510632,8.558489371245429e-08,0.031418218062474176,0.018426306744122645
1976-10-31 18:00:00,,,4.129625743662817,,,,,,328.2718138823638,8.01378276926526e-07,1.2879667682407875e-07,0.0,0.0,6.925907095697207e-08,,4.043854581533805,0.10945174538877589,,,,,,6.665073379257021e-07,6.304668075234227e-06,441.6438609467456,8.447977477276819e-07,2.807110944795891e-07,,276.2958623220229,6.430010867894754e-07,,276.5512103018676,2.8352875857663577e-06,,,,6.665073379257021e-07,,4.7366294635118114e-07,,,,,,,7.1087797012554825e-06,,,,,,,,,
1976-11-01 00:00:00,0.34874505263108474,-0.29357885891163843,,0.2121997140568389,-0.45176029205322266,270.1682978522848,274.99840225129435,0.8476553255989707,,,,,,,0.0001409392385087775,,,271.4597625732422,271.4599151611328,271.45994567871094,271.4599609375,0.1326976527829142,,,,,,0.010774014264168824,,,101983.01812130178,,,2.0828402366863905,114.96229381674141,0.1270512772735054,,273.58198764056147,,74659.18604382397,0.13503622021195452,0.00025666959186982827,0.010223501532740847,5.287046615894024e-06,7.605129445092918e-05,,265.90900398570403,0.05890460409356292,-0.2181820220495822,7.279985424484362e-08,0.0008535890677425812,8.896421696219218e-06,-9.0989821604949e-08,0.0066622701975015495,-0.0021215850079553365
1976-11-01 18:00:00,,,4.1868192796876444,,,,,,647.556926223467,5.520152798771152e-07,0.0,1.4920724478699047e-07,0.0,5.5573565136991197e-08,,4.052766619349373,0.12445438543014978,,,,,,1.772687103621353e-06,4.542164901304527e-06,537.387573964497,9.100922774633712e-08,3.702778743921652e-07,,276.1473858173077,7.14263796100955e-07,,276.4773194803994,2.357050688309077e-06,,,,1.921930168507367e-06,,0.0,,,,,,,5.093948728234105e-06,,,,,,,,,
1976-11-02 00:00:00,0.22700097574990177,-0.3764750858735756,,0.14474834387119,-0.5014247781426243,272.6017868674013,276.9025777782914,0.8469704731681643,,,,,,,0.0,,,271.4600067138672,271.45970153808594,271.4600372314453,271.4599609375,0.17113066001756658,,,,,,0.07363999947993713,,,101939.33191568048,,,2.0059171597633134,114.37524684928579,0.12707313842321993,,273.7908193373821,,74587.01486224112,0.20290234808385724,0.0004879772310426249,0.027380565214439257,0.0014019012451171875,0.0006664377697826137,,264.7235715064777,0.036005283601185274,-0.2283397539127508,-2.111831494424831e-08,0.0013792132035713401,1.4908788119547466e-05,2.4963017322671375e-07,0.04821726607059586,-0.020686662056036954
1976-11-02 18:00:00,,,4.486332882085495,,,,,,666.4096805348116,1.0832910668435534e-08,0.0,0.0,0.0,5.980477094480726e-08,,4.44302435880582,0.15975175665680474,,,,,,4.398608965986579e-06,6.225952029933591e-06,717.4093934911242,2.223849517001203e-07,8.823647654268163e-07,,277.3946410410503,1.1656301085060165e-06,,277.67580436390534,1.6812687001284763e-06,,,,4.398608965986579e-06,,4.339908089863478e-07,,,,,,,6.239618775407238e-06,,,,,,,,,
1976-11-03 00:00:00,0.850934756578073,0.01698764823597564,,0.3318507339827408,-0.21823086823232074,273.6649993354752,276.1802855723003,0.8485980435941346,,,,,,,0.0,,,271.46018981933594,271.4597473144531,271.4602508544922,271.4599609375,0.21973306328587278,,,,,,0.04002606092825444,,,101869.91531065089,,,2.4319526627218937,115.05768490401951,0.1270684603403306,,275.1123542559923,,74560.05649038461,0.23424760265463201,0.0004832659952739287,0.01491907785630085,1.5749028448522442e-05,0.00036940207848182093,,264.9967729015463,0.14274799224187637,-0.08081742010173007,1.0448593658923975e-08,0.0013635412330247362,0.0009864640887826681,2.6912520830409283e-07,0.04436384573490662,0.014236325342979656
1976-11-03 18:00:00,,,4.3840248739931,,,,,,632.6564974271334,8.393277430675439e-06,1.1054633637151775e-06,2.647887849243435e-06,6.181667365971401e-07,4.3570150932250266e-08,,4.242363421874638,0.18314248711399778,,,,,,6.030771065745833e-06,1.0252285462159376e-05,763.1113165680473,2.5385015330018375e-07,9.167121073021691e-07,,276.81519999306585,1.8936047363563402e-06,,277.19753287953034,5.704279129321759e-06,,,,8.678978540488248e-06,,0.0,,,,,,,1.865369681070542e-05,,,,,,,,,
1976-11-04 00:00:00,0.5626622826390012,-1.2079398025422408,,0.1420258516390648,-0.8557968252509304,273.3529163789467,276.67915154632027,0.8491264793294422,,,,,,,0.001583787816516041,,,271.4607238769531,271.46014404296875,271.45997619628906,271.4599609375,0.16857088529146635,,,,,,0.06964616944803995,,,101725.97670118343,,,2.497041420118343,114.86047706378282,0.12723542670526447,,274.82539945523416,,74421.8059818787,0.219429783567169,0.0019391246095916928,0.009525632011819874,3.160862527655427e-05,0.0013413739627634986,,264.995065181213,0.058204547187985754,-0.4212561217990853,4.80765357307715e-08,0.022986126691922806,-0.00843263201459625,-5.132553656981602e-07,0.04348392242334298,-0.02968922133981829
1976-11-04 18:00:00,,,4.093242510183323,,,,,,455.8669876901727,3.512618104381674e-06,2.3621426531549037e-07,2.9827451564856533e-06,1.3118091772293903e-06,6.56560565704568e-08,,4.071956321685271,0.10833974984975961,,,,,,3.2212959944143804e-06,8.990029258840888e-06,474.30288461538464,8.250856716957319e-07,8.335171719274577e-07,,276.3435780903291,1.4538772007417396e-06,,276.6819598858173,3.4322047374657627e-06,,,,6.204085237175755e-06,,0.0,,,,,,,1.2505248453490127e-05,,,,,,,,,
1976-11-05 00:00:00,-0.3368825686753854,-0.5197872861602603,,-0.2537126089694232,-0.5172480182534844,272.41061338165105,276.7702391133506,0.847666391606867,,,,,,,0.0017177198060165497,,,271.4602813720703,271.4598693847656,271.4599914550781,271.4599609375,0.15644141202847633,,,,,,0.050512912005362426,,,101730.38295118343,,,2.1597633136094676,114.61225683449288,0.12726691206531413,,273.5663200242985,,74445.68179086539,0.17073835564788276,0.0010110471375595184,0.02322789479994915,0.0002727014778633795,0.0008927012336324658,,265.5115654397998,-0.12800775512435733,-0.26056722494272083,3.598715651734903e-07,0.015219603755326043,-0.005926443274909928,3.866769249252038e-07,0.05698064591228609,-0.01857152457773333
1976-11-05 18:00:00,,,3.9023094797980855,,,,,,1287.5624622914984,1.9432679259565456e-07,0.0,0.0,0.0,2.5582342314225285e-08,,3.822899158184345,0.043628760343472635,,,,,,1.661897603885309e-08,2.085864984777552e-06,187.19193786982248,1.7566176561208871e-07,3.876298708708946e-09,,276.83706285826554,2.198293254043929e-07,,277.17158318694527,6.745200185380743e-07,,,,1.661897603885309e-08,,1.6320463732854853e-07,,,,,,,2.2797343822625967e-06,,,,,,,,,
1976-11-06 00:00:00,0.15941816250953447,-0.6677968064708822,,-0.0748355910622862,-0.5354888566146941,269.89403944749097,276.63088971200074,0.8452340911125996,,,,,,,0.0003087760428705159,,,271.4608917236328,271.4597625732422,271.4600372314453,271.4599609375,0.1074532051763591,,,,,,0.05192764553092641,,,101793.82877218934,,,1.2603550295857988,114.3182248448479,0.12721379692032492,,273.39918454864323,,74608.46671597633,0.12456950351331361,0.0002391147895677555,0.024255109256541237,0.00037929997641659345,0.00034659148673334063,,267.9962764040253,-0.05566079270910229,-0.25811244185859633,-2.7619642063246188e-09,0.0002566735913216539,-0.0006064839396603714,3.841093191312152e-08,0.03936545059399007,-0.028596727805730155
1976-11-06 18:00:00,,,4.443913282021969,,,,,,1013.530111535803,1.8056085300163405e-07,1.1500318330773236e-08,0.0,0.0,3.59992479534197e-08,,4.355778214141462,0.0818151891584227,,,,,,3.021778387276555e-08,2.9890715370516803e-06,291.3457840236686,2.903012371451192e-07,1.2004210685308163e-08,,276.86836775379066,1.4730051336203806e-07,,277.14130830482617,1.445853498560437e-06,,,,3.021778387276555e-08,,0.0,,,,,,,3.169670965544571e-06,,,,,,,,,
1976-11-07 00:00:00,0.19503277434399846,-0.005145744459163507,,-0.06600557699711365,-0.31764629747740614,272.04895976591393,278.3229648206361,0.8453272651638505,,,,,,,0.0,,,271.4602813720703,271.45994567871094,271.4600067138672,271.4599609375,0.12735617372411243,,,,,,0.03650895519369453,,,101808.7326183432,,,1.1242603550295858,113.84200905342779,0.1271577840726051,,273.96540922808225,,74642.33357988166,0.13983064008182322,2.494807074055869e-05,0.022552827097473246,0.00029761551399908124,3.35329030392438e-06,,268.10661586784045,-0.04209663917327068,-0.1536274125590127,-3.030625140455365e-08,6.636783125177101e-05,0.0014297417158360135,1.9821885408531907e-07,0.03711985716921382,-0.021651629865522215
1976-11-07 18:00:00,,,4.17545221543171,,,,,,629.799439521685,4.2312905280547736e-07,5.0736414874799155e-08,0.0,0.0,5.5243447822836036e-08,,4.095408738717525,0.22375271588387574,,,,,,7.808423386170314e-07,3.1701470973223624e-05,825.4711538461538,8.594575365619546e-06,2.266406550033558e-07,,278.3130243967271,3.4298461217146655e-06,,278.68128524870565,1.1882838412854799e-05,,,,7.808423386170314e-07,,1.7378369026635526e-06,,,,,,,3.212461104759803e-05,,,,,,,,,
1976-11-08 00:00:00,0.12030894375411716,0.20943537830601078,,-0.06350432062995505,-0.12234491427269208,275.31486303566476,279.33551856046597,0.8484931062664506,,,,,,,0.05173244137735762,,,271.46031188964844,271.4598083496094,271.4598083496094,271.4599609375,0.21718972110183987,,,,,,0.07035412308732433,,,101664.4136464497,,,2.514792899408284,116.34224019248104,0.12712209746682432,,275.945785793327,,74484.94552052514,0.2850426399912244,0.00042340106512667863,0.04061348660237338,0.000787971993169841,0.00026664790317151675,,266.94394706410066,-0.031037617364578697,-0.06593861029698299,3.0592443219047815e-08,0.0020407753371077,0.0005323495040785455,7.46808793940292e-07,0.1228365353666819,-0.018908628345241207
1976-11-08 18:00:00,,,4.836416543588131,,,,,,476.1256544783309,4.477236838735772e-07,4.7354170909294716e-08,1.8649527902257513e-08,6.826553141047969e-08,6.600032184157966e-08,,4.714330029910838,0.3209803654597356,,,,,,4.301553029985823e-06,4.6890515547532304e-05,1092.5721153846155,1.305324086070766e-05,1.0009623579019626e-06,,278.25659757535135,7.99819827079773e-06,,278.57357444988907,1.8475985033272287e-05,,,,4.321678414852662e-06,,2.5374737716990814e-06,,,,,,,4.733472886170156e-05,,,,,,,,,
1976-11-09 00:00:00,0.8645941491663103,0.5123865015407991,,0.27665530436137725,-0.08017173180213341,276.4625756980399,278.38315198548446,0.8581814995178809,,,,,,,0.06565143652921597,,,271.459228515625,271.46026611328125,271.45997619628906,271.4599609375,0.2977387919228458,,,,,,0.08874918017867049,,,101446.00980029585,,,2.7041420118343193,117.0984578330136,0.1272391200770993,,275.8795980419633,,74314.0294933432,0.36791811610114644,0.0008682393463405631,0.06552143592233135,0.0043070415067954886,0.0007216098040518676,,266.15115419647395,0.14312917911089384,0.0024697389123002453,1.2083449671226628e-07,0.006156577160168423,0.0007558871658529932,7.622973434075977e-07,0.3361731484620529,-0.0376856217722921
1976-11-09 18:00:00,,,4.344474016209326,,,,,,1128.6668272671634,1.0839757129285463e-05,2.331326346425615e-06,1.266664830890633e-06,0.0,6.430442164812723e-08,,4.200759190074085,0.22122120151858357,,,,,,1.3150605400638467e-06,1.1733584326399854e-05,803.0931952662722,1.810854796827192e-06,2.991157368971751e-07,,276.66927757488907,2.5719051530375285e-06,,277.01395357572113,9.190754072200617e-06,,,,2.583323498449382e-06,,1.4209667959156826e-06,,,,,,,2.257684631460517e-05,,,,,,,,,
1976-11-10 00:00:00,0.35740166161892684,-0.3262719092284434,,0.026172767729448848,-0.3534616718630819,273.4874280218542,277.2274639423077,0.8581107311700222,,,,,,,0.021912072537213386,,,271.4605407714844,271.4601745605469,271.4601593017578,271.4599609375,0.24678752831453402,,,,,,0.07179585293199889,,,101543.41715976331,,,2.2958579881656807,112.7189275075698,0.1273262402009682,,273.81990583972816,,74311.58905787722,0.278714242066152,0.0008697537980841462,0.03948085699485306,0.0007804611025477302,0.0003356065975843802,,265.0413767797707,0.02327568961318428,-0.14368474201337825,8.35806795240231e-09,0.015216279784548124,-0.002804918402045436,-2.7784830652943335e-07,0.13546375974395572,-0.04765313616871129
1976-11-10 18:00:00,,,4.674955785627196,,,,,,605.7274083423007,5.58788033984822e-07,5.920864324796305e-10,3.5818996866779214e-07,0.0,3.563540701970689e-08,,4.525291115574583,0.25395410300711907,,,,,,3.489362593938613e-06,3.986245781712278e-05,871.5159023668639,7.2007657155482726e-06,7.078602645524155e-07,,276.90782607941935,5.21785320614922e-06,,277.21146623058434,1.5240052395318386e-05,,,,3.847673799864639e-06,,8.457400918712278e-07,,,,,,,4.041882661672739e-05,,,,,,,,,
1976-11-11 00:00:00,-0.42411553648096567,0.37618128646760296,,-0.2518923776389579,-0.16250961348855283,273.2297103249815,276.96578997549926,0.8564696904470229,,,,,,,0.0,,,271.45965576171875,271.4597473144531,271.4596405029297,271.4599609375,0.26750119903383873,,,,,,0.15184201573479106,,,101689.14534023669,,,2.57396449704142,115.63238904603135,0.12732960627629206,,274.3950094189164,,74454.93424093934,0.30844260672845786,0.0011508676427355886,0.09139198307278594,0.0034760130933050573,0.0048676665718033465,,263.9121360101643,-0.16744382282685952,-0.06352371083208795,-5.090931573739419e-09,0.007337987761081406,-0.002274893334455039,-1.6533765534060242e-07,0.32694425821833356,-0.08452064645360913
1976-11-11 18:00:00,,,4.83805216840033,,,,,,575.2267446577179,6.750655862001272e-07,2.998252503970671e-07,1.6556463077576202e-08,1.305259437680509e-09,5.778072983914774e-08,,4.72738027854784,0.23594205055011094,,,,,,2.925102350979867e-06,2.5594375542635044e-05,798.9866863905326,5.40518681325856e-06,6.909256238909163e-07,,277.1247746394231,2.8271316247578907e-06,,277.5161291720599,9.804435030243101e-06,,,,2.940995453377447e-06,,1.5571493016192193e-06,,,,,,,2.626863104351879e-05,,,,,,,,,
1976-11-12 00:00:00,0.29596872724724943,0.5875388884685449,,-0.057114917145678276,-0.0005641406809789894,273.6451881905279,276.5695526303624,0.8544064947133939,,,,,,,0.0,,,271.4599151611328,271.4603576660156,271.45985412597656,271.4599609375,0.2541853323490662,,,,,,0.08035964514376849,,,101656.84828032544,,,2.603550295857988,116.76843749277691,0.1273226907267373,,274.6580429528592,,74450.24748058432,0.27223827324107774,0.0007777072974210661,0.05160963340640377,0.002013917505388429,0.0011029835988783977,,264.2681801700028,-0.01720769200804671,0.01593142042498617,-2.769349377300365e-08,0.0032272900843210296,0.0008057503624868816,7.134694735655291e-07,0.20404509177222055,-0.02012624119865824
1976-11-12 18:00:00,,,5.027646956359141,,,,,,708.7329224770114,1.9416477553237825e-06,2.311333220385941e-07,0.0,0.0,2.012710160535854e-08,,4.889290183253542,0.22579107340976332,,,,,,6.63842322558341e-06,2.7863584326569146e-05,800.0917159763313,4.904421828907622e-06,1.6428971078974254e-06,,276.8266861593935,4.611975518909432e-06,,277.15657937315086,9.575318655318763e-06,,,,6.63842322558341e-06,,1.3198549225485536e-06,,,,,,,2.9808494466296314e-05,,,,,,,,,
1976-11-13 00:00:00,0.0638928272315031,0.583502289811535,,-0.11418694716233474,-0.08043619302602914,273.49366552589913,276.8082138151812,0.8545338835941969,,,,,,,0.0,,,271.4603271484375,271.459716796875,271.4598693847656,271.4599609375,0.26086154915171966,,,,,,0.08864895972979844,,,101676.63655695267,,,2.497041420118343,115.25158745579466,0.1274047349331647,,274.2899738740639,,74445.44961168639,0.27645272358193906,0.0011238699128641885,0.049919599266281936,0.0018626218716773762,0.0029051741199380547,,264.87727121206433,-0.05735948734734891,-0.06018492456018572,4.20545365369225e-08,0.005521898424392704,0.0005741682366506588,2.1441007162493891e-07,0.22717691455367048,-0.027784449814339363
1976-11-13 18:00:00,,,5.330584949290259,,,,,,1027.9824032461715,2.375506305482966e-07,3.5627910415449085e-08,0.0,0.0,4.1325793480227625e-08,,5.265547142931696,0.1983056604509523,,,,,,2.1127686345365626e-06,2.7662462736727923e-05,682.9382396449704,5.600676381376368e-06,5.561538790104657e-07,,276.5199689695821,3.5679243372742242e-06,,276.8405400563979,1.11782515542747e-05,,,,2.1127686345365626e-06,,5.98636516452541e-07,,,,,,,2.7916487857434875e-05,,,,,,,,,
1976-11-14 00:00:00,-0.2842546891883986,0.4022239030465572,,-0.17114300135324692,-0.19159862698887933,272.21078662759453,276.3254640116494,0.8530982739826631,,,,,,,0.1933542285445174,,,271.45973205566406,271.4600830078125,271.45985412597656,271.4599609375,0.23259685448640902,,,,,,0.11349658853203587,,,101654.31397928995,,,2.331360946745562,113.82601423094259,0.12742355448254467,,273.9177367080598,,74449.41193602071,0.39106861034617624,0.0006710333231638169,0.07319000709978257,0.002158480988451715,0.0014090904822716345,,264.9864662666998,-0.1673187222001115,-0.09913286196409597,5.576405617873513e-08,0.008347731355640393,-0.0004162151564860485,3.692133458243055e-07,0.2759621904091083,-0.07554204647357647
1976-11-14 18:00:00,,,6.672353716291619,,,,,,340.09587807851295,1.130724799703564e-06,1.9831108976397995e-07,1.3785916187706784e-08,4.912089396642863e-09,2.9101155788882928e-08,,6.574382025814621,0.2971143553242881,,,,,,1.2692042003721881e-05,6.630928558710764e-05,1014.7862426035502,1.4590352950011485e-05,3.0676332803872915e-06,,277.40261678300664,1.1006888200545452e-05,,277.61377386510725,2.423788492496197e-05,,,,1.2706237784504186e-05,,8.452882075450829e-07,,,,,,,6.744053942211986e-05,,,,,,,,,
1976-11-15 00:00:00,-0.2677383027838532,1.085916440162433,,-0.085547701141538,0.2007318869144959,274.4271129179283,277.2678641595784,0.8533172526303128,,,,,,,0.0157906346067169,,,271.4604187011719,271.46014404296875,271.46043395996094,271.4599609375,0.2983656663161058,,,,,,0.09428071693555844,,,101344.04160502959,,,2.6272189349112427,117.0706749188124,0.12744236274583806,,275.12436689568693,,74234.92527274408,0.32278379180727623,0.0010624531458115437,0.08317775597938178,0.003393737522102672,0.002549380240355723,,265.35516799836466,-0.16553740529619024,0.07748204293335684,3.5327646659446755e-09,0.008093670042253722,0.0021722150095821132,1.263413898586213e-06,0.4466452457495695,0.0032085511811386198
1976-11-15 18:00:00,,,6.364114879856448,,,,,,1738.0257762562144,1.8419797074865307e-06,1.66274144275654e-07,2.229435213692707e-09,0.0,-1.6293726741272912e-08,,6.206001140662199,0.291107177734375,,,,,,2.1205234104359644e-05,5.798068272291556e-05,1084.6290680473373,6.865379372997397e-06,4.428488439356787e-06,,276.32753126155694,9.537889407231258e-06,,276.62218154816935,1.8129202388447417e-05,,,,2.120752659069716e-05,,3.2928590414792125e-07,,,,,,,5.981396641251604e-05,,,,,,,,,
1976-11-16 00:00:00,0.567069200369028,0.7049562183357555,,0.1699984059531308,0.1698662120209643,275.3205077944423,278.53661820451185,0.8548007237135306,,,,,,,0.45952989928115756,,,271.4605712890625,271.4600524902344,271.4603271484375,271.4599609375,0.28810787765232065,,,,,,0.05704611151881472,,,101291.56231508875,,,2.485207100591716,114.16111963035087,0.1277691062385514,,273.75314006015395,,74127.93239182692,0.6228461896438571,0.0035593156983866493,0.049024001486666954,0.0012090107392982619,0.005407389804456361,,265.3132363042888,0.11272335652063584,0.10909502252319156,-2.911855888927697e-07,0.09756944869352524,-0.0009441077709197998,1.3980433102366487e-06,0.3283734688392052,-0.0020796342714298408
1976-11-16 18:00:00,,,5.893528294986521,,,,,,292.33217007996603,1.8085072026450253e-06,2.870512520067791e-07,0.0,0.0,-2.6315615690497892e-08,,5.742621901472645,0.16575938569018123,,,,,,9.525368904926368e-06,2.8733318374001768e-05,623.6434911242603,3.608593926627255e-06,2.4583389067790917e-06,,274.98129507211536,4.7838017785337546e-06,,275.3279054178994,9.272622286215337e-06,,,,9.525368904926368e-06,,1.644748731477726e-07,,,,,,,3.053732877652321e-05,,,,,,,,,
1976-11-17 00:00:00,-0.048214607690213,0.6851261579073392,,-0.128828923377765,-0.09264109684870793,271.65364038591554,275.73069122133876,0.8534565892445265,,,,,,,3.505035264957586e-05,,,271.45997619628906,271.46022033691406,271.4598693847656,271.4599609375,0.2380937203853088,,,,,,0.06431028828818418,,,101529.32609097633,,,2.5680473372781063,114.06693046614969,0.1278700574615298,,272.28918258396124,,74297.41149685651,0.24500920222355768,0.001139939889399963,0.04950897212377226,0.0030455166066186666,0.005670897354035688,,264.3784870395999,-0.061263806721162516,-0.043145631191998546,1.0463422256971009e-07,0.006890212057555127,0.001084710102109514,1.5584265981310394e-07,0.3522275132099552,-0.009228049650700135
1976-11-17 18:00:00,,,6.964252872579902,,,,,,937.1697526041667,9.321271491473948e-07,0.0,4.323127751167004e-07,2.6854052698823827e-08,9.921788563125232e-08,,6.674432790491003,0.27319227591068784,,,,,,4.712822874622232e-05,7.914077248093644e-05,1137.0432692307693,4.7403547538102735e-06,7.918203723501172e-06,,276.65764694665313,1.3616729593841281e-05,,276.9630076391457,2.501157702073543e-05,,,,4.756053876594679e-05,,0.0,,,,,,,8.006940579273292e-05,,,,,,,,,
1976-11-18 00:00:00,0.16993840911684657,0.6140504250159631,,-0.021276547358586237,0.019774894037190273,274.683053462463,277.5292376456176,0.8558328987578668,,,,,,,0.021029274844558986,,,271.45953369140625,271.4596862792969,271.46002197265625,271.4599609375,0.33418969148714867,,,,,,0.28756415914501665,,,101478.37647928995,,,2.485207100591716,115.3412925223627,0.12837860005847096,,275.32394571699336,,74265.22462093196,0.5473738044676696,0.004804282606415418,0.026965042637845712,0.001106391997026974,0.010721150234606139,,266.64801187910274,0.053229877581963174,0.09793615446993585,-7.8688157717532e-08,0.0554547301099564,0.002064453426902816,-1.4235217333633518e-07,0.23964267502824388,-0.013537433020461946
1976-11-18 18:00:00,,,5.903184196652745,,,,,,465.26536906266415,2.4940432793289953e-08,1.7762377709370745e-09,0.0,0.0,4.9277133316617214e-08,,5.7642317269680765,0.16485767251641087,,,,,,8.302988737997923e-06,2.1370028603006398e-05,602.0758136094674,2.195562660341432e-06,1.805928155515321e-06,,274.88070046690086,4.160487969246136e-06,,275.2629900147929,5.74221536958006e-06,,,,8.302988737997923e-06,,0.0,,,,,,,2.139824381946812e-05,,,,,,,,,
1976-11-19 00:00:00,0.9830958631617077,0.2810591692049828,,0.29059020725227674,-0.09875469094902806,271.92693468804896,275.044450929179,0.8528908445284917,,,,,,,0.0,,,271.4593963623047,271.4601745605469,271.45957946777344,271.4599609375,0.21271573580228365,,,,,,0.054619512614413834,,,101466.05787721893,,,2.4142011834319526,116.52539477827986,0.1285440597308458,,271.7334660637308,,74222.61115477071,0.22214575773160133,0.0014219255842400727,0.02870358800041605,0.0010522216029421113,0.006516270383575259,,264.42951089531715,0.13496108767548962,-0.001296847529665253,7.081815475920359e-09,0.009191732907381196,-0.002018434937889054,1.777527638925956e-07,0.1982661309326894,-0.04390896847967565
1976-11-19 18:00:00,,,5.471756190237914,,,,,,409.194018277255,7.820684881605341e-07,2.0327079578264226e-07,2.3189381029478898e-07,0.0,9.216215489390885e-08,,5.326335771549383,0.14257947933039017,,,,,,8.438278496618101e-07,6.304822377199252e-06,508.760724852071,1.759328962077756e-06,2.4473944888312435e-07,,274.05344512758876,1.208184386146139e-06,,274.39047764885356,3.249004218705307e-06,,,,1.0756610413274822e-06,,1.9749549366313324e-06,,,,,,,7.085943010431775e-06,,,,,,,,,
1976-11-20 00:00:00,-0.5351030248156666,-0.06285586723914513,,-0.34603281416131193,-0.3613180578107665,270.3915142533342,276.9343897351146,0.8494570696142298,,,,,,,0.0,,,271.46046447753906,271.46034240722656,271.4600830078125,271.4599609375,0.17577267257419563,,,,,,0.042153984837278106,,,101667.5650887574,,,1.8994082840236686,117.92091992620885,0.12853384017944336,,270.5869144236548,,74399.4392566568,0.18638385118112055,0.00023430338978062016,0.018632200342663646,0.0004318733892497226,0.0002564283517690805,,264.7170141998833,-0.2324237823486328,-0.2153652800610785,-1.3792810049913713e-08,0.001247654285212323,-0.0006839682364604882,4.185552739113922e-07,0.05669462123125262,-0.02864086381077061
1976-11-20 18:00:00,,,5.100967158932658,,,,,,2465.0454575758713,1.1101144658037896e-06,6.006644851357273e-07,4.795553526405752e-08,0.0,9.391254841765653e-08,,5.040414121729382,0.10608162964589497,,,,,,7.15850902026927e-07,8.472632726974037e-06,332.1135355029586,1.8408003996109821e-06,6.049498089054632e-08,,275.9381399662537,1.5439344404717168e-06,,276.1727504391642,3.1729994793615398e-06,,,,7.633703964701771e-07,,1.995543227393246e-06,,,,,,,9.599786538344164e-06,,,,,,,,,
1976-11-21 00:00:00,0.04066814896623058,0.6428591880572618,,-0.10004636662951588,-0.0706331602920442,267.94311207427074,274.1841282590606,0.8456029168952851,,,,,,,0.13094216973118528,,,271.4598388671875,271.45989990234375,271.4601287841797,271.4599609375,0.10164845483542899,,,,,,0.33910229925573226,,,101528.99731878698,,,1.544378698224852,120.3680815386349,0.12848244334113668,,272.64131941033537,,74392.48405140532,0.48071623130662905,0.004788294346374873,0.014594206943733964,0.0006127216406827848,0.00600349268264319,,266.38241586177304,-0.06576985579270583,-0.07276428944965792,-9.289755401223589e-07,0.12260987772744082,0.020943117175063877,4.756464036102352e-07,0.06113955566829026,-0.009403456244948347
1976-11-21 18:00:00,,,5.31407544775122,,,,,,616.655797408799,3.204848369329992e-08,0.0,3.1547863367041185e-08,1.1073749170765369e-08,1.091724982079702e-07,,5.238468800776103,0.26704677604359284,,,,,,9.929915592515256e-06,2.6669110772172374e-05,1007.2163461538462,3.5094549140986604e-06,1.8712833038801272e-06,,277.211896727071,4.4574972087814964e-06,,277.4990884453587,8.060492178392128e-06,,,,9.961977336533677e-06,,1.7502471892791386e-06,,,,,,,2.669891309456007e-05,,,,,,,,,
1976-11-22 00:00:00,0.11894732255202073,0.565785475736539,,0.030159679390269624,-0.07407540541428786,274.3042988974667,277.41072398529957,0.843063031427959,,,,,,,0.0037275235328448593,,,271.4598083496094,271.4601745605469,271.45994567871094,271.4599609375,0.3244832055808524,,,,,,0.06909649188701923,,,101569.77283653847,,,2.408284023668639,121.86184078419703,0.1286544828019904,,274.7765978751098,,74410.34081453402,0.34476981078379254,0.0019928830615162144,0.03633271166558802,0.0010543574948282638,0.002865543026895918,,267.6288124400483,0.05735886026416304,0.04462700517925285,-1.1163818745180887e-07,0.011767505894045857,0.006104480607446129,1.1411609338905067e-06,0.1843855818347818,0.03561532814827191
1976-11-22 18:00:00,,,4.739770494269196,,,,,,291.12433501212826,0.0,0.0,0.0,0.0,1.2732520958411037e-07,,4.6296304668900525,0.26627941244452663,,,,,,4.528630414658044e-06,1.422994764598869e-05,929.019600591716,1.4536016615184807e-06,1.0292822792685243e-06,,276.6674992487981,2.2542910903868593e-06,,277.0575001733543,5.072500755095623e-06,,,,4.528630414658044e-06,,1.6571590180933123e-06,,,,,,,1.422994764598869e-05,,,,,,,,,
1976-11-23 00:00:00,0.39586014155100085,-0.007576417640821468,,0.1309195298414964,-0.41425875940266443,275.31066099990755,277.9238526835244,0.8445599065024472,,,,,,,0.0,,,271.45994567871094,271.4600372314453,271.4599914550781,271.4599609375,0.2250787859132304,,,,,,0.031538291795719306,,,101624.65292159763,,,2.485207100591716,120.61519230046922,0.1286191376003288,,274.36416228706315,,74474.5025887574,0.23069555519600593,0.0008234667354786889,0.033101911375508504,0.0004373330336350661,0.0005201926598182091,,267.2788366735334,0.060824082095242114,-0.15812548801038392,4.6809265187172736e-08,0.00268109145949005,0.0013965290533509602,4.6003692901897186e-07,0.13525277764134153,0.004189215820921949
1976-11-23 18:00:00,,,4.402712339480248,,,,,,649.6163970947266,8.577966550089551e-09,0.0,9.262250989851866e-09,0.0,9.838812610126475e-08,,4.325399410089798,0.26596484663923814,,,,,,3.1275520398771976e-06,1.0828933948595848e-05,983.1556952662722,2.357419910868244e-06,8.52968863393428e-07,,277.1772099782729,1.4255683009441082e-06,,277.50024702986315,4.795109908256305e-06,,,,3.1361268205050182e-06,,3.512133155348738e-07,,,,,,,1.0832791497721475e-05,,,,,,,,,
1976-11-24 00:00:00,0.039284531181380596,-0.13338014501086354,,-0.08707192663610334,-0.30243367979512414,275.46530169424926,278.27431149454515,0.8432180546444549,,,,,,,0.013380400527863812,,,271.4601593017578,271.46018981933594,271.4601745605469,271.4599609375,0.2583493565666605,,,,,,0.050424293653499444,,,101586.87777366865,,,2.497041420118343,120.63874536999585,0.12854265743458765,,275.06806611732617,,74438.4622549926,0.27698142147628513,0.00041872650913938263,0.01476523721006495,8.754079511179727e-06,0.0001559850026869915,,268.32971985946745,-0.005065070101495325,-0.14563629436775072,-2.732534652987265e-08,0.0014408565691731506,-0.0003560476181422465,4.471123850382258e-08,0.056362468110033745,-0.01997885019821528
1976-11-24 18:00:00,,,5.061765749778973,,,,,,917.0532198912346,0.0,0.0,0.0,0.0,1.092764432945648e-07,,4.982144378346099,0.2260998607387204,,,,,,1.1626377525414236e-07,2.056924549080211e-05,705.6845414201183,5.47361973474717e-06,2.254771906331446e-08,,277.52062771588385,2.2398528350880864e-06,,277.8042324449889,9.9688107092705e-06,,,,1.1626377525414236e-07,,0.0,,,,,,,2.056924549080211e-05,,,,,,,,,
1976-11-25 00:00:00,-0.3920757192126393,0.10799358300203403,,-0.1676396928595368,-0.2905258031991812,272.7746033075999,276.9610660710984,0.8420387675776284,,,,,,,0.046240902511325815,,,271.4594268798828,271.45994567871094,271.46034703209733,271.4599609375,0.30061475765070267,,,,,,0.1258753488755085,,,101532.14312130178,,,1.982248520710059,118.07146079159347,0.12842978810417582,,274.61269879764353,,74427.40398483728,0.36763836386112064,0.00027858364511523727,0.059976486711502464,0.0022941905365893123,0.00024296122895189995,,268.7198832133818,-0.24500296666071966,-0.18843215739233254,1.1830867688546902e-07,0.00461656219854995,-0.0005968057236375188,7.989210697971064e-07,0.1963826093674443,-0.02744656448533549
1976-11-25 18:00:00,,,5.435950431598009,,,,,,440.1282650086938,3.883582071439754e-06,2.2549548815968916e-10,3.3310046915471906e-06,1.292940251220613e-07,3.107567416805741e-08,,5.277428085282004,0.35156421548516087,,,,,,2.189447893898868e-05,4.8269886942304806e-05,1245.7074704142012,3.978521866205881e-06,5.187169158247096e-06,,277.11739985900516,7.4136803841449805e-06,,277.46201085197856,1.5521300791283332e-05,,,,2.5225814277603783e-05,,5.441679227986985e-07,,,,,,,5.214559961352828e-05,,,,,,,,,
1976-11-26 00:00:00,0.08410027182313817,0.006998801372460359,,-0.015863497581707655,-0.2804049373378415,275.8193084897374,278.00990430843194,0.8410773689930255,,,,,,,0.15346188517011836,,,271.4604034423828,271.46018981933594,271.4598083496094,271.4599609375,0.3513030224981216,,,,,,0.10989145132211539,,,101488.50369822486,,,2.662721893491124,121.15455528123844,0.1285226613106812,,275.37145057091345,,74312.74285780326,0.49532314820887424,0.002640278381708811,0.057522145922422496,0.0008207862899148252,0.004236684043026535,,266.6891066872862,-0.05499988194753432,-0.189027577462281,-2.3013056914932398e-07,0.023604833162747897,0.0071617058814453655,2.792651162995301e-07,0.28224493619798513,-0.020728982764588306
1976-11-26 18:00:00,,,5.043612418090098,,,,,,464.83582613927234,4.102734948051046e-06,8.354239033524101e-07,1.1047745156570299e-06,6.960051894716962e-08,8.087356585338326e-08,,4.8697900433512125,0.2607316237229567,,,,,,1.5149807788916593e-05,5.601778538269404e-05,1011.0066568047338,8.437716396602653e-06,3.1056356500591753e-06,,275.51418904863164,7.438633216203317e-06,,275.8480723002959,1.873865106402064e-05,,,,1.625363996043008e-05,,0.0,,,,,,,6.011842623264832e-05,,,,,,,,,
1976-11-27 00:00:00,0.0009857888757829835,-0.09467335988783977,,-0.050502145078760635,-0.2994631479477741,271.1465332211827,274.58069064349115,0.8422248363494873,,,,,,,0.0,,,271.46067810058594,271.45960998535156,271.4600067138672,271.4599609375,0.31207658838998725,,,,,,0.0866618861813517,,,101285.84347263313,,,2.5798816568047336,120.70764792177098,0.12898240004770856,,273.34427493845925,,74063.4834966716,0.3175663214821655,0.0018450974007329997,0.0613081915642978,0.0019820286677433895,0.0037241377068694525,,263.6345436953934,-0.03793424685325848,-0.14478765295807428,4.8548445085231657e-08,0.010758743956189096,0.0015594567772904797,2.3646552264469968e-07,0.22348631398901123,-0.026775934992457284
1976-11-27 18:00:00,,,6.162135434573924,,,,,,517.5784117256114,1.0971090144659641e-05,8.253612109189908e-07,4.41603406646548e-06,8.086745555584247e-07,7.3990892045773e-08,,5.878043857551891,0.27675687349759615,,,,,,3.4720499134628024e-05,6.176187441899226e-05,1046.9045857988165,5.887104914738582e-06,6.940502386826735e-06,,274.59446942030326,1.041648479608389e-05,,274.88192117002586,2.2101155399570803e-05,,,,3.9134152542204544e-05,,0.0,,,,,,,7.275293564655372e-05,,,,,,,,,
1976-11-28 00:00:00,0.341057986197387,0.6959315587783,,0.06542097464115662,-0.10249694282486593,268.5997903135401,274.0170262805104,0.8428972162438567,,,,,,,0.0,,,271.4600372314453,271.4598693847656,271.4599304199219,271.4599609375,0.31115515754949413,,,,,,0.14970704930773854,,,101110.4900147929,,,2.698224852071006,118.54633597650472,0.1296796206186509,,272.1106067183455,,73884.77870747041,0.37551657496207563,0.0034466749112281574,0.05750408039732076,0.0005965486786069249,0.006163963904747596,,262.3750018057739,-0.00441951300265521,-0.08093881889207828,2.2919772357470493e-07,0.03123106757520227,0.017068513046354938,5.666407296356894e-07,0.2874704484811284,0.07224736658073741
1976-11-28 18:00:00,,,4.444838552079963,,,,,,708.6263461158389,4.380368269406832e-06,4.081424744524194e-08,2.3975769972660133e-06,2.984172449662135e-07,1.027258658938705e-08,,4.185003105705307,0.21688246868065827,,,,,,4.376479859888201e-05,5.087362238641321e-05,740.3982988165681,9.915223841131086e-07,9.374329324304704e-06,,271.97168221558337,1.0884504699142728e-05,,272.3221298308062,1.4330332095806416e-05,,,,4.615991778627655e-05,,0.0,,,,,,,5.525826702456503e-05,,,,,,,,,
1976-11-29 00:00:00,0.9169054539245967,-0.5780295592087966,,0.37519742186958266,-0.5278046117026425,267.32475009895643,272.0214377860346,0.8431402635292189,,,,,,,0.0,,,271.4596710205078,271.4599304199219,271.4600067138672,271.4599609375,0.19401089820636094,,,,,,0.056802873780741496,,,101301.14589497041,,,2.4497041420118344,117.99407543656389,0.13048830822374693,,268.815871560362,,73940.99006102071,0.2019256050064719,0.0042574786575588245,0.020915195081360947,0.00036811405385034324,0.014315001357941937,,261.2216662344848,0.1685831832462514,-0.27128722399649535,2.878946872561007e-07,0.02479813907973292,0.003881468773769909,5.541107556700001e-07,0.08049502173779992,0.015734779345389655
1976-11-29 18:00:00,,,5.91440394362049,,,,,,901.809725029524,1.8105820129961656e-07,8.881318013696275e-09,0.0,0.0,6.837439631179427e-08,,5.872417878822462,0.04780596671019786,,,,,,1.0363030186771642e-06,2.662833096713004e-06,170.6712278106509,1.698313556479279e-07,1.5925340486701423e-07,,270.18413683648646,3.389049784318935e-07,,270.530545206465,7.307355308673791e-07,,,,1.0363030186771642e-06,,4.97538420046575e-07,,,,,,,2.8427271447943514e-06,,,,,,,,,
1976-11-30 00:00:00,0.5099393630168847,-0.85496531717876,,0.15145410729583197,-0.5107401334322416,262.3633031901523,270.2755919687847,0.8399720195482469,,,,,,,0.0,,,271.46014404296875,271.46009826660156,271.4602508544922,271.4599609375,0.04073410485623151,,,,,,0.018341967340051776,,,101711.21431213018,,,0.650887573964497,121.54430195283608,0.13078213020189275,,265.6338060367742,,74289.70379530326,0.051274948571560654,0.00017368088107137285,0.00917161569087463,7.766061985986473e-05,8.806815514197716e-05,,262.54209403314536,0.01065789630427163,-0.22991355918568268,-2.0604619958948415e-08,3.612370880530078e-05,-0.0009807173890122294,2.0154744324504437e-07,0.010430414912968698,-0.013641591960861838
1976-11-30 18:00:00,,,6.0226317563000515,,,,,,828.3199882197187,6.258377485726712e-07,6.775681711953773e-10,6.202828778317694e-07,2.0577269192983414e-07,-2.3762238914210394e-08,,5.922143571475554,0.06993735048192493,,,,,,3.2850447491075866e-06,1.0884107922661233e-05,261.5467825443787,1.9382531120932315e-06,1.008429470852282e-06,,272.6343859610473,2.2812222940681955e-06,,273.0356381207528,3.5641990469757623e-06,,,,3.905206389681122e-06,,1.307840034718344e-07,,,,,,,1.1509912606527114e-05,,,,,,,,,
1976-12-01 00:00:00,0.8527567146797858,0.5244997521123943,,0.2346907282722067,-0.15753680009108323,267.38089079546506,274.6365216497839,0.8360115469560115,,,,,,,0.0,,,271.46022033691406,271.4602355957031,271.4602813720703,271.4599609375,0.08991950221315644,,,,,,0.03802309656989645,,,101601.19406434911,,,2.437869822485207,121.60446744839821,0.13086045282126885,,267.76547358586237,,74353.20649963018,0.09691633416350777,0.0005290423624614287,0.02000654818760176,0.0003991663103272929,0.0027590644430126664,,262.1546545988004,0.04868878415350378,-0.11338912171019605,1.1147050676590449e-07,0.003486819506657982,2.8751305574496116e-05,1.7839597576689087e-07,0.09452674512409732,-0.0075630129441707095
1976-12-01 18:00:00,,,6.076849949077742,,,,,,450.63160717971925,5.892681828617344e-07,6.098113540758395e-09,5.881439828308376e-07,4.343269668387238e-07,9.325716498834164e-08,,5.943662567956913,0.1511234080297707,,,,,,2.4448429956238653e-06,1.0728703800743148e-05,537.1412721893491,1.6509869394923103e-06,5.385579442131449e-07,,272.64687586677144,1.9362361649789754e-06,,272.9194177029401,3.6180063464937832e-06,,,,3.03305861865275e-06,,3.290076095324296e-07,,,,,,,1.1312626522673657e-05,,,,,,,,,
1976-12-02 00:00:00,0.5499152121459239,0.03139419668524928,,0.09549917977237136,-0.4222278369248971,265.4621140519543,271.8125736755732,0.8310974592993245,,,,,,,0.0,,,271.46044921875,271.4598388671875,271.459716796875,271.4599609375,0.14561570748774963,,,,,,0.025342049683339498,,,101699.0343010355,,,2.6449704142011834,123.33514422354614,0.13092028318777593,,268.5368186454096,,74383.91112703402,0.14839560604659763,0.000920030492297291,0.01953976749550667,0.0006323142869938055,0.002483729074692585,,261.64229759803186,0.009843905649241612,-0.20827788855197163,1.0006064279576675e-07,0.005186159702392636,0.0010648151121195957,6.085981204334271e-08,0.09861363924436338,0.004552839423072409
1976-12-02 18:00:00,,,7.254609374957677,,,,,,378.04310607910156,1.641717800021877e-06,8.762698378083269e-08,6.754458303282247e-07,6.204922876414463e-07,1.9327987707885186e-07,,7.027616728692365,0.24505362426035504,,,,,,3.291587152424649e-05,4.529741388806225e-05,839.7732988165681,2.384461330238884e-06,7.262199940766103e-06,,272.69883592594306,9.005679886722e-06,,273.1491800342086,1.2628205076477232e-05,,,,3.359127326829899e-05,,1.387698190099389e-07,,,,,,,4.693812872531146e-05,,,,,,,,,
1976-12-03 00:00:00,1.0129314343604816,0.9475577935664612,,0.34045617820243157,0.17681020251392612,266.66256244365985,272.5758685049926,0.8280097076878745,,,,,,,0.0,,,271.4595642089844,271.45965576171875,271.4598388671875,271.4599609375,0.23438113963110208,,,,,,0.03385997523922892,,,101461.36575443787,,,2.775147928994083,123.87739644248104,0.13114427250517896,,268.49950819749097,,74168.11755732249,0.23685143826275887,0.0031085635078023878,0.03858821433750133,0.0007187995684922799,0.010722053121532914,,261.5674310266619,0.09942698796119916,0.05779317321156609,4.289068304726953e-08,0.022324781918611664,0.011194066621208861,8.695868061601939e-07,0.21347794877833648,0.04019445004547841
1976-12-03 18:00:00,,,7.450483638153979,,,,,,363.7956001527848,1.1516299605722258e-07,0.0,5.220908591711133e-09,0.0,1.775831041139304e-07,,7.310344837121004,0.2014617017034948,,,,,,1.18205445052604e-05,1.908785845401019e-05,742.6697485207101,1.9171137428847995e-06,3.0604472174446966e-06,,272.780460876826,3.762212554378622e-06,,273.13493175619453,5.468858416969254e-06,,,,1.1825790772071252e-05,,0.0,,,,,,,1.9200454802202754e-05,,,,,,,,,
1976-12-04 00:00:00,0.5059903556778587,0.9091300851494603,,0.16986993078649396,-0.023485968098837948,267.4606554381241,272.4343003493089,0.8290442228317261,,,,,,,0.0,,,271.46034240722656,271.4602508544922,271.4598693847656,271.4599609375,0.20716650246163093,,,,,,0.028516780695266274,,,101230.32858727811,,,2.6153846153846154,122.36674093212602,0.13141008805946486,,269.23247848601034,,74036.5898668639,0.21079999032105215,0.0014085938944619083,0.027442119530672153,0.0006245974252915242,0.004120663072935928,,262.4042200393225,0.027751414733525565,-0.02333796341743695,2.1691954510077042e-08,0.006623945059805844,0.0051973309070312765,7.581564194120511e-07,0.1604923891597951,0.04248621336807161
1976-12-04 18:00:00,,,6.545305477796927,,,,,,320.5580859920843,6.133899886227219e-06,2.3150529998999375e-07,5.6675993479215185e-06,2.2672249015266373e-06,5.985546081131268e-08,,6.417438563510511,0.18193586902505549,,,,,,7.07937415534928e-06,1.2257042721178405e-05,642.5218195266273,6.712411017812921e-07,1.4936540430114115e-06,,271.74252554086536,2.2351741790771484e-06,,272.14169546274036,9.825331924935064e-06,,,,1.2746488554237862e-05,,0.0,,,,,,,1.8389884536788307e-05,,,,,,,,,
1976-12-05 00:00:00,0.15787861615243043,0.46987734461677144,,0.01662760514479417,-0.24674702819282487,268.6647818300146,273.14616366956363,0.8283501648338589,,,,,,,0.0,,,271.4599151611328,271.4603729248047,271.4600067138672,271.4599609375,0.24624453211677144,,,,,,0.03168898362379808,,,101486.22707100592,,,2.6804733727810652,121.26996301052839,0.13180869006546292,,268.4496850910977,,74144.64735114644,0.24887897559171598,0.0015662915607881265,0.022339890721514436,0.00033232587329029334,0.004628604685766457,,261.7660405988524,-0.029522345968957482,-0.143617923443134,5.7998498658561454e-08,0.006455071564517865,0.003002894861822033,2.600079921202337e-07,0.09440005505347304,-1.0533798375778649e-05
1976-12-05 18:00:00,,,6.31535093036629,,,,,,332.07071507534135,4.855882839338314e-07,5.4344601003375985e-08,0.0,0.0,7.048913832380541e-08,,6.19828908118976,0.1593696549093935,,,,,,1.1392907630762405e-05,1.8907633758860933e-05,553.4219674556213,1.7162456491289759e-06,2.5016316295375485e-06,,271.4382122874965,3.842295274226623e-06,,271.69578777967826,5.301132180987025e-06,,,,1.1392907630762405e-05,,0.0,,,,,,,1.939610969385452e-05,,,,,,,,,
1976-12-06 00:00:00,0.22000297568958893,0.34954926530284997,,0.0019192610972026396,-0.2986005636361929,264.0447235107422,270.33638469989484,0.8256763406759183,,,,,,,0.0,,,271.46046447753906,271.4599609375,271.4604034423828,271.4599609375,0.11650600094767012,,,,,,0.02626145944087463,,,101687.29983357988,,,2.4911242603550297,122.14537906082424,0.13205638298621544,,267.16701981584,,74316.03541050295,0.11918658194457285,0.0009216923685468866,0.01775985356618667,0.0008757438885389701,0.0031537840352255917,,260.9708903837486,-0.016246555472266746,-0.12430710200021958,8.667663716023634e-08,0.007150096991619497,0.0009151032117344219,1.3327367256599417e-07,0.07803155097024812,-0.004180409146483833
1976-12-06 18:00:00,,,6.224652521709014,,,,,,966.7646665219908,2.3660828640475075e-07,2.2549548815968916e-10,2.345500084070059e-07,0.0,7.15177875947615e-08,,6.073497489711942,0.13926001554410133,,,,,,6.053618778138471e-06,2.073483354241185e-05,497.94600591715977,3.288968427646795e-06,1.673801587178157e-06,,271.7855939695821,3.8107956302236523e-06,,272.13681409485946,5.917193797918467e-06,,,,6.288290023803711e-06,,0.0,,,,,,,2.0977572576534115e-05,,,,,,,,,
1976-12-07 00:00:00,0.21323152124529055,0.6429473718947912,,-0.05593913828832863,-0.14908148974356566,265.2652646578275,271.0874489327154,0.8226839695456465,,,,,,,0.23816568047337278,,,271.4598846435547,271.459716796875,271.4602966308594,271.4599609375,0.16403893465121117,,,,,,0.023401745677699703,,,101789.7912352071,,,2.242603550295858,126.23959133893075,0.13226710833035982,,267.7165637495955,,74421.81358635356,0.3443757006402552,0.0016592748066377359,0.018474240274824333,0.0013940122705944896,0.0053583630443324705,,261.2758320464185,-0.049731390716056145,-0.08598781901703784,-1.6153751201369695e-07,0.02698359969099598,0.009867726574436976,6.497937313848611e-07,0.08673231112880952,0.00833512304802618
1976-12-07 18:00:00,,,5.317384432053425,,,,,,4222.141343268795,3.098471630254441e-06,9.587662812520766e-08,2.8625659688690005e-06,2.0303493420753253e-06,4.538513102483269e-08,,5.242959598112389,0.11508955193694527,,,,,,1.5037387785826915e-06,1.1319944844443417e-05,372.03772189349115,1.7176453883831318e-06,2.4668200040710043e-07,,271.07661970691566,2.2818395019282955e-06,,271.36310663166836,5.651684202386077e-06,,,,4.3661724886245275e-06,,6.123142834951186e-07,,,,,,,1.4418019698216365e-05,,,,,,,,,
1976-12-08 00:00:00,-0.3445316856429422,0.021498510823447323,,-0.2954153929941753,-0.3873461999836758,266.69739022339587,272.67393231815134,0.8165440224331512,,,,,,,0.5973499004657452,,,271.4601593017578,271.46006774902344,271.46002197265625,271.4599609375,0.11645336263983913,,,,,,0.030513424845136833,,,101913.87592455621,,,1.5976331360946745,126.12806674573548,0.13234014059664936,,267.3365064993412,,74499.7169933432,0.6750762639181501,0.0026393369056860305,0.014446235972748706,0.0008079314372948641,0.0026880298140486317,,264.1232408151119,-0.13676967105921908,-0.16436983142378767,-2.06992044480388e-07,0.11792743554581288,0.03991905518824003,3.914336898479853e-07,0.04407400373898491,-0.009974643323548447
1976-12-08 18:00:00,,,6.42897902155769,,,,,,3434.377055187099,1.9787022700676553e-06,9.68068485429301e-07,4.2175686747364743e-07,8.837314399741811e-07,9.09326418344973e-08,,6.30590708897664,0.15493566750069343,,,,,,8.55159124679114e-06,2.653358956060466e-05,532.6789940828403,3.2271374259474717e-06,1.8212150716217312e-06,,272.40856139053255,4.725034772997072e-06,,272.71726348696376,8.865573702479255e-06,,,,8.970587211247731e-06,,1.4224643515940954e-07,,,,,,,2.8514385928769084e-05,,,,,,,,,
1976-12-09 00:00:00,-0.30659871976051106,1.0853801986874914,,-0.3041303397635736,-0.005810494959001711,265.58190565842847,272.3365256405441,0.8135997878729239,,,,,,,0.4467712041188979,,,271.46046447753906,271.45973205566406,271.4602508544922,271.4599609375,0.16758105035364276,,,,,,0.16206757133529032,,,101800.01090976331,,,1.8461538461538463,124.92755361703726,0.1324228535037069,,268.15949316984097,,74424.9444572855,0.6012582419186654,0.004683666266004979,0.02267988757974297,0.0012265436748075766,0.00676363882933848,,263.07538221009384,-0.11660760006255652,-0.013987061892740826,-7.588075799471423e-07,0.18712091225491473,0.07398533135013291,8.983157956407863e-07,0.0768560093535474,0.021939852181270984
1976-12-09 18:00:00,,,5.642134243214624,,,,,,331.75005904487944,6.591945269404079e-07,0.0,6.277224368597629e-07,8.946427932152382e-07,6.10954895668619e-08,,5.519135734738683,0.2126031458025148,,,,,,6.255974783699894e-06,1.5019047895126794e-05,670.6701183431952,1.775828250766506e-06,1.3993645208121758e-06,,271.0026076277332,2.6058626069119695e-06,,271.31058091383716,6.008915294556928e-06,,,,6.884336471557617e-06,,2.7157145844408746e-08,,,,,,,1.567655061123639e-05,,,,,,,,,
1976-12-10 00:00:00,0.9278080787884413,0.21416709832185823,,0.3223386685523761,-0.1972187482393705,265.4505175528442,271.89404251730656,0.8167847874601917,,,,,,,5.029327065281614e-05,,,271.4594421386719,271.46067810058594,271.45985412597656,271.4599609375,0.18830519456129807,,,,,,0.029686560997596152,,,101717.57045118343,,,2.5562130177514795,122.9203189646704,0.13256372925797863,,267.04093761556953,,74313.60824241865,0.19133790145964313,0.000849548881575906,0.02618150880350869,0.0005357956745215422,0.0025209505882488907,,260.97338650494635,0.14343286583409506,-0.07173091596400244,6.19205949998863e-08,0.003698179693172752,3.015856153866243e-05,4.895419757981983e-07,0.07667631791143736,-0.002094230355595696
1976-12-10 18:00:00,,,5.952495625738561,,,,,,518.7677251344086,8.808492996988918e-07,8.794178734340611e-09,6.980510682043944e-07,1.617897434171135e-08,8.62440029083415e-08,,5.8017898424137275,0.20838955309264054,,,,,,1.81470573301146e-05,2.5051849833606967e-05,672.2318786982248,2.2328376064639118e-06,4.182200460038947e-06,,270.3660504944931,4.888616899061485e-06,,270.6510821460972,6.967659532671144e-06,,,,1.8844678557130713e-05,,0.0,,,,,,,2.593375169313871e-05,,,,,,,,,
1976-12-11 00:00:00,1.315335781616572,0.22575664520263672,,0.5018952048036474,-0.20810235604731994,264.84303518442005,271.2738247482029,0.8201796669931807,,,,,,,0.041811294104220596,,,271.4605712890625,271.46058654785156,271.46014404296875,271.4599609375,0.18144298305172893,,,,,,0.026563294540495563,,,101759.68981139053,,,2.6449704142011834,120.29081175313193,0.1327982484941652,,266.3088387032232,,74332.50293546598,0.2259794156226886,0.0024004829000439164,0.02170377652320636,0.0003644898092958349,0.006768220980491864,,261.9181709966716,0.21403741483857647,-0.09236322211090629,1.2229438706682775e-07,0.014197907976795142,0.006126339252509132,3.8744086818494033e-07,0.0861312593016553,0.026281023100459364
1976-12-11 18:00:00,,,4.906327007437599,,,,,,289.4242768464265,5.0798411200032433e-08,0.0,3.9425529760016495e-08,7.415173806735044e-08,5.466047012778936e-08,,4.84143614980596,0.10673423631656805,,,,,,2.464158295174322e-06,4.678303320732342e-06,440.5802514792899,6.857179325713209e-07,6.008849165143346e-07,,268.8236515564326,7.817157979547625e-07,,269.1663410254484,2.240056734113298e-06,,,,2.503240778601381e-06,,0.0,,,,,,,4.727966510332548e-06,,,,,,,,,
1976-12-12 00:00:00,0.04734018427380443,-1.16763834417219,,-0.017262176649104913,-0.7906362657716288,263.3492449698364,268.29621372561485,0.8189427753877357,,,,,,,0.0005464328111276119,,,271.46031188964844,271.4599609375,271.45997619628906,271.4599609375,0.13360044942099666,,,,,,0.03677431366147374,,,102313.13979289941,,,1.2544378698224852,120.58186204898992,0.13308933641783585,,264.8905735354452,,74687.04437869822,0.15117911615315274,0.0012659744398128352,0.01174561088607156,0.00016283636262430948,0.0034454616569203032,,263.2673114122018,-0.013189252311661398,-0.33794936343763,1.6600055858243488e-07,0.009251682988792306,-0.005057716510704988,3.606439737300664e-07,0.02917523765881386,-0.017581051270637287
1976-12-12 18:00:00,,,4.839629596507056,,,,,,816.0506699173538,0.0,2.368345729918522e-09,0.0,0.0,3.341575021946461e-08,,4.810208072323771,0.05898795043223003,,,,,,5.063573284262031e-06,5.064278664673574e-06,222.3069526627219,0.0,1.0340876833221617e-06,,269.6890978389943,8.189135930947298e-07,,269.96343009993876,1.0031280961967785e-06,,,,5.063573284262031e-06,,0.0,,,,,,,5.064278664673574e-06,,,,,,,,,
1976-12-13 00:00:00,0.29196802963166546,0.2101912131676307,,0.1493627615934293,-0.38081687724096536,262.6175945214266,269.88960257084415,0.816401041118351,,,,,,,0.0,,,271.4604187011719,271.45960998535156,271.4597625732422,271.4599609375,0.06903861683501294,,,,,,0.0122048191770294,,,102416.2512943787,,,1.9763313609467457,120.33671596910827,0.13308334350585938,,265.1053468602649,,74823.33281712278,0.07182447444757767,0.0007973225159052561,0.0114241154236201,1.8865222761616905e-05,0.0013397374802087186,,262.3391469018699,0.038089912318619044,-0.20034962716187246,1.2757137757739792e-07,0.003562199060678394,0.0032930089665036757,4.6200183043345953e-07,0.011342625028988314,0.025666604116118166
1976-12-13 18:00:00,,,5.9544657645140875,,,,,,465.9154260808771,7.809126011189624e-08,5.411848662828905e-09,0.0,0.0,1.6648118448837302e-07,,5.772781287424663,0.18631685697115385,,,,,,3.0039153860870904e-05,3.4657191242692035e-05,770.1653106508876,5.728735990778228e-07,6.6161596563440805e-06,,270.0658658721743,6.8788256870924365e-06,,270.3832832652436,8.216932327789669e-06,,,,3.0034568888195873e-05,,0.0,,,,,,,3.473804547236516e-05,,,,,,,,,
1976-12-14 00:00:00,1.2899316189557137,0.5022335165351101,,0.5103195620006358,-0.014671303111420581,265.2612337191429,270.27542800451874,0.8168506350742994,,,,,,,0.0,,,271.4602966308594,271.4599914550781,271.4602813720703,271.4599609375,0.21738808535965237,,,,,,0.04066693006887944,,,102052.1744637574,,,2.6272189349112427,119.807222625913,0.13340273411316278,,266.64475272816316,,74486.18999630178,0.2242559850568602,0.002968754288712902,0.02214666779742703,0.00029009615881203193,0.008898627828564164,,260.6902324969952,0.23236072521943313,0.0009977397834055523,1.3057102026285593e-07,0.013533310057404562,0.008857454758787736,1.2270279485541506e-06,0.10850138285957805,0.03272897393040403
1976-12-14 18:00:00,,,5.255975384684004,,,,,,323.3269609723772,1.051760769101995e-07,3.653030137162237e-08,0.0,0.0,5.046193583175463e-08,,5.17896700751852,0.18222352879992604,,,,,,1.3731640471509222e-05,2.366366118369018e-05,741.8491124260355,2.2417981420042954e-06,3.2958018003836187e-06,,268.9564507839948,4.287346227634588e-06,,269.3528808954905,7.026801271551459e-06,,,,1.3731640471509222e-05,,0.0,,,,,,,2.379389204217132e-05,,,,,,,,,
1976-12-15 00:00:00,0.4768512545252693,0.18811741100965873,,0.2391165614833493,-0.14761273536456407,263.610357431265,269.7737399671205,0.8157472596366024,,,,,,,0.0,,,271.46031188964844,271.45994567871094,271.46009826660156,271.4599609375,0.20532623832747782,,,,,,0.05867690588595599,,,101916.8663091716,,,2.3727810650887573,120.90712092472957,0.13374454735298835,,265.3155727047892,,74395.3697993713,0.21352752143814718,0.0012878976630035942,0.040911793003420856,0.0009154596272304919,0.007369317951992418,,261.2201504679121,0.07877138486275306,-0.08779508404477813,8.584111290033246e-08,0.0069199172557247585,0.00021195120712709146,9.42576629765464e-07,0.14410481928743024,-0.006251014901336128
1976-12-15 18:00:00,,,5.1432143386299085,,,,,,745.2424877535913,0.0,0.0,0.0,0.0,1.3463000968356442e-07,,5.076719639569345,0.15969830575073965,,,,,,1.0149321965211947e-05,1.5228325445976484e-05,594.6549556213017,1.025700269366157e-06,2.2462949421278826e-06,,269.8845057741425,2.70059299186842e-06,,270.2064875314927,4.256948740524653e-06,,,,1.0149321965211947e-05,,0.0,,,,,,,1.5228325445976484e-05,,,,,,,,,
1976-12-16 00:00:00,0.6787200340857873,-0.03367166688456338,,0.31066256303053635,-0.36432486878344295,262.72426808374166,269.4535173946584,0.8130034479869188,,,,,,,0.00034942570522692075,,,271.46006774902344,271.4595031738281,271.46002197265625,271.4599609375,0.1838109845945821,,,,,,0.06702608187523114,,,102116.99463757397,,,2.5502958579881656,133.2247522117118,0.1340792616443521,,265.73894071861133,,74588.37765809911,0.19947697566105768,0.0012666374973996856,0.03524847631505234,0.0004065629293227337,0.003632472111628606,,260.3936917457355,0.07934355242012521,-0.14545403958777703,5.4961647414712555e-08,0.004971628125547569,0.0011116713712531962,1.5587612276017864e-07,0.11753160334963726,-0.01986329689533753
1976-12-16 18:00:00,,,6.14608319976626,,,,,,3439.278524913927,2.1164939248350245e-06,0.0,2.116582097386467e-06,1.4577953684964828e-07,1.9109760138536658e-07,,6.025034204742612,0.11353143996740939,,,,,,3.7660039740906667e-06,7.79229332004073e-06,406.4068047337278,7.061849860750006e-07,8.905317480042136e-07,,270.2727469720784,1.4527089144351215e-06,,270.5966154922395,2.5686758333409324e-06,,,,5.88340166757798e-06,,9.3648342426712e-07,,,,,,,9.913636735205114e-06,,,,,,,,,
1976-12-17 00:00:00,0.8855216178668321,-0.08181884020743285,,0.3310181262225089,-0.38308549350535376,263.83926012389054,269.7207425811587,0.8021778457263518,,,,,,,0.3089780186760355,,,271.4593048095703,271.45997619628906,271.4598388671875,271.4599609375,0.15340996917182878,,,,,,0.034353538377750556,,,102104.0512204142,,,2.3136094674556213,133.44962739662307,0.1342452179045367,,266.5415604269716,,74606.31460336539,0.4219119280753051,0.0017103161332169933,0.013387194751987797,0.0003691269801213191,0.0025349227634407358,,261.2199781970865,0.12889782811057637,-0.1991259275808842,1.0085716103437803e-07,0.04556999545125566,0.01358880352686275,5.304703513744491e-07,0.05260109758896949,0.02280654341599645
1976-12-17 18:00:00,,,6.0977795899972405,,,,,,1510.9329877068014,2.08396927492153e-06,3.4400520945441794e-07,9.855101182615968e-07,0.0,8.826554054911001e-08,,5.964971931728385,0.11069745848164755,,,,,,6.453767859724147e-06,7.468303279763848e-06,426.40236686390534,4.319545741264637e-07,1.2735312683342476e-06,,269.8488386707193,1.3372745122429887e-06,,270.2821371766943,2.9745891954771868e-06,,,,7.438523000514014e-06,,1.6299798291110427e-07,,,,,,,9.553628207663813e-06,,,,,,,,,
1976-12-18 00:00:00,1.1823194323206794,0.5671343831620979,,0.4026644949376936,-0.13509781402949045,263.94661726189787,271.1064927140637,0.8014502334876878,,,,,,,0.04332241080921782,,,271.45953369140625,271.46022033691406,271.4596862792969,271.4599609375,0.16449760121001294,,,,,,0.026412106124607062,,,101881.44082840237,,,2.100591715976331,127.03212092472957,0.13447582086867835,,265.3971197365304,,74377.90373058432,0.2165704309587648,0.002849612715681629,0.008664892975395248,0.0007164520624826646,0.0022950144209099945,,260.810740183091,0.19514596638594858,-0.12063862938852705,1.7790090927810094e-07,0.05683186139288694,0.023444792882610973,4.819146572397306e-07,0.02274143037705864,0.022788010934400842
1976-12-18 18:00:00,,,4.626662700133916,,,,,,269.88196818033856,9.81878511299043e-07,0.0,9.816580799204357e-07,0.0,5.608481955514758e-08,,4.48862720241208,0.08994090063332101,,,,,,5.733916128175498e-07,6.310619722456622e-07,342.478550295858,2.709721606334991e-08,1.1502315990141863e-07,,268.06008396487266,1.333885379796903e-07,,268.39255239272256,1.2949902630416599e-06,,,,1.555209505487476e-06,,0.0,,,,,,,1.614064683575602e-06,,,,,,,,,
1976-12-19 00:00:00,0.7241731621104585,-0.944552590861123,,0.2791411157190447,-0.6469448924770017,258.4282259066429,266.70903349204883,0.808043017895264,,,,,,,0.005708417948886488,,,271.46043395996094,271.4601745605469,271.4601287841797,271.4599609375,0.14158215043107433,,,,,,0.017188122991979474,,,102062.59541420119,,,1.0236686390532543,122.33606877975916,0.13474114547819782,,263.95835379877036,,74436.08353365384,0.15086211255316198,0.0003453105159059784,0.008244666827500925,2.138448890144303e-06,0.0002086261320396288,,261.6444489067123,0.09698061124812922,-0.3508657703738241,3.4202417392681835e-08,0.0028880971453576925,-0.0011372104860269106,-1.7110543394772632e-07,0.014277803342370592,-0.008363982982184055
1976-12-19 18:00:00,,,4.707661115206205,,,,,,824.897215231871,1.343242691818779e-06,4.104018960831433e-08,8.623936825250027e-07,0.0,1.315168086466925e-08,,4.643168189821864,0.06878445416512574,,,,,,6.04533055830284e-06,1.2753939134834786e-05,220.1050295857988,8.983074648845831e-07,1.1990034192271487e-06,,269.6117021910538,2.0660151391339724e-06,,269.8866101327027,4.365731625867313e-06,,,,6.9078785427928676e-06,,0.0,,,,,,,1.4097953336478691e-05,,,,,,,,,
1976-12-20 00:00:00,0.7452308496779944,-0.08172905374560836,,0.31687250645202997,-0.3888894820354394,261.2212640886476,269.11541847364435,0.8082436273789265,,,,,,,0.1974028638128698,,,271.45997619628906,271.46051025390625,271.4599914550781,271.4599609375,0.09648881720367973,,,,,,0.13213894635262574,,,102002.47799556213,,,1.4201183431952662,121.90580343212602,0.1347410580110268,,264.9965581950351,,74532.84234005178,0.3412109916732156,0.0011885391889944585,0.01681775877461631,0.0003301547123835637,0.0024616309171597633,,262.9401783237796,0.12109003370330179,-0.21661894420194908,-2.070848775194743e-07,0.01790399946404632,0.0031304447470816986,1.7830250769600095e-07,0.030426430058549846,0.008626807679438733
1976-12-20 18:00:00,,,5.554241722152078,,,,,,289.53184930209454,8.583818314343515e-07,0.0,8.337155601682042e-07,0.0,9.472767631708869e-08,,5.427760468432184,0.10536419569387943,,,,,,7.185886597492286e-06,1.312439610972207e-05,409.7873520710059,9.187138997591459e-07,1.5734171373604316e-06,,269.4407535530406,2.7980236612128085e-06,,269.8719121267104,4.146799180634628e-06,,,,8.019513985109047e-06,,0.0,,,,,,,1.3981433309746918e-05,,,,,,,,,
1976-12-21 00:00:00,1.1511080928102753,-0.2686205813165247,,0.36567918224447576,-0.35983977797468736,263.21733634993876,270.5481422920904,0.8065181921219685,,,,,,,0.016741148818879437,,,271.45973205566406,271.460693359375,271.4599151611328,271.4599609375,0.1309480384962093,,,,,,0.0229725132327108,,,102017.98853550295,,,2.06508875739645,121.49044655342779,0.1348994836299377,,265.53464521599943,,74491.15860761834,0.15152447040264422,0.0008692967115774662,0.007720495822161612,9.891337896945209e-05,0.004254312910271819,,261.31395969729454,0.22774630432298199,-0.19591244014762563,8.317613197537415e-08,0.004181461422511283,-0.0006624373370373742,1.3935554974275702e-07,0.01732435227322155,-0.00013076652877429533
1976-12-21 18:00:00,,,6.02406900168876,,,,,,358.42381987024527,4.5022668217766215e-06,0.0,3.112623324761024e-06,5.021096157604421e-07,9.456844781031184e-08,,5.948884913201868,0.08330883500138683,,,,,,4.644026241358921e-06,1.140926363905506e-05,319.0003698224852,9.568264851203332e-07,1.024537493844004e-06,,270.37251028929944,2.1216961053701548e-06,,270.69987776716783,4.7812006882661894e-06,,,,7.75649526415492e-06,,0.0,,,,,,,1.591214766869178e-05,,,,,,,,,
1976-12-22 00:00:00,1.3413510463646883,0.5490742011888493,,0.42665420058210923,-0.1629982953946266,264.12829680132444,270.81229847563793,0.8073634720412937,,,,,,,0.0066620414779031065,,,271.4596405029297,271.4605255126953,271.4601593017578,271.4599609375,0.12500424356855586,,,,,,0.015856951651488534,,,101819.72281804733,,,1.7988165680473374,120.62011556230352,0.13510522334533331,,266.1744487694735,,74382.27843010356,0.13338926416882396,0.0010342964759239783,0.011081266685350406,0.0002347647085697693,0.0020997312647351146,,262.9925376395502,0.26452758008911764,-0.07892890794742742,1.3792271887368285e-07,0.00798868708312167,0.0024725048287534677,4.864171403597974e-09,0.030147844023131847,0.01252471435175845
1976-12-22 18:00:00,,,6.979654910296378,,,,,,264.38595906575523,2.5843154396531143e-06,1.219622708151679e-08,5.864439058233295e-08,9.155617310450627e-08,1.0602857683489572e-07,,6.792244595183424,0.13084276188054733,,,,,,4.8644025121214825e-06,1.0710319823767307e-05,421.0147928994083,1.6086420716618645e-06,1.0727926780133558e-06,,270.2191064597587,1.969774799234063e-06,,270.6289778489333,5.236832347847301e-06,,,,4.923103388244584e-06,,0.0,,,,,,,1.3294833651661168e-05,,,,,,,,,
1976-12-23 00:00:00,1.143063703232263,0.6040467651638054,,0.35537367036356726,-0.1040105368258685,265.0528416379669,270.26528406989644,0.805838236441979,,,,,,,0.0013135086149859004,,,271.4604949951172,271.4607849121094,271.4602355957031,271.4599609375,0.14450614974343565,,,,,,0.013597296539848373,,,101547.26405325443,,,2.455621301775148,121.25905324721478,0.13535903896805804,,266.2960348637146,,74161.38988535503,0.1466551109178532,0.0014465038592998798,0.012838758660491402,0.0003555723901331072,0.002415166098690597,,260.77243601782084,0.15181374937824949,-0.06149956178383009,1.7869295538595971e-07,0.018203464470932552,0.0029170495518565883,3.271001031534118e-07,0.05610394877789421,0.03173778433154321
1976-12-23 18:00:00,,,6.571080822916426,,,,,,192.71938130941734,4.38671669311072e-06,7.572699580672225e-07,1.7364702281161877e-06,3.719448866928823e-07,9.939679238785433e-08,,6.455002643300231,0.1788736377242049,,,,,,3.1097136305634088e-06,1.1615234719225642e-05,658.6264792899408,1.8224825520487228e-06,9.574161390581074e-07,,270.6474169669067,1.599979118482601e-06,,270.9330626719097,5.8010925908060466e-06,,,,4.843692984101335e-06,,0.0,,,,,,,1.6006933161492884e-05,,,,,,,,,
1976-12-24 00:00:00,0.5712342911218045,0.7205678838244557,,0.1306795876407059,-0.11600968964706511,262.8442619368875,269.5566703299799,0.8057540806792897,,,,,,,0.002201362474430242,,,271.4606170654297,271.4602508544922,271.4600524902344,271.4599609375,0.22383939302884615,,,,,,0.016413897452269784,,,101419.72485207101,,,2.3136094674556213,120.9125989202917,0.13547053139590653,,266.62996380145734,,74112.24230306952,0.2259212697046043,0.0009165459130642682,0.016834845909705527,0.0003869688722508899,0.0012392743804751063,,261.796332364957,0.01347323881803885,-0.11066336321407522,1.1972053320568672e-07,0.013903183330001293,0.002330437795804626,4.1801693915394987e-07,0.03902952190483066,0.005294460164019342
1976-12-24 18:00:00,,,5.969862068898579,,,,,,361.3709426507717,6.731268922252768e-06,1.1190419366373818e-06,3.0701021118276924e-06,4.3579972398704326e-08,9.095106616559161e-08,,5.868146636782313,0.15850116797452848,,,,,,4.319209583412261e-06,1.2354781994452844e-05,515.3284023668639,1.747811422545529e-06,9.76466920954236e-07,,270.6838513436402,2.1644928575267452e-06,,270.9887206850673,6.439902726009753e-06,,,,7.388507120708037e-06,,0.0,,,,,,,1.908750576380442e-05,,,,,,,,,
1976-12-25 00:00:00,0.9402363173355012,0.3986526805268237,,0.3444109181680623,-0.16022282098171978,264.9717386460163,271.0120259121325,0.8043732202264684,,,,,,,0.0010877530250323595,,,271.4598388671875,271.46002197265625,271.4598083496094,271.4599609375,0.1543410261707193,,,,,,0.022041817388590977,,,101354.33542899408,,,2.3136094674556213,120.85747225609052,0.13563361252553363,,266.29677216117904,,74066.29507211539,0.15925065441244451,0.0018824910271097216,0.013576394707493528,0.0008980113373705621,0.0022218354354948686,,261.48456641202847,0.110709145224306,-0.07553048105634881,4.906341336311403e-07,0.03161539246339197,0.003267854562348868,3.3831741794642096e-07,0.0411794086739651,0.008750431989071637
1976-12-25 18:00:00,,,6.942831756095209,,,,,,288.8243888188334,5.048628036792462e-06,8.263627959955374e-08,3.971468062090451e-06,3.9822306241509476e-07,1.1333263527909184e-07,,6.775795406138403,0.21715802977071005,,,,,,2.197392240783872e-05,3.343723582092827e-05,746.5621301775147,2.834284622993695e-06,5.218360198320016e-06,,271.14923330453723,6.636262998073058e-06,,271.4311061159394,1.0345638150999532e-05,,,,2.594265712083444e-05,,0.0,,,,,,,3.8486701496959436e-05,,,,,,,,,
1976-12-26 00:00:00,-0.40979762331268493,1.5018666002171985,,-0.35008755520250673,0.18702209630661462,263.68564962353224,269.67373946150377,0.8042228218366408,,,,,,,0.0,,,271.4598846435547,271.4599304199219,271.4601287841797,271.4599609375,0.25360450518907174,,,,,,0.04494336370885725,,,101317.28272928995,,,2.7455621301775146,144.4979507175423,0.1364535692880845,,267.0094252366286,,74007.40486316568,0.25695141673793453,0.003387310095792691,0.023088579347147743,0.0007958496816059541,0.008398654192862426,,260.2683902717906,-0.17072038819803995,0.020703422952685836,-1.2453216918160005e-07,0.02798492950800608,0.01978067228069099,5.885639218282858e-07,0.07556820480075814,0.05223068612567067
1976-12-26 18:00:00,,,6.7708476196379355,,,,,,1578.722685779599,2.545431344466802e-06,5.601271546098607e-07,8.086965986962855e-07,1.1753538876948272e-07,2.3725231628611507e-07,,6.637310656217428,0.2239708533653846,,,,,,3.733349269663794e-05,4.902605474347899e-05,831.8369082840237,1.6094631785471763e-06,8.358140668925449e-06,,269.8095443996452,9.591321973405647e-06,,270.1491969181941,1.324603014443753e-05,,,,3.814344575419228e-05,,6.168849281305392e-06,,,,,,,5.156560057013698e-05,,,,,,,,,
1976-12-27 00:00:00,0.19318701952872191,0.5480077450092022,,-0.0989421133458967,-0.24313535633877184,263.53403332952917,269.84045220549996,0.7911323770968872,,,,,,,0.12415823851816753,,,271.45977783203125,271.45982360839844,271.46009826660156,271.4599609375,0.2658547847228643,,,,,,0.042230639937361314,,,101473.31564349112,,,2.798816568047337,142.98891318056005,0.13687987299360468,,265.8026183540299,,74032.48573872041,0.39735159789316754,0.004366389393101077,0.02618335972170858,0.0007851899728267151,0.010666028987726516,,259.1419017724032,-0.07440949720743845,-0.15961514986478365,-2.2372876510255523e-07,0.04364311623105644,0.020546858708688318,6.361409350843913e-07,0.08214142627617312,0.057410900651879565
1976-12-27 18:00:00,,,6.433159393671701,,,,,,214.6994148416722,3.3811969164560533e-06,1.9618048272012957e-08,3.158186490719135e-06,4.207869694077757e-07,1.5474253179286415e-07,,6.2042391173232945,0.21837069720206176,,,,,,2.1873582044296717e-05,2.6494881810521234e-05,792.7488905325444,8.631376384278021e-07,4.564208039165249e-06,,269.42636604986245,5.268750811469625e-06,,269.7518296100684,7.609026671866694e-06,,,,2.5033069080149633e-05,,1.3574935804457353e-06,,,,,,,2.98606926167505e-05,,,,,,,,,
1976-12-28 00:00:00,1.3189545975634331,0.7109318738858376,,0.4682861926287589,-0.05427163592457066,263.3551639353735,269.4715513872677,0.7886332587377559,,,,,,,0.0,,,271.4601287841797,271.4603271484375,271.4598693847656,271.4599609375,0.22968865569526628,,,,,,0.01834287022697855,,,101527.78051035503,,,2.5798816568047336,130.73244914218517,0.13728574323936327,,265.3710354235045,,74043.51881471893,0.23041222927838387,0.002712153824123405,0.01800690600152552,0.0005056646448620678,0.005176566761626295,,259.02612115081246,0.20138929581501075,-0.04428988236647386,1.0204752276860972e-07,0.014007274921123799,0.012917354952915263,4.605423712816376e-07,0.05034678057800516,0.035764001530303055
1976-12-28 18:00:00,,,5.484334020219611,,,,,,403.28814479282926,7.915558546957884e-06,7.253074081691765e-07,2.8064551614445343e-06,2.0487305636589343e-07,7.83403701725493e-08,,5.40232357612023,0.1610850497815736,,,,,,2.4694839172814724e-05,3.0415121620223366e-05,612.1734467455622,1.5819368101436006e-06,5.7413116009277706e-06,,268.33140464647283,6.717425831676235e-06,,268.6695035674868,1.093621790056398e-05,,,,2.750075427738167e-05,,9.585975134778306e-08,,,,,,,3.833442750061758e-05,,,,,,,,,
1976-12-29 00:00:00,0.8787944330971622,0.31009064059285724,,0.3497639435988206,-0.1290193309445353,264.0235743776581,270.18214272041996,0.799111279510182,,,,,,,0.00048554155248156666,,,271.4595947265625,271.4597473144531,271.4601070545393,271.4599609375,0.20204469579211354,,,,,,0.03257101386256472,,,101565.64811390532,,,2.3195266272189348,122.78466345431536,0.13774110297479572,,264.60933247402573,,74052.21195451183,0.2070970704569619,0.003071595931194238,0.01930372249445266,0.0002759462277564777,0.007263364171135355,,261.3437865669205,0.11012306968135947,-0.08704423410652658,2.862291549023836e-07,0.02218499266845243,0.00984826284879543,3.780544792407347e-07,0.054188384092326784,0.023221041632474525
1976-12-29 18:00:00,,,5.721261419488128,,,,,,244.13621148830507,8.358713790509828e-06,3.4613237225797756e-07,2.2043137860721385e-06,4.760491160246042e-07,5.575890831763652e-08,,5.507496987221509,0.21352120122965976,,,,,,2.5413269121971357e-05,3.150087841869106e-05,738.2729289940828,2.6346399233891416e-06,5.79994634763729e-06,,268.7537179980758,6.854490062894201e-06,,269.1102641630455,9.964203693457609e-06,,,,2.7617318390389167e-05,,5.933220536839327e-09,,,,,,,3.985998898568238e-05,,,,,,,,,
1976-12-30 00:00:00,0.5439260302210701,0.5924422585752589,,0.19832656792635042,-0.16725299767488558,263.69789863902434,269.8468803992638,0.8041289050198166,,,,,,,6.398011946819237e-05,,,271.4602966308594,271.4597930908203,271.46022033691406,271.4599609375,0.20269775390625,,,,,,0.034811618060049926,,,101502.9761464497,,,2.63905325443787,126.76614921614969,0.13836108439067413,,264.37455921060234,,73982.3329095784,0.20613992002588757,0.0030758987517046504,0.021739259979428625,0.0003062479594755455,0.007190772062222633,,258.5508244982838,0.053096243262996334,-0.06494519837509245,2.9026252711322656e-07,0.021098554472507188,0.010208408384082409,6.93364576546795e-07,0.065848593161212,0.033767986601802726
1976-12-30 18:00:00,,,6.618757507504796,,,,,,243.1998076386504,4.09550479883273e-06,1.3664816699084446e-07,6.011604557375936e-07,1.9564249238671637e-07,7.156755686696267e-08,,6.284119092501127,0.2209464530267659,,,,,,4.452854923948028e-05,5.377150146213509e-05,817.0998520710059,1.3150936047706378e-06,9.131766635285327e-06,,267.2683873825525,1.0507038006415734e-05,,267.6859525420962,1.5122959247002234e-05,,,,4.5130238730526534e-05,,1.242261699582698e-07,,,,,,,5.789303920678133e-05,,,,,,,,,
1976-12-31 00:00:00,0.9461986609464567,0.3294214779103296,,0.3851142860728608,-0.23640231973320774,262.44279714731067,268.2035648865107,0.8006558633414951,,,,,,,0.0,,,271.4599914550781,271.4600372314453,271.45973205566406,271.4599609375,0.2528288350302792,,,,,,0.033687523836214865,,,101456.04215976331,,,2.662721893491124,123.17135909041004,0.1391680339384361,,263.29758096728807,,73832.7361085429,0.25544874202570267,0.006257277268629808,0.02352503488755085,0.0003740237309382512,0.01217249582505085,,258.2505384817631,0.14092859008608485,-0.0355697101389868,2.6428846166380984e-07,0.03629722819481384,0.03830407474867823,4.880540155579706e-07,0.0616213072962045,0.0688718129941345
1976-12-31 18:00:00,,,5.744189871838812,,,,,,998.88818359375,1.4203275449177218e-06,1.077854333544624e-07,0.0,0.0,-1.0823148399861475e-08,,5.5521325726480875,0.005466844908584505,,,,,,0.0,3.2913931728114742e-06,27.07230029585799,6.367931880894497e-07,0.0,,265.03262320072696,3.373371602515497e-07,,265.34603890864804,6.710702674628715e-07,,,,0.0,,8.11157336172003e-09,,,,,,,4.7220369062480135e-06,,,,,,,,,
1977-01-01 00:00:00,0.9486692925176677,-0.8832372970129612,,0.31219914678991195,-0.5059303362694012,254.0484164085614,264.7183688914282,0.8034400354475665,,,,,,,5.220520425830367e-05,,,271.4604949951172,271.4606475830078,271.4599304199219,271.4599609375,0.012120444393722264,,,,,,0.006467288767797707,,,101965.54105029585,,,0.16568047337278108,118.06454973390116,0.13937132457304283,,259.9194828010875,,74270.74787352071,0.014184398763983913,5.698168771506767e-05,0.00448791233040172,6.292204885087775e-05,9.18625727207703e-06,,259.3412025045361,0.1204078624234397,-0.2241466680222009,-3.429582660204332e-08,0.00026325337980052775,-0.0005440570237721212,-1.1123906458161782e-07,0.0008234628558864255,-0.0008172851342421311
1977-01-01 18:00:00,,,4.8198548491889905,,,,,,1369.0966536458334,8.086635339894944e-07,0.0,8.098428418650429e-07,4.8424640791656e-08,2.7165313470090384e-08,,4.788899195970163,0.02262476633286335,,,,,,1.7408788556883322e-06,4.037090483501818e-06,116.18121301775147,9.380457316629986e-08,5.432531325774786e-07,,268.2331904123521,5.045398717095866e-07,,268.5215139896912,1.6250862525059626e-06,,,,2.550016317141832e-06,,0.0,,,,,,,4.84446449392646e-06,,,,,,,,,
1977-01-02 00:00:00,0.9343537494275697,0.27357100876125356,,0.3883053198368592,-0.19600323107115616,257.61676765757903,267.8729833117604,0.8019430880715861,,,,,,,0.0,,,271.45924377441406,271.4601135253906,271.45997619628906,271.4599609375,0.031039537057368713,,,,,,0.015687524919679178,,,101647.18685281066,,,1.727810650887574,119.08854196762897,0.1393455894741081,,262.53513196234167,,74235.08191568048,0.04037656163322855,0.00037245073262051013,0.008552822135609282,0.00012124924970096385,0.00047772875904331547,,260.46938463922083,0.1433639198365296,-0.1122497694026789,5.0009868866695983e-08,0.0014046691433001674,0.0007239280050873933,-2.7537629454838906e-07,0.021360038366367125,0.0025012338831579897
1977-01-02 18:00:00,,,6.206133278163932,,,,,,989.7054607190584,1.2650446602578698e-06,3.966938197260072e-08,8.602830520748386e-07,1.9174223468148496e-07,1.3516318817111833e-07,,6.166777949361406,0.1496256991956361,,,,,,1.1171374095262155e-05,1.407718870061389e-05,605.0721153846154,3.8148956538657463e-07,2.535004940258681e-06,,267.6216748480261,3.0218496830505733e-06,,268.0573809019913,3.5652791607309375e-06,,,,1.2030703781624517e-05,,0.0,,,,,,,1.533699811562984e-05,,,,,,,,,
1977-01-03 00:00:00,1.9400883059529863,-0.7727698433328662,,0.6869002404297597,-0.37585459940532256,263.9988581189037,268.71307273729315,0.8001052585579235,,,,,,,0.00038298770520814074,,,271.4600830078125,271.460205078125,271.46006774902344,271.4599609375,0.18609998353134247,,,,,,0.054288423978365384,,,101576.57303994083,,,2.2662721893491122,120.76811389810234,0.13954893936066937,,263.7453031822069,,74069.50161797338,0.20786461463341346,0.0010332384053066638,0.010613503540761371,6.0842587397648735e-05,0.0026229316666281435,,258.70846936829696,0.3751617797027678,-0.14341782747641119,8.675885225230133e-09,0.004043624013078195,-0.0027016182622965975,4.983282381614957e-08,0.03255575507350222,-0.0135407056328813
1977-01-03 18:00:00,,,5.3509452921399,,,,,,638.2256986177885,4.289801282113826e-09,0.0,4.317871840483338e-09,0.0,9.995136889091764e-09,,5.299264058206209,0.018394605647882766,,,,,,2.556508021241814e-07,2.6148810056892375e-07,57.72882766272189,0.0,1.82843695466335e-07,,269.2363776032036,1.981195900038149e-08,,269.4783217751768,1.4299245760638332e-07,,,,2.600525412157442e-07,,0.0,,,,,,,2.664546950681675e-07,,,,,,,,,
1977-01-04 00:00:00,0.6905117204203408,0.27734519461908286,,0.25746706674790243,-0.21682072814399675,259.003473496296,269.43538480679666,0.7978396937691954,,,,,,,0.0,,,271.460205078125,271.45989990234375,271.4600830078125,271.4599609375,0.03456621339335244,,,,,,0.015557734923955251,,,101753.83089866865,,,1.4260355029585798,121.21430472650472,0.13952640104575975,,263.149463721281,,74360.8719489645,0.036065728001340606,0.0003729134621704824,0.007976486838075536,0.0,0.0017440841042783838,,262.2955379147501,0.05736098169575076,-0.13874231146637506,1.044346934243673e-08,0.0016712211147357143,0.0006213887682812807,4.079495969961381e-08,0.03777382054266977,0.00036386413687079615
1977-01-04 18:00:00,,,6.090797937833345,,,,,,623.7921662941957,3.25092197169919e-06,8.052358260521522e-08,2.3040369417540422e-06,6.906459515793083e-08,1.4600262103325286e-07,,5.9553428175886705,0.20519586145525148,,,,,,3.0003973012845192e-05,3.102280684476774e-05,807.2211538461538,1.63104065512059e-07,6.939532488760864e-06,,269.7936545829096,6.8127403597859945e-06,,270.2076601107445,8.658809069345688e-06,,,,3.2307657264393465e-05,,0.0,,,,,,,3.426967287910055e-05,,,,,,,,,
1977-01-05 00:00:00,1.175671148582323,0.6650105933465901,,0.4143670642164332,-0.01860424470619337,264.7729611368574,268.821571395242,0.7964868820630587,,,,,,,0.0,,,271.4603729248047,271.45977783203125,271.45994567871094,271.4599609375,0.23016583143606695,,,,,,0.06464101576946191,,,101463.86020710059,,,2.6863905325443787,120.94687684188933,0.1397296324284119,,265.89369093313724,,74106.95555196005,0.2452135255350869,0.004064458361744175,0.020279923839681954,6.209128707118288e-05,0.0099850716675527,,260.39648590990777,0.13939662938992653,-0.02042155364561363,-1.0426458024375758e-08,0.02877475782958846,0.009487183422908276,2.391364448841595e-07,0.10811293901071041,0.017858553567581627
1977-01-05 18:00:00,,,7.5030284068993565,,,,,,411.6768568772536,4.2879069499539204e-09,2.3091220181192873e-08,3.3855805732860896e-09,2.6939814282063198e-08,1.4180410321844608e-07,,7.255306480904303,0.30919471153846156,,,,,,3.325083904717801e-05,4.8551333726510493e-05,1127.8387573964496,3.4946970333009075e-06,6.8233651522348615e-06,,269.5522324601574,9.149092541643854e-06,,269.9664008687939,1.3198196535279765e-05,,,,3.325418960413284e-05,,0.0,,,,,,,4.8520120643299715e-05,,,,,,,,,
1977-01-06 00:00:00,1.5013060428687102,0.7223058339406753,,0.4792219463890121,0.0774079836331881,265.6695546708869,269.2808622100649,0.8015018010280541,,,,,,,0.0,,,271.4591979980469,271.4601135253906,271.4599151611328,271.4599609375,0.3499512079904771,,,,,,0.09716733672915126,,,101226.35909763313,,,2.6923076923076925,117.68025794396034,0.14067652944982403,,265.9399012277818,,73868.69478088018,0.35525747445913464,0.0027297036887625973,0.06276413957042808,0.0008438691585021612,0.009952658026881472,,260.545428665432,0.22626712301073695,0.0877428090078591,-1.1509337935034604e-08,0.018562339452152504,0.000539435194970588,1.7749002002201665e-06,0.47560706505408656,-0.05795485698259794
1977-01-06 18:00:00,,,6.831374185325126,,,,,,471.1910926555765,8.212567786493246e-06,2.682153907047926e-07,7.299849620232215e-06,1.641265915695732e-06,7.671205714047396e-08,,6.767354333189112,0.17820676544008876,,,,,,5.555333646796864e-06,1.1892228789583465e-05,568.0551035502958,7.209428668727536e-07,1.1777648558983435e-06,,269.0293126755212,3.037610526620989e-06,,269.5591419829419,6.430512349281086e-06,,,,1.2855381655269826e-05,,0.0,,,,,,,2.0111894466467864e-05,,,,,,,,,
1977-01-07 00:00:00,0.8181242801733977,0.42758316401193835,,0.1940432328444261,-0.1866315751386112,263.0205235227325,269.9680783424152,0.7992123474736186,,,,,,,0.0015045397380399985,,,271.4598083496094,271.4603576660156,271.4599151611328,271.4599609375,0.20089604304387018,,,,,,0.04925311387643306,,,101252.57174556213,,,2.6745562130177514,119.28681304751063,0.1411226063790406,,264.2736914820925,,73966.50670303254,0.20708650667991865,0.0013619484986073871,0.041406209052426014,0.0007426668200972517,0.0042388283994776255,,259.4091267783261,0.04998489244449773,-0.08008516187498556,2.2792536739505188e-07,0.019447732726442655,-0.005221167259667752,4.6160905249967905e-07,0.3173832639434634,-0.0691172671035902
1977-01-07 18:00:00,,,6.726625922163563,,,,,,639.4646872101928,7.068440758970362e-06,2.1492886031873127e-07,6.170138804870244e-06,1.3071250104339871e-06,1.4008914601655688e-07,,6.641248065339037,0.25437665408884985,,,,,,2.947828826114271e-06,1.1930120943566046e-05,866.5502958579882,3.8212881638453555e-06,6.946398926204478e-07,,270.21869862573385,2.3838000361030624e-06,,270.77280827810074,9.31518758542439e-06,,,,9.117747199605909e-06,,0.0,,,,,,,1.8987518090468187e-05,,,,,,,,,
1977-01-08 00:00:00,0.6355110935910919,0.3093067203047713,,0.08816768149652425,-0.10433423871824728,266.087976399258,270.3809556227464,0.7958297701276971,,,,,,,0.0,,,271.4601593017578,271.4597473144531,271.4599304199219,271.4599609375,0.2667601997330344,,,,,,0.06701795589289017,,,101412.18694526626,,,2.621301775147929,121.16343102088341,0.1412993323873486,,265.7272269344894,,74105.2925526997,0.27317539192515716,0.0003837339976835533,0.053757415940961534,0.0007554426701111201,0.00013499852468276164,,260.81749079777643,0.025265994509296303,-0.024360488505053096,3.6000799206956895e-08,0.0025690417811164313,-0.00014933873210432966,8.212501280365881e-07,0.2164582924024593,-0.06388136056753305
1977-01-08 18:00:00,,,6.058011517722226,,,,,,832.6267276817645,0.0,0.0,0.0,0.0,-8.742970953655523e-08,,5.888286850156163,0.1106944789547892,,,,,,0.0,4.332578746524788e-06,272.9526627218935,9.527981016762864e-07,0.0,,270.32225298458303,2.2430683778235194e-07,,270.92662129599665,4.893135742322933e-06,,,,0.0,,0.0,,,,,,,4.332578746524788e-06,,,,,,,,,
1977-01-09 00:00:00,0.039254086962818395,-0.06171625464625612,,-0.16715186869604348,-0.2849847014839127,259.3164160011788,270.3078918457031,0.7928315496303626,,,,,,,0.0,,,271.45997619628906,271.4598083496094,271.4598388671875,271.4599609375,0.11779920589289017,,,,,,0.017579118175619454,,,101382.31564349112,,,0.31952662721893493,122.20538275904909,0.14131769767174354,,264.280660053682,,74128.39210428995,0.12339728541628144,2.8963691207784166e-06,0.015325151251617973,0.0003900556169318024,0.0,,261.8401195819561,-0.15837475251869337,-0.12068944852027667,4.216695263833373e-09,0.0004730224609375,-8.042372856840226e-05,1.8566128852592572e-07,0.03748123076628651,-0.018687987468651766
1977-01-09 18:00:00,,,6.705207762633555,,,,,,1219.2597712302695,4.206712429340069e-06,1.6104716521043044e-06,0.0,0.0,2.5163189034093414e-09,,6.656126885724491,0.10913194283931213,,,,,,0.0,2.094423233051977e-06,375.3006656804734,5.921916540205126e-07,0.0,,270.66647898657084,5.614318328319922e-08,,270.9258078851643,3.6190203308353763e-06,,,,0.0,,0.0,,,,,,,6.302882581067508e-06,,,,,,,,,
1977-01-10 00:00:00,0.5145530474961862,-0.3340589196018919,,0.00027202290190747505,-0.4200647117118158,261.0813742191834,271.5049378886025,0.7916202337078794,,,,,,,0.06150005272859652,,,271.4600830078125,271.4599609375,271.46018981933594,271.4599609375,0.1317645191440921,,,,,,0.050447904146634616,,,101535.05575073964,,,1.5029585798816567,123.13213479307277,0.14126310969245504,,265.14050085304757,,74302.46766364644,0.19505653155625924,0.0003913859643879727,0.02130639341455945,0.0004318762107713688,7.176716652142225e-05,,262.32460184492305,-0.0618744570122668,-0.2777308232685518,-1.4787904886162383e-08,0.013922742132604474,-0.007390948442312388,1.8436838530028824e-07,0.06929467533461574,-0.041676209875817834
1977-01-10 18:00:00,,,6.645410607199697,,,,,,1151.1120647723858,8.833787497684096e-06,1.8958641579870643e-06,2.3989546933823084e-06,1.1270656388186845e-06,1.469752670916222e-07,,6.4928025472799,0.0825420131344767,,,,,,2.892588722635303e-06,6.993185486313859e-06,321.948224852071,1.0358841990578105e-06,7.824762862109573e-07,,271.7938234227649,2.4614469892174536e-06,,272.10304901303624,4.898955130718163e-06,,,,5.291322984639004e-06,,0.0,,,,,,,1.582617943103497e-05,,,,,,,,,
1977-01-11 00:00:00,0.005533929407243898,0.7563279225276067,,-0.133490951808952,-0.08199532074335764,267.2344994178185,273.5471032498151,0.7882883478198531,,,,,,,0.1214993268075074,,,271.459716796875,271.45997619628906,271.46026611328125,271.4599609375,0.12974521253235946,,,,,,0.08539594842132027,,,101363.28023298817,,,2.2544378698224854,124.29122780342779,0.14133663572503266,,267.3320567114113,,74153.96761741865,0.2524201884072208,0.0014824472235504692,0.009865570698143018,0.00017317230179465028,0.002712362616725222,,262.9143016747469,-0.08667077997027064,-0.12325810539651905,8.847440143299052e-08,0.045200686250157524,0.004560387676813193,2.3467718697974138e-07,0.030472614356046597,-0.0007324157249645369
1977-01-11 18:00:00,,,7.5685341851951105,,,,,,2590.901896158854,3.3433929350249163e-06,4.460814701029535e-07,1.7071969410371498e-06,6.043126244516767e-08,1.459724176694455e-07,,7.4092149960218805,0.17011310645109098,,,,,,2.2761126947120802e-05,2.749678651256674e-05,563.1512573964498,8.176130479609472e-07,5.189880464203964e-06,,270.4793172080136,5.967165591448722e-06,,270.84236352683524,7.396971685646554e-06,,,,2.4470528201944024e-05,,0.0,,,,,,,3.084981229883679e-05,,,,,,,,,
1977-01-12 00:00:00,-0.20079857075708152,1.6628223735199879,,-0.2865786072770519,0.3287055393647865,262.9290565626156,270.26302486622825,0.7878834852100124,,,,,,,0.5515086157082101,,,271.4596862792969,271.46009826660156,271.4598846435547,271.4599609375,0.17019707493528108,,,,,,0.06696287979035688,,,101330.81934171598,,,2.739644970414201,125.71552976348697,0.1416471611113238,,266.2784326316337,,74018.75792806952,0.6742475723417906,0.0036958493672059186,0.01400504027598003,0.0002765147643681814,0.006631478755431768,,260.0915301622018,-0.133722429444804,0.03542720636672522,-3.388175862161415e-07,0.07241376645631603,0.022983742741535185,5.742336434626279e-07,0.0555648352121955,0.03542555560021711
1977-01-12 18:00:00,,,7.17778166370279,,,,,,349.0565867521325,9.673686158022232e-07,4.856792118775069e-08,5.539881407156499e-07,6.945448315884234e-08,1.042191916146762e-07,,6.800356594063121,0.24022697132720044,,,,,,3.4233169442803195e-05,4.547340630074225e-05,860.7389053254437,2.3966622070447933e-06,7.644251606168126e-06,,269.94272166596363,8.87399418114205e-06,,270.3383355676775,1.4672794285610582e-05,,,,3.478636403055586e-05,,0.0,,,,,,,4.6456353904227535e-05,,,,,,,,,
1977-01-13 00:00:00,2.1193470700958073,-0.41474718172874675,,0.8421129869991506,-0.43931281072853584,263.50344830575074,269.36191211226424,0.788922002682319,,,,,,,0.0014041133180877866,,,271.4602813720703,271.46018981933594,271.45977783203125,271.4599609375,0.2253466724644046,,,,,,0.03175335946167714,,,101550.80528846153,,,2.603550295857988,121.64556397206684,0.14247983447193394,,265.5604499952328,,74036.75619452662,0.22863543809518305,0.0013999318230081591,0.03188974053196653,0.0005733698782836191,0.01042793770513591,,258.871072893312,0.5761555010045069,-0.16498141740200786,9.904992510082431e-08,0.008308613779537859,-0.0014489830951013509,8.107666732170261e-07,0.10571522631588773,0.00866645750914805
1977-01-13 18:00:00,,,5.156401137628499,,,,,,1725.6144857967602,4.4423756162090415e-06,6.027365400946352e-07,1.2606801189614471e-06,3.790703310063605e-07,-7.508783952536932e-08,,5.022920793682866,0.025457709498659394,,,,,,2.3345666876911412e-06,4.789048045344607e-06,98.29271449704142,5.70371702930631e-07,7.3764054380225e-07,,268.886254846697,6.867098737750533e-07,,269.20643371943186,3.741425875375962e-06,,,,3.5949933105671897e-06,,0.0,,,,,,,9.229241390905436e-06,,,,,,,,,
1977-01-14 00:00:00,0.5115489733995066,0.030036931912574543,,0.21640240934473523,-0.34308889490612865,257.77290560931147,268.7379432994233,0.787729220277459,,,,,,,0.011151488716080344,,,271.46087646484375,271.45970153808594,271.45994567871094,271.4599609375,0.07365471653684356,,,,,,0.07589523044563609,,,101912.37980769231,,,0.8579881656804734,123.1980325371556,0.14261094211826664,,263.47360401040703,,74427.30887111687,0.1410100812742696,0.000967245835524339,0.013839563674475315,0.00043648093409792205,0.0010953880626069017,,261.6557715602175,0.04143741356550589,-0.17758429826364008,2.0741850600788677e-07,0.02317977069392139,-0.0029195786492359,4.4427659132134876e-08,0.022623663955538935,0.0006635989663163586
1977-01-14 18:00:00,,,7.096490769696659,,,,,,1197.1592812930837,6.062700550937088e-06,5.105852022678894e-07,4.276545090082834e-06,3.462122786327227e-07,1.0688217057496551e-07,,6.884230376700677,0.17584436179618157,,,,,,1.654795993714643e-05,1.877070178647013e-05,541.5765532544378,1.2448448798007513e-07,4.234178179114528e-06,,269.33035567244127,4.75034029526118e-06,,269.7260702460475,6.516568759489341e-06,,,,2.0823623301714835e-05,,0.0,,,,,,,2.4791740806850454e-05,,,,,,,,,
1977-01-15 00:00:00,1.054772625308065,0.659176967553133,,0.36945128017628687,-0.1344907523612299,264.0266116892798,268.9709779637805,0.7866287898029801,,,,,,,6.398011946819237e-05,,,271.4599609375,271.4599151611328,271.46002197265625,271.4599609375,0.15392813597910504,,,,,,0.03515954553728273,,,101573.96190828402,,,2.514792899408284,140.929533557779,0.14324129826923798,,264.8380189252323,,74132.36875924557,0.17053818561621673,0.0025163966523119685,0.007611460939666929,0.00031624743218958026,0.0019218738262469952,,260.2764263265937,0.10574021600407256,-0.09019268758198214,7.871690636070875e-08,0.06244651500284451,0.0012354061404276175,4.953009231579517e-07,0.02471871801911021,0.006689963763105798
1977-01-15 18:00:00,,,6.800890939475517,,,,,,359.54595839556526,5.250741567837416e-06,0.0,5.25239480317697e-06,9.963994283647933e-07,1.716286355743912e-07,,6.574900892359265,0.1925193290033284,,,,,,2.5505321265677727e-05,2.945818491941373e-05,690.5318047337278,1.889383475456012e-06,5.7355803850839826e-06,,268.32117836856276,6.6426114217769464e-06,,268.6416358722032,8.246426046247313e-06,,,,3.0758465535541966e-05,,2.6015201087534075e-06,,,,,,,3.471088832652075e-05,,,,,,,,,
1977-01-16 00:00:00,0.2382963507838503,1.1939315570176705,,-0.08830828356319631,0.12910923591026893,261.1044623922314,268.8896376931456,0.7781391669307235,,,,,,,0.0008292931776780349,,,271.4597625732422,271.45977783203125,271.45985412597656,271.4599609375,0.18687700802052515,,,,,,0.0267747506587463,,,101387.00813609468,,,2.7218934911242605,142.15417760363698,0.14401944572403585,,263.70705436390534,,73871.64025517751,0.18884159968449518,0.003902649738379484,0.01815389599320451,0.0003366131754316522,0.007231717984351886,,257.8968435434195,-0.049171613165612756,-0.018379414575339776,1.6429754858905417e-07,0.02486651583530626,0.01879142443764853,5.655935083752905e-07,0.08284704383743717,0.05167464971454186
1977-01-16 18:00:00,,,6.347824486049674,,,,,,3104.487608810951,7.680545632655804e-07,0.0,7.313086524517579e-07,3.221957288550202e-06,7.020878254576481e-08,,5.963115060117823,0.06990439510909763,,,,,,4.361499343398055e-06,7.938174806402984e-06,244.49815088757396,4.735003782094583e-07,1.267370211302176e-06,,266.4349181045442,1.0737763530403904e-06,,266.90448702298676,3.054517613360162e-06,,,,5.093155175271119e-06,,1.8564014304319076e-06,,,,,,,8.693549054614185e-06,,,,,,,,,
1977-01-17 00:00:00,1.6265749225955037,-0.5070847279926729,,0.5107134982679017,-0.3562879900960527,259.14938291290105,266.97879958293845,0.7692871679215741,,,,,,,0.14495118270964313,,,271.4598693847656,271.460205078125,271.4596252441406,271.4599609375,0.07418137048123151,,,,,,0.10179174299070821,,,101592.07525887575,,,0.40828402366863903,137.11770386103342,0.1442353147021412,,261.486048139764,,73993.1657960429,0.27478614220252406,0.0014974619509905754,0.009524080174914478,0.00015195304825461122,0.00167637322781354,,259.57231916619475,0.2921917505518219,-0.11241688072328737,-3.682200753590858e-07,0.03452863049219478,-0.00899556825852253,1.4297293306923522e-07,0.0275020540606495,-0.006248331986940824
1977-01-17 18:00:00,,,5.572430729160647,,,,,,660.6594223920036,3.189270070494985e-07,1.835435650934129e-08,1.058036174911719e-07,3.388994676474283e-08,1.3807905139326213e-07,,5.410566758827345,0.13085386738974666,,,,,,1.6779765574889775e-05,2.040215850581784e-05,537.9900147928994,5.132882420480604e-07,3.858981929587189e-06,,267.57337202264006,4.148408329698461e-06,,268.09514053615595,5.235311371334911e-06,,,,1.6885837154275567e-05,,2.6664963906862326e-07,,,,,,,2.0726368977473332e-05,,,,,,,,,
1977-01-18 00:00:00,0.5942886171961678,0.011320977521365917,,0.22106258121467906,-0.3017917046180138,261.5865427953957,266.5934342604417,0.7766523371786761,,,,,,,0.0003511270827795627,,,271.4600372314453,271.4598388671875,271.46002197265625,271.4599609375,0.15026277621116865,,,,,,0.052520842241817675,,,101791.10965236687,,,2.3905325443786984,128.4942834617118,0.1445621287328957,,263.0451993321526,,74218.64753605769,0.17015770906527367,0.0013347490299382859,0.016442925266965606,0.00019488461624235796,0.004426944890671228,,257.98753862550274,0.06419727541285859,-0.12951592439730492,1.1753017935604298e-07,0.007776119285342339,-0.001991597197112247,-9.636825037370683e-08,0.07293683251768307,-0.01576543594958514
1977-01-18 18:00:00,,,5.696512797880455,,,,,,1831.9177400702672,6.21858962188811e-06,5.920864324796305e-10,6.1986185389862965e-06,1.0754846962245964e-06,1.2887152749806117e-07,,5.516288941781196,0.1728669115777552,,,,,,1.893690704593997e-05,2.054535072936109e-05,682.2762573964498,3.2046038282693493e-07,4.607588934475148e-06,,268.7661260119557,4.540930485584327e-06,,269.14915105153824,6.405515430947027e-06,,,,2.5134643859411838e-05,,4.690521418739706e-08,,,,,,,2.6766188751310992e-05,,,,,,,,,
1977-01-19 00:00:00,-0.03234114449405106,0.5264028515336077,,-0.14747069996489576,-0.1896464105188494,264.25571708002036,268.5308520977314,0.7819303432865256,,,,,,,0.49995846720136833,,,271.4605407714844,271.46022033691406,271.4600133045009,271.4599609375,0.17546226004877033,,,,,,0.42262403499445267,,,101659.99417529585,,,2.6094674556213016,125.17861685668223,0.1448492524186535,,265.0758573994834,,74186.9630870932,0.7119388103088331,0.010247921838064144,0.022389248278014053,0.0003792350814187315,0.014360619719917252,,260.2715783655291,-0.07154385331114368,-0.10842407384567712,-1.6773905716671128e-06,0.24935462756065882,0.025512755960060734,-4.016965787483037e-08,0.09174379065891827,-0.00013666674935606103
1977-01-19 18:00:00,,,6.362343359275682,,,,,,894.0780111675614,4.535984005448381e-05,6.6754556971894215e-06,4.3976500894896375e-06,5.695395744763888e-07,1.442486850545499e-07,,6.105553051423744,0.3346741806120562,,,,,,6.823083000070245e-05,7.211024591908653e-05,1297.9005177514794,6.847700776433098e-07,1.537888007756521e-05,,268.5794582931248,1.990676102553599e-05,,268.8744194437061,3.769513241638093e-05,,,,7.263002310984233e-05,,0.0,,,,,,,0.00011747511180900258,,,,,,,,,
1977-01-20 00:00:00,0.6758523579885268,1.0573427324464335,,0.12683771347858497,0.19467567127837232,264.51480851935213,268.2128806029551,0.7954367868293671,,,,,,,0.005841802563187639,,,271.45948791503906,271.4599914550781,271.4602355957031,271.4599609375,0.35961733485114644,,,,,,0.16325766659347263,,,101593.16586538461,,,3.06508875739645,116.40094951200767,0.14607555626412116,,265.35314670540174,,74019.22561482988,0.43830447824749014,0.014850064241410008,0.02436598377114922,6.645441760678263e-05,0.013893533740523299,,260.1113846457216,0.10637450923581095,0.10024553219947589,-7.845316366044552e-08,0.11731993697980451,0.08387632811298737,8.102024205513959e-08,0.11075042457093853,0.04586197416017041
1977-01-20 18:00:00,,,8.264934584939269,,,,,,659.7136250215418,3.534440810863788e-06,0.0,1.5568406976891693e-06,0.0,-5.589598369958243e-09,,7.8060005910297825,0.08986072427422337,,,,,,3.977029821311934e-08,1.293342538486571e-06,268.5632396449704,7.676632975685526e-07,9.282701166578122e-09,,266.79204311032265,2.553456424344221e-08,,267.32567302997296,6.575423937577468e-06,,,,1.5968710360442393e-06,,0.0,,,,,,,4.826212775777783e-06,,,,,,,,,
1977-01-21 00:00:00,1.5770145562978892,-2.1840173789029995,,0.7076516800378201,-1.1267017556365424,259.00016983303095,267.0645428719605,0.7978196027716236,,,,,,,0.002272182667749168,,,271.4601135253906,271.4599151611328,271.4600830078125,271.4599609375,0.11513189733381102,,,,,,0.016894978179028755,,,102060.3411612426,,,0.757396449704142,115.22535317325028,0.14697061911137146,,260.811869514059,,74139.40643491125,0.12409232777251294,0.00016306314242662057,0.01352623933871117,3.1349397975312184e-05,4.7497495391665125e-05,,253.9440496320555,0.4436362392803621,-0.39816539809548646,5.191287048885698e-08,0.0014759548876907115,-0.002525858382677891,6.931135882988583e-08,0.04317844555487294,-0.035011715437533585
1977-01-21 18:00:00,,,4.180213222842244,,,,,,960.1753387451172,3.41638327526623e-07,4.937993527869501e-07,0.0,4.323188369796121e-06,-6.561118457741903e-08,,4.15645278276071,0.024515185835798817,,,,,,6.82725921030757e-09,4.921096085003142e-08,97.87758875739645,1.5740522552700438e-08,7.401134222249925e-10,,265.4972771638949,3.5547142980631286e-09,,265.82337834284857,1.5723094696829305e-07,,,,6.82725921030757e-09,,0.0,,,,,,,3.9203996224516244e-07,,,,,,,,,
1977-01-22 00:00:00,-0.3274834536941799,-0.7253036104010407,,-0.12785917203101885,-0.5843529842308992,253.3348131349101,263.8156476444041,0.7931631440241661,,,,,,,0.005068649201703495,,,271.45965576171875,271.45997619628906,271.46031188964844,271.4599609375,0.05434187488443047,,,,,,0.0075493648912779675,,,102243.51775147929,,,0.3076923076923077,118.99118619839821,0.14692368592030902,,259.80419000930334,,74518.06018860947,0.06080428806282359,0.0005942378523787098,0.006865552191198225,2.2829416588213318e-06,0.00021529338768953401,,255.8792390541212,-0.07541681323531112,-0.25670180800398423,-3.4255504436975556e-08,0.013218490096889217,-0.007074205127693492,1.3850997798813e-07,-0.00605361384047559,-0.002227389600855359
1977-01-22 18:00:00,,,5.133649984055017,,,,,,882.0870323959662,3.6120781201053655e-08,0.0,2.6641198648856236e-08,0.0,5.556627707071974e-08,,5.073045313005617,0.0299574270756287,,,,,,1.0888235500225653e-06,1.09751956790862e-06,145.35003698224853,0.0,2.381113528676287e-07,,268.19949060925364,1.9094592632626641e-07,,268.55544484155416,2.802840086835376e-07,,,,1.1154626821272471e-06,,0.0,,,,,,,1.1055294931287596e-06,,,,,,,,,
1977-01-23 00:00:00,0.5367728633993476,0.12938573938855052,,0.20469891249075445,-0.3449414778037889,258.3613599969085,269.193461040068,0.788687991672719,,,,,,,0.0,,,271.4601135253906,271.4597930908203,271.4602966308594,271.4599609375,0.06842998075767381,,,,,,0.03259426320092918,,,102099.07257766272,,,1.6863905325443787,122.75341345431536,0.14686204131538347,,262.40766753247505,,74544.14256656804,0.09314289883043639,0.0006252125170103897,0.00749025965583395,0.0,0.0003812828007534411,,258.2688493897929,0.04164868275794757,-0.17257559511083118,-6.136855055159922e-08,0.002837305005430382,0.001423815989191093,1.0424132085854419e-07,0.009118358191301131,0.00887473196496625
1977-01-23 18:00:00,,,5.997573903326452,,,,,,3609.5715571665924,1.0414236396022097e-05,4.186046987595643e-07,6.994552160861224e-06,7.797208939783672e-08,1.1527856108222774e-07,,5.840075094318954,0.19407283624953772,,,,,,3.2761216869015666e-05,3.5381749184173946e-05,733.6098372781065,2.0664339587533262e-07,1.044886616560129e-05,,270.1004135763857,7.588879243861994e-06,,270.443321182883,1.4143891235780434e-05,,,,3.975550451222256e-05,,5.6845463878480644e-09,,,,,,,4.5788446827047675e-05,,,,,,,,,
1977-01-24 00:00:00,-0.10401652409480168,0.6141688329933663,,-0.16131329959666235,-0.2066097598104082,264.6647589869753,269.89756133852626,0.7864628060329595,,,,,,,0.39261207354844674,,,271.4600067138672,271.4600372314453,271.4598693847656,271.4599609375,0.21903648602186576,,,,,,0.25760682235808063,,,101863.25009245562,,,2.4911242603550297,124.02964773685974,0.14697495014709833,,266.0625254614113,,74394.24244175295,0.6381092796284022,0.028196863565437373,0.008965125450721154,0.0002734181443615073,0.04105837669598281,,260.65367857803255,-0.06001859409569283,-0.12616794631325987,-8.270338201101803e-06,0.8755506425214237,0.23180484184141123,-1.8569845403131296e-07,0.0401619454107341,0.02710303382055294
1977-01-24 18:00:00,,,6.769054215335282,,,,,,1814.6291997572955,5.486030021362756e-06,2.2262467082435562e-07,4.573554329618195e-06,2.221810526749086e-07,3.4252220905474945e-07,,6.603869810612244,0.16207172461515348,,,,,,3.233128750818016e-05,3.552313387041261e-05,652.6664201183432,5.7905118846329e-07,7.658623732053316e-06,,269.30729097445334,7.736436008701664e-06,,269.7638605783677,1.089314560918413e-05,,,,3.690462140641974e-05,,0.0,,,,,,,4.10198107273621e-05,,,,,,,,,
1977-01-25 00:00:00,0.9552510560616939,0.4355894348325109,,0.24254553981081267,-0.14594356830303484,265.4495690701276,268.44237197785685,0.8109535627816555,,,,,,,0.03677273360935188,,,271.4599151611328,271.46044921875,271.4603576660156,271.4599609375,0.19613268248428253,,,,,,0.09358197274292715,,,101775.0073964497,,,2.5088757396449703,122.64979381674141,0.1500838663451065,,264.8254334037826,,74254.5269045858,0.26152309440296784,0.0043143436048157825,0.01048062115731324,0.0002476788131443001,0.005829624875762759,,260.6060405482907,0.11851859339595547,-0.1057609460762972,-3.116642236544271e-07,0.08269439787554318,0.01861316635763857,-1.1167733877698874e-09,0.033156239157597696,0.022154925622530942
1977-01-25 18:00:00,,,8.03845429279395,,,,,,923.5069550859167,1.0464593944464915e-06,1.5137022768957375e-07,3.434561975520743e-08,6.987502489834142e-09,3.1392138500246025e-07,,7.833285986319096,0.21925525552422337,,,,,,4.2054780136198684e-05,4.8501075372188046e-05,890.073224852071,1.1342572125457447e-06,9.188902448620316e-06,,270.0073280108751,1.0039326707286948e-05,,270.4497439593253,1.2734100310760136e-05,,,,4.208881474105564e-05,,0.0,,,,,,,4.9574488013453734e-05,,,,,,,,,
1977-01-26 00:00:00,1.22717605681109,0.681000083155886,,0.33631044873119104,-0.12217658793432473,266.72347435584436,270.3063371647039,0.8091067103944587,,,,,,,0.0,,,271.45989990234375,271.4600524902344,271.4598388671875,271.4599609375,0.23398567515717456,,,,,,0.049720538438424555,,,101391.41050295858,,,2.6508875739644973,123.82012018508459,0.15120127638416178,,265.73718054054757,,73975.46378051036,0.2417421058790218,0.004978924813355215,0.016096713274893676,0.00017512197325215536,0.012263597115962463,,261.34361393494015,0.27835410903896807,-0.05899162405341334,2.034769335640429e-07,0.0355795177482289,0.024465488170730996,3.168826782249311e-07,0.050346770727477924,0.04813208594124698
1977-01-26 18:00:00,,,8.146744474151431,,,,,,1501.9604848827837,2.8670804035028764e-05,7.024486742076084e-07,2.2593555013103597e-05,4.700302372317342e-06,2.2334807968117055e-07,,7.816952417588093,0.29421256703032544,,,,,,7.117270717959432e-05,8.292540290651942e-05,1120.957100591716,1.0879556014692994e-06,1.7073821033951798e-05,,269.69904042983194,1.7898146217391334e-05,,270.2246683335163,3.229919269945495e-05,,,,9.376639445152508e-05,,0.0,,,,,,,0.00011159153379632172,,,,,,,,,
1977-01-27 00:00:00,1.056204694262623,1.6732335683156754,,0.2334543149146808,0.45623400084365756,265.40455762874444,270.910291683039,0.8091191656490755,,,,,,,0.12024548773229475,,,271.46031188964844,271.4606018066406,271.4598846435547,271.4599609375,0.2823722884499815,,,,,,0.4334526915522017,,,101134.0,,,2.8698224852071004,123.74606323242188,0.15229851536496858,,266.6352629351193,,73716.77066383135,0.5875410419949413,0.03288714115965296,0.03120747402574889,0.0014748770809737887,0.052474352051696836,,260.8984549257177,0.1989153094545624,0.2164226043859177,-1.4082340423028763e-06,0.8633431259697005,0.3382314205081505,-1.531943834535557e-07,0.23883216879771438,0.14135722209804158
1977-01-27 18:00:00,,,8.958682195674738,,,,,,543.2924715239426,1.625522706635605e-05,1.4961559391586032e-06,2.7529234011497724e-06,8.331810140750817e-07,6.785742660740544e-08,,8.744740757011098,0.2138680000982341,,,,,,4.2398124051517285e-05,4.904192580273871e-05,847.6508875739645,1.824907297213402e-06,9.35369694726707e-06,,266.60175165481115,1.1295080184936523e-05,,267.0283201319226,1.8599999726876704e-05,,,,4.5150694762461286e-05,,8.15329172224159e-09,,,,,,,6.529406682979426e-05,,,,,,,,,
1977-01-28 00:00:00,2.413107612429286,1.3867993326582146,,0.9640901046391774,0.31250448057637414,261.12370191946536,267.9647403694469,0.8134219089203333,,,,,,,0.0,,,271.4595947265625,271.45982360839844,271.46002197265625,271.4599609375,0.22817162508089867,,,,,,0.0713601197011372,,,101111.12148668639,,,2.7928994082840237,120.69255454159347,0.1539861323565421,,261.90098833614553,,73452.7326414571,0.2373094728007119,0.007544342582747781,0.01870574048284948,0.00034184568732447876,0.008736063037398299,,257.711749827368,0.765541297444225,0.1676577142709811,4.769432784754579e-07,0.06211873340844411,0.0684359623835637,3.590817685850714e-07,0.05193364699228223,0.07868903465348588
1977-01-28 18:00:00,,,8.977648819692035,,,,,,515.2996092296783,0.0,0.0,0.0,0.0,4.512250433914803e-08,,8.465721999399761,0.0424427280764608,,,,,,2.549619540660339e-06,3.7002492938521348e-06,159.21782544378698,1.0092863978366174e-07,4.4708994366008147e-07,,263.0649070965468,5.747637981493797e-07,,263.54543895834297,9.455403985356438e-07,,,,2.549619540660339e-06,,0.0,,,,,,,3.6993234820619843e-06,,,,,,,,,
1977-01-29 00:00:00,2.1806515518730207,-0.3255837118837255,,0.7854897030711879,-0.29008295973377113,255.21244387654863,262.60821027586445,0.8100699704779676,,,,,,,0.0,,,271.45977783203125,271.4602813720703,271.46044552158673,271.4599609375,0.0740537022697855,,,,,,0.031789926382211536,,,101360.85207100592,,,0.6449704142011834,124.26700443064672,0.1545915631852912,,257.6364873400807,,73708.96401164941,0.08724506084735577,0.0004307532451561922,0.011234938040287537,6.905608099593213e-06,0.0011869238678520247,,253.36488504804802,0.6315547446527424,-0.03133023314222076,3.918393783012306e-09,0.002968205978057882,-0.002051405652740298,6.54002302412368e-08,0.01883386542811196,-0.006753933500256059
1977-01-29 18:00:00,,,7.734197215921075,,,,,,795.0318988618396,0.0,0.0,0.0,0.0,2.533237011717445e-07,,7.653422682948366,0.08167551255085059,,,,,,3.75511466398747e-06,4.653108014157538e-06,338.4478550295858,3.380425406630928e-07,9.655555677131789e-07,,267.4168851051105,9.255472724959695e-07,,267.72982174122825,1.2376119751902022e-06,,,,3.75511466398747e-06,,8.625962038540982e-08,,,,,,,4.6369944803813505e-06,,,,,,,,,
1977-01-30 00:00:00,1.810133962941593,0.48366503743730355,,0.6970047978959846,-0.08565732290053509,260.13671667336007,267.55225421973233,0.8052776096135201,,,,,,,0.0,,,271.4595184326172,271.45960998535156,271.4599304199219,271.4599609375,0.10491275223049186,,,,,,0.04643682897443602,,,101213.5125739645,,,2.6153846153846154,127.26228919396034,0.15459048254250068,,261.5700893063517,,73977.55235299557,0.11333623581384061,0.0006434663513003017,0.02200103984753389,0.00020794896684454744,0.0008972269543529262,,258.38505969527205,0.232499163884383,-0.048562430418454684,2.2350191882640654e-08,0.004076715037223233,0.00013506575625323684,2.0066436694262647e-07,0.15801189354890902,-0.03940969211815377
1977-01-30 18:00:00,,,7.702878664231159,,,,,,1084.2870390845126,1.2595889836373414e-06,0.0,1.2594126385344556e-06,0.0,2.6578516704540085e-07,,7.517394983909539,0.055084002793893305,,,,,,2.5581281918745776e-06,4.033982401063456e-06,212.14811390532543,3.827487796368684e-07,5.443773326083753e-07,,269.2309265136719,7.399991595533473e-07,,269.62703275962696,2.8523820391773473e-06,,,,3.817430614719729e-06,,0.0,,,,,,,5.29423267883662e-06,,,,,,,,,
1977-01-31 00:00:00,1.1189497942049829,0.3745779962934686,,0.40187837950576694,-0.17603366332646658,260.660955666085,270.15421606662005,0.7998209581572628,,,,,,,0.09263213569595968,,,271.45977783203125,271.4605712890625,271.46009826660156,271.4599609375,0.05433979824449889,,,,,,0.21313575880061944,,,101202.30288461539,,,2.2366863905325443,130.08821837295443,0.15449729050404926,,262.58197852140347,,74001.7196052145,0.27295860877403844,0.001073371729201819,0.011969707421297153,9.759996064315886e-05,0.0009608974118204512,,259.65305125219584,0.1220974082777486,-0.08653214344611534,-2.1998439156023244e-07,0.05045634590656932,0.003855305597097916,-3.073487627821473e-07,0.0957938651361409,-0.023275875128232516
1977-01-31 18:00:00,,,7.756847573455269,,,,,,249.83980572040264,5.041486060125588e-07,9.38459040497887e-08,5.043745481756312e-07,2.0183248103723017e-07,3.962280632511993e-07,,7.649452835850462,0.12149535410502958,,,,,,8.752823052321665e-06,1.637955036389052e-05,494.74149408284023,1.560896635055542e-06,1.7281269004359047e-06,,268.97682650413736,3.4866512879817442e-06,,269.3496912668443,4.21649958255023e-06,,,,9.256927572058502e-06,,0.0,,,,,,,1.6885837154275567e-05,,,,,,,,,
1977-02-01 00:00:00,0.9701708900857959,1.2673204241419684,,0.2460850484272432,0.12454381638024686,262.08759276260287,268.0575835098176,0.7967767161730479,,,,,,,0.06321463500254253,,,271.4604034423828,271.4598846435547,271.46009826660156,271.4599609375,0.13816689034185467,,,,,,0.0480338553705159,,,101283.51053994083,,,2.3727810650887573,131.03138127975916,0.15456104842868781,,263.7435032771184,,74009.19353272929,0.17979900653545672,0.0019591574132795165,0.009309080225476147,0.0002042273797932461,0.004901885986328125,,260.1670613486386,0.09067368542654275,0.03301887963650495,1.1929169299973715e-08,0.018409435551103134,0.01059036706326276,1.74188922357762e-07,0.05374858788484652,0.024453324524784936
1977-02-01 18:00:00,,,7.210159013962604,,,,,,288.5609879927202,1.4398136787865995e-06,0.0,1.4395932474079922e-06,1.8670537768031012e-07,2.4496267635250664e-07,,7.033779409510144,0.11665335209411982,,,,,,1.296550917202199e-05,1.954397506262424e-05,423.2677514792899,1.4834811348886886e-06,2.887144067583705e-06,,268.7600989708534,3.853074368640516e-06,,269.2122552634696,5.616591526911809e-06,,,,1.4405719627290082e-05,,1.8845849598829563e-08,,,,,,,2.0984890898303874e-05,,,,,,,,,
1977-02-02 00:00:00,0.744973865486461,0.699276986206777,,0.18904245816744292,-0.06302171063846385,260.7429323817146,268.1333223602476,0.7957682450847513,,,,,,,0.0,,,271.46038818359375,271.46058654785156,271.4600372314453,271.4599609375,0.11950141861593935,,,,,,0.02401877860345784,,,101257.89145710059,,,2.532544378698225,131.22003697502544,0.15475846465522722,,263.05029748318464,,73972.58894230769,0.12063625719420304,0.0011251649912997815,0.012930853127022466,0.0001873589126316048,0.00596726998774963,,259.3300374047996,0.04826920166523499,-0.061642849939109304,3.1920567837877186e-08,0.00793511203010415,0.003089481556909324,6.992606853945016e-07,0.07089957963741046,0.017352130793079117
1977-02-02 18:00:00,,,7.086219121718548,,,,,,1649.85358241819,4.048971734808747e-06,3.1321645664745537e-07,3.70315898804975e-06,2.443516274263873e-08,2.1259516721146442e-07,,6.88683936440733,0.13755581646981324,,,,,,1.205001357039051e-05,1.585677530638565e-05,530.0861686390532,4.773110856671305e-07,2.7684858564794416e-06,,268.88633475219007,3.2681156192305527e-06,,269.3178315473026,8.308411349911662e-06,,,,1.5751409107411402e-05,,2.0905505292690716e-08,,,,,,,1.988079420913606e-05,,,,,,,,,
1977-02-03 00:00:00,0.6937525088970478,0.4801776987561107,,0.18276336489344489,-0.2634879795051891,260.222877186431,268.25443922415286,0.7924165873837894,,,,,,,0.2531332885019878,,,271.4608459472656,271.4600524902344,271.4601593017578,271.4599609375,0.16387966539732804,,,,,,0.028678668321237055,,,101391.40107248521,,,2.4437869822485205,131.44220783301358,0.1550124298185992,,263.95789973693485,,74051.99033838758,0.41544931344880814,0.003347685734173779,0.0169300327639608,0.0002275493723400951,0.00545463336289987,,259.89110127285386,0.0521135368996118,-0.12335770511062893,3.745729765753515e-07,0.05112865337743438,0.013587524251979307,6.343693900908504e-07,0.0783661029703871,0.02261793507626776
1977-02-03 18:00:00,,,7.264784017258142,,,,,,1780.8447154751784,3.272383170720388e-05,1.820057118035985e-08,9.391522971836067e-06,1.3408399897919604e-06,1.5783152560573952e-07,,7.143163523025061,0.1588560025367511,,,,,,2.323496623857487e-05,2.5085002712949492e-05,603.0717455621302,2.77316451249038e-07,5.916466374369063e-06,,269.8112825472679,5.630655048866949e-06,,270.2237249972552,2.56767287056827e-05,,,,3.262666555551382e-05,,0.0,,,,,,,5.77930515334451e-05,,,,,,,,,
1977-02-04 00:00:00,-0.6249664633937136,1.216477648040952,,-0.4290520086796326,0.023050691954482942,262.04558080187917,269.5997917581592,0.7915354159456738,,,,,,,0.09338144155649039,,,271.4591979980469,271.4595642089844,271.45982360839844,271.4599609375,0.21423791287213387,,,,,,0.46894944772212466,,,101394.44674556213,,,2.57396449704142,130.58606877975916,0.15529299910957292,,265.2653033916767,,74025.08267843934,0.560743686636998,0.024426635200455345,0.042474846024598646,0.0005852245014800122,0.03864789432322485,,259.97263674764235,-0.3167956312732584,-0.08854672471447105,-2.4667100466997223e-06,0.5472738051555566,0.15332717759694528,-3.270966761343225e-06,0.6761959908769836,0.12059496918461732
1977-02-04 18:00:00,,,10.014283468032025,,,,,,966.9772338867188,9.090722312588664e-06,1.2352092731633835e-06,4.345209464518981e-06,2.456487283198791e-07,2.1023367195439763e-07,,9.549334159264198,0.20719566570936576,,,,,,5.068034815365041e-05,5.6075450231337687e-05,812.2181952662722,8.20203116659582e-07,1.088578320113865e-05,,267.8658772304919,1.0546451136910703e-05,,268.52767149795443,1.6146510310426973e-05,,,,5.502584417896158e-05,,0.0,,,,,,,6.51646295242761e-05,,,,,,,,,
1977-02-05 00:00:00,1.2760222790509286,1.8051224375617574,,0.39284367533125114,0.5441174591786763,263.8505081086469,269.81566488954445,0.8234660826491181,,,,,,,0.0003475945376785549,,,271.4599914550781,271.45970153808594,271.4600372314453,271.4599609375,0.23206965880986502,,,,,,0.12718837218877127,,,101428.88258136094,,,2.7810650887573964,118.91664385372366,0.16003736800696017,,263.5407137899004,,73882.43394045858,0.2994516992930477,0.009172608866494084,0.025402949406550482,0.00033500349733251084,0.014281775119036612,,259.93501308824887,0.2343688095815083,0.16487332631850385,-1.2472601533046313e-07,0.1296044524459233,0.08931518058132755,1.2152604917174525e-06,0.280508080883139,0.12791273723075375
1977-02-05 18:00:00,,,8.130435221293974,,,,,,561.204579671224,5.089804618316289e-06,3.8784901065939276e-08,4.758540342545368e-06,9.57465736118294e-07,9.150307798777436e-08,,7.859245198718189,0.1969375158908099,,,,,,2.9450778425092527e-05,3.027616167914938e-05,804.9937130177515,3.349289474402659e-07,5.400833293531068e-06,,265.95616637461285,6.54921464666107e-06,,266.4129172782221,8.638441209962382e-06,,,,3.4210509097082375e-05,,0.0,,,,,,,3.536054368555193e-05,,,,,,,,,
1977-02-06 00:00:00,1.2063968985743776,1.3137354653262527,,0.4091053855489697,0.2303083521374584,261.0140611095541,268.09343209351306,0.8207945855411553,,,,,,,0.00016914457964473928,,,271.46034240722656,271.45977783203125,271.45989990234375,271.4599609375,0.19773079234467456,,,,,,0.06339277459319527,,,101583.05806213018,,,2.727810650887574,121.60405139810234,0.1611174069918119,,260.4050696559206,,73832.66577292899,0.2221073850372134,0.005844150069197254,0.012884760749410595,0.00011413019789746527,0.005405493741910133,,257.5027175993609,0.25820376252281596,0.06481582913878402,3.6594648390854074e-07,0.03753559040897608,0.044333824511760704,1.2618620100172139e-07,0.022047791255296333,0.03907716986254828
1977-02-06 18:00:00,,,6.14542566107575,,,,,,600.4763187142306,4.287610745288917e-06,2.847752980226596e-07,2.6112741972567765e-06,4.793666082726428e-07,7.15880447150671e-08,,5.7625441297271545,0.22042539698132396,,,,,,2.6829320298144097e-05,2.6833728925716243e-05,890.0835798816568,8.770930112378131e-09,5.864224137639153e-06,,264.49738316282014,5.714749619805601e-06,,264.8903278599124,7.417119113651253e-06,,,,2.9441255789536695e-05,,0.0,,,,,,,3.111935578859769e-05,,,,,,,,,
1977-02-07 00:00:00,1.3604277605135766,0.004089671479174372,,0.4330672032734346,-0.29054139492779796,257.6144821799013,264.85462238379483,0.8175572894028658,,,,,,,0.0,,,271.4593200683594,271.4607238769531,271.4601135253906,271.4599609375,0.24123314851839867,,,,,,0.1256208250508506,,,101637.28051035503,,,2.6863905325443787,124.16717547354614,0.16163373416697485,,258.9006986900194,,73764.19757766272,0.2655134031758506,0.011215582401794795,0.0061503980286728,3.4954244568503116e-06,0.008257081522744084,,256.15647039469883,0.2155435945860733,-0.09459780377043775,1.6666946233664888e-07,0.07802080683409823,0.04510818571734005,6.411616902622069e-08,0.019775119526091324,0.024631026228504067
1977-02-07 18:00:00,,,8.37205056749152,,,,,,1223.4293518066406,0.0,0.0,0.0,0.0,1.4153222888212145e-08,,8.064653639257306,0.011834229237934542,,,,,,1.2696933513782786e-08,1.6929215983041294e-08,39.0835798816568,0.0,2.8215001196705203e-09,,263.8270604963133,2.8215001196705203e-09,,264.24816957733333,5.6430002393410405e-09,,,,1.2696933513782786e-08,,0.0,,,,,,,1.6929215983041294e-08,,,,,,,,,
1977-02-08 00:00:00,1.362556683241263,-1.1887245855387851,,0.42333133404071516,-0.6788112030932184,254.99626719457862,264.6065882395005,0.8139565731646746,,,,,,,0.0005530379933013013,,,271.4598388671875,271.4597473144531,271.46018981933594,271.4599609375,0.00546409110345784,,,,,,0.0010199264661800227,,,102234.44785502959,,,0.11834319526627218,126.62124814366447,0.16188591048562315,,255.50064077885193,,74212.67400147929,0.006640823635123891,7.186680150455272e-06,5.3941850831522747e-05,0.0,4.618147597510434e-07,,252.52863108618018,0.24251001614790696,-0.22299401999930657,-4.8868591592826406e-08,-8.853676056588543e-05,-0.0006693025028674737,-1.4385917275836544e-07,-0.0004034612752144506,-0.0003093455066717059
1977-02-08 18:00:00,,,5.2510293926713025,,,,,,1716.8589728461372,5.643086345348309e-09,0.0,0.0,0.0,1.3580324204032673e-07,,5.1536997055866305,0.036249284913553996,,,,,,3.902495083724253e-06,3.89841710322002e-06,179.41863905325442,2.396071864258961e-09,8.679375316969741e-07,,265.9235754972379,8.532127156060123e-07,,266.29794591418386,9.499269829699274e-07,,,,3.902495083724253e-06,,0.0,,,,,,,3.906418762263462e-06,,,,,,,,,
1977-02-09 00:00:00,0.5867886684350008,-0.35205795920106786,,0.1941893820226545,-0.4301451903123122,258.58600738344813,266.08623906423355,0.80870452505597,,,,,,,0.0,,,271.46026611328125,271.4599151611328,271.46009826660156,271.4599609375,0.05913403753698225,,,,,,0.06572836249537722,,,101759.77773668639,,,1.5502958579881656,129.9042316865639,0.16175512167123648,,259.2089819372053,,74255.20428069527,0.09530206262712648,0.0014442212482881265,0.015009140827246671,5.518058700674384e-06,0.0035074899887897557,,256.1754459177954,0.029508301844963662,-0.20013794532189003,2.980780088240777e-08,0.007514174858754991,-0.003101940845420375,-3.934283355063588e-07,0.06368240085895416,-0.02616581444204206
1977-02-09 18:00:00,,,5.779105485543697,,,,,,1887.9094563019582,2.127691838868271e-06,0.0,2.1273391486624993e-06,0.0,1.6487560243316176e-07,,5.613153768008982,0.01900590524165588,,,,,,5.553768584008753e-06,6.105177677594698e-06,86.07673816568047,8.212377664429197e-08,9.197389056696694e-07,,266.01240124222795,1.067742044051018e-06,,266.43267840323364,3.2792694469880775e-06,,,,7.681239991498416e-06,,0.0,,,,,,,8.228130241822914e-06,,,,,,,,,
1977-02-10 00:00:00,0.4379047811384032,-1.047901904089211,,0.0981473358425163,-0.6175367648784931,259.73401411609535,265.6698853080795,0.8045936357340163,,,,,,,0.0,,,271.4599151611328,271.46018981933594,271.45997619628906,271.4599609375,0.04639448357757027,,,,,,0.07185869386210245,,,101817.11871301776,,,0.5325443786982249,132.34469026644555,0.16185731718526084,,258.76310197277184,,74265.75196468196,0.0927553797614645,0.0014610403388209596,0.011413224350065875,4.329572062520586e-05,0.003725943480723003,,255.58007126305935,0.003154294730643549,-0.28550560516718576,4.679045640621004e-08,0.008294669601283748,-0.005050787911612607,-1.3168623297924407e-07,0.02484576280653124,-0.024838521988434198
1977-02-10 18:00:00,,,5.414028331372865,,,,,,1741.3769775390624,0.0,0.0,0.0,0.0,1.9017733334213737e-08,,5.273169568304479,0.014346782977764424,,,,,,9.763611138925044e-06,9.92082279814771e-06,70.13960798816568,1.5745086171085664e-08,2.2045783037264673e-06,,266.4742700700929,2.2350198771121232e-06,,266.789570464185,2.3928487441948887e-06,,,,9.763611138925044e-06,,0.0,,,,,,,9.903496891789182e-06,,,,,,,,,
1977-02-11 00:00:00,0.39205693916456236,-0.8383170528524726,,0.09391005927994406,-0.5664752136320758,256.2650298169379,265.32226363864874,0.7996386674028881,,,,,,,0.0,,,271.4597473144531,271.4601745605469,271.46043395996094,271.4599609375,0.042547824114737426,,,,,,0.07652391061274963,,,101826.27662721893,,,0.514792899408284,133.26254344691893,0.1619199436797193,,259.7329327284232,,74334.3684818787,0.0859338884522929,0.0022806754479041467,0.0156460824097402,3.8572493389513364e-05,0.008846982696352626,,255.570599527754,0.010898114661493244,-0.2767555812406822,9.88377921886676e-08,0.018023338310762183,-0.00848972374165552,4.904712264470139e-08,0.06069413585775703,-0.026379316163486276
1977-02-11 18:00:00,,,6.085047913726265,,,,,,1102.9123276336284,0.0,0.0,0.0,0.0,2.9153028738474163e-07,,6.054310087621564,0.11328991771449703,,,,,,1.4867699710575081e-05,1.657546977319661e-05,459.14903846153845,2.3205913382874437e-07,3.1416100510478725e-06,,268.5857508732722,3.365943065056434e-06,,268.9327431402263,4.079810084675896e-06,,,,1.4867699710575081e-05,,0.0,,,,,,,1.657546977319661e-05,,,,,,,,,
1977-02-12 00:00:00,0.9300681119839821,-0.01595893837291108,,0.35997114237948985,-0.32864673321063703,264.14845420340816,270.293030146311,0.794575280691745,,,,,,,0.0,,,271.45985412597656,271.45985412597656,271.460205078125,271.4599609375,0.20738166041628142,,,,,,0.10224309616540311,,,101645.74056952662,,,2.6272189349112427,133.78824610964082,0.1619684343507304,,263.71554700862725,,74244.52574889053,0.24130176792483357,0.002482685111683501,0.043331578805127884,0.00014010230465048165,0.005631147757084412,,259.0177249344143,0.10837644056455624,-0.1803047868627063,8.534183327151502e-08,0.011728038449259199,0.0030167949049783177,2.770127553614022e-07,0.2495520927188312,-0.030696527492365188
1977-02-12 18:00:00,,,6.7334688965385485,,,,,,677.2448187255859,3.459911584060573e-08,3.665855626944871e-10,2.872909711310144e-08,7.453335989156418e-09,3.200007328152596e-07,,6.5824775300787755,0.16119294476932322,,,,,,1.4799674587136895e-05,1.9777676410223606e-05,645.2951183431952,5.920263304865572e-07,3.10456655787293e-06,,270.34834614590073,3.5831451239670524e-06,,270.6893036069249,5.082662641649416e-06,,,,1.482855109773444e-05,,0.0,,,,,,,1.978270224565585e-05,,,,,,,,,
1977-02-13 00:00:00,0.8802840328780857,-0.28219347169413367,,0.3484820416693151,-0.3887810001711874,264.70414544280464,269.95292835122734,0.7895732966400463,,,,,,,0.0,,,271.4600830078125,271.46034240722656,271.45994567871094,271.4599609375,0.23145714031874076,,,,,,0.07770831768329327,,,101606.2174556213,,,2.603550295857988,133.3547448152621,0.1620960545963084,,264.8768956111028,,74243.68118990384,0.24187085755477997,0.0021319008437839485,0.05033382438343657,0.0004782958848941961,0.0034125062840930104,,261.00200188089406,0.09798960572869114,-0.18972656430577386,9.57061473123091e-08,0.011800511821432139,0.0028829459299349928,2.290046954329109e-07,0.4083502955690643,-0.031346189199820074
1977-02-13 18:00:00,,,6.274907789286777,,,,,,950.218494283742,0.0,0.0,0.0,0.0,2.5660986697801374e-07,,6.2349094187719585,0.0576693743643676,,,,,,6.863854263396658e-08,1.3954298207040368e-06,210.6505177514793,1.568534582324282e-07,9.752796913260186e-09,,270.83995561769024,6.375082123738069e-08,,271.1779097156412,4.6987979281583483e-07,,,,6.863854263396658e-08,,0.0,,,,,,,1.3954298207040368e-06,,,,,,,,,
1977-02-14 00:00:00,0.31714002056234686,-0.201406287018364,,0.07969491157306016,-0.4179586150942469,265.23794357028936,270.39768593692213,0.7862964156111316,,,,,,,0.0,,,271.46006774902344,271.4594268798828,271.4602355957031,271.4599609375,0.10560978093796228,,,,,,0.06364883332562869,,,101522.78291420119,,,0.8994082840236687,133.44708486703726,0.16193860804540872,,264.69398751343493,,74323.82872596153,0.12359492736455252,0.00021319770248683952,0.02358688264203495,0.0010646729779666697,0.0002489922314705933,,260.4102515045708,-0.006021285903524365,-0.20757933622281227,-2.671186611810272e-08,0.001355183885908774,-0.00034817850448676116,3.17956780704474e-07,0.1319981862807415,-0.04947817043439876
1977-02-14 18:00:00,,,6.266084134931395,,,,,,819.4424296061198,0.0,0.0,0.0,0.0,1.9986291375347363e-07,,6.219102137187529,0.062241142318093565,,,,,,8.096857845077853e-08,2.953703322354153e-06,188.6560650887574,5.349235818583585e-07,3.362336256623974e-08,,271.9425228502623,4.579434336642542e-07,,272.37377938716367,9.81327432852525e-07,,,,8.096857845077853e-08,,0.0,,,,,,,2.957097965584704e-06,,,,,,,,,
1977-02-15 00:00:00,0.2973032223402396,0.14236275825274766,,0.02826537183050573,-0.31180826446713783,264.89511361206775,273.1778552715595,0.7797575585940886,,,,,,,0.0,,,271.4607391357422,271.4600372314453,271.460205078125,271.4599609375,0.06715736163438425,,,,,,0.034344554652829144,,,101576.57747781066,,,0.7455621301775148,134.2227413019485,0.16159328201113368,,265.4282666268433,,74374.49128605769,0.07209326388567862,0.00012164849501389723,0.01120392387435281,0.0003277155069204477,0.0005990485467854336,,260.55880511582956,-0.01574311312839124,-0.18108247158795418,3.6793059907130656e-09,0.0008529036562612898,-2.178686433995264e-05,4.35055165342193e-07,0.06881027649840087,-0.025843632997140376
1977-02-15 18:00:00,,,6.099899252490885,,,,,,894.9041595458984,1.910280370147976e-06,0.0,7.086427959464711e-07,0.0,1.8790834856298117e-07,,6.011361370425252,0.028366991754114276,,,,,,7.885760357658539e-09,2.863800384589201e-06,79.7655325443787,6.934054769002474e-07,7.053804115430843e-09,,271.9823896419367,5.649876665081498e-07,,272.33059737527157,2.834042148477227e-06,,,,7.159280530094395e-07,,1.3520819901009283e-06,,,,,,,4.775182911630213e-06,,,,,,,,,
1977-02-16 00:00:00,0.5950823168782793,-0.0009700560710839266,,0.22514543589755628,-0.31601177870169195,264.3541274211816,272.02680942151676,0.7769216507144229,,,,,,,0.0,,,271.45997619628906,271.45985412597656,271.45977783203125,271.4599609375,0.033304067758413464,,,,,,0.021748740292159764,,,101528.26608727811,,,1.0059171597633136,134.44590605786567,0.16125073799720177,,265.9628404244869,,74322.89591808432,0.03697168474366679,0.00012523923399885732,0.008567697197727903,0.00032619047447069154,0.0008684982209515995,,261.34167931912214,0.06695994681860568,-0.1560867241853793,5.443389024210063e-09,0.001543470860883241,-0.000253610026377898,3.2752615567737606e-07,0.05821200374976426,-0.010611727745575313
1977-02-16 18:00:00,,,6.66410483411078,,,,,,404.16072180963334,0.0,0.0,0.0,0.0,2.5223035938120253e-07,,6.471657403122038,0.09895451111200998,,,,,,4.1154538385966825e-06,1.4631000496226655e-05,491.8047337278106,2.0381526128780207e-06,8.772342250897334e-07,,271.9769213975534,2.8954984168329182e-06,,272.4087559626653,3.6258977898479213e-06,,,,4.1154538385966825e-06,,0.0,,,,,,,1.4624387554868439e-05,,,,,,,,,
1977-02-17 00:00:00,0.43956528048543536,0.17539649037919805,,0.12783836613039998,-0.31388070033146787,264.6381463045199,271.098451241939,0.7828028110357431,,,,,,,0.0,,,271.4598846435547,271.4605712890625,271.46018981933594,271.4599609375,0.13420032749514607,,,,,,0.025914660572300297,,,101697.51516272189,,,2.2662721893491122,133.21324148685974,0.16111307877760667,,266.6659234402448,,74369.55048076923,0.13654792379345415,0.0009510686411660098,0.01565086795886794,0.0008129650319116356,0.0037722841522397376,,261.87626331938793,0.013518902677050708,-0.18324032055555717,8.197824672875739e-09,0.0056765234536462405,0.000417728263598222,2.627037451795396e-07,0.09423971074542373,0.008812979040061229
1977-02-17 18:00:00,,,6.2151938895502035,,,,,,537.213368548094,0.0,0.0,0.0,0.0,2.2067024743462743e-07,,6.087410802671895,0.11783026520317123,,,,,,8.477173613373344e-06,1.6926837390696508e-05,456.24149408284023,1.5381260736454168e-06,1.895213885420173e-06,,272.69384250979454,3.4368558395543747e-06,,272.9985232381426,4.678457622697367e-06,,,,8.477173613373344e-06,,0.0,,,,,,,1.6926837390696508e-05,,,,,,,,,
1977-02-18 00:00:00,0.2309941229735606,-0.18034269682754425,,0.023622721609984628,-0.44983688896224344,265.6213443914109,272.25401938173195,0.7851820965490398,,,,,,,0.0,,,271.4594421386719,271.4600524902344,271.45989990234375,271.4599609375,0.180306248410919,,,,,,0.04155184954581176,,,101819.3711168639,,,2.514792899408284,132.78551866881241,0.16094383262318268,,267.93625302286546,,74458.38833672338,0.18566109019623706,0.0012664583307751536,0.025521213070974415,0.000635039876904008,0.003173782980653661,,262.43536900627544,-0.038489106491472594,-0.23659085380960498,-1.7524528699980763e-08,0.007781525320816405,0.001610395911882615,8.186055058007233e-08,0.16558421915948127,-0.00521326699905847
1977-02-18 18:00:00,,,6.1512750253169495,,,,,,516.6806400844029,7.824983293488181e-07,8.173939942784564e-08,0.0,0.0,1.5878876608854282e-07,,6.045641724174545,0.2192607631344767,,,,,,2.6023864040713338e-05,4.18693532605143e-05,907.4130917159763,2.73237919666358e-06,5.8388745290993235e-06,,272.7213630450548,8.436834671088224e-06,,273.1404605842906,1.0755243738727456e-05,,,,2.6023864040713338e-05,,0.0,,,,,,,4.2649944858438165e-05,,,,,,,,,
1977-02-19 00:00:00,0.8345551914011938,-0.05711522187001607,,0.2926947206435119,-0.30553427250427606,268.50808517185186,272.49161470853363,0.7821976567161154,,,,,,,0.0,,,271.4598083496094,271.4596710205078,271.46009826660156,271.4599609375,0.2667791603584967,,,,,,0.07360460631240755,,,101426.94988905326,,,2.366863905325444,132.15275239662307,0.16102247689602642,,268.62603633361454,,74123.38013128698,0.27896750184911245,0.0025212383834568,0.037761405183673075,0.0008976417180349136,0.008922644620816383,,263.3368477003109,0.12524101578977687,-0.16914571953948432,-6.560175596962313e-08,0.018271604000408885,0.0015787412605342075,5.36606782088442e-07,0.28930727264584877,-0.02834771476553742
1977-02-19 18:00:00,,,7.250606779516096,,,,,,281.2083867653129,5.920434139183993e-06,1.4802139285488946e-08,5.401670932769775e-06,2.1409122108002385e-07,5.925966643889506e-08,,7.074757180975739,0.19481997518144414,,,,,,2.6409618953275962e-05,3.15760014325204e-05,782.7034023668639,5.188734221035207e-07,5.5610648626406515e-06,,271.30988316282014,6.461372742286096e-06,,271.72196021446814,1.2847710643294294e-05,,,,3.181159848997579e-05,,0.0,,,,,,,3.749978612865922e-05,,,,,,,,,
1977-02-20 00:00:00,1.6921060832999868,0.6453535373394306,,0.5489338474160821,0.006056243851340029,266.11311873035316,272.4295696732561,0.7878761055201469,,,,,,,0.0,,,271.46006774902344,271.4600372314453,271.45997619628906,271.4599609375,0.2288328091773761,,,,,,0.02877952079095784,,,101111.77829142012,,,2.7633136094674557,131.4997152294633,0.161745046017438,,267.9531213884523,,73841.68061205621,0.2320371548805011,0.003486351148616633,0.020684805783162792,0.0004867378776595437,0.00922976160895895,,262.19888043826853,0.3008559780007989,0.031242373426990395,9.883205537593333e-08,0.0214160826572454,0.011553730356876226,1.6823090329082936e-07,0.12342446459837522,0.02451767759210259
1977-02-20 18:00:00,,,7.4173775678555645,,,,,,262.83345395042784,3.8796473713316154e-07,5.920864324796305e-10,2.923746698001433e-07,7.707520922612861e-08,9.758875459210794e-08,,7.240329087838619,0.1749953772189349,,,,,,3.2577906134565903e-05,3.56125408375757e-05,712.3147189349113,5.587549692780308e-07,7.419543858815933e-06,,271.50626278487886,7.979307301651091e-06,,271.97860871264214,9.050824233060758e-06,,,,3.287028631515051e-05,,2.1285404996759088e-07,,,,,,,3.600385062087922e-05,,,,,,,,,
1977-02-21 00:00:00,1.4822749357957106,0.57531095538619,,0.46625653103258485,-0.05206650954026442,266.5519436266295,273.9140568118124,0.7874979179286392,,,,,,,0.0,,,271.45960998535156,271.4591827392578,271.4600524902344,271.4599609375,0.21799004007373335,,,,,,0.02882231763128698,,,101470.51164940829,,,2.5857988165680474,130.32643028123843,0.16247021093876404,,267.6251922246267,,74065.07648391272,0.22004004484097633,0.0027793963279949844,0.01928823798365847,0.00030173352484166974,0.010082628599990755,,261.55066595133945,0.23903195075029451,-0.03501014032307461,9.753391044710339e-08,0.015269905843234004,0.007432158375103798,3.1276999699976845e-07,0.08636621328500602,0.03128101310786411
1977-02-21 18:00:00,,,6.566590534864798,,,,,,3592.6493072509766,8.427312035532393e-07,0.0,8.417723270562979e-07,5.904254475994223e-07,2.2466665662374085e-07,,6.432628197077463,0.12542860042414017,,,,,,1.1539538583811924e-05,1.2541972321166089e-05,502.60539940828403,2.1018958567867618e-07,2.3893879715507553e-06,,271.7201839650171,2.621127479880519e-06,,272.14437496027296,3.6475661943650106e-06,,,,1.2382291830503023e-05,,0.0,,,,,,,1.3386312673783161e-05,,,,,,,,,
1977-02-22 00:00:00,1.1161388589080268,0.2635766994318313,,0.39664209241697773,-0.23369473113110784,265.1929843157706,272.2443749241575,0.7911225419778091,,,,,,,0.2512298222829604,,,271.4602355957031,271.4595947265625,271.46034240722656,271.4599609375,0.14309051333094489,,,,,,0.05621193428716716,,,101729.57267011834,,,2.532544378698225,128.56182229307277,0.16259866071170603,,267.03292620957956,,74258.72341900888,0.39405134506661377,0.0025803944062904494,0.008701730762007674,9.041830632813584e-06,0.002181465103781435,,261.12201370148966,0.13460955076669096,-0.14056281930596165,2.7389110046364476e-08,0.03280962429058631,0.010979578812391711,1.2997882081624175e-07,0.03838885606393306,0.02417489859832109
1977-02-22 18:00:00,,,6.2180454096145175,,,,,,3133.8208892822267,3.3099755380280623e-06,2.3988444776930046e-07,2.4484966457242796e-07,6.606328416858199e-08,1.3088404250740399e-07,,5.930868024656759,0.12391608424440644,,,,,,8.79970880655142e-06,1.1962281881704839e-05,504.6471893491124,2.252918905055029e-07,1.7267492043196098e-06,,272.7259510649732,1.848250980207906e-06,,273.1877001700317,3.925673443184802e-06,,,,9.044211291702542e-06,,0.0,,,,,,,1.5284579533797045e-05,,,,,,,,,
1977-02-23 00:00:00,1.4755131422415289,0.7693693736601158,,0.5902394204450077,-0.0230562503521259,265.2981624264689,274.09095664842596,0.7884177068281456,,,,,,,0.27330730370515904,,,271.46034240722656,271.4599609375,271.4602355957031,271.4599609375,0.14275454910549187,,,,,,0.25166988937107065,,,101731.16993343196,,,2.3195266272189348,128.65707469691893,0.16268022243793195,,268.7965630525668,,74202.84957470415,0.5094205554596771,0.026285554925751315,0.004907619318313147,0.002483413064268214,0.04621336446005917,,261.6849177433894,0.39464706076672795,0.05152517804027309,3.886828612337803e-06,0.7515635520423702,0.06101106645087519,-1.573432292017711e-08,0.029808243932257568,0.009036680628385769
1977-02-23 18:00:00,,,7.233750947128386,,,,,,1702.557134362423,1.006688062961285e-05,5.445826093297033e-08,2.4710357541868674e-06,0.0,2.1669123502249812e-07,,6.952694198788976,0.1637456769773946,,,,,,1.5119388258668799e-05,1.5230265242108227e-05,692.4404585798817,1.953883074532599e-08,3.3502814156063917e-06,,272.41199795875326,3.1696930086824315e-06,,272.7876876740766,1.299178459235197e-05,,,,1.7590027236374173e-05,,0.0,,,,,,,2.5290136153881365e-05,,,,,,,,,
1977-02-24 00:00:00,-0.04933884863317366,1.4056831280860675,,-0.16010189620700813,0.22859615122778176,269.03893004648785,273.8654813145745,0.7866631368913594,,,,,,,0.03886874046551406,,,271.4599609375,271.45989990234375,271.4599914550781,271.4599609375,0.1669885759522929,,,,,,0.3614709105937791,,,101455.95044378698,,,2.4911242603550297,130.18441844691893,0.16292233721038998,,268.90836383887296,,74033.39508598374,0.47108790260800243,0.006033138816052712,0.039187626699560885,0.00015840727902023045,0.006835057185246394,,261.8672542233439,-0.10545890853249815,0.10838677932524822,1.9763383910868638e-07,0.11949645273784208,0.008817351560973557,4.0246765804339266e-07,0.4519647902990939,0.012261897149170644
1977-02-24 18:00:00,,,5.604673978139663,,,,,,2256.193596873564,1.5845379004111658e-06,2.791129669846868e-07,2.77760069398485e-07,1.2122623666503726e-07,9.37348057739106e-08,,5.379973507491795,0.13872162406966532,,,,,,3.2684154059054584e-05,3.487947424487955e-05,469.7496301775148,3.4050586131902844e-07,8.816020728568354e-06,,269.72641632260655,7.980144940889799e-06,,270.14651290622686,9.64801692398342e-06,,,,3.296242663140833e-05,,0.0,,,,,,,3.6457939260810086e-05,,,,,,,,,
1977-02-25 00:00:00,1.2794921468700884,0.14492664675740802,,0.36220321429551705,-0.2570340929652107,266.2486152423204,271.8828710070729,0.7879544485955549,,,,,,,0.0,,,271.4599151611328,271.46002197265625,271.45973205566406,271.4599609375,0.14539729914016272,,,,,,0.09839896478596524,,,101541.625,,,1.8698224852071006,129.49213386851656,0.16360532602614905,,266.1071471265082,,74023.06351701183,0.18222316764515534,0.0034475157246787167,0.0114757154114853,0.00014106761774367835,0.01544153337647929,,260.06180865948016,0.17556373889629656,-0.07865212654926368,-2.0568190390842046e-08,0.03381415371314317,-0.0009732274834573622,4.4605813537498373e-07,0.061041927901950815,0.010428456314040359
1977-02-25 18:00:00,,,5.57600345837294,,,,,,8579.148372395834,0.0,0.0,0.0,0.0,-9.154855810448847e-08,,5.219383911268245,0.0013052133413461538,,,,,,1.4107500598352601e-09,0.0,6.756656804733728,0.0,3.5268751495881503e-10,,270.0547349015637,0.0,,270.4597242908365,0.0,,,,1.4107500598352601e-09,,0.0,,,,,,,0.0,,,,,,,,,
1977-02-26 00:00:00,0.6576024004693567,-0.6339784938202807,,0.2555452832103481,-0.49725096324491785,261.0333832509419,270.7754715236686,0.7845076830429438,,,,,,,0.6277554303231324,,,271.4601135253906,271.4600524902344,271.45994567871094,271.4599609375,0.014653222800711909,,,,,,0.03866947332077478,,,102025.14256656804,,,0.08875739644970414,129.63449241141595,0.16377694790179914,,264.139869373931,,74469.2972910503,0.6395572459203958,0.002501884155724881,0.00013330067403217744,0.0,0.0005517305707085062,,259.8437536115477,0.09836094830868512,-0.23455036885639619,-4.567957266933731e-07,0.12958092096903664,-0.02225678982819326,8.752988479451911e-08,-0.000448520942839116,-0.0002110088188972699
1977-02-26 18:00:00,,,6.102243288028875,,,,,,3842.6057223913804,5.074374421813784e-06,1.516920575023403e-06,0.0,0.0,1.211259608379477e-07,,6.045941781715529,0.07471596983057507,,,,,,6.352611900081296e-06,1.0647585053415694e-05,351.32877218934914,7.563331247081418e-07,1.4711149345488237e-06,,272.2200973781608,2.4459947495770876e-06,,272.65028859877725,4.502663598258114e-06,,,,6.352611900081296e-06,,0.0,,,,,,,1.5718168055517433e-05,,,,,,,,,
1977-02-27 00:00:00,0.7296722344392855,0.22434718227950778,,0.28930066675829463,-0.3043102512698202,263.7562375040449,271.64931131396776,0.7803618202548055,,,,,,,0.2543737648506842,,,271.4605255126953,271.45941162109375,271.4597930908203,271.4599609375,0.07301032613720414,,,,,,0.02702841674082378,,,101815.47244822486,,,2.1183431952662723,130.88456175313195,0.16370583991327228,,267.5240482127173,,74394.7964589497,0.3197417851735854,0.0015594042264498197,0.005711583696173493,0.00012627367437238523,0.003596943511060004,,261.59381545930216,0.08701320018994033,-0.13868217355400853,-5.169137354840982e-09,0.03931351383717816,0.007792166289570328,2.1589917276976298e-07,0.017733015019457635,0.007302500792509
1977-02-27 18:00:00,,,5.858638831144254,,,,,,308.8527879987444,0.0,0.0,0.0,0.0,1.0650986972603859e-07,,5.710203819726345,0.15312348314996302,,,,,,1.5630744970761814e-05,1.9432701302703314e-05,648.0336538461538,8.051917397764308e-07,3.181408936455405e-06,,271.48368663900703,4.008081714077109e-06,,271.90729789056724,4.500569500161346e-06,,,,1.5629378296214448e-05,,0.0,,,,,,,1.9432701302703314e-05,,,,,,,,,
1977-02-28 00:00:00,0.7428073770195774,0.20457646973739715,,0.281927622281588,-0.27836718926062953,266.57037470890924,272.59823888293386,0.7880463370910058,,,,,,,0.0,,,271.45973205566406,271.4595642089844,271.4600372314453,271.4599609375,0.18441239757650701,,,,,,0.030337632760493713,,,101647.12536982249,,,2.2662721893491122,130.6745025815343,0.16389149321606877,,268.37455397385816,,74231.47677052514,0.1869988074669471,0.0015856613068890996,0.015883812537560098,0.00011578748917438575,0.005913367638221154,,263.06283740884453,0.08559268959880581,-0.12125300232475326,-6.591630121417476e-09,0.006221996729135425,0.002987373848969238,5.431498053687564e-07,0.08000146966708614,0.01253666997661252
1977-02-28 18:00:00,,,7.124288434813009,,,,,,839.5546469617245,9.839836309647419e-07,1.5986269097444574e-08,8.564971431472597e-07,1.7786332400592827e-07,8.800628612447563e-08,,7.034216508357482,0.08447653866378513,,,,,,8.844235945030077e-06,1.2698919462734426e-05,366.86945266272187,8.484513978280965e-07,1.8499152371163903e-06,,271.8074190038196,2.5240274576040415e-06,,272.2582709859814,3.6508726650441185e-06,,,,9.700788196021988e-06,,0.0,,,,,,,1.3683542344697129e-05,,,,,,,,,
1977-03-01 00:00:00,0.8070036814762995,0.2778033025165987,,0.23596461708023703,-0.2969994460337261,263.12469139324844,272.235153830263,0.7884430631377993,,,,,,,4.741937451108673e-05,,,271.45970153808594,271.45947265625,271.4600372314453,271.4599609375,0.09604233961838943,,,,,,0.02540913418199889,,,101780.18602071005,,,2.1893491124260356,130.04455620579466,0.16400783019658377,,267.6191257273657,,74332.19908006657,0.10445634288900703,0.001600618193135459,0.007907348271657729,4.506640180328189e-05,0.0051784176798261835,,262.3572300115281,0.10921544295090896,-0.19084544435760678,-3.34761212938107e-08,0.008527902441878373,0.005284603787090122,2.606321207506681e-07,0.04621229895031336,0.018066682031697777
1977-03-01 18:00:00,,,6.241018419435038,,,,,,1055.9069010416667,6.80923550086614e-07,0.0,6.547142591702163e-07,1.111222133481291e-07,2.360609643327998e-08,,6.09502714484401,0.05621960882604475,,,,,,3.0095496121242908e-06,9.662389049868612e-06,225.83505917159763,1.5068468610210532e-06,6.848141639190313e-07,,271.68505642682135,2.0315837577955257e-06,,272.090280024963,2.690056371970995e-06,,,,3.664539410517766e-06,,1.1147176068463534e-09,,,,,,,1.034281662935336e-05,,,,,,,,,
1977-03-02 00:00:00,1.6812826980500533,-0.30717730098927515,,0.5866375928799782,-0.43822237161489636,260.8865472014839,271.95294090135565,0.7933631066739912,,,,,,,0.0,,,271.4596252441406,271.4600427789977,271.4596862792969,271.4599609375,0.06262902254183617,,,,,,0.021809324004946375,,,101649.49223372781,,,1.2485207100591715,128.76737425313195,0.16398774378398467,,267.0321862034544,,74239.32773206361,0.06943435217501849,0.0007075332325591138,0.005240762022120008,0.00011922198639818903,0.004366632043962648,,263.0883145304121,0.41453784739477395,-0.2282341217853614,2.060279908597596e-07,0.009027802499738582,-0.00036262674532698455,1.8863690763535584e-07,0.040049693760732134,-0.005262859474272417
1977-03-02 18:00:00,,,5.543934906728169,,,,,,359.23871459960935,4.375452649663891e-07,0.0,3.295724649401106e-07,1.9954550548418035e-07,6.524463668610273e-08,,5.414444184162208,0.061184764613766644,,,,,,3.5131250965524707e-06,5.60226348730234e-06,272.30695266272187,5.263625781917008e-07,4.5859646162337804e-07,,271.10972802878837,8.545959225067726e-07,,271.57148345405534,1.3161296322500917e-06,,,,3.8427140938459765e-06,,0.0,,,,,,,6.039378911080445e-06,,,,,,,,,
1977-03-03 00:00:00,0.9862331864396496,0.01994579360329893,,0.3908593668740177,-0.31369314250156016,261.84800467406507,271.8961392916166,0.7984747773796849,,,,,,,0.0,,,271.4597625732422,271.4605255126953,271.4599304199219,271.4599609375,0.07668832632211539,,,,,,0.013923103287375185,,,101827.46190828402,,,1.8224852071005917,127.39003974869406,0.163954791232679,,267.1582828499156,,74371.47413553995,0.07768294656065089,0.001041920227411936,0.00603740172978689,7.112280151547765e-05,0.0024579855111929085,,261.4746295093785,0.1882816874063932,-0.17559634440043975,1.2061233850459143e-07,0.005514940483903391,0.0017370582825487711,2.1250201632012476e-07,0.023852861712317496,0.00809523632981368
1977-03-03 18:00:00,,,5.749626656255779,,,,,,2354.988043891059,5.2802132431572006e-06,3.759787809213943e-07,3.989807952790571e-06,4.817803318683917e-07,1.0587511238533199e-07,,5.583099816677838,0.16083061624560835,,,,,,2.1151537020530927e-05,2.1220950861654337e-05,666.7773668639053,1.0657512731629716e-08,4.5084774758688795e-06,,274.0513629800469,4.252060674704038e-06,,274.3693541577582,7.060042323445427e-06,,,,2.5141653577251546e-05,,0.0,,,,,,,2.6505682948072987e-05,,,,,,,,,
1977-03-04 00:00:00,0.6587989965134119,0.4251405840089335,,0.2708846436449762,-0.15790682572584885,265.4440091827212,273.6600701145872,0.8003199301527802,,,,,,,0.056771182449611685,,,271.46055603027344,271.4596710205078,271.4600830078125,271.4599609375,0.20638568584735578,,,,,,0.4131828253791177,,,102040.94434171598,,,2.3136094674556213,126.90991770727395,0.16405899284859382,,270.5871477296366,,74537.45922707101,0.4758262038230896,0.015446984529606833,0.007213897253634661,5.778520417636669e-06,0.015206026607716578,,264.0187176585903,0.141064871345046,-0.08067754034459944,-1.8141449934709266e-06,0.22672415144661606,0.12684757751825998,-2.921971245947812e-07,0.05634447808801775,0.032500319995713484
1977-03-04 18:00:00,,,6.032853194242398,,,,,,3218.4208140271776,7.5144616104441986e-06,9.593173596985947e-08,7.4798097977271446e-06,4.681797158083267e-07,1.67940338569302e-07,,5.808189251013761,0.15161548140486317,,,,,,1.234126955094422e-05,1.2350792186500053e-05,665.3868343195267,0.0,2.2484000617935814e-06,,272.81469735591367,2.830250728765183e-06,,273.2440466344709,4.916898244936791e-06,,,,1.981999923491619e-05,,0.0,,,,,,,1.9814664795553897e-05,,,,,,,,,
1977-03-05 00:00:00,1.7040443138257992,-0.04018583241299059,,0.5493645639814568,-0.39279465985721385,264.7210114608855,271.86589366303394,0.8050172237249521,,,,,,,0.0644761937609791,,,271.46070861816406,271.4604949951172,271.4599151611328,271.4599609375,0.15895306288137945,,,,,,0.09214836888059356,,,102096.78883136094,,,2.3254437869822486,127.35039940106093,0.16479178998597274,,269.82445413262184,,74513.73717178254,0.2647656131860905,0.005167882782393328,0.0019817126573190183,0.0,0.003792429816793408,,263.232890473315,0.4083925743074812,-0.2158649771876589,4.618842311540326e-07,0.07966484295441245,0.037555109951975786,-1.6024047569971058e-07,0.006521272040440663,0.007808396273110745
1977-03-05 18:00:00,,,6.719611495204226,,,,,,,0.0,0.0,0.0,0.0,1.0877665342038398e-07,,6.632295885029629,0.02721075475568602,,,,,,1.3515586377887507e-08,1.1286043531685714e-08,114.53550295857988,0.0,2.673526946179701e-09,,271.8491792396681,2.8215108829214285e-09,,272.3245558879785,5.643021765842857e-09,,,,1.3515586377887507e-08,,0.0,,,,,,,1.1286043531685714e-08,,,,,,,,,
1977-03-06 00:00:00,1.1977884698901655,-1.9639866225112825,,0.4386725002491968,-0.9868086019211267,258.38821375017335,272.7879502335949,0.8023215564044975,,,,,,,0.00016847164673212717,,,271.4607696533203,271.45960998535156,271.4596710205078,271.4599609375,0.020303398899778106,,,,,,0.0013626143777158838,,,102241.23058431952,,,0.38461538461538464,128.56616770727393,0.1648598676602516,,265.931618594559,,74608.37814349112,0.021718403291420118,1.1859913549479648e-05,5.570001150729388e-05,0.0,9.236295195020868e-07,,261.10333107491215,0.23584866523742676,-0.37794150967569745,9.497587923750112e-08,0.0002630936993098647,0.00010589238658503315,2.8837891044230345e-08,0.001112045740885054,-0.0001972292759317971
1977-03-06 18:00:00,,,5.2246504281399515,,,,,,1288.890380859375,0.0,0.0,0.0,0.0,-1.3409154509440804e-07,,5.126793697740904,0.0,,,,,,0.0,0.0,0.0,0.0,0.0,,272.96750356459756,0.0,,273.26171206863677,0.0,,,,0.0,,0.0,,,,,,,0.0,,,,,,,,,
1977-03-07 00:00:00,0.5464570818568123,-0.32090027938933063,,0.15750030088706835,-0.3619526180289906,258.2221947844917,272.24517199273646,0.7984538579128198,,,,,,,0.0,,,271.45953369140625,271.4598846435547,271.45982360839844,271.4599609375,0.0009082816761626294,,,,,,0.0,,,102020.89737426036,,,0.0,129.89503235224436,0.16473663770235503,,267.17513487324914,,74694.93160595415,0.0009082816761626294,0.0,1.9001890216353378e-05,0.0,0.0,,262.21693275948246,0.033506284451343606,-0.1910634012617303,-1.1345707931339336e-08,0.0006160736083984375,-0.0006561279296875,2.226491824465419e-07,-9.525458532669333e-05,-0.0003444551222974203
1977-03-07 18:00:00,,,6.049859171082987,,,,,,737.2971921754115,0.0,0.0,0.0,0.0,1.639627078895081e-07,,5.849060763974162,0.054796388163369084,,,,,,1.0450321012700098e-06,2.5337154166938284e-06,278.63794378698225,1.5120765954785092e-07,2.3806037811132578e-07,,273.49067678959415,4.421026837190933e-07,,273.8991487943209,7.309945377372426e-07,,,,1.0450321012700098e-06,,0.0,,,,,,,2.5337154166938284e-06,,,,,,,,,
1977-03-08 00:00:00,0.6580186764869465,-0.8436621039576785,,0.2474452306533001,-0.4426265693980561,265.4721705871221,275.16827509953424,0.7996092100115217,,,,,,,0.0,,,271.4602966308594,271.4602508544922,271.460205078125,271.4599609375,0.06883835651465421,,,,,,0.04638247518144416,,,101794.59448964497,,,2.094674556213018,130.19960428271773,0.16457873406494863,,269.1985923270502,,74486.80091993343,0.09252261551174186,0.0006391578877465965,0.0124233944035046,4.483680047932461e-05,0.0007505981174446422,,262.94661058053464,0.07341110142025016,-0.20661927962444238,-6.2479938277695744e-09,0.0031445094607439796,-0.0025446010015067262,4.041609918742066e-07,0.05539618904038316,-0.037470087849882226
1977-03-08 18:00:00,,,6.265830525279751,,,,,,2242.2830403645835,0.0,0.0,0.0,0.0,9.95033751436247e-08,,6.196453509951485,0.02020850548377404,,,,,,8.399978544585098e-07,3.1330022057132608e-06,131.2703402366864,7.168263108772639e-07,1.9846539172900498e-07,,274.5756045008552,4.7006440409541837e-07,,274.90034557094236,7.765521929108884e-07,,,,8.399978544585098e-07,,0.0,,,,,,,3.1330022057132608e-06,,,,,,,,,
1977-03-09 00:00:00,-0.1728344584357809,-0.3209772617859248,,-0.21853686225484814,-0.4315625704251803,264.4198761889215,274.7497990173701,0.8048688469553841,,,,,,,0.0,,,271.4599151611328,271.45982360839844,271.45989990234375,271.4599609375,0.03689611310789571,,,,,,0.05816632332886464,,,101646.89515532544,,,0.7751479289940828,129.26106415697808,0.1644150970955572,,269.50912132488907,,74460.65398483728,0.07382554274338943,0.00041740744776979705,0.024522544364252035,0.00020497437764907024,0.0008291774952905418,,263.8654612704847,-0.19206670614389273,-0.26027046293901973,-3.014499234322258e-08,0.0018246752125060891,-0.0016546159894508723,-7.059469890709107e-08,0.06720855530858048,-0.05032145377446914
1977-03-09 18:00:00,,,6.229247081914597,,,,,,1216.0115521240234,0.0,0.0,0.0,0.0,1.4759334374788167e-07,,6.056794522076669,0.12340983554456361,,,,,,9.067378629594159e-06,2.199415800839486e-05,555.6789940828403,2.213704162800806e-06,1.931033984443845e-06,,275.35420515974596,4.212752249113907e-06,,275.70974939109306,4.67731137952861e-06,,,,9.067378629594159e-06,,0.0,,,,,,,2.199257090246889e-05,,,,,,,,,
1977-03-10 00:00:00,-0.5063388474594207,0.2754702088395519,,-0.3062755708863749,-0.19527968570325502,268.6478186613004,276.77327299400196,0.8077105192037729,,,,,,,0.0,,,271.4602966308594,271.4602355957031,271.4600067138672,271.4599609375,0.20488887990014792,,,,,,0.17292234883505916,,,101470.57063609468,,,2.1893491124260356,128.5894896377473,0.16434074153561565,,272.07231438089406,,74241.51065551036,0.30641309749445267,0.003363253802237426,0.0853013460284661,0.0005534428816575271,0.010669753396299464,,264.06706192648625,-0.2370618729901737,-0.16048991750683306,-1.775586594257107e-09,0.02820093956219374,-0.005008795932376173,2.1016013742419036e-07,0.8251972670209479,-0.25391639619183964
1977-03-10 18:00:00,,,6.693653072831193,,,,,,907.8515630944983,5.079455365090681e-06,3.2383573831185786e-07,2.1687141184270734e-06,7.907204197708672e-07,1.2307958774710868e-07,,6.494698800984219,0.28673250999676403,,,,,,7.042491577080721e-05,9.069305199843187e-05,1221.985576923077,4.0430421307242126e-06,1.4354094598420274e-05,,277.04671609190086,1.8143839031986936e-05,,277.33496382673815,2.727886805167565e-05,,,,7.259316698333921e-05,,0.0,,,,,,,9.577919745586327e-05,,,,,,,,,
1977-03-11 00:00:00,-0.9580714829574676,0.7190557457286225,,-0.4717725832786786,0.060027145069731766,272.28929219443415,277.23962619036615,0.8182077947452929,,,,,,,0.0,,,271.4605255126953,271.4598083496094,271.4598693847656,271.4599609375,0.4001087437014608,,,,,,0.27363965638290494,,,101392.06952662722,,,2.544378698224852,125.65966345431536,0.16502513264763286,,274.87261556591505,,74138.89286704881,0.5137253773327057,0.007171162486781736,0.08910821257286551,0.0017608890872029862,0.01842534894773946,,266.00450603778546,-0.5120353303717439,0.05089887218362481,1.573327780851389e-07,0.060097451746111086,0.012560455271830926,7.623825883547936e-10,0.7620313451267205,-0.09822699868467433
1977-03-11 18:00:00,,,5.897614868434928,,,,,,811.8200575305569,1.7153132243974675e-05,1.3929499676947059e-06,1.1615102460398477e-05,2.7006811644198625e-06,2.201553012214094e-09,,5.645863510447846,0.12681046886556951,,,,,,4.19207578580055e-05,4.988115214737209e-05,592.2389053254437,9.338354923316008e-07,8.830084250523494e-06,,274.3301387990015,1.061416765641884e-05,,274.68325426451554,2.0059387712083625e-05,,,,5.353749151060567e-05,,0.0,,,,,,,6.70224251831777e-05,,,,,,,,,
1977-03-12 00:00:00,-0.9926396770590156,-0.6811724611993372,,-0.4201448429265671,-0.5908482512073404,268.5979644053081,274.11708204280694,0.8241559577411448,,,,,,,0.008887206308940458,,,271.4593811035156,271.4600067138672,271.45965576171875,271.4599609375,0.18009849412906806,,,,,,0.14153483915611131,,,101732.41789940829,,,1.7928994082840237,126.09989089514377,0.16636747721384262,,271.66266898431724,,74310.87421412722,0.21795013247156989,0.00954726179675943,0.014305724194769323,0.0003333063520623382,0.01466225166997966,,264.03776803101306,-0.5094241588073369,-0.256360279737845,1.2862437332190916e-07,0.07128325557562154,-0.01513387959384354,4.894351505329308e-07,0.06094204539212002,-0.004857384946924695
1977-03-12 18:00:00,,,5.353013608582627,,,,,,887.5735999975311,4.3377809270599184e-06,3.256460310086696e-07,2.6437547608945496e-06,6.759473117145561e-07,1.1150320014053923e-07,,5.235747568706084,0.09068975505038832,,,,,,1.7313650373876446e-05,1.97353094992553e-05,459.0939349112426,3.7818309470746644e-07,4.230210414299598e-06,,273.2637104282718,4.6464730296614605e-06,,273.63027529744704,6.588870251672508e-06,,,,1.99571516386856e-05,,0.0,,,,,,,2.4068725885018794e-05,,,,,,,,,
1977-03-13 00:00:00,-0.7138865657106659,0.20092372781426243,,-0.3297657825537687,-0.2795293119532117,266.69204287557204,273.4207871115419,0.8213363691899903,,,,,,,0.01616309803618482,,,271.4595184326172,271.45994567871094,271.4599609375,271.4599609375,0.13771364110461354,,,,,,0.0807916765382304,,,101911.70894970415,,,2.0118343195266273,128.56526626496625,0.1668298032862195,,270.4001938859387,,74390.4522466716,0.17772128313956176,0.0036795012344270064,0.0144558968628652,0.00026762908732397316,0.01063862636949889,,262.8022238827316,-0.31488328290408885,-0.09999485693034335,8.907962441320405e-08,0.03281670909915009,-0.012092999452669945,1.5784806872238597e-07,0.0882827485594678,0.0005109747486001641
1977-03-13 18:00:00,,,6.634704533413317,,,,,,1380.9925230360523,3.90148109938266e-06,9.046366008428427e-08,1.4666401775630974e-06,4.92085498818279e-08,-6.128148930581265e-08,,6.522746543207112,0.0915205916004068,,,,,,3.60264227940486e-05,5.040507344804572e-05,376.42492603550295,3.2407931498521884e-06,7.130249717531825e-06,,273.88823207877795,1.0981935368487116e-05,,274.2094827685836,1.494039797923974e-05,,,,3.7492908669646674e-05,,0.0,,,,,,,5.4292601241162544e-05,,,,,,,,,
1977-03-14 00:00:00,-1.128363383592233,-0.12221683976212902,,-0.7458754657993655,-0.29804547439665485,265.8576555421366,272.993974042362,0.8176629250571572,,,,,,,0.000318486309615818,,,271.45933532714844,271.4595031738281,271.4600830078125,271.4599609375,0.15180219842132026,,,,,,0.16412696612657174,,,101754.58302514793,,,1.7928994082840237,130.6224500667414,0.16715342053294888,,271.0808352859768,,74355.24056952662,0.23334381284093011,0.005572922836393999,0.024500987938875278,0.0009613883565868852,0.029907045985114646,,263.4741566674949,-0.7897547151915421,-0.10466176095093496,-1.5810834565585667e-07,0.05168256228486594,-0.02152800383652456,-5.395212982224643e-07,0.16971458441759707,-0.043083025506262244
1977-03-14 18:00:00,,,6.8181994850113545,,,,,,672.4494954655679,9.47167182109765e-06,2.1095282932710365e-06,1.989922227238762e-06,3.08293948423933e-08,1.9328078758260842e-07,,6.648151171983346,0.08608096873266458,,,,,,1.0453517267689903e-06,1.0374779179251406e-05,329.68491124260356,3.2070230626495633e-06,2.2940844650099263e-07,,274.7675731591219,3.0953415046782185e-06,,275.1462612716404,7.180860762060041e-06,,,,3.035472342248499e-06,,0.0,,,,,,,1.9839793972715117e-05,,,,,,,,,
1977-03-15 00:00:00,-0.9534318179068481,-0.005193445104113697,,-0.7596216371073525,-0.2682868968805618,268.2361009586492,276.28457488110786,0.8121190889347234,,,,,,,0.00470079049556213,,,271.45921325683594,271.4604034423828,271.46014404296875,271.4599609375,0.1035955304930196,,,,,,0.06517380934495193,,,101746.45784023669,,,1.7633136094674555,140.2499925963272,0.12937798584706683,,269.9451056486051,,74402.90500184911,0.11924969374075443,0.001234570903890937,0.03805812858265532,0.0011387181705271704,0.0029383100701507025,,262.7331779525125,-0.8410299177000509,-0.0748288081242488,3.8781343811514e-08,0.023427748806638914,-0.00900991287457167,6.104019551796938e-07,0.2228541627997972,-0.042315937005556546
1977-03-15 18:00:00,,,6.770684862983297,,,,,,305.3949593597988,1.502658664827516e-06,5.342429999769087e-08,1.1160991777329756e-06,0.0,3.379493793448538e-07,,6.6740896744135565,0.21542864015116495,,,,,,1.5616945966461e-05,4.0856867852295646e-05,828.6523668639053,5.279860552951429e-06,3.679308312884449e-06,,275.7105113373706,6.825525379745213e-06,,276.12741829234466,1.4402765846816745e-05,,,,1.6732945950073604e-05,,4.022652228203045e-06,,,,,,,4.234389793237991e-05,,,,,,,,,
1977-03-16 00:00:00,-0.3975955522977389,0.6706245298216329,,-0.346334034169214,-0.12673718266233186,271.8979717909232,276.5776916142751,0.8069723110932571,,,,,,,0.0,,,271.45970153808594,271.46043395996094,271.4599304199219,271.4599609375,0.24105654383552144,,,,,,0.04638202373798077,,,101363.23964497041,,,2.710059171597633,140.83535224869405,0.12934597004094772,,272.2267032600719,,74114.12823594674,0.2457171558628421,0.0020964046907142775,0.03193515574438332,0.0017897250384268676,0.0051925027158838755,,264.64708208614553,-0.403001740133974,-0.04283093559671436,-3.9265544798511726e-08,0.012043027249963943,0.0037394939045581593,1.5936191565737394e-06,0.18363969001544297,0.019861756344518717
1977-03-16 18:00:00,,,7.407322008934247,,,,,,479.71540805512825,1.3605134903326541e-06,9.151070913266853e-08,4.5152913886480606e-10,0.0,2.791681447904695e-07,,7.331435824287008,0.1965456629645895,,,,,,3.126827922798473e-05,4.6845459373744986e-05,796.4086538461538,2.47416587976309e-06,6.932125994439661e-06,,275.98414241632764,9.511966677107049e-06,,276.34228949010725,1.2096656850103796e-05,,,,3.1264223290618354e-05,,4.375783296731802e-06,,,,,,,4.820199407769378e-05,,,,,,,,,
1977-03-17 00:00:00,-0.06482395194691314,0.8092097446057923,,-0.17177305842292379,0.029914404513567864,272.1484017456777,278.1653568786982,0.8042630115909689,,,,,,,0.0,,,271.4598388671875,271.4600524902344,271.4598693847656,271.4599609375,0.25081259823409763,,,,,,0.02792764697554549,,,101130.73816568048,,,2.473372781065089,140.18980398685974,0.12951894342546633,,272.7715678920407,,73931.33910410503,0.2536938007061298,0.003222696879911705,0.02957406128651997,0.0007321905102250139,0.005609523615188147,,265.196430093438,-0.21676499744844155,-0.007308830170941776,1.9190922113770576e-07,0.025665221115096868,0.014371489045160585,3.254195722095536e-08,0.20460011408879206,0.0756858627603957
1977-03-17 18:00:00,,,6.590917316414195,,,,,,264.1966854764014,3.299240529889891e-06,1.009101786557034e-06,2.2328816927396333e-06,4.298067458811596e-09,2.852450076377153e-07,,6.420066173260029,0.12084726186899039,,,,,,6.423348329476351e-06,7.195409233048117e-06,484.2862426035503,1.1576642695615983e-07,1.5274461733518974e-06,,275.4710830598188,1.7122999274519068e-06,,275.92507194203034,3.704481576321393e-06,,,,8.659249932102903e-06,,0.0,,,,,,,1.0493327174666365e-05,,,,,,,,,
1977-03-18 00:00:00,1.354563837220683,0.15672256537443083,,0.4803371143764293,-0.2907759254500711,268.42561918179666,276.2900058362611,0.7987912900349092,,,,,,,0.001489419203538161,,,271.45970153808594,271.46006774902344,271.45960998535156,271.4599609375,0.14385805750739644,,,,,,0.012786233213526257,,,101370.76109467456,,,2.4615384615384617,140.61221060668223,0.1295721065363235,,271.49946458805243,,74103.09474389793,0.14547034269253883,0.0015230743137337047,0.012926316120215421,6.500009954328367e-05,0.0015212516107502773,,264.3727891910711,0.2696689938652445,-0.1522182148589185,1.8797584490942873e-07,0.014258598907404309,0.002964955925412432,-3.387234131523171e-07,0.05634133468007327,0.018731011948465597
1977-03-18 18:00:00,,,6.714737023122212,,,,,,108.19866943359375,4.7637425230804983e-07,0.0,4.7620892877409444e-07,0.0,3.2105527342262783e-07,,6.595094996796557,0.14467155862842085,,,,,,5.647628265019705e-06,5.651066994525977e-06,629.8084319526628,0.0,9.867638217274253e-07,,274.32929794040655,9.506240972047727e-07,,274.7775078045546,1.5321303401473006e-06,,,,6.123671870259844e-06,,0.0,,,,,,,6.129248784138606e-06,,,,,,,,,
1977-03-19 00:00:00,0.4321487189749994,0.9421317647900102,,0.24189026398066232,0.057954810780180985,267.0325489834216,276.8232835397213,0.7934354356760104,,,,,,,0.0,,,271.4600067138672,271.4598083496094,271.4600372314453,271.4599609375,0.17703716571514422,,,,,,0.007578855435523761,,,101674.84541420119,,,2.396449704142012,140.82213109484792,0.12944711594891972,,270.476924738235,,74285.52695081361,0.17771044849644047,0.0017525091679138544,0.0077199540900055475,7.223095414201183e-07,0.00136779186993661,,263.9879742684449,0.06249232934071468,0.029943573404345992,2.5785972258164245e-08,0.00811667694803534,0.010380186258244174,1.3308604757615625e-07,0.027436099267294685,0.03832874698123547
1977-03-19 18:00:00,,,7.873136655818781,,,,,,342.1637259347098,1.2241436179573014e-06,1.7271315149918817e-08,1.2136290411977372e-06,7.189920491720798e-07,2.1715675806930202e-07,,7.457593065747143,0.1727829430935651,,,,,,1.6312010189485268e-05,1.6309894048250637e-05,693.5377218934912,0.0,3.8212826530608905e-06,,273.56666808720877,3.75741266110945e-06,,274.05764499641737,5.099250102889608e-06,,,,1.752548492871798e-05,,0.0,,,,,,,1.7537300050611325e-05,,,,,,,,,
1977-03-20 00:00:00,1.4797614848119973,0.28120971995697924,,0.5364633255456326,-0.2098502153475609,264.88282071627106,274.9851857021716,0.7920871997726034,,,,,,,0.0,,,271.4591979980469,271.4604797363281,271.46038818359375,271.4599609375,0.19253088595599113,,,,,,0.053574782151442304,,,101413.88276627219,,,2.4911242603550297,138.39420025165265,0.12968315034223027,,269.7676532451923,,74007.86355861687,0.19927870169193787,0.00460827280078414,0.00855000061396311,0.0,0.003608280385034324,,263.1349403336203,0.3187064151086751,-0.08852086264706223,-3.44354067942866e-09,0.040414685800880985,0.02027441621487671,8.107655538389316e-09,0.04242759906284211,0.049873359685973125
1977-03-20 18:00:00,,,5.146329067162508,,,,,,1435.771979055097,1.7410221360844268e-07,0.0,1.4059939945237877e-07,7.156855784929715e-08,9.184857834193899e-08,,5.001149871645595,0.05441031371348003,,,,,,4.374372535908716e-06,4.371021978953886e-06,289.98668639053255,9.019819526387566e-10,1.4580874400731375e-06,,272.0472003101597,1.066887872458915e-06,,272.46677060099046,1.439681419959435e-06,,,,4.514787324081511e-06,,0.0,,,,,,,4.544060611160549e-06,,,,,,,,,
1977-03-21 00:00:00,0.6609639952168662,-0.21881807767427885,,0.20585068019889516,-0.337557730590098,262.5467285517405,272.5042938593577,0.7935024591592642,,,,,,,0.00031961632903511003,,,271.46014404296875,271.459716796875,271.4602355957031,271.4599609375,0.0762417584481324,,,,,,0.01647737040322208,,,101500.38424556213,,,1.0650887573964498,138.42907913478874,0.12971981319450063,,268.39587754469653,,74080.93008043639,0.08959933850892196,0.0005692843149399617,0.0010139420187684912,0.0,0.0015849051390879254,,261.2344165327986,0.16986397949196178,-0.1353770205255091,2.4030529087982497e-08,0.005943444826138707,-0.0009439117192516665,1.2155946153154066e-07,0.003134736817429316,-0.00022101911479199428
1977-03-21 18:00:00,,,6.570398900635849,,,,,,620.5173557535808,2.631686142915805e-06,9.106240681642612e-07,3.686273944448437e-07,0.0,2.394087820402732e-07,,6.466353439015045,0.11302013510077663,,,,,,6.151661144558495e-07,1.0771820178398718e-06,493.20710059171597,3.0196343476955704e-08,1.5815262567009445e-07,,272.48526687170624,2.0242420151917892e-07,,272.9620926535341,1.4780034151302992e-06,,,,9.835097035007364e-07,,0.0,,,,,,,3.706884278348212e-06,,,,,,,,,
1977-03-22 00:00:00,1.2033074339465981,-0.18457254150210048,,0.42856649816388914,-0.2837073252751277,267.4281131360658,275.0270439915403,0.7901111107606155,,,,,,,0.0,,,271.4600067138672,271.45994567871094,271.4597473144531,271.4599609375,0.15356905784832656,,,,,,0.019634224253998706,,,101338.12352071005,,,2.3431952662721893,139.63687314366447,0.1297196354386369,,269.6497121054745,,74034.82657636834,0.15746853619637574,0.0004789363703078772,0.005876405704656296,2.1579350240131806e-05,0.0007674821029753375,,262.1915575738489,0.16905363600634965,-0.14709622196897248,8.344388398660082e-08,0.002963003794767359,-0.0010712244850996683,-7.368740065990446e-08,0.02286766147373255,-0.00806960904386622
1977-03-22 18:00:00,,,6.438354328539244,,,,,,8145.723478618421,0.0,0.0,0.0,0.0,-1.484605496368349e-07,,6.33662357556044,0.0,,,,,,0.0,0.0,0.0,0.0,0.0,,274.08433902898486,0.0,,274.4835252028245,0.0,,,,0.0,,0.0,,,,,,,0.0,,,,,,,,,
1977-03-23 00:00:00,-2.166538627895378,-0.7467792217548077,,-1.0370587738307975,-0.6429397820015631,253.61846797423956,274.50822421643863,0.7917260379480893,,,,,,,0.041231595552884616,,,271.46014404296875,271.46044921875,271.4596862792969,271.4599609375,0.0,,,,,,0.0017308568108011279,,,102040.79659763313,,,0.0,138.98859744100176,0.1295806501038681,,267.9145535801995,,74515.23495284763,0.04209552290876942,0.0006832935400968473,2.0079535140088322e-06,0.0,0.0007004074796417056,,259.82779643944735,-0.895595138594949,-0.30433837619758924,-1.7727243767592493e-07,0.01451015449129045,-0.008398621039983083,-1.0638079682114319e-07,0.00020321470348800934,0.000209808349609375
1977-03-23 18:00:00,,,4.767264004995131,,,,,,341.5259185791016,0.0,0.0,0.0,0.0,1.84243235600349e-07,,4.659330661480244,0.08411375869660688,,,,,,4.254738915954116e-07,4.171519182049311e-07,419.50887573964496,0.0,7.873567747029328e-08,,275.2425353823329,6.538218565108861e-08,,275.5700181588619,9.328345961031123e-08,,,,4.254738915954116e-07,,0.0,,,,,,,4.171519182049311e-07,,,,,,,,,
1977-03-24 00:00:00,-0.9358436482897877,-0.05846038795787202,,-0.4332267885377421,-0.40628267886370595,267.73074692946216,276.66045357066497,0.7962925314197878,,,,,,,0.0,,,271.4603271484375,271.4598846435547,271.4595489501953,271.4599609375,0.10475546932784763,,,,,,0.0039040943574623244,,,102283.41420118343,,,2.1183431952662723,138.18400239662307,0.12937329929961255,,271.9913769784058,,74727.39707377959,0.10618798972586908,9.706475325590054e-05,0.003159438364604521,0.0,7.107236681605232e-06,,262.63000289646124,-0.31401870659822545,-0.20322603869014944,-1.0619641896956373e-08,0.00023944418766803092,0.00012021366997274774,1.688957654443272e-07,0.0028314321086956905,-0.0009762887462709077
1977-03-24 18:00:00,,,5.077488526790099,,,,,,1323.785920884874,4.549262791695679e-06,7.331668200886108e-09,3.3833571439664038e-06,1.5575901643764337e-06,1.0422804438854849e-07,,4.98393126493375,0.12204033665403106,,,,,,9.566501400174473e-06,1.964400682223619e-05,585.9352810650887,1.5856069925974107e-06,2.028596912615398e-06,,277.30062523113907,4.469202114985539e-06,,277.63131876386836,6.915196864562627e-06,,,,1.2949990802968043e-05,,0.0,,,,,,,2.419816319053695e-05,,,,,,,,,
1977-03-25 00:00:00,-0.8798300218300001,-0.21755926143488236,,-0.3673251394689436,-0.4448445337058524,270.08448024050017,276.88908070220043,0.8042849813692668,,,,,,,0.13724287586099299,,,271.4598083496094,271.4604034423828,271.4598388671875,271.4599609375,0.23841523841993342,,,,,,0.21791302381887945,,,102115.07359467456,,,2.3195266272189348,135.959566375913,0.1292518722940479,,275.0191291041628,,74628.28885447486,0.4454093716443467,0.0036670160011426935,0.039834964910202476,0.0007697111050758136,0.005412333110380455,,264.24777781469584,-0.36855649101663623,-0.26046745029426893,-1.535786691823693e-07,0.029066768390837418,0.00419762717372567,7.845634958271444e-07,0.17482256466115015,-0.010979099739232712
1977-03-25 18:00:00,,,4.932425899618476,,,,,,3400.5602483334746,1.0624968793970594e-05,3.0362218089357636e-06,2.7854149863564755e-06,0.0,2.1225432140492157e-07,,4.738586504783856,0.1684721997503698,,,,,,3.076726074754839e-06,6.74233457745885e-06,660.8298816568048,5.479042346660907e-07,5.952639163598506e-07,,276.67581303161984,1.3101118556141149e-06,,277.2046736316568,5.615797973948823e-06,,,,5.862416600334574e-06,,0.0,,,,,,,1.7369728116594123e-05,,,,,,,,,
1977-03-26 00:00:00,-0.5626884325016179,0.17626050238073224,,-0.3274662254830084,-0.16459744921802769,273.712123532267,278.5149258043639,0.808835324803753,,,,,,,0.3294930542714497,,,271.45982360839844,271.4601745605469,271.45997619628906,271.4599609375,0.1850730399408284,,,,,,0.14401868109166974,,,101927.95099852071,,,2.260355029585799,134.24837462295443,0.1296683712118476,,274.18771777632674,,74484.19822485207,0.5255856092071393,0.004506211880265222,0.010316882613142567,0.00030287765186919264,0.0028048069519404123,,264.7941341061564,-0.30696250418939536,0.011250034591855381,-1.833412213579575e-07,0.06069354874842398,0.019019235995978382,1.2615742545041736e-07,0.0352252442279511,-0.004136582031934219
1977-03-26 18:00:00,,,5.95886372673441,,,,,,2667.865249633789,2.3265341682546943e-05,3.5100115033296436e-07,1.8520512171750942e-05,7.024134051870312e-06,1.579017127649142e-07,,5.679065111826158,0.2071304772732526,,,,,,2.471066614579872e-05,3.3066822932316704e-05,875.9378698224853,1.4945357685258402e-06,5.489182190076839e-06,,277.74794141780694,7.82712147786067e-06,,278.02993250739644,2.2007339804835574e-05,,,,4.3228974003763596e-05,,0.0,,,,,,,5.6351606662456805e-05,,,,,,,,,
1977-03-27 00:00:00,-1.0855845671433668,0.24184231504180728,,-0.6122762465618066,-0.22858939650496082,272.5987223788831,278.89517843934914,0.8101368959133441,,,,,,,0.30425083077341847,,,271.4597930908203,271.4601593017578,271.4598846435547,271.4599609375,0.19129564635147003,,,,,,0.40514901968149036,,,101675.03328402367,,,2.3254437869822486,133.30907173833904,0.13002562381812102,,275.0320797530857,,74314.49500739644,0.5616340915832294,0.011474031352950536,0.010615828474597818,0.00015212868797708545,0.010632576398860068,,265.70797025240387,-0.6132862215211405,-0.07401212996985079,-2.1614132438870367e-07,0.11988225691681782,0.06592844870938926,4.2082886536193723e-07,0.04509423588149073,0.01905004781555142
1977-03-27 18:00:00,,,5.094716512239897,,,,,,1010.8778713911007,1.388832309542323e-05,6.226979791236347e-08,1.1816356309066863e-05,8.798518477106941e-08,2.029353590680771e-07,,4.788436370488455,0.18217594665888498,,,,,,1.361331290747287e-05,1.4119291093927869e-05,748.696375739645,7.222778544094435e-08,3.4890099037328415e-06,,276.3980387851331,3.5072836650193795e-06,,276.7413655117419,8.072285257147613e-06,,,,2.5427024039996446e-05,,0.0,,,,,,,2.8009950761964335e-05,,,,,,,,,
1977-03-28 00:00:00,-0.23547999252229046,-0.3570909725843802,,-0.13130419353056236,-0.5348887415327264,272.0729315943972,277.1790807599852,0.8145756030223779,,,,,,,0.010710135014099483,,,271.45977783203125,271.4607238769531,271.4601135253906,271.4599609375,0.20433378501756658,,,,,,0.20559286083695452,,,101602.49778106509,,,2.136094674556213,134.35874352088342,0.1309734829784145,,273.65794941377357,,74206.59920488166,0.3315284322704789,0.00626936466736201,0.004336627982777251,2.137778778753337e-05,0.005460231261845877,,264.92501144860626,-0.2139281323675573,-0.258915765751043,3.445026384767823e-07,0.04640387336877808,0.0018419219324221979,5.8893080876200575e-08,0.008376460089041719,0.00492617385957897
1977-03-28 18:00:00,,,5.252280624660514,,,,,,1459.0108531605113,0.0,0.0,0.0,0.0,-1.13742279227046e-07,,5.1535827365852676,0.0007809181890544102,,,,,,0.0,1.1286172690696618e-08,4.096015162721893,8.881318013696275e-09,0.0,,275.743503096541,0.0,,276.0997827292899,6.7395171889010265e-09,,,,0.0,,0.0,,,,,,,1.1286172690696618e-08,,,,,,,,,
1977-03-29 00:00:00,-0.27391144227699415,-0.6547211641390648,,-0.2530699622701611,-0.48006209537122374,268.48898351545165,277.56141798030694,0.8140288171683543,,,,,,,5.696581665580795e-05,,,271.45970153808594,271.45957946777344,271.4600830078125,271.4599609375,0.009486858661358174,,,,,,0.006380431045441938,,,101351.06841715977,,,0.047337278106508875,133.96296411999583,0.1309912529217421,,271.11425429124097,,74162.40329142012,0.015014829014885355,1.0595717550029415e-05,0.00035201021905481464,0.0,0.0,,262.94127641485994,-0.24868389558509962,-0.26333909909400716,-7.361371746229403e-09,-0.00030998811924819056,5.017529577898556e-05,1.0104429091467417e-07,0.0005963807835170624,-8.362615425911176e-06
1977-03-29 18:00:00,,,5.431868350012063,,,,,,648.0875495605469,3.3906754657361635e-07,7.69710209573338e-09,1.382453473196668e-09,4.5823464418083605e-10,2.0243594725308446e-07,,5.260773201665935,0.1477733363766642,,,,,,8.324282409171381e-06,1.6503785488873544e-05,670.6590236686391,1.365792821850297e-06,1.964875711844518e-06,,278.59572479428624,3.0917374516379903e-06,,279.07375213803624,4.590770020287418e-06,,,,8.326045860200238e-06,,1.9529186872511925e-08,,,,,,,1.684712940419214e-05,,,,,,,,,
1977-03-30 00:00:00,-1.5438318083272178,0.3883022838795679,,-0.8565676254633616,-0.13425514401768793,272.8582691440921,278.8385695959689,0.8079815870206032,,,,,,,0.007575085882604475,,,271.46038818359375,271.460205078125,271.46006774902344,271.4599609375,0.21504085021611502,,,,,,0.056474674382858726,,,101360.75721153847,,,2.485207100591716,135.5924713315343,0.13064352012950287,,275.7423873088769,,74153.90079511834,0.24205170580621302,0.0011835281665508563,0.02919697056155233,0.0003154701029760598,0.0016895384478145803,,265.69930416310325,-0.8957986944525905,0.0010174181334365753,-1.3855780449354217e-08,0.004477923910943626,-0.00012600278625121483,5.722879221612593e-07,0.0936620588133321,-0.0038988092947288377
1977-03-30 18:00:00,,,5.633673538117719,,,,,,1518.468893039446,4.470833307187233e-05,2.16128558096801e-06,3.0382938638946714e-05,2.9836930114136647e-06,9.814202336018586e-08,,5.284176233957505,0.25236122989090237,,,,,,3.3914954704645825e-05,5.302362188079654e-05,1047.2115384615386,5.177029314831164e-06,7.0445019112536185e-06,,279.54564129530326,1.603497203285172e-05,,279.99476036658655,3.599741402462389e-05,,,,6.429718796318099e-05,,0.0,,,,,,,9.771740648168078e-05,,,,,,,,,
1977-03-31 00:00:00,-0.683555569169084,-0.5918517761681912,,-0.38594838994494557,-0.5374587753115321,276.4178531804734,281.20291119637574,0.8052342199009551,,,,,,,0.2698900568183269,,,271.4602508544922,271.46009826660156,271.45965576171875,271.4599609375,0.2847951855179826,,,,,,0.26197516988720415,,,101409.69249260356,,,2.4497041420118344,134.95707007413785,0.13092037629799025,,277.1977413561217,,74189.07054363906,0.5511549709684397,0.004715027893788716,0.035287219656289684,0.0005507709006586019,0.005334995202058871,,267.23521865754435,-0.4737168599867962,-0.2856446892552122,-7.84253514200978e-09,0.048650307062814924,0.002380514021455889,4.928066258659013e-07,0.21213091336763823,-0.05310769969895041
1977-03-31 18:00:00,,,5.393525913622252,,,,,,959.8377445765904,5.398408548366388e-06,8.40601285357447e-08,2.8861521263799724e-06,0.0,3.187914664398618e-07,,5.195788383483887,0.20967454176682693,,,,,,2.6298841163956906e-06,6.977358513329862e-06,843.1734467455622,9.817021661961572e-07,8.078148731818566e-07,,277.1102908884985,1.1207061935458662e-06,,277.5578338803624,3.7737411154797795e-06,,,,5.516295249645526e-06,,0.0,,,,,,,1.2372681022395748e-05,,,,,,,,,
1977-04-01 00:00:00,-0.8088035583496094,-0.2190548823429988,,-0.5067730175672903,-0.3422104141415929,274.4780836838942,278.6152993828587,0.8066432634754294,,,,,,,0.05601054535814996,,,271.460205078125,271.45960998535156,271.45985412597656,271.4599609375,0.24274223372781065,,,,,,0.04511748545268584,,,100945.85484467456,,,2.36094674556213,134.3510003625994,0.13088235911532972,,275.1651106614333,,73806.14774408285,0.29321541870839496,0.0013937526906030418,0.017497316620053625,0.0001356968512901893,0.0007097424840080668,,266.28418402135725,-0.5352512675629565,-0.12331361601338584,-4.8710808725187215e-08,0.012999071644552978,-0.0028908235081554164,5.550744810114758e-07,0.061150879020521624,-0.009098731201781323
1977-04-01 18:00:00,,,5.607715200390336,,,,,,1595.9571988689365,3.0324303892237193e-05,2.3295628953967573e-06,1.616396847561266e-05,4.864744180758324e-06,1.5559107958636737e-07,,5.39691666033141,0.20871684960359652,,,,,,3.7569607767833054e-06,8.199650507706861e-06,882.7673816568048,5.875653504619937e-07,7.880242684712777e-07,,276.9530300162953,1.8298945571543903e-06,,277.5096500554734,1.8336936919646855e-05,,,,1.9922764343622872e-05,,0.0,,,,,,,3.8527260870623164e-05,,,,,,,,,
1977-04-02 00:00:00,-1.1165808220586833,-0.2798408135859924,,-0.796739109874477,-0.24958384248631946,273.9614886221801,277.0813837897848,0.8086544310552835,,,,,,,0.06386308839335245,,,271.4595642089844,271.46031188964844,271.4595489501953,271.4599609375,0.258028921996348,,,,,,0.12314294216900888,,,100914.39071745562,,,2.4792899408284024,132.67496485964082,0.13115782709516718,,274.93712981636,,73775.15735946746,0.3609219161716439,0.0039555645553318005,0.014141105335845044,0.00024825722508176545,0.004339906590930104,,266.0490254057935,-0.7926752778905384,0.04604952998415253,-4.1301817329774046e-08,0.025839444433704718,-0.015556195783897265,1.5687188491798364e-07,0.017208646740433733,-0.011457765243462557
1977-04-02 18:00:00,,,5.791616400318033,,,,,,549.42677183409,1.2024201055955604e-06,1.863593004158968e-06,3.6536501004145697e-07,0.0,-2.9580992277637233e-08,,5.640968475116075,0.20414481078379254,,,,,,9.288063504286771e-06,5.6085325557099294e-05,784.9852071005918,1.1444091796875e-05,2.4836334074742694e-06,,278.244821040588,9.198469170451869e-06,,278.53565897744085,1.8707217549431254e-05,,,,9.65377018296507e-06,,0.0,,,,,,,5.729046799022065e-05,,,,,,,,,
1977-04-03 00:00:00,-1.2366367204654851,0.9054098354994192,,-0.9160216235550198,0.19511933298505976,271.48427866196494,277.32619209966714,0.8052699590575766,,,,,,,0.026828811013486963,,,271.4606628417969,271.45973205566406,271.4600067138672,271.4599609375,0.2605068048781897,,,,,,0.11720176561344305,,,100985.18065828402,,,2.36094674556213,135.66456360224436,0.13093184014043865,,275.4791505350869,,73929.99050018491,0.299979396120331,0.0019223845216649524,0.06431551563113339,0.004167037602712417,0.0034996574446999815,,264.8395500408827,-1.0113335558648646,0.19538785508398474,-8.08680765954199e-08,0.016497109535828055,-0.002753638656887077,-6.066861365420314e-07,0.25965838319451146,0.009005868575982089
1977-04-03 18:00:00,,,6.644097536978637,,,,,,487.77779111608993,4.701167565478376e-07,2.2637475965291085e-07,0.0,0.0,2.963726255338716e-07,,6.387108994658882,0.1976756259534486,,,,,,2.506552760064955e-07,5.959549687317843e-06,675.6667899408284,2.721093110078891e-06,5.327860863339266e-08,,277.5476556360369,8.852799704088967e-07,,278.01335839265903,4.473456440592659e-06,,,,2.506552760064955e-07,,0.0,,,,,,,6.451409243973049e-06,,,,,,,,,
1977-04-04 00:00:00,-1.6243096639418744,-1.2045693651458922,,-0.9781343076356064,-0.6963830530290773,274.8292922522189,279.7652624006102,0.8032957110884626,,,,,,,0.01547927405001849,,,271.45994567871094,271.45960998535156,271.4602966308594,271.4599609375,0.2150750696306398,,,,,,0.04615661801671135,,,101100.1749260355,,,1.6331360946745561,136.3688905253213,0.13095505562054335,,274.5888117502427,,73928.58917344674,0.23601310775124815,0.0006078023176926833,0.017557990621532914,3.429982789169402e-05,0.0005442581233188245,,265.26679333568325,-0.9079284837260049,-0.2658097588804347,1.1476076798914441e-07,0.009006298470900521,-0.008349161132200229,3.7923872206682483e-07,0.06394350753557047,-0.025364592583221796
1977-04-04 18:00:00,,,5.707154635141587,,,,,,518.0150508071437,8.269306823346742e-06,2.6101940835016013e-06,1.4396924415283654e-09,0.0,2.0068245593118467e-07,,5.459719065378404,0.23406675440319896,,,,,,4.469973624810664e-06,3.835638246592685e-05,852.5532544378698,9.408540274264544e-06,6.830534682824061e-07,,279.3572528545673,6.814371551987687e-06,,279.7650904909394,1.7426026290690405e-05,,,,4.4714284719094725e-06,,1.8398084584072498e-06,,,,,,,4.658023633900479e-05,,,,,,,,,
1977-04-05 00:00:00,-1.0985843500442054,0.4721822738647461,,-0.8403970786100309,0.026785557086651143,274.5206274450178,279.8912562985392,0.8058579772181765,,,,,,,0.5340063332100592,,,271.45933532714844,271.46018981933594,271.4599609375,271.4599609375,0.28851937346116324,,,,,,0.5113661726550943,,,101348.43860946746,,,2.710059171597633,136.13382210816152,0.13051537508089867,,277.66439476238907,,74184.9900147929,0.7072376808118538,0.014427749362922985,0.07955291626159344,0.007983935655221432,0.015668428861177884,,266.7985276442308,-0.9059538700171477,0.06920729868510771,-5.59291323597306e-07,0.25081740923710827,-0.03243017655152541,6.203441853089446e-07,0.40411885497132705,-0.06873860479106564
1977-04-05 18:00:00,,,5.480738357679378,,,,,,1242.741062004409,2.530217170715332e-05,4.694438897646391e-06,8.229320571267393e-06,2.041855860038622e-06,1.3663227505087798e-07,,5.085752616972613,0.34140718900240385,,,,,,9.166021671520888e-06,8.619783898077068e-05,1250.3701923076924,1.935678473591099e-05,1.9948047822749123e-06,,279.15261967224484,1.7325112805564024e-05,,279.44884314903845,4.767913084763747e-05,,,,1.739626805457843e-05,,1.2614185640797813e-06,,,,,,,0.00011150159779384997,,,,,,,,,
1977-04-06 00:00:00,0.9333032856326131,0.43665262369009167,,0.294344473167284,-0.01258883955916004,277.06721668130547,280.2031972309541,0.8104844604723552,,,,,,,0.49259148111026846,,,271.4595947265625,271.4601135253906,271.460315591573,271.4599609375,0.3643245778360663,,,,,,0.20510295311198432,,,101071.93713017751,,,2.633136094674556,134.57800202680056,0.13049185487645618,,277.2847911225268,,73982.64159578402,0.686172402116674,0.013902871002933595,0.08592146714402228,0.010584340293026535,0.008113619788775783,,267.1101782082101,0.12333629540437778,0.04683287468182265,1.3562112897854937e-06,0.38410138814936023,0.08072442239558203,3.6889209292178763e-06,0.6955027777767746,-0.042530975750917514
1977-04-06 18:00:00,,,6.305652793342545,,,,,,2222.642301931889,4.92756712366138e-06,5.478546376059041e-08,2.1654737771615473e-06,5.217197422797863e-08,1.682583230088705e-07,,5.9141484209771695,0.1883817593726886,,,,,,8.89900212104504e-06,1.1379240885288757e-05,789.5872781065088,4.189684105342662e-07,1.835912333790367e-06,,278.8428167760725,1.964710388310562e-06,,279.19117655556585,5.817801289304474e-06,,,,1.106276755502238e-05,,0.0,,,,,,,1.6294816541953905e-05,,,,,,,,,
1977-04-07 00:00:00,1.4609717307006114,0.2885570131110016,,0.5884331584682126,-0.15681832217605862,274.084774671927,279.2147989668084,0.8119178774088798,,,,,,,0.4546232689079035,,,271.45997619628906,271.4602508544922,271.46002197265625,271.4599609375,0.2601825781827848,,,,,,0.4846397264469305,,,100712.8298816568,,,2.502958579881657,134.9323150815343,0.13070746709609174,,277.17470211954515,,73648.88898391272,0.7748851635046965,0.014303127805200906,0.01636755678075305,0.00011480101466884275,0.018367649265427208,,266.9023185594547,0.5433779439982578,-0.03465630457951473,1.2950681028722305e-06,0.29740105844901865,0.11353173367017826,2.644357944238716e-07,0.044238538431698046,0.03013690325194562
1977-04-07 18:00:00,,,4.621287441817967,,,,,,1573.821868460519,2.8775023990834254e-05,2.568003517636181e-06,1.0549316744832598e-05,2.0602618801523243e-06,6.536057304326423e-08,,4.361496620629666,0.18085222413553995,,,,,,1.5547950944956943e-05,1.7237733807084122e-05,720.5968934911242,1.483048538308172e-07,3.1197653014278977e-06,,275.87454350036984,7.076508547427386e-06,,276.3298903245192,1.39754375762488e-05,,,,2.6095724670139292e-05,,0.0,,,,,,,4.6013904041087137e-05,,,,,,,,,
1977-04-08 00:00:00,0.18805472244172405,0.0602022656322231,,0.0012422256921170026,-0.21680585872492142,271.3036613690077,276.546404054179,0.8185553081642242,,,,,,,0.051389705499953774,,,271.45997619628906,271.4596862792969,271.4599914550781,271.4599609375,0.24501308463734284,,,,,,0.13834390082374523,,,100741.90255177514,,,2.455621301775148,133.8231249927769,0.1315054808848003,,273.75894995695035,,73577.5729012574,0.3357703302196122,0.0035120377592782396,0.016062311563484248,7.780645725995126e-05,0.0031491454536392845,,264.9606344911474,-0.07358639621170315,-0.04801402007334331,4.7799355111748925e-08,0.03340968498309176,-0.002794212534935517,4.363870530626213e-07,0.07818605843380358,-0.0010200309065672068
1977-04-08 18:00:00,,,4.985946830207779,,,,,,325.64527893066406,3.972570218983487e-06,1.1172564424706634e-06,2.1931268936078223e-07,2.7292504487834738e-08,8.543163040114191e-08,,4.740661006002031,0.2105560302734375,,,,,,1.0442672043862428e-05,1.1373730100823578e-05,847.5421597633136,1.3369989730197297e-07,1.8300874346106716e-06,,275.97172880454883,2.2443110597204174e-06,,276.30847095737795,5.076490563048413e-06,,,,1.0662882991091034e-05,,0.0,,,,,,,1.5351149810136423e-05,,,,,,,,,
1977-04-09 00:00:00,-0.8810232207619932,-0.08699287324262088,,-0.5095322005142121,-0.3082603702883749,271.78374738523945,277.40096558339496,0.8204428546527434,,,,,,,0.0042600236700836725,,,271.4604187011719,271.46014404296875,271.459716796875,271.4599609375,0.24802773379715237,,,,,,0.05930296768098188,,,101061.02311390532,,,2.3254437869822486,133.0338082398183,0.13229350084383812,,273.48490129278963,,73806.42901719674,0.26189887594189165,0.0026333712967189812,0.007661108434552977,2.1456966738729084e-05,0.0023590742483646913,,265.29441472341324,-0.5668978662885857,-0.06537158390474038,-1.2795110506945174e-07,0.011435130629574842,-0.0034305727957973818,-8.869963214517786e-07,-0.019197322913175503,0.007129771623914764
1977-04-09 18:00:00,,,5.447588040278508,,,,,,531.260997686171,8.15499111040104e-06,4.2292515378026566e-07,1.9604064656432563e-06,6.035521361954819e-07,1.7940867759986797e-07,,5.111995493871926,0.22416190423909024,,,,,,7.345324613638883e-06,1.6960894038691322e-05,978.5262573964498,1.0850734611940101e-06,1.2454427999152234e-06,,277.07560413970043,3.1517168297570135e-06,,277.57902355306953,8.356178829655844e-06,,,,9.305576777317115e-06,,0.0,,,,,,,2.5130852439699793e-05,,,,,,,,,
1977-04-10 00:00:00,-1.3544689550907654,0.20821121599547257,,-1.01459151612231,-0.16026997989451391,273.51451824120517,278.63489852995565,0.8166984883991218,,,,,,,0.001495282325518907,,,271.4599914550781,271.4599151611328,271.45977783203125,271.4599609375,0.3098859617696006,,,,,,0.15385292549810467,,,101358.4661612426,,,2.5207100591715976,133.75595598390117,0.13256444310295512,,274.899582992644,,74095.26638775888,0.38872156729067525,0.0023361747786843565,0.02934999965074797,0.00042515675697100936,0.0013305336765989044,,265.5098864312708,-1.0270509155544303,0.008287318006775082,1.5130330179542436e-07,0.016001074962623103,-0.0005125075402344473,-6.559329174910865e-07,-0.05018215066582494,0.05102837544221144
1977-04-10 18:00:00,,,5.226168435000809,,,,,,552.2012278238932,0.00010309663750010834,1.6933538504606167e-05,1.0177933958155164e-05,2.3785427477232805e-06,1.3627389646700125e-07,,4.9061085345477045,0.4179022975221893,,,,,,1.708153613220305e-05,5.283149389120249e-05,1494.5258875739646,1.2419588819763365e-05,3.996244549045901e-06,,276.7337335891272,2.0049953249079234e-05,,277.02917408237795,6.0860221907937314e-05,,,,2.7258896968773835e-05,,0.0,,,,,,,0.00015592504535201032,,,,,,,,,
1977-04-11 00:00:00,-0.4532116771449704,0.32557357697797246,,-0.3847364504661786,0.0034686771370250093,274.6181284887551,278.60034757535135,0.8185915061708032,,,,,,,0.07103684103700536,,,271.4602508544922,271.45977783203125,271.46009826660156,271.4599609375,0.4299301439620687,,,,,,0.15233508228550297,,,101198.30824704142,,,2.775147928994083,134.3711788019485,0.13312381541235208,,274.2120015522432,,73963.98236409023,0.4902126299294494,0.006542764471832817,0.11841697260861757,0.009445009852302145,0.007193029279539571,,265.1273980676775,-0.5643397675463434,0.038976388217429436,6.37114363496561e-07,0.08974435343544863,-0.008448801802460259,5.742392403531004e-07,0.3661006551522475,0.05640413140404154
1977-04-11 18:00:00,,,6.315495857825646,,,,,,477.6198748964252,2.788412853105534e-05,8.13294797254032e-06,9.23849950880694e-07,9.528421879520078e-08,1.6644233083435107e-07,,6.008198269725551,0.3753514035919009,,,,,,9.27575241179156e-06,3.295607820770444e-05,1389.5595414201184,4.706562623469787e-06,2.1012400734354053e-06,,276.3505873821191,8.242546453983826e-06,,276.65707776673446,2.3864253738222742e-05,,,,1.0199624405810114e-05,,0.0,,,,,,,6.08418820172372e-05,,,,,,,,,
1977-04-12 00:00:00,-0.7198823330670419,-0.030172822038097496,,-0.5917486664811535,-0.19032717033250798,274.0553534693972,276.68529984513685,0.8147449451085378,,,,,,,0.0,,,271.4599609375,271.46018981933594,271.4601135253906,271.4599609375,0.3709729437291975,,,,,,0.08530872954419379,,,101070.06157544379,,,2.3254437869822486,133.7575277294633,0.1334389173067533,,274.0885574972841,,73870.5993897929,0.386679755554799,0.0012900081611949311,0.05789449897466624,0.002421170296753652,0.0037872495030510356,,265.341476350141,-0.6636108759592271,-0.056816744381154076,1.79118297535364e-07,0.007976357308464379,-0.0021517329447015504,2.1010465932370733e-06,0.32014480089912045,-0.019455698820260856
1977-04-12 18:00:00,,,6.091416804748174,,,,,,525.0534538855919,9.792044031373142e-08,0.0,0.0,0.0,1.037814555818507e-07,,5.797322149107442,0.14526051177075627,,,,,,5.82319083651142e-07,8.19347842910586e-06,572.5673076923077,2.0285418047707464e-06,2.3285957527231183e-07,,275.50205533180014,1.8186360244920267e-06,,276.0650644697381,3.640115613768087e-06,,,,5.82319083651142e-07,,0.0,,,,,,,8.29304728282274e-06,,,,,,,,,
1977-04-13 00:00:00,-0.6074269368098333,-0.49119365850143887,,-0.5006564213679388,-0.3933513573640902,271.6054677568244,276.72739992762456,0.8091404624944608,,,,,,,0.0014176679080759986,,,271.4598693847656,271.46034240722656,271.4599151611328,271.4599609375,0.19739979399731877,,,,,,0.028619168072762574,,,101243.45099852071,,,1.982248520710059,134.31676866881241,0.13336234120927618,,273.22287222055286,,74034.14302884616,0.2040132601585614,0.00026644545899340386,0.02373319546851886,0.00036367297877926797,6.414306234325882e-05,,264.8007308689095,-0.5641887089204506,-0.14834428821089704,-5.933758699384755e-09,0.002008088227115522,-0.0008834097203771038,5.815250947764942e-07,0.09157611897005838,-0.00779598669187557
1977-04-13 18:00:00,,,5.370089700236123,,,,,,360.81888202169665,3.351526852895522e-06,2.49471835042598e-07,0.0,0.0,7.207665863493733e-08,,5.110558284104928,0.17841424885586168,,,,,,4.7832286569493765e-06,1.5529478795429658e-05,776.8779585798817,1.8959743736763677e-06,9.150767820121269e-07,,277.9173648992234,2.250108404977787e-06,,278.3183839335244,6.926504994285177e-06,,,,4.7832286569493765e-06,,0.0,,,,,,,1.8875979812892935e-05,,,,,,,,,
1977-04-14 00:00:00,-1.5465337200277656,0.2710312499097113,,-0.9520513094388522,-0.13490838270920974,273.90787898859327,278.49539310974484,0.8152175471627501,,,,,,,0.004442339112772744,,,271.4606475830078,271.46055603027344,271.4599609375,271.4599609375,0.21589534240361502,,,,,,0.04055271487264238,,,101194.48539201183,,,2.4142011834319526,132.78981785520293,0.13311647381302874,,275.4057042048528,,74027.18997318787,0.22801560621995193,0.0019153250745062292,0.02203257291151704,0.0005871135102221246,0.0016253996177537906,,266.2797746827616,-0.9786903561925041,0.013924756699059841,1.330127713639708e-07,0.02254465203269002,-0.0021680374822673006,2.597419622291524e-07,0.06553546105616191,0.005487895223515979
1977-04-14 18:00:00,,,5.227522003580127,,,,,,621.0751471886268,5.189166266537277e-05,1.0474899111414802e-06,3.792116275200477e-05,4.527836861695058e-06,1.5183250393447076e-07,,4.842483153709998,0.244326529418223,,,,,,3.660606914723413e-05,3.9320725661057695e-05,1037.2222633136096,1.9966398735018172e-07,6.002743215955926e-06,,277.92360565366124,1.028017003155319e-05,,278.43909485946745,3.3321288915780875e-05,,,,7.453146418170816e-05,,2.9605036303841855e-06,,,,,,,9.126370475137023e-05,,,,,,,,,
1977-04-15 00:00:00,-0.8792208440205049,0.6912434538440592,,-0.5221814375657302,0.07849156644922742,274.66954627403845,279.3944691313794,0.8248533021063494,,,,,,,0.0016643366164709689,,,271.4596862792969,271.459716796875,271.4598083496094,271.4599609375,0.28812403932830993,,,,,,0.1756977329592733,,,101137.42381656804,,,2.502958579881657,128.0251405253213,0.1338560482454018,,276.2278828818417,,73967.5633552145,0.36312080699311206,0.011123408932657636,0.012297161937465328,5.0122568593222716e-05,0.014392457770172661,,267.2710394323225,-0.2979611729729105,0.25714361879247183,1.0847583132074077e-06,0.08538827364961203,0.11821462415334749,-1.7685382793996396e-07,0.003976239255194128,0.049211443528621154
1977-04-15 18:00:00,,,4.774399689668734,,,,,,2422.4814004337086,8.085070277106833e-06,1.1184467719151423e-06,8.814830399123875e-07,2.6224445573676972e-08,1.2214938455058768e-07,,4.5270956310294785,0.17625797429733728,,,,,,1.1209949586518418e-05,1.434391066872862e-05,730.1168639053254,7.811316548014533e-07,2.2438812185321333e-06,,275.9712582198826,3.4916330371382676e-06,,276.42016402927374,6.356756009999112e-06,,,,1.2091675100947272e-05,,0.0,,,,,,,2.243497667933357e-05,,,,,,,,,
1977-04-16 00:00:00,-0.04349125066452478,-0.1462233503894693,,-0.08047800233378213,-0.38112884724633933,272.45767564039966,276.1157406236998,0.8229553092866254,,,,,,,0.12548704358842774,,,271.4604187011719,271.4599304199219,271.4599304199219,271.4599609375,0.23746043549486873,,,,,,0.12085665189302884,,,101684.73668639053,,,2.289940828402367,131.9663618640787,0.13439988525661492,,274.33695694962904,,74292.29410133135,0.38547188599081433,0.008347061610113851,0.018235178388787444,0.00029221653232913046,0.014655209151950814,,265.0312300461989,-0.12342013974161543,-0.19190917494734364,-1.452263918589558e-08,0.13232669160569074,0.07191305521864598,2.182134815984951e-07,0.08319939944077526,0.017362190928508544
1977-04-16 18:00:00,,,4.0930720334927715,,,,,,1898.960165712255,0.00012350752508851905,6.137404745147073e-06,2.210309519570255e-06,1.4283512470990243e-06,5.4407479915183765e-08,,3.672387405260075,0.4523984287044353,,,,,,8.907125017346715e-05,0.00025863234306124734,1807.4008598553357,4.045526392361116e-05,1.9334951007859947e-05,,278.1295202131102,5.921240918029695e-05,,278.3688531458025,0.00014267623777220235,,,,9.128186829696746e-05,,0.0,,,,,,,0.00038214771550684474,,,,,,,,,
1977-04-17 00:00:00,-0.5746472375632743,-0.42041660060543984,,-0.3103483527369753,-0.40386809964151776,276.0447788577108,279.37759886973004,0.8231459524504532,,,,,,,0.6374928790348522,,,271.45960998535156,271.4599914550781,271.46044921875,271.4599609375,0.3076360578367696,,,,,,0.9004138270778769,,,101610.14737426036,,,2.8579881656804735,131.02613442325028,0.13484145621576252,,277.8261097563794,,74303.40685096153,0.9677429163949729,0.18283211433235005,0.030801084620007396,0.02425223130446214,0.40281192402867877,,267.96946797568415,-0.2160278184879461,-0.2204771154730983,5.763701057149725e-06,1.8008931268601729,2.883441598810388,-1.4915410015930438e-06,0.03605135199586315,0.20541932596962834
1977-04-17 18:00:00,,,3.779518061488338,,,,,,1340.7395443851,3.639818031406967e-07,3.726667994578209e-09,3.4649057324821426e-07,8.248817726705202e-08,2.650060008490121e-07,,3.6474199806444743,0.22758953387920672,,,,,,6.855944909993008e-06,6.857091153161766e-06,926.8994082840237,0.0,1.3841299571581846e-06,,275.89643670257027,1.3312732679604072e-06,,276.2749124560836,1.6710186410232408e-06,,,,7.202903899920763e-06,,0.0,,,,,,,7.2208470141393895e-06,,,,,,,,,
1977-04-18 00:00:00,-0.5771970297457903,0.5192845925776917,,-0.2692116788153112,-0.1451901655930739,273.2001394237992,276.35316747180104,0.8310729162932853,,,,,,,0.019492899877785224,,,271.45997619628906,271.4601593017578,271.45994567871094,271.4599609375,0.28616721249191013,,,,,,0.09296985268289741,,,101787.60854289941,,,2.4615384615384617,134.4116743640787,0.1360852506739148,,273.890413182727,,74379.41413184171,0.34727187002816146,0.0020683593238626755,0.0087287651978367,0.0,0.0010539060513648762,,266.0050103001341,-0.18872029118283967,0.025746717960876825,-3.368073304804347e-08,0.007916651806689401,0.0069780302999993046,-2.6229702883583256e-07,0.008789754257752346,0.011465382602440535
1977-04-18 18:00:00,,,4.0097469521697455,,,,,,999.0343171113766,4.2628673230402566e-08,0.0,4.2628673230402566e-08,0.0,2.0921808388841905e-07,,3.84157474224384,0.25056719356740015,,,,,,3.7360693928758067e-06,3.742919297966026e-06,1010.0421597633136,0.0,1.1775389137352712e-06,,275.52711604191705,9.663601422450951e-07,,275.99987720737795,1.5025098736469563e-06,,,,3.782514284348347e-06,,0.0,,,,,,,3.7469421706256075e-06,,,,,,,,,
1977-04-19 00:00:00,0.2757086161325669,-0.43742888636842986,,-0.01585713222887389,-0.5225918053169928,273.6537382588584,277.07871350169887,0.8243230584810471,,,,,,,0.0010475153048362957,,,271.46019687472716,271.4598846435547,271.4600881011881,271.4599609375,0.2838560928254438,,,,,,0.07680985490245933,,,101870.79326923077,,,2.502958579881657,135.27484004455206,0.1359516177657088,,273.92544158393815,,74430.18856323964,0.31297418779346364,0.0025021389233376885,0.013472966564620829,8.66802310097147e-07,0.0022949467043904864,,265.6569948817146,0.06347850194344154,-0.1630845443736872,1.0723627614823154e-07,0.011770846575674926,-0.00590440154781003,1.0459006633285774e-07,0.01646528741311745,-0.010111973924044322
1977-04-19 18:00:00,,,4.534997539407403,,,,,,767.0706808052811,1.0954138971644746e-05,4.825661697331265e-06,0.0,0.0,5.368499131632153e-08,,4.4764244034445495,0.2688540848049186,,,,,,6.3308773661506246e-06,3.1552723878939475e-05,1078.8332100591715,1.0029230950146738e-05,1.664697771241679e-06,,276.8399169741298,6.4284402943221774e-06,,277.17101174980934,1.4899662260473128e-05,,,,6.3308773661506246e-06,,0.0,,,,,,,4.2511161262467064e-05,,,,,,,,,
1977-04-20 00:00:00,-0.7085873530461237,0.21054460875381378,,-0.3802748911479521,-0.27135004799746903,272.63063753568207,277.11574911083693,0.8183775237326086,,,,,,,1.9000479455530292e-05,,,271.4599914550781,271.45982360839844,271.4598693847656,271.4599609375,0.3421060234837278,,,,,,0.10879832611986871,,,101769.61908284023,,,2.437869822485207,136.75306674573548,0.1357472098085302,,275.18017126681536,,74390.95599112425,0.3744929387019231,0.0017627089686647675,0.04956559908642439,0.002090143734181421,0.0014153542603261371,,265.78675435986037,-0.25408489746454904,-0.10049480235082864,1.3998537751454749e-07,0.009987813953762135,-0.002650811122013972,6.082566240086005e-07,0.24967635453805415,-0.05578951652233417
1977-04-20 18:00:00,,,5.503357334249824,,,,,,1174.477550197292,3.688522344510231e-05,3.0531509388127975e-06,2.0819567364348464e-05,5.906723307434624e-06,1.5879884049139321e-07,,5.385162878318651,0.22368852062338201,,,,,,1.7227770308771078e-05,4.046273654734595e-05,882.6183431952662,4.165910581159874e-06,3.921826915628106e-06,,276.9393919995551,1.0164223126405794e-05,,277.33356399084687,2.8901816119809123e-05,,,,3.8047690363325314e-05,,0.0,,,,,,,7.732274264273559e-05,,,,,,,,,
1977-04-21 00:00:00,-0.13587554389908468,0.8039498300947381,,-0.20817872899523854,-0.004894363809619429,273.9905915570682,277.42090800810143,0.8136818811032899,,,,,,,0.03200657410029124,,,271.4601135253906,271.46002197265625,271.4600524902344,271.4599609375,0.2522594745342548,,,,,,0.13470477042113535,,,101421.01941568048,,,2.4142011834319526,136.38259707117928,0.1357903226592837,,275.0162426649466,,74151.03869267751,0.3265578569568826,0.00573066282554491,0.026814026260726462,0.0010038635434483636,0.006777836726262019,,265.8973977354151,-0.15277362575192424,0.07231329143400023,-2.6973893963414953e-07,0.09398104312151846,0.031782116410294936,3.8568912757307117e-07,0.16625389096481427,0.04587007426386754
1977-04-21 18:00:00,,,5.957064487524992,,,,,,261.38062760636615,1.2643117259240009e-08,1.0163307302912487e-09,0.0,0.0,2.016630351781768e-07,,5.736197494190826,0.055490347055288464,,,,,,1.7368098302088545e-08,3.1226584632721173e-07,239.37019230769232,7.569475771760094e-08,4.090810299316454e-09,,275.3237543049649,1.3769900470354853e-08,,275.6312205297707,1.2858451162216932e-07,,,,1.7368098302088545e-08,,0.0,,,,,,,3.223120064072355e-07,,,,,,,,,
1977-04-22 00:00:00,-0.6263879121407955,-0.9028461162860577,,-0.4430838364821214,-0.5708026547403731,273.1247349123983,277.9858947392751,0.816405211327344,,,,,,,0.0018236171564406896,,,271.4600067138672,271.4597930908203,271.45985412597656,271.4599609375,0.08101297412398299,,,,,,0.0017116478914339867,,,101324.59744822486,,,0.8402366863905325,135.35213294396033,0.1362055857506024,,272.5666186992939,,74082.01028568787,0.08277540940504807,1.1130506117668378e-05,0.004277765398194804,7.410792733085226e-06,0.0,,263.732767951559,-0.515290542467106,-0.2576382371800891,2.6752576769257967e-08,0.00011174899542128347,-0.00021260377218032024,-4.1764657030856106e-07,-0.01574931835987159,-0.0012644390250451465
1977-04-22 18:00:00,,,5.641333151145799,,,,,,820.6869078335696,1.445452313451372e-05,2.1640409732006005e-06,3.4872684958418447e-06,6.36220066505071e-07,1.7324140849026416e-07,,5.31931895193969,0.21151959120169195,,,,,,7.31221582057208e-06,1.2859525765187641e-05,862.5373520710059,2.2835809098192928e-06,1.0746635893392846e-06,,277.6549845136834,1.7077480194836679e-06,,278.1087523691753,1.0341802645011766e-05,,,,1.079778699479865e-05,,0.0,,,,,,,2.7319030648857882e-05,,,,,,,,,
1977-04-23 00:00:00,-1.0160115315363958,0.42799929331040243,,-0.680691357900405,-0.05985616085797372,272.6687881198861,277.34301468888685,0.8151041953521367,,,,,,,0.05392776579546505,,,271.4599609375,271.45989990234375,271.46009826660156,271.4599609375,0.284981541379669,,,,,,0.12579697829026443,,,101328.56471893491,,,2.591715976331361,135.20498982265858,0.13597134584505882,,275.67359779854496,,74107.2760493713,0.35452148778992293,0.002922238682854105,0.028915636681351595,0.00018358442204943775,0.0023594720829168015,,265.22352735530694,-0.7553486231516099,0.04754191742846246,5.215457920002277e-07,0.034222709829230195,-0.0017348065884155634,7.41600645182533e-07,0.08504600038189859,0.005795818108778734
1977-04-23 18:00:00,,,5.859800039663822,,,,,,328.34733124893074,1.9202041908128728e-05,3.1608977966760036e-06,2.045217438562382e-07,1.1632990466772452e-07,1.216126373726544e-07,,5.655234438427807,0.3078708084377311,,,,,,2.065841549423319e-06,2.3963403772320267e-05,1245.026627218935,4.661065586925259e-06,4.2430078335238634e-07,,277.1201677491679,4.006406435599694e-06,,277.531267335429,1.875544793507051e-05,,,,2.2702944084737427e-06,,0.0,,,,,,,4.3177569406272394e-05,,,,,,,,,
1977-04-24 00:00:00,-1.1950489303769445,-0.23122434785380166,,-0.7777443044989772,-0.40631018305671285,273.69092230260725,278.8155004738351,0.8145467907013978,,,,,,,0.03313694338826738,,,271.46002197265625,271.45982199541385,271.4598693847656,271.4599609375,0.3600066596939719,,,,,,0.07452266173955252,,,101226.0073964497,,,2.4201183431952664,133.82035132413785,0.13596116579495943,,275.2797205998347,,74008.58438886834,0.3986004254458329,0.0026714674819856,0.06898318583399922,0.0036516697449091623,0.0014367018931010771,,266.2794617421528,-0.7795614547278049,-0.21234908470740685,5.441136168162393e-07,0.062429423600287755,0.005980400908628159,1.0109093238616131e-06,0.22844268302240314,0.025710762252469033
1977-04-24 18:00:00,,,5.552861524051463,,,,,,3816.771547921096,2.0093422316940577e-07,8.368126210376355e-08,3.5992311038209135e-10,0.0,1.3277175526800096e-07,,5.255328979717909,0.1916484042737611,,,,,,4.330065828808666e-06,4.388601381397812e-06,778.0528846153846,1.0378098738043618e-08,9.19237424283338e-07,,277.20016497549926,9.589977341996142e-07,,277.556832759338,1.3860725086821607e-06,,,,4.330539756272672e-06,,0.0,,,,,,,4.589822165359407e-06,,,,,,,,,
1977-04-25 00:00:00,-0.5271369550355087,-0.18400635803944965,,-0.48574728655391897,-0.39606283402301856,274.8427156527367,278.8025537976146,0.8112158256874987,,,,,,,0.5678234213202663,,,271.4601593017578,271.45994567871094,271.4599304199219,271.4599609375,0.2583874583949704,,,,,,0.04629769409901997,,,101337.50906065089,,,2.36094674556213,134.78431674573548,0.13597746008246608,,275.9893760003987,,74096.49745747041,0.7521763585243352,0.009798629354315634,0.011701379463278037,0.00011228139583881084,0.0055086993606838245,,266.1464177419448,-0.5145666415874774,-0.21442198330128687,1.0609378504874075e-06,0.3378076720307719,0.10767965433711307,1.5953771075813828e-07,0.04065955461129634,0.001627284372170296
1977-04-25 18:00:00,,,6.155667745150053,,,,,,338.67945590865946,8.57482471409634e-06,1.1592816848021287e-06,0.0,0.0,2.0611587280342796e-07,,6.061810674046623,0.23132829835428995,,,,,,1.5029066501284492e-06,5.659222955534444e-06,888.4534023668639,1.3791674957472897e-06,3.65621950367146e-07,,277.6495989737426,1.9023227973802555e-06,,278.1627132257766,6.644154441427197e-06,,,,1.5029066501284492e-06,,0.0,,,,,,,1.4219719630021315e-05,,,,,,,,,
1977-04-26 00:00:00,-0.39996250423453966,-0.42367334760857756,,-0.3012235348041241,-0.40509596943149906,274.603811771912,278.70876190366124,0.8120495775747582,,,,,,,0.011448877097586909,,,271.4592742919922,271.46018981933594,271.46006774902344,271.4599609375,0.29109778771033656,,,,,,0.045060197277181954,,,101187.3324704142,,,2.6153846153846154,135.20369544396033,0.1360185386161127,,276.11841641939606,,73981.4787352071,0.30411434737888315,0.0005195853272838705,0.02613212088861409,0.0007064920910716762,0.00014356431171033508,,265.93814673790564,-0.3593625401604105,-0.16086858264087925,4.8473651254668104e-08,0.0027950162572762793,-0.0012810888242792097,1.7043512774191895e-06,0.19126511620875647,-0.022609236325032613
1977-04-26 18:00:00,,,5.671005074089096,,,,,,364.30987548828125,1.0853820651240603e-05,2.4233233822873357e-06,3.362019386517226e-06,4.4518762086270125e-06,5.0405762425262875e-08,,5.493785164059972,0.2525518293211446,,,,,,1.849926258685321e-05,4.786147168402136e-05,1004.0584319526628,7.015360883001745e-06,3.302965820188353e-06,,279.65478804548815,9.536831336613942e-06,,279.9794459596894,2.0045676880334255e-05,,,,2.1861458318473318e-05,,6.519147806619046e-07,,,,,,,5.8720626774624254e-05,,,,,,,,,
1977-04-27 00:00:00,-0.8128749012241702,0.2760698950502294,,-0.6321082369110288,-0.1558233351397091,277.81406163322856,281.6542362009985,0.810196832086913,,,,,,,0.00119617845885147,,,271.46067810058594,271.4601593017578,271.4598846435547,271.4599609375,0.227514142820821,,,,,,0.05474835457886464,,,101093.88942307692,,,2.57396449704142,135.11359744100176,0.13578712023221529,,278.06080257257764,,73972.93118990384,0.2417707273946006,0.0017315875849074865,0.025932650594316292,0.0010721189735909185,0.0035564490323941383,,267.17512837246323,-0.609379537006807,0.06772696160705838,4.067500326823796e-08,0.011160381919478435,-0.001225036453213212,2.2696682455888868e-08,0.13064828673763387,-0.0039062277805170364
1977-04-27 18:00:00,,,6.596319497689693,,,,,,1181.4485079717974,1.2417428592253013e-05,1.947952092751949e-06,1.1064001970742582e-06,1.6240970666944627e-07,1.6876236571256656e-07,,6.30817288054517,0.3113094532983543,,,,,,5.605173181499955e-06,4.316019941363814e-05,1310.1028106508875,6.36222270818857e-06,1.0817669905149019e-06,,279.6856046597633,7.5566521763096195e-06,,279.9912947254068,1.8477704398025422e-05,,,,6.710372027560804e-06,,1.6975861329298753e-06,,,,,,,5.558609257082968e-05,,,,,,,,,
1977-04-28 00:00:00,-0.9959461336305155,0.06773728026440863,,-0.78612364255465,-0.19054309009800297,276.96312176405326,280.17187933385725,0.810896487631036,,,,,,,0.23822996602255916,,,271.4607238769531,271.4600524902344,271.45985412597656,271.4599609375,0.38016577726285133,,,,,,0.07595391809587648,,,100951.95987426036,,,2.63905325443787,137.44315550313195,0.13573631873497596,,278.1191305126664,,73892.48388960799,0.5166605516121938,0.002143525796131165,0.03973214142678923,0.002058723269129646,0.0030463856352856877,,267.36824929502586,-0.7961698678823618,-0.009845304771287906,1.255171304171183e-07,0.02916621597560905,0.0018387508066095544,1.1038945230259974e-06,0.13888346090824646,-0.010152784324962007
1977-04-28 18:00:00,,,7.155877897725302,,,,,,291.85394264335065,2.556122266329252e-05,4.902338752379784e-07,2.329580529907046e-05,7.465790362047726e-06,1.2285481339675986e-08,,6.702336847429445,0.2769882834169286,,,,,,2.383480410604082e-05,4.1731363217506186e-05,1142.8957100591715,3.119633042600733e-06,5.238309238083969e-06,,279.4896565273669,1.2619564166435828e-05,,279.87693001109466,2.188751330742469e-05,,,,4.7129639507045405e-05,,1.2779068311996008e-06,,,,,,,6.729487836713621e-05,,,,,,,,,
1977-04-29 00:00:00,-0.9419802716497839,0.7245081952337683,,-0.7788174646140555,0.04026599748600164,276.0292145317123,279.48796054456363,0.8120414015104079,,,,,,,0.01660117877305612,,,271.46006774902344,271.4596252441406,271.4598083496094,271.4599609375,0.3135984522351146,,,,,,0.05486690363235022,,,100954.39182692308,,,2.467455621301775,135.7077634912976,0.1364183341257671,,278.12504044933434,,73873.48204049557,0.3275402904262204,0.004242908319777991,0.02693641716018512,0.0006307201272637181,0.005559763259436252,,267.1623182127462,-0.744872544644147,0.1730448367327628,-1.552923617022768e-07,0.04514294663119025,0.016235345686626063,4.5431604589605647e-07,0.09832176336875328,0.07893210495188391
1977-04-29 18:00:00,,,6.662716543886083,,,,,,1220.2883380392323,4.307229137984959e-06,2.272405038923907e-06,2.4100864780019726e-06,2.5494211524195923e-06,4.44907210192081e-08,,6.4051068097176636,0.2558339135886649,,,,,,1.0481600225324462e-05,1.5933044563383746e-05,1106.214127218935,8.713707504187816e-07,2.534123214744252e-06,,278.2085293199889,2.391305724544638e-06,,278.5569916674371,7.282788231528017e-06,,,,1.2894706613213353e-05,,0.0,,,,,,,2.0222991881285897e-05,,,,,,,,,
1977-04-30 00:00:00,-0.8150235746033798,0.15476198027119834,,-0.7028262911463631,-0.24642301029002173,274.57416376418615,279.1645522258691,0.8158716897992693,,,,,,,0.12303116476747411,,,271.45989990234375,271.45985412597656,271.4599914550781,271.4599609375,0.32836282041651255,,,,,,0.22375081982132952,,,101055.61353550295,,,2.4201183431952664,136.58017473390117,0.1374290680744239,,276.8502667669714,,73903.31749260356,0.5453557359528612,0.006038688343657545,0.027700616057807877,0.0006782204441770294,0.00934668546597633,,266.4919490475626,-0.7049954826309837,-0.10556666808720877,-1.640164361544747e-06,0.08909500278620333,0.00789245114435811,6.404564820626784e-09,-0.020314989358010377,0.01759620143111641
1977-04-30 18:00:00,,,6.94399764834071,,,,,,766.1805464263655,6.962148748205964e-06,1.2020123075451372e-06,5.308296200791759e-06,1.3585805826814922e-08,1.2282071541788154e-07,,6.548141541565664,0.19092266376201922,,,,,,8.98152060762665e-06,1.250075165336654e-05,718.4367603550296,1.1118779168326474e-06,2.413723595748992e-06,,277.8725499260355,2.294778823852539e-06,,278.29569474620934,6.205958903893916e-06,,,,1.429224155358309e-05,,0.0,,,,,,,1.9456155201387123e-05,,,,,,,,,
1977-05-01 00:00:00,-0.7250994733099402,0.7853666677982849,,-0.5312157015828691,0.0027084576307669192,274.1878688293096,278.6348407451923,0.8153681508182774,,,,,,,0.14812419823640902,,,271.4595489501953,271.4604187011719,271.4600372314453,271.4599609375,0.2190620377218935,,,,,,0.06497598681929549,,,101195.84596893491,,,2.36094674556213,136.8819036540195,0.1380750469907501,,276.09187289807926,,73993.74373613166,0.36839068711862055,0.0031963466892581016,0.019670294586723373,0.0002922334614590075,0.005206892476279355,,266.04279070069805,-0.5541198042017468,0.03678799804145768,-5.645572225778149e-07,0.031249746063051843,0.014182209263186482,1.8775137731173082e-07,0.04866615343376024,0.03659586138891045
1977-05-01 18:00:00,,,5.711414134008645,,,,,,764.6533966064453,2.00500855079064e-05,2.841404556522708e-06,4.917118676315398e-06,5.221964251360244e-07,4.6690212868873207e-08,,5.442890596107619,0.2605635964658839,,,,,,2.452360807791264e-05,4.1844753118661734e-05,996.7156065088758,3.4230127489778417e-06,5.31870056186202e-06,,276.8692764191938,1.0866517498648379e-05,,277.2044829419379,1.55710962397107e-05,,,,2.9440903099330923e-05,,0.0,,,,,,,6.188055467323438e-05,,,,,,,,,
1977-05-02 00:00:00,-0.6720752659634021,0.4918889547946185,,-0.5633828597661306,-0.02760603865222818,273.37065323146845,277.0196971103284,0.8183138793742163,,,,,,,0.4019843508756703,,,271.4607238769531,271.4597625732422,271.45997619628906,271.4599609375,0.3132983377622165,,,,,,0.1864692329941593,,,101215.4774408284,,,2.5798816568047336,136.62353642029169,0.13909637011014497,,275.3238107353978,,73959.80931028107,0.5896787764669875,0.00586355660305656,0.042232161081866525,0.0005536248698037051,0.010017259586492234,,265.2682857174845,-0.5656897753653441,0.11095164936675123,-2.493998827102743e-07,0.07827156275709177,0.029418890303074513,2.8047490570165173e-07,0.07901446071602183,0.07461373779107128
1977-05-02 18:00:00,,,4.201749587200097,,,,,,685.8356809438386,3.27477264686449e-05,1.3277022796269704e-05,5.181107295335397e-06,3.83885654472035e-06,2.357489699787135e-07,,3.8964605274990465,0.27784593570867233,,,,,,8.161119102726322e-06,1.7217321861425094e-05,1160.571640736958,1.1998631016037168e-06,1.6106535079916552e-06,,276.1649234929734,6.697080015430789e-06,,276.6623722956731,2.0405817666702723e-05,,,,1.3339360790139825e-05,,0.0,,,,,,,4.9993924840667544e-05,,,,,,,,,
1977-05-03 00:00:00,-0.4183512185452252,-0.30852860106518987,,-0.3114994997103539,-0.3454800611416969,274.0657157220784,277.99824189857617,0.8175557125249558,,,,,,,0.0483820085694804,,,271.45948791503906,271.45936584472656,271.45989990234375,271.4599609375,0.37077526664416466,,,,,,0.1127508039305196,,,101171.83949704142,,,2.633136094674556,136.30856323242188,0.139620718871348,,274.78115673178047,,73925.25760447486,0.45612562796067907,0.0025161687064351986,0.026658812797398956,0.0002543714624890209,0.0035272632124861317,,265.96182476698294,-0.3035734503932253,-0.17468566443087788,1.6368369886323744e-07,0.014870602460237104,-0.002187351657617727,4.2127509359972957e-07,0.06112999852592423,-0.009328794549908159
1977-05-03 18:00:00,,,5.219798737023709,,,,,,1379.9846670839208,1.3743102903196798e-05,4.90772829958673e-06,1.7457503891555515e-06,1.1196811876353428e-06,3.1900838798961806e-08,,5.1782820154223925,0.22211469842132026,,,,,,1.1249891752322044e-05,3.7633235285268025e-05,816.4859467455622,6.717293572849071e-06,2.739951014518738e-06,,276.89665195081363,6.828115448443847e-06,,277.26606416420117,1.9127227498229438e-05,,,,1.2995443753236849e-05,,0.0,,,,,,,5.136597791367029e-05,,,,,,,,,
1977-05-04 00:00:00,-0.9853896135409203,0.5752207682682917,,-0.6480380289653349,-0.09286319257239618,272.9363763572196,277.55489119129066,0.8153264614251944,,,,,,,0.7584909849618313,,,271.4605255126953,271.4593048095703,271.4599151611328,271.4599609375,0.1998351509049094,,,,,,0.48470328968657544,,,101257.4188239645,,,2.4615384615384617,136.4591272117118,0.13982957636816262,,275.4230900149374,,74040.99080066568,0.8423553994421423,0.01700072140107758,0.057707940367000186,0.00201360713800735,0.013883375650900002,,265.7736768553243,-0.6112442298753727,-0.029564191603801658,-9.589712135493755e-07,0.3556463277551549,0.003867504578193969,1.1991916469590375e-06,0.25427511943670916,0.0076175871685411805
1977-05-04 18:00:00,,,4.930942371752135,,,,,,223.715087890625,2.2285436032086435e-05,3.7965557631656262e-06,1.107041652386005e-05,1.012617667045819e-06,1.5151431532948657e-07,,4.8286340194341,0.3634760929987981,,,,,,1.3983461278430103e-05,3.5159333923159265e-05,1332.0273668639054,5.010096631811921e-06,3.0881333985977625e-06,,276.3483063285873,7.561413494087535e-06,,276.70456817446376,2.149946590852455e-05,,,,2.505431866504737e-05,,5.458718573553322e-06,,,,,,,5.747192710109011e-05,,,,,,,,,
1977-05-05 00:00:00,-0.46586920382708485,1.0937519581360224,,-0.4287556021876589,0.17978151310125046,273.84914881237864,277.9277618227626,0.812826624636114,,,,,,,0.008086639043142104,,,271.46043395996094,271.46063232421875,271.4599304199219,271.4599609375,0.37605908636510726,,,,,,0.06220231818024223,,,101218.03180473374,,,2.7159763313609466,136.76991678271773,0.14029825650728667,,275.05188295262803,,73979.79213664941,0.38882735212879066,0.004057184478940343,0.06522936230780593,0.0017563238651794794,0.006365059395513591,,265.50739509537374,-0.43907606813329214,0.2415966790103348,4.1225603288253106e-07,0.03715694019735926,0.017370406797254934,2.350799047757359e-07,0.0666003308352634,0.08745126724904458
1977-05-05 18:00:00,,,4.3620340076423965,,,,,,1065.380922842717,0.00011427021590915658,1.2271503019615038e-05,2.543271116956451e-06,1.7601445581786025e-08,1.24123510071104e-07,,3.906337303522776,0.19644101836977626,,,,,,7.642510198277129e-06,9.462303487506844e-06,794.9112426035502,1.478455299456444e-06,1.5130299611909855e-06,,275.26280076969306,1.6144217824089457e-05,,275.6560665333765,6.378331833337185e-05,,,,1.0181637205315766e-05,,0.0,,,,,,,0.00012372760377692049,,,,,,,,,
1977-05-06 00:00:00,-0.8269634416117471,0.3687762988389596,,-0.4444335395767844,-0.09722204603387054,273.31910136747643,277.6988908214682,0.8133089831594885,,,,,,,0.12054955770188223,,,271.45928955078125,271.4597625732422,271.4595489501953,271.4599609375,0.24019230046921228,,,,,,0.150817010221044,,,101072.32914201183,,,2.6153846153846154,137.2819822412976,0.14085328649487017,,274.0755924021704,,73843.67659023669,0.3653146635366262,0.005255696572554188,0.03054524348658157,0.00022082921315932414,0.007861030172314164,,265.1929387199808,-0.4189125264184715,-0.006625384268676035,2.214765225601873e-07,0.06299558455074901,0.015991868504967827,4.0163198309797606e-07,0.15638427330544713,0.0028818729361133463
1977-05-06 18:00:00,,,4.7472253438283705,,,,,,809.5434665802986,0.00022026667228111855,6.311691018956652e-05,4.279278439177564e-06,1.3565829233128643e-07,2.2888613822415316e-07,,4.359376309186044,0.30281455135909763,,,,,,1.0060576292184684e-05,2.4294183099058252e-05,1133.5108014168825,5.2895374904722854e-06,1.5529666162101474e-06,,275.346281604654,4.783202205183943e-05,,275.7836827385355,0.00010371948840350088,,,,1.4341530009839662e-05,,0.0,,,,,,,0.00024456491131754314,,,,,,,,,
1977-05-07 00:00:00,-1.0666367513893624,0.2054285579884546,,-0.623909764035919,-0.1143290897798256,273.71144248465816,276.3230254946376,0.8134824213896983,,,,,,,0.2422553970968935,,,271.4598083496094,271.4596862792969,271.4601135253906,271.4599609375,0.3253604126267532,,,,,,0.15641480326492715,,,101283.67344674557,,,2.7810650887573964,137.51265901644555,0.14154913862781413,,274.0054881981844,,73989.32567492603,0.573370775417287,0.01963508834663886,0.033117640046085944,0.0005610200780383228,0.030284760954353087,,265.30504107052053,-0.6044083600918922,-0.007796609190088758,-3.934255801141262e-07,0.2317145587299529,-0.025117634316167887,-5.816486568969244e-07,0.08214554631498439,0.031725526914088684
1977-05-07 18:00:00,,,4.904013492651945,,,,,,1022.2854196800375,0.0004417698764236721,0.000100483555765547,5.273848287099917e-07,7.493289176528976e-07,1.1298588100619636e-07,,4.710065931963498,0.2950126151361409,,,,,,2.4634088284870578e-06,1.3996687161146536e-05,1164.405686508269,4.000074544249201e-06,6.1449655414333e-07,,274.90536508052304,7.065672140855055e-05,,275.25469889443303,0.0001531878166650174,,,,2.9906806861155133e-06,,0.0,,,,,,,0.00045571983213255394,,,,,,,,,
1977-05-08 00:00:00,-0.5895589286759055,-0.8815204631647414,,-0.40845606877253604,-0.6045392391949715,273.93098251071905,276.9722864275148,0.8102667649116742,,,,,,,0.3612112011429826,,,271.4600830078125,271.4599914550781,271.45977783203125,271.4599609375,0.3550718859190772,,,,,,0.27637540377103365,,,101481.93472633135,,,2.621301775147929,138.56968102088342,0.1417913352243999,,274.03521358331983,,74176.9570081361,0.6580502844068425,0.04771776508333411,0.06184067286727903,0.0038013232530221433,0.05833358313204974,,265.10629173143377,-0.3562318982457268,-0.43316844511314256,1.3164548546395445e-06,0.6869793163808634,0.03175671636705568,-2.2223900201780028e-07,0.2735549373078276,-0.09218473300425964
1977-05-08 18:00:00,,,5.036037405567057,,,,,,1352.9394942774918,1.0440511816352077e-05,6.993626349071074e-07,1.6519265282436235e-07,5.610942972834999e-08,3.260961474708527e-07,,4.8651994727772365,0.12095136473164755,,,,,,3.840917578110328e-06,8.585361333993766e-06,481.6760355029586,1.1623071054735127e-06,4.2796752156590567e-07,,276.2296389066256,1.141793210301879e-06,,276.72978400055473,1.0077461335785996e-05,,,,4.005954551273549e-06,,0.0,,,,,,,1.9031912970119678e-05,,,,,,,,,
1977-05-09 00:00:00,-0.8751548394648987,-0.5405170508390348,,-0.42913292992044483,-0.4471801272510777,275.1406900078587,278.2956838212775,0.8093143669811226,,,,,,,0.1266375660190921,,,271.4597930908203,271.4606475830078,271.45997619628906,271.4599609375,0.17972388634314904,,,,,,0.3446806055554271,,,101588.99297337278,,,1.7218934911242603,138.2656869380432,0.14204941698785364,,274.6097090681629,,74320.93199889053,0.4556382760493713,0.010828187479775334,0.049384077625161796,0.0014068417295196353,0.011047950157752404,,265.184375830656,-0.36778706770676833,-0.2399558851704795,3.416453936008444e-07,0.03849679020029553,-0.03501670494587464,2.404775459473655e-07,0.06116889496526775,-0.043334660445444685
1977-05-09 18:00:00,,,3.9328774954440324,,,,,,1396.315674559085,7.183847607240169e-06,1.2192279982143606e-06,2.0093422316940577e-07,1.2332474338937793e-06,1.1543193740767465e-07,,3.9243495026989095,0.10694199059841901,,,,,,7.416568035204735e-06,1.2655406308597361e-05,495.7141272189349,1.0404471285949798e-06,1.5961849433783243e-06,,277.3924625554734,2.728367345572929e-06,,277.7619195520525,6.882319524443361e-06,,,,7.618185595647823e-06,,0.0,,,,,,,1.9836399329484567e-05,,,,,,,,,
1977-05-10 00:00:00,-1.3508277136898605,0.1737758422038964,,-0.5651423155203373,-0.25640099429519925,273.08437351926545,277.83185645109097,0.800393644874618,,,,,,,0.4042805691618891,,,271.4591522216797,271.4599609375,271.4597473144531,271.4599609375,0.1859468539085614,,,,,,0.3286195616265373,,,101585.47836538461,,,2.1893491124260356,140.03135816585382,0.1416085909104206,,275.8761430548493,,74354.95233912722,0.5527329458992862,0.005403903735933836,0.03882142919055104,0.0007645844002447185,0.006667278222078402,,265.165591087567,-0.45549493146365916,-0.10171934274526742,-1.2197879778693799e-07,0.044601045416657034,-0.0016859170688679939,-3.812617827075969e-07,0.03309559151971129,0.03521628283272833
1977-05-10 18:00:00,,,4.390602224677272,,,,,,1012.6589251636753,0.00021081281131541234,7.190833077628232e-05,1.208977939109125e-06,1.4749228866142635e-06,1.191600961125037e-07,,4.210660663582164,0.48874643072485924,,,,,,2.8344212904484314e-05,0.00016364147947338608,1830.587959966716,4.098352772244335e-05,5.718000982640058e-06,,279.37511990338385,7.151181881244366e-05,,279.6810598881287,0.0001545846129648485,,,,2.9554293000486475e-05,,4.532399791232228e-07,,,,,,,0.00037445429078879845,,,,,,,,,
1977-05-11 00:00:00,0.28245178200084076,0.862673832820012,,0.09935767834003155,0.13952624868359087,276.79469795904214,279.8945572531435,0.8025780810406927,,,,,,,0.46247439412675667,,,271.45970153808594,271.4602813720703,271.46014404296875,271.4599609375,0.38133384208002036,,,,,,0.44184016517898034,,,101289.08043639053,,,2.8816568047337277,138.50963109484792,0.14181313994368153,,278.5969599436021,,74118.79192862425,0.8128331740932352,0.07032866612732543,0.029082998189766555,0.03066831509742511,0.2146553158107043,,268.36645074426775,0.1079203306570561,0.20332968446629993,-4.439247729389008e-07,0.7544885502147252,0.45128432742854546,1.9177260857554893e-09,0.04897883975294215,0.09234986930380207
1977-05-11 18:00:00,,,3.8537804868799697,,,,,,1043.4009941146219,7.249635352185492e-06,8.264082599673751e-07,3.004389279108693e-09,1.184129811955627e-09,2.0295260179603263e-07,,3.637452921218421,0.21445893959180842,,,,,,9.44107594574697e-06,1.1396654964198727e-05,963.5913461538462,2.451527577180129e-07,2.011910257254832e-06,,277.67522362703403,3.2369245791576318e-06,,278.10327581823225,5.437072212174094e-06,,,,9.444095855633889e-06,,0.0,,,,,,,1.8646466661487106e-05,,,,,,,,,
1977-05-12 00:00:00,-0.36802445360894737,-0.23165976507423897,,-0.16892315226899096,-0.48684675453682624,275.7979497965976,278.9771504599667,0.7979673683290651,,,,,,,0.0013865295951888405,,,271.46019629384637,271.4604187011719,271.4598693847656,271.4599609375,0.26707557813655697,,,,,,0.1526332155487241,,,101218.58450443787,,,2.42603550295858,139.31884892029169,0.14169125867313181,,276.9737064880732,,74018.12409855769,0.3640673350123964,0.0040014354917138105,0.043955119779972726,0.00045916032508985533,0.004675718454214243,,266.8683426535341,-0.06496085782022872,-0.24038249924338076,-8.707614212583464e-08,0.010408479017729061,0.008837575743184287,-3.2756757266687216e-07,0.06216028138730653,0.08602084422252587
1977-05-12 18:00:00,,,3.708776214419032,,,,,,1584.0909567819515,0.0,0.0,0.0,0.0,1.9480904543423783e-07,,3.642891347760985,0.12947515905256102,,,,,,8.130418522470801e-07,1.2618732037981585e-06,578.9212278106509,1.236840465365077e-07,1.74780728945718e-07,,277.86080950674926,2.00206799620002e-07,,278.3479552861501,3.6172789229443794e-07,,,,8.130418522470801e-07,,0.0,,,,,,,1.2618732037981585e-06,,,,,,,,,
1977-05-13 00:00:00,0.35707399831015685,-0.9369079996142867,,0.03656128877718773,-0.7105513973348945,276.9572594998151,280.107700686483,0.8201006382880126,,,,,,,0.06700820471408099,,,271.4606475830078,271.4604034423828,271.4602966308594,271.4599609375,0.18609564967409392,,,,,,0.04239090236686391,,,101037.73298816568,,,2.1893491124260356,136.11660224869405,0.14108740507498296,,277.5350479035688,,73948.70730861687,0.2706194430322403,0.0005993709056335088,0.01697961285781975,3.4902751798460466e-05,0.00024664825236303566,,266.7082223384338,0.034631825057712534,-0.4399761843258107,5.526716262810349e-08,0.0002506274796096531,0.0002440110333925168,-3.4737951014075184e-08,-0.015220954573366063,-0.017895982815669134
1977-05-13 18:00:00,,,4.372094013281828,,,,,,598.8055146347136,3.2953521203712596e-05,9.735043232257549e-06,0.0,0.0,9.248512776392187e-08,,4.080765319999153,0.33323976415148854,,,,,,9.966452093519402e-06,6.322783125928167e-05,1331.6272189349113,1.0406124521289352e-05,1.732535528008049e-06,,280.3850805519601,1.1958534548268515e-05,,280.74953483265534,3.6491885693115596e-05,,,,9.966452093519402e-06,,2.236077947729438e-06,,,,,,,9.611495853175779e-05,,,,,,,,,
1977-05-14 00:00:00,0.3830132399790386,0.5770417271986515,,0.08349980122944307,0.06163978012355827,279.1431747526812,282.6214837971524,0.8313053737025289,,,,,,,0.0,,,271.4598846435547,271.4602355957031,271.45977783203125,271.4599609375,0.41727087386613765,,,,,,0.22503662764193963,,,101008.46856508875,,,2.727810650887574,135.39762110964082,0.14042786874714688,,279.9202021311021,,74000.99886741865,0.4786187959228747,0.0027220651923527957,0.13152432492410643,0.0029501266028048724,0.004714977106399084,,268.0837227183686,0.043452590174928925,0.13144041095259626,-2.0529593911246512e-07,0.016140013435144616,0.005302587292603487,-3.711946450515523e-07,0.728832006983503,-0.11590398980315621
1977-05-14 18:00:00,,,6.698276136048447,,,,,,319.6230118695427,7.618099627410166e-05,1.1396654964198727e-05,9.659920218428211e-06,4.685351614063308e-07,7.149974838623876e-08,,6.194100893460787,0.41352419881425667,,,,,,2.451928762289194e-05,0.00018651421958878196,1442.3879437869823,7.412463602935068e-05,3.956919591102375e-06,,279.51931022328034,5.4937936145173024e-05,,279.86698236409023,0.00011841362044656066,,,,3.418044225704035e-05,,2.086321277731269e-05,,,,,,,0.0002626998890081101,,,,,,,,,
1977-05-15 00:00:00,-0.613605787062786,0.2992422679472252,,-0.5489763226029436,-0.15019537005904157,277.11714100132326,281.4046753651997,0.8356817664479362,,,,,,,0.0007541137334157729,,,271.46044921875,271.46022033691406,271.4601745605469,271.4599609375,0.39929542315782174,,,,,,0.10339897200906065,,,101187.10891272189,,,2.7041420118343193,134.66343102088342,0.14041137413160334,,279.2827478894115,,74087.02595691568,0.4050128643329327,0.002850264487181895,0.08384253146380362,0.011760756814268214,0.003906870734762158,,266.51802740153477,-0.5366126912585377,-0.03681567152576334,8.125272558395166e-07,0.037213929073289916,0.00497465353657508,3.988276213027272e-06,0.45077164283231697,0.14475269719252926
1977-05-15 18:00:00,,,5.711392893593692,,,,,,1189.7608080828632,2.1493117484820665e-05,1.879331804591523e-06,5.4729143543356266e-06,1.2475754735032483e-06,5.3393274926946954e-08,,5.496889633539865,0.24981806828425482,,,,,,2.811343227265149e-06,3.2264011851429236e-05,909.5772928994082,7.265175764377301e-06,5.445192353083537e-07,,280.0171562962278,5.149056572885908e-06,,280.43559454742973,2.1339520900207158e-05,,,,8.283899380610539e-06,,6.478742734920343e-06,,,,,,,5.3742404520158935e-05,,,,,,,,,
1977-05-16 00:00:00,0.11762538887339936,0.9251511266245644,,-0.14776697102383043,0.13789194434352176,276.38911383815065,280.9772385817308,0.8366334082106867,,,,,,,0.030748536600869084,,,271.4597930908203,271.45973205566406,271.4599304199219,271.4599609375,0.31177137025009244,,,,,,0.12393152361085429,,,100981.54234467456,,,2.7041420118343193,133.68377125756982,0.1400210166118554,,279.2065328564164,,73921.57710798817,0.37234632503351517,0.003406868883843958,0.04048917420517058,0.0011869972274148252,0.003284482560919587,,267.12266405094306,-0.1680392880411543,0.27624603700355665,7.904333961588887e-08,0.059587501209868485,0.040280064262075005,1.2334395363959953e-06,0.17384797406862296,0.0561337322657983
1977-05-16 18:00:00,,,5.5155225505490275,,,,,,675.9833699649142,5.4603497657550156e-06,9.908803777229151e-08,4.3573993197559606e-06,2.1399588450877623e-06,-9.833854955852516e-09,,5.215123357152092,0.16227297811113164,,,,,,1.828694308297874e-05,2.79459374896168e-05,747.3161982248521,2.645661492319502e-06,3.200575444825302e-06,,278.44499179456363,5.391487003078122e-06,,278.91099123982985,9.430803843503874e-06,,,,2.2645620904730623e-05,,4.041264902734192e-08,,,,,,,3.3411489435906946e-05,,,,,,,,,
1977-05-17 00:00:00,-0.3286805914703911,0.16178550381632245,,-0.24581658064260992,-0.18829602461594802,273.8059491941915,279.30824415218194,0.8414446782078263,,,,,,,0.0,,,271.4596405029297,271.4604797363281,271.4599151611328,271.4599609375,0.18638520551151072,,,,,,0.03216904860276442,,,100989.9974112426,,,2.3550295857988166,132.43150609484792,0.14026733263004462,,278.09577445306724,,73853.58665403107,0.19102180074657915,0.0023236839023567514,0.01688847567365668,0.0005782934335561899,0.004448862470818694,,266.5890562520225,-0.11158570171107907,0.04252980023446168,1.5218467212257322e-07,0.013425685950284878,0.0028305170980430917,5.600786769277686e-07,0.08565491607506379,0.00809166838343327
1977-05-17 18:00:00,,,6.292977321782761,,,,,,1242.4280029011663,2.8640560849883852e-05,6.690202556418244e-07,3.3235761540881274e-06,1.3594443981464092e-06,1.6837289209681502e-07,,6.100045576603455,0.1607284094454974,,,,,,2.781102797512472e-06,4.533523991263124e-06,713.2862426035502,5.039998148319989e-07,4.141512960636404e-07,,278.1361033422707,1.2895566295589922e-06,,278.5589043431028,1.7527292466022558e-05,,,,6.105420152111167e-06,,0.0,,,,,,,3.3185679531661716e-05,,,,,,,,,
1977-05-18 00:00:00,-0.3776758690557536,-1.1306557175675793,,-0.2612028911974303,-0.7356605699076455,274.97476539386093,279.81417864737426,0.8408704618730488,,,,,,,0.08535297100360577,,,271.46009826660156,271.4601745605469,271.4599151611328,271.4599609375,0.13981095714681951,,,,,,0.30132244042390904,,,100937.0698964497,,,2.1538461538461537,133.14142658301358,0.14039988771698178,,277.67881350545485,,73809.68128235947,0.43364160300711907,0.006989546781460914,0.010621832672660873,0.00018167072499292137,0.00592069795145791,,266.4115161782891,-0.16115983703432704,-0.42851731904159635,1.2605106300493901e-06,0.049292547230129324,-0.01818357875361245,1.8772548631167028e-07,0.02057574310246304,0.0010350413576385678
1977-05-18 18:00:00,,,5.900500811063326,,,,,,2844.3754182197677,4.539563811036962e-07,1.569058106848474e-07,3.4921367572807876e-09,0.0,-9.504729811620166e-08,,5.672833036388871,0.054556942550388315,,,,,,0.0,6.786861715937507e-06,234.06545857988166,3.04069656592149e-06,0.0,,279.41113859097635,1.7792559587038481e-06,,279.8999774639423,3.3638710100975263e-06,,,,2.229435213692707e-09,,0.0,,,,,,,7.235704089057516e-06,,,,,,,,,
1977-05-19 00:00:00,-1.9622834674000034,-0.34049845588277783,,-1.2344882389497476,-0.2833332648644081,273.3795038708568,280.67456343611315,0.8357218324080021,,,,,,,0.05999299901476979,,,271.4602355957031,271.4594421386719,271.4598846435547,271.4599609375,0.08358015252288277,,,,,,0.03127257217316938,,,101003.1575443787,,,0.15976331360946747,133.94098279603134,0.13997119700414895,,277.79528005024383,,74008.05297707101,0.15598265518098187,0.0016863190916162976,0.012444174501317493,0.0006028237427480122,0.0019267670501618695,,267.1880948219074,-1.2251479357657349,-0.07384920966695752,4.115345129762506e-09,0.03527521099564592,-0.028249722613385445,-6.819933311209171e-07,-0.03666877993465175,0.002323207395845616
1977-05-19 18:00:00,,,5.486448626546465,,,,,,952.3102845691499,7.920540296114408e-05,2.3019692954227065e-05,0.0,0.0,9.284299509338042e-08,,5.109276252385428,0.19644309500970783,,,,,,2.1717450498829227e-06,2.474562656244583e-05,765.4448964497042,4.073329402144844e-06,2.837861122111597e-07,,280.264613766642,1.326225389390302e-05,,280.73957129484097,3.912145569479677e-05,,,,2.1717450498829227e-06,,1.5798316904779016e-06,,,,,,,0.00010396496078671788,,,,,,,,,
1977-05-20 00:00:00,-1.3636050478241148,0.6771197911550307,,-0.9449614237046101,0.18432532541850616,278.0006154077293,281.67561367418637,0.8300150435351761,,,,,,,0.09270125169020432,,,271.45989990234375,271.46070861816406,271.4599151611328,271.4599609375,0.3428285848239117,,,,,,0.15827048036473743,,,101202.92141272189,,,2.727810650887574,139.31773945283607,0.13948793241963584,,279.84425128282174,,74126.53476331361,0.4713819145318672,0.011828543662579906,0.09231453347047405,0.0025728496574085845,0.010892721322866587,,267.60725718842457,-0.9076160002036913,0.3528881693732809,-9.525522690255349e-07,0.2314749080122906,-0.06450809388471072,-1.4502956213694089e-06,0.582414813295624,-0.25781536666599253
1977-05-20 18:00:00,,,4.836706454937275,,,,,,540.4896145459288,8.317519574475712e-05,3.436472288955598e-05,5.31808335400192e-06,4.538578758313811e-08,2.7959277118368836e-08,,4.576539948141787,0.38252429849297337,,,,,,4.442574004449788e-06,6.962827676852074e-05,1375.7054963760827,1.8667275383627627e-05,9.807873759749373e-07,,280.5867450420673,2.0853866486859746e-05,,280.9929618158284,7.550471280453473e-05,,,,9.76101004865748e-06,,4.80505136343149e-06,,,,,,,0.00015279835850529416,,,,,,,,,
1977-05-21 00:00:00,-0.6245265994551619,0.15799660090158676,,-0.44896693483612243,-0.15585188893876836,278.0923920580621,281.23144097864275,0.8401647636876304,,,,,,,0.133617017396103,,,271.4598388671875,271.4606170654297,271.4598083496094,271.4599609375,0.4052807263941807,,,,,,0.2792344524954947,,,101118.24093934911,,,2.4911242603550297,136.17827014810234,0.13922911423903245,,280.55932183801775,,74048.44859467456,0.5308388609152573,0.011897923078521612,0.12854496503149618,0.010580841606185281,0.01138341779539571,,267.97062376123915,-0.39622974395751953,-0.04421847529665253,1.001953125911346e-07,0.21636169659285173,-0.0023377248521387222,2.3754031504862583e-06,0.8147123187515862,-0.11206932039655877
1977-05-21 18:00:00,,,5.48453285849306,,,,,,387.1546173095703,0.00013070064183522964,2.5398896996086166e-05,2.6779106030097373e-06,8.436046628909704e-08,8.553851486428933e-08,,5.254386083614191,0.47479952298677885,,,,,,3.988463321381067e-06,6.461848874063887e-05,1693.1695212132831,1.619628371571648e-05,7.566169301080985e-07,,280.2098352556398,1.9374860108956782e-05,,280.5789845483543,7.323753198928382e-05,,,,6.664897034154136e-06,,1.8446579487366085e-06,,,,,,,0.00019531137139134152,,,,,,,,,
1977-05-22 00:00:00,-1.1686473654572076,0.5796636491132205,,-0.7744320750941892,0.1326840135472766,279.19750543176775,281.9488590398484,0.8415372999462151,,,,,,,0.06968553531804733,,,271.45909118652344,271.46083068847656,271.4602603348049,271.4599609375,0.4949104841467897,,,,,,0.11286944327269785,,,101321.42585059171,,,2.6568047337278107,135.7012915978065,0.13932943626268376,,279.99348476793637,,74170.86998428254,0.518405610089295,0.012220551981728459,0.10427155573549267,0.011189996843507305,0.010886288253513314,,268.4816862027321,-0.684981825789051,0.30371891323631334,9.118720025276027e-07,0.2117407305494017,0.05456631280173212,6.986941078666752e-07,0.47337847771729236,0.08770450015039839
1977-05-22 18:00:00,,,5.371609467726487,,,,,,483.2097913953993,3.944469626838639e-05,1.586158071043929e-05,0.0,0.0,1.1601413241256933e-07,,5.210084390358107,0.29604921961677144,,,,,,3.688299157739391e-07,4.457960114676571e-06,1185.4826183431953,1.150943867906311e-06,1.3086390984657953e-07,,279.4122350568602,3.921099492078702e-06,,279.8249323918269,2.0822477058546077e-05,,,,3.688299157739391e-07,,0.0,,,,,,,4.389009179448235e-05,,,,,,,,,
1977-05-23 00:00:00,-1.0135233275283724,-0.24897113777476654,,-0.7219852808664536,-0.2886733500915166,277.4093703772189,281.80407931536615,0.8409679800095643,,,,,,,0.18381351267797708,,,271.4604797363281,271.45973205566406,271.46038818359375,271.4599609375,0.3980754916542403,,,,,,0.11225385496602255,,,101377.28624260356,,,2.3076923076923075,132.70771726348696,0.139077000364044,,279.8778574565459,,74268.27639607988,0.498050197606256,0.028840691380246856,0.07006075308718801,0.0008875773503230169,0.017382401686448317,,268.1673471123509,-0.6685717486770901,-0.16827784205329488,-8.148914953892135e-07,0.546308810879754,0.3454088103976762,1.349148530645307e-07,0.4239517604855038,-0.08136937674686048
1977-05-23 18:00:00,,,4.469890701700244,,,,,,1004.4767365355592,0.0001235748889178214,5.754034900100979e-05,6.017983290394382e-08,0.0,1.1571469877229332e-07,,4.2745261841271756,0.3335927026511649,,,,,,2.1302626198212775e-07,2.4475642209927712e-05,1280.1900887573966,7.759933993661191e-06,3.6500680905122024e-08,,280.1088144877959,1.3453544244258362e-05,,280.5534234583025,8.748868513389452e-05,,,,2.686218110590997e-07,,5.283475627560588e-06,,,,,,,0.00014804982574733756,,,,,,,,,
1977-05-24 00:00:00,-1.3422121183406672,-0.588709289505637,,-0.7469702500563401,-0.43640992768417447,277.691877195821,281.2997454581176,0.8535890840214385,,,,,,,0.04911838057478504,,,271.45997619628906,271.46018981933594,271.4600067138672,271.4599609375,0.3240544245793269,,,,,,0.13101349779840052,,,101409.67566568048,,,1.757396449704142,129.82250091733312,0.1386273683175533,,280.1678083972818,,74276.81134430473,0.3752490338048286,0.00839752127339281,0.07791896533652204,0.003212330609383668,0.007871774526742788,,269.0048559064696,-0.6781574621708435,-0.33026509031036194,9.562584437903831e-07,0.16015200078840086,0.051084803815479196,1.0905633488075515e-06,0.3007386807330261,-0.01786154367514616
1977-05-24 18:00:00,,,4.158524671249841,,,,,,1386.407009360231,0.00012174301598904401,2.104528909604225e-05,0.0,0.0,1.2758419660923e-07,,4.0688638630703355,0.22160131691475593,,,,,,6.140915114851393e-07,6.4410048829027884e-06,871.7414940828403,1.4985090441252352e-06,5.062327158124842e-08,,280.0281859629253,1.9694838298143014e-05,,280.43636597401996,4.257058956213957e-05,,,,6.140915114851393e-07,,8.183625146482118e-07,,,,,,,0.00012816867884799573,,,,,,,,,
1977-05-25 00:00:00,-1.171754340448323,-0.3609891022450825,,-0.632023715408596,-0.34871880683673206,280.1412144045858,282.6669026211169,0.8527283026621892,,,,,,,0.16639393462231877,,,271.45994567871094,271.4600524902344,271.45973205566406,271.4599609375,0.26900378345737797,,,,,,0.14585966753536428,,,101275.50795118343,,,2.136094674556213,137.3672494380432,0.13842940753733618,,280.25267976839865,,74168.64289016272,0.4251613297538292,0.016355570942248196,0.03518640642335429,0.0009430597519733497,0.01689220180172892,,267.8581593530418,-0.5958090562086839,-0.2339409766112559,2.210978993776767e-06,0.29623682820264,0.13345914760240443,1.0046517419953936e-06,0.19103439332994485,-0.07116582443022869
1977-05-25 18:00:00,,,3.9832887705966566,,,,,,645.0177129260181,7.747334136060003e-05,1.3857330443591055e-05,3.2363735007111135e-07,5.995733498116217e-09,2.4468068287857e-07,,3.8882765064578084,0.37708810659555286,,,,,,2.078948950273751e-06,1.832088951528425e-05,1452.7825443786983,3.883163251820401e-06,3.388567590678232e-07,,280.1666642589682,1.0046843417297454e-05,,280.6272160456731,3.601751736635287e-05,,,,2.4022060562167646e-06,,4.605781397170569e-06,,,,,,,9.581499551174909e-05,,,,,,,,,
1977-05-26 00:00:00,-1.271104536112949,-0.3318678274662537,,-0.609736482067221,-0.5189916565573427,279.99376646865755,281.48095125277365,0.8475225201019874,,,,,,,0.14747912963692475,,,271.45997619628906,271.4598388671875,271.45985412597656,271.4599609375,0.4276170339104692,,,,,,0.1461643144576507,,,101411.93953402367,,,2.7928994082840237,139.22805750017335,0.1382738316552879,,280.4194177029401,,74265.96262481509,0.5356505920548411,0.012639410310209943,0.08225188979923108,0.0016565492167275333,0.009519306160289155,,268.5967880339312,-0.5723424098900789,-0.37280837741829237,2.9842053852099153e-07,0.2177608054373744,0.06702580314113059,-1.619743224069443e-07,0.21070634190147444,-0.07068092054163916
1977-05-26 18:00:00,,,4.40890892863979,,,,,,1155.4662393423228,7.899907919076773e-05,1.1381268853971944e-05,0.0,0.0,1.8407947273777534e-07,,4.136215238176154,0.2819863945774778,,,,,,4.779806459796499e-07,8.794242108361961e-06,1216.230399408284,1.4596855675680398e-06,2.2771801336629857e-07,,280.52145259338016,1.2719199149566288e-05,,280.9819321491309,2.997126099625988e-05,,,,4.779806459796499e-07,,2.2326392182231654e-06,,,,,,,8.780399017785427e-05,,,,,,,,,
1977-05-27 00:00:00,-0.49244952342919346,-0.07570015608206303,,-0.4090514324120516,-0.32417543964273127,280.12161236825074,282.7333002034024,0.8394261824308767,,,,,,,0.28699877135147006,,,271.46006774902344,271.46034240722656,271.46026611328125,271.4599609375,0.3943654329983721,,,,,,0.19504998888842454,,,101332.44027366865,,,2.4319526627218937,139.36031526644555,0.13766043284941,,281.0478443394046,,74275.28605769231,0.5984709315751431,0.015169498874370515,0.08256448533951881,0.001321422983203414,0.013801845573109282,,268.4336399778106,-0.39640187935010923,-0.22257334240794888,-1.2493642612247447e-08,0.2725439822141456,0.04341436194437804,4.028579173764605e-07,0.4215623505217899,-0.09312715332888992
1977-05-27 18:00:00,,,5.386339543133798,,,,,,645.8991695497094,0.0002729215565517809,3.462465557120961e-05,0.0,0.0,8.625224217691199e-08,,5.115599936987522,0.4277661566198225,,,,,,2.240773136093772e-06,6.974475270897679e-05,1700.7059911242604,1.4682713697647907e-05,5.30481889579423e-07,,281.7549492649778,5.164107627417209e-05,,282.1094255616679,0.00012764422851201346,,,,2.240773136093772e-06,,1.3496792880741097e-06,,,,,,,0.0003426949653399767,,,,,,,,,
1977-05-28 00:00:00,-0.711637051147822,-0.22461454967069908,,-0.5803083329511112,-0.26357956045478054,281.05678797614644,283.5111596824149,0.8377694462883402,,,,,,,0.07759961009730953,,,271.46055603027344,271.45945739746094,271.4601135253906,271.4599609375,0.49859022043821727,,,,,,0.1423393297494808,,,101243.11575443787,,,2.1420118343195265,136.82245468952246,0.13699634258563703,,282.18314447346523,,74195.20153014053,0.5526056891670946,0.004690903883713942,0.10562330871522868,0.005752303896571052,0.004016300630287305,,269.70476608727813,-0.5534512841489894,-0.15403261692566278,1.2088121904267588e-06,0.07223970626932762,0.007889628322166805,2.0478242118264267e-06,0.5776670579991398,-0.06717070143603714
1977-05-28 18:00:00,,,5.69124060975024,,,,,,526.5504126051452,8.690075056087337e-05,2.8528140846794174e-05,0.0,0.0,7.008303010377471e-08,,5.439114576260719,0.44930849696052144,,,,,,1.6006211248727946e-06,8.803129901547404e-05,1548.575073964497,1.933804806872938e-05,4.0135869877578237e-07,,282.2259008644601,2.6555368180811054e-05,,282.6372980422522,7.761600454883463e-05,,,,1.6006211248727946e-06,,5.430282925712992e-06,,,,,,,0.00017492517211733485,,,,,,,,,
1977-05-29 00:00:00,-0.08385644720856254,-0.004092566360383344,,-0.2779015535433617,-0.13019784667788173,281.82639290171966,284.40212850175664,0.8371572931842691,,,,,,,0.0774347429444804,,,271.4593048095703,271.46026611328125,271.4598846435547,271.4599609375,0.4695443599181768,,,,,,0.10804938141410873,,,100821.19267751479,,,2.3136094674556213,136.6073566865639,0.13632310494868713,,282.71957632211536,,73879.54262204142,0.5199885706268471,0.006854514398518399,0.09802659858188995,0.004329325884756957,0.003821525348008737,,270.18868314302887,-0.25945577113586066,0.03603216317983774,1.2451114424727528e-06,0.10061735208917784,-0.011300414976989024,3.996988591054708e-06,0.5998079229419025,-0.053512225489644606
1977-05-29 18:00:00,,,5.037497458373301,,,,,,669.1750978168689,3.002539894284581e-06,1.3132419811903373e-06,3.2326433884762445e-08,5.116720322916317e-09,3.481748605666395e-08,,4.722870459923377,0.30595163198617786,,,,,,3.6857559307087103e-06,4.687429179806681e-05,1128.6342455621302,6.616027397516916e-06,7.759873375032075e-07,,282.6229659763314,7.599041130415787e-06,,283.03465352255915,1.8655195744079952e-05,,,,3.7182805806222045e-06,,7.757773766150842e-06,,,,,,,4.987321661774223e-05,,,,,,,,,
1977-05-30 00:00:00,-0.14519471952901084,0.12954635732978054,,-0.3119106857028939,-0.1800425207826513,280.8557287814349,284.4014480861686,0.8399163329389674,,,,,,,0.0006938347449669471,,,271.46080017089844,271.45989990234375,271.4599914550781,271.4599609375,0.3387892683582193,,,,,,0.053050295135678625,,,100465.64644970415,,,2.2189349112426036,137.02835335816152,0.13574588651487812,,282.9274570081361,,73626.29093472633,0.3488344234254586,0.0013981175845896704,0.05142207296989505,0.002067419198843149,0.0013985831356612887,,270.19124011880547,-0.25823091473099746,0.043955357117060376,3.943914527241582e-08,0.008236269746251272,-0.000929887963117227,3.613846737494659e-07,0.2399524059697721,-0.01844062960359472
1977-05-30 18:00:00,,,4.578382311488045,,,,,,898.4565185333465,3.957845402892524e-06,9.125528427270742e-07,1.2820977827853704e-07,1.8464227774615824e-08,1.759233987151739e-08,,4.355693427768685,0.24429303231323965,,,,,,2.2895518447873153e-06,8.929190198345297e-06,990.926775147929,1.3616156472256904e-06,6.740433356818363e-07,,282.98430565828403,1.549379095523315e-06,,283.4191331129808,5.121723081938614e-06,,,,2.418889956185098e-06,,4.96424690506162e-06,,,,,,,1.2880951695188263e-05,,,,,,,,,
1977-05-31 00:00:00,0.07907604465823202,-0.5167026914788421,,-0.13614345866547534,-0.47852082788591555,282.08227972448225,286.56370770155326,0.8445994561240517,,,,,,,0.0012428012825328218,,,271.4599914550781,271.46022033691406,271.4597625732422,271.4599609375,0.28914502386510726,,,,,,0.05423461191752959,,,100390.41568047338,,,2.059171597633136,136.69153752975916,0.13503649672107584,,283.7123460036058,,73582.75698039941,0.3062019233961077,0.001367498431685408,0.0381645347906508,0.00030749648280397674,0.0010356762000089566,,270.5033760747966,-0.1358725813013562,-0.32408841827212,7.015655387073105e-08,0.008541028160576367,-0.001203818610433996,4.848776510558449e-07,0.15074216323138695,-0.03790332050718499
1977-05-31 18:00:00,,,4.6809693229269,,,,,,324.50817623653927,2.876453145721255e-06,1.8747688750543538e-06,1.59742486988299e-07,1.928447359985501e-08,2.092660664609694e-08,,4.418256088121403,0.2374392176520895,,,,,,3.308487626222464e-06,1.9269493909982535e-05,889.6956360946746,2.8749762554845866e-06,5.103923248116081e-07,,282.3790897166235,3.6061250951868544e-06,,282.82756882165313,8.403152756437042e-06,,,,3.469556834570755e-06,,1.3193038441020357e-06,,,,,,,2.215088471858459e-05,,,,,,,,,
1977-06-01 00:00:00,-1.1339249864837828,0.18012029884834968,,-0.7505010232417542,-0.11974843719301845,280.9644378120377,285.0896545049001,0.8469407731259363,,,,,,,0.0,,,271.4604797363281,271.4592742919922,271.4598083496094,271.4599609375,0.2987364819769323,,,,,,0.03704021386140902,,,100610.2400147929,,,2.100591715976331,134.8262915978065,0.13440706320768278,,282.68714317908655,,73728.5759522929,0.30608426607572115,0.0009155865957045696,0.025418037654846085,5.384909330740483e-05,0.0007423818464109884,,269.86397322254066,-0.6749676078028933,0.07214012936022154,-4.302920608646264e-08,0.003201941752130546,-0.0006889774513667858,2.224615053222074e-07,0.0523067744525932,-0.014815439839334883
1977-06-01 18:00:00,,,5.987004342163808,,,,,,404.85100307126015,3.082388956871258e-05,5.709040447099674e-06,0.0,0.0,2.991403484157839e-08,,5.702347033122588,0.43312966611963755,,,,,,6.317938044226381e-06,6.724091676565316e-05,1713.012573964497,1.4708327823842066e-05,1.1711243606178012e-06,,283.4769929964867,1.6358653469198554e-05,,283.8321395964312,3.4345853963547205e-05,,,,6.317938044226381e-06,,1.1194298958637305e-05,,,,,,,9.806198481271958e-05,,,,,,,,,
1977-06-02 00:00:00,-1.7855038163224621,0.3322185651790461,,-1.2187548078728851,0.07928625930695844,282.2538701345229,285.26907330575074,0.8490768103204536,,,,,,,0.000693309941940759,,,271.4601593017578,271.46014404296875,271.4600067138672,271.4599609375,0.544845468083606,,,,,,0.23932155631703034,,,100669.7838387574,,,2.272189349112426,137.3800083137828,0.13387979135005432,,283.7534251918454,,73795.0412120932,0.618465614742076,0.004899679556400818,0.13039663354673328,0.006700594749676405,0.0156344351683848,,270.63230110484466,-1.1479923767451,0.24620754196799013,1.6145508703823923e-07,0.024756369506113627,-0.006108219851050856,-1.0048259344480975e-06,0.44749718728150134,-0.06334845413117719
1977-06-02 18:00:00,,,5.132811117454393,,,,,,393.1378335444885,0.00022721078974255443,6.048813374084834e-05,2.384284985135998e-06,6.266147691822617e-07,6.097642446720191e-08,,4.890632217452371,0.47537538426867604,,,,,,6.333897276037543e-06,0.00015698064713788454,1728.6306612816084,4.5041713488877874e-05,1.1922802621796286e-06,,282.769025633321,6.87042284293993e-05,,283.26466143907174,0.00012906980232374202,,,,8.716870694470828e-06,,1.6731711534353402e-05,,,,,,,0.0003842136563634026,,,,,,,,,
1977-06-03 00:00:00,-1.6566245062111398,0.1862337405865009,,-1.1598817667312171,-0.06133542258358566,281.9730289617234,284.2772281804734,0.8496885447812503,,,,,,,0.010251513599644047,,,271.4603729248047,271.46043395996094,271.45985412597656,271.4599609375,0.5202014247498327,,,,,,0.22313023524182524,,,100607.48557692308,,,2.301775147928994,136.3348437427769,0.1332625891329974,,283.2496012851331,,73752.78101886094,0.5773512807029945,0.00761343359240877,0.12405024136047392,0.01263791146363027,0.017105689415564902,,270.41320584088385,-1.1348576235347951,0.02625267322246845,9.915245959611703e-07,0.05004390490743519,-0.006969779906188242,-2.6904880213854317e-06,0.3045622695832563,0.09186116337070804
1977-06-03 18:00:00,,,5.637284352229192,,,,,,680.1666559524085,0.0001118518191681811,2.8595945538853753e-05,2.919992751623752e-05,4.829739677835498e-06,-1.374437703531285e-07,,5.462437008964945,0.4820031160433617,,,,,,0.00016090132781034392,0.00026022276934787366,1748.7018315241887,2.663049119464039e-05,4.0789327677890395e-05,,282.9241430519601,6.737643797722088e-05,,283.21516445543637,0.00012864287082965558,,,,0.00019009367248715733,,1.9416477553237825e-06,,,,,,,0.000372100511246179,,,,,,,,,
1977-06-04 00:00:00,-1.5655997011083118,0.236324959252713,,-0.9908965522720969,0.00907825718264608,281.81669083995934,284.4060983149963,0.8558043915139147,,,,,,,0.0387348423342733,,,271.46067810058594,271.46016300359423,271.45989990234375,271.4599609375,0.48437003008249774,,,,,,0.4708047900679549,,,100811.30750739644,,,2.544378698224852,137.19273945283607,0.1349397664944801,,283.30708990153477,,73869.53897004438,0.7260053834971592,0.03201188610061101,0.07472009156696628,0.005821814903846154,0.06424085628351517,,271.13987235345786,-0.9285160945012019,0.11316838349110982,-8.901432376994184e-07,0.30739847863004843,0.04123185195866421,-1.0419105001885069e-06,0.32250673601613244,0.10344693611359455
1977-06-04 18:00:00,,,5.495336436661037,,,,,,1003.7835852267474,0.0004580310110509748,0.00013015855698895876,9.27701989221855e-07,7.274566141105968e-07,-1.722152973284129e-08,,4.912516684221798,0.47543154383552144,,,,,,6.096611714222022e-05,0.00042968850323379135,1822.3583441739956,0.00010834431507178312,1.4761562001775708e-05,,281.9819942677515,0.00014578855249303333,,282.3261285364275,0.0003129106301527757,,,,6.18941332461566e-05,,3.0827328298218855e-06,,,,,,,0.0008877343272734085,,,,,,,,,
1977-06-05 00:00:00,-1.906933643408781,0.23324767231235843,,-1.1520465986263118,0.005019509580713758,281.38493031157543,283.26747555704515,0.8503110359406331,,,,,,,0.37538083770571373,,,271.45982360839844,271.4598693847656,271.4599914550781,271.4599609375,0.39112791057521773,,,,,,0.7002749414838982,,,100981.4088387574,,,2.6508875739644973,139.3935992901142,0.1360455123630501,,282.20118632119085,,73999.92067307692,0.8656633312885578,0.1272547404617953,0.09504804581280774,0.054313885389700445,0.32931155469988405,,270.56001092132027,-1.126056146339552,0.0685743185190054,1.3032736609408842e-06,1.3925034689480031,0.45822774552734646,-1.7340587432766278e-06,0.4949783739253614,0.22008728240368633
1977-06-05 18:00:00,,,5.306098689694377,,,,,,487.1700884424998,0.00025538086185793906,7.816496685411803e-05,1.27299121145666e-07,3.887376246544031e-08,2.7944529850136475e-07,,5.170634376932178,0.39119381876386833,,,,,,1.8241302766038116e-06,4.086436251916829e-05,1537.2723906026083,1.0575019043578198e-05,2.910114394930693e-07,,279.9863830205251,5.519566451304058e-05,,280.39600765070264,9.532828302778436e-05,,,,1.951313671275709e-06,,2.5691718039427987e-06,,,,,,,0.00029622450382751827,,,,,,,,,
1977-06-06 00:00:00,-0.9151751444889948,0.5459576160950068,,-0.6240988116292558,0.07878401152480989,278.9224355122041,281.49353821884245,0.8407432588599842,,,,,,,0.051561389449080064,,,271.4602355957031,271.4597473144531,271.4599304199219,271.4599609375,0.561194850319236,,,,,,0.16165513258713943,,,101024.1788091716,,,2.6094674556213016,144.0743038019485,0.1367063691630166,,280.24407272790313,,73996.93726886094,0.6137756260894459,0.00992493681561971,0.10889014960046219,0.004051078706098026,0.008914292916743713,,269.18482745469674,-0.565679234160474,0.201953171272955,4.903716556128588e-07,0.10751354881896728,-0.003510701585803512,-5.3990763865587624e-06,0.24003550851133448,0.31877917968309843
1977-06-06 18:00:00,,,4.98638278351733,,,,,,387.93121555873324,0.00012676849873108272,1.6945970834359615e-05,2.4258803862791797e-06,7.105881028626798e-08,7.913616189172425e-08,,4.717169575437286,0.45507577749399036,,,,,,2.745026447011169e-06,3.275231144131993e-05,1659.5189997204661,6.870779941773274e-06,7.05281217422711e-07,,280.9392927722818,1.7706855867035995e-05,,281.3011944110577,6.442468547256741e-05,,,,5.1654787105921455e-06,,2.2308978103321686e-06,,,,,,,0.00015953165539623013,,,,,,,,,
1977-06-07 00:00:00,-0.6779420502792449,0.08451837054371128,,-0.5571765561075606,-0.08056688026563656,281.1133462578587,283.15795609513685,0.8310877874758117,,,,,,,0.09418221197184726,,,271.4598846435547,271.45989990234375,271.4601593017578,271.4599609375,0.4951400284451493,,,,,,0.13150141789362982,,,100877.73298816568,,,2.63905325443787,143.53533375756982,0.13610246195595646,,281.2093917575814,,73911.29851608728,0.552490792242733,0.0143308722601443,0.07805547291776661,0.003349580708340075,0.035636224690273666,,269.6023310373521,-0.5346519989374827,0.023213967769103644,3.07438591797905e-06,0.1528457887567161,0.0014663211251857012,7.407243981628166e-07,0.38407827386930143,0.03155690925361137
1977-06-07 18:00:00,,,5.697005706425955,,,,,,283.83602941388915,0.00014804876767672025,4.378066965814173e-05,1.4852137255245412e-05,2.9758566759041783e-06,2.3532465033814552e-08,,5.3946406178220485,0.6125771787745007,,,,,,5.591709232894627e-05,0.00017898675252699993,2238.731705343935,3.1646186783468936e-05,1.3512267163519323e-05,,281.8612847864275,5.758831486899472e-05,,282.20084105723004,0.00013765780883427908,,,,7.077293283135228e-05,,2.130195939329249e-05,,,,,,,0.000326995666210468,,,,,,,,,
1977-06-08 00:00:00,-1.6683175126476402,0.38412929850922534,,-1.0409664289485774,0.07441849680341912,281.5706909901997,283.49183934680104,0.8299599000688135,,,,,,,0.04657560269508136,,,271.4598846435547,271.45985412597656,271.46002197265625,271.4599609375,0.7049592606414704,,,,,,0.3713215275408601,,,100918.39607988166,,,2.5502958579881656,138.62873704898993,0.13539659342116858,,282.1442611062315,,73945.67899408285,0.7472375543159846,0.022546590670954283,0.10398416886844579,0.005996500952003976,0.05388889651326738,,270.28343281943415,-1.0370497844628328,0.1870261705838717,-5.534857982692457e-07,0.205676407075195,0.012628405051823903,4.796450751001489e-07,0.6046522081162803,0.05894831334345439
1977-06-08 18:00:00,,,6.166617890081462,,,,,,355.49111667610487,7.246849099559897e-05,1.2293502071200038e-05,1.6642128222087432e-05,2.4586695538470027e-06,1.1416068446123973e-07,,5.904744949566542,0.451751708984375,,,,,,1.4298634063562698e-05,0.0001912494382914707,1630.0021660257373,5.7487445470144056e-05,2.627448349662081e-06,,281.9999089889978,5.0729548437355536e-05,,282.351510493713,9.701890352915025e-05,,,,3.094018916406575e-05,,2.5273956490691596e-05,,,,,,,0.0002637114045182629,,,,,,,,,
1977-06-09 00:00:00,-0.5483667497804179,0.7073258450750769,,-0.5620535449868829,0.21416081761467387,281.00557767427887,284.38609034069896,0.8266428783095094,,,,,,,0.0032733939808501293,,,271.4599914550781,271.4598388671875,271.4600067138672,271.4599609375,0.5337184945992112,,,,,,0.12126418465704343,,,100985.86094674557,,,2.467455621301775,139.2498076850846,0.13458170975453754,,281.8416711931398,,73993.8802237426,0.5551316402191241,0.0029877544154782265,0.1004623138296181,0.00913234010955991,0.0045108795166015625,,269.56179791512574,-0.538996735973471,0.3132683116303393,2.2284523136197373e-07,0.02993644059762447,0.008684410743922347,1.6287162234543784e-06,0.4817031911138952,0.138257778607882
1977-06-09 18:00:00,,,4.777820632302549,,,,,,326.7144673328526,3.7334374422152366e-05,7.6140304641610775e-06,1.0909700005717532e-07,2.2570795473262403e-08,4.0208529355486624e-08,,4.706930025089422,0.4248650003467086,,,,,,4.845456435130192e-06,0.00010386162255642682,1539.5772928994083,3.2436653707154406e-05,1.039711438868878e-06,,281.86156793176775,2.4105229321316148e-05,,282.2408497827293,5.906185454870822e-05,,,,4.95445975185146e-06,,3.152256886634601e-06,,,,,,,0.00014120781210047253,,,,,,,,,
1977-06-10 00:00:00,-0.32897246095555777,0.4282318039758671,,-0.4021041125235473,0.04630321299535988,281.5104315943972,284.65186702570264,0.8267276371724507,,,,,,,0.001783427402112611,,,271.46009826660156,271.4599914550781,271.4599304199219,271.4599609375,0.41654742539987055,,,,,,0.07460148376825998,,,100950.64552514793,,,2.497041420118343,137.2874140090491,0.13365448720356415,,282.0391260632396,,73967.3003651997,0.4279275928023299,0.0013783768083922257,0.07568098070684093,0.0033594334619285087,0.0014619319396611502,,269.9277603781435,-0.3680626400829067,0.16976660102076785,1.3233104857792471e-08,0.010079558783530224,-0.00094194866760948,2.0834574715775774e-06,0.3241670120661781,0.02319822297293759
1977-06-10 18:00:00,,,5.8680773458537265,,,,,,562.0405430649266,7.784472414727747e-05,1.5915542311922334e-05,6.822262995341826e-06,1.3796579555646908e-06,-2.5696648038874142e-08,,5.549745954705413,0.46409146461261097,,,,,,1.4994403666998508e-05,0.00013773716413057767,1631.5092097739496,3.043531313450379e-05,2.703127952722403e-06,,281.1890298516087,3.856614496580948e-05,,281.6579344258506,8.691856141626482e-05,,,,2.1820061305570884e-05,,5.832526105395435e-06,,,,,,,0.00021556778066962427,,,,,,,,,
1977-06-11 00:00:00,-0.5110149101392757,0.2860051612176839,,-0.5263821697799411,0.0011630650808119914,280.70349166238094,284.0853740985577,0.8324024853621714,,,,,,,0.04030320207042807,,,271.4596710205078,271.4600830078125,271.45997619628906,271.4599609375,0.49764722452454885,,,,,,0.20725491307715446,,,101127.63572485207,,,2.4201183431952664,136.32925017768815,0.13276648944651587,,282.20443960336536,,74090.3519785503,0.54419017935822,0.00545416240769684,0.09022419642210668,0.009231025650656435,0.0074977536173261835,,269.18348251433065,-0.4662745887711203,0.1511878346550394,-3.137300789808116e-07,0.083747708845192,0.010154122145041912,1.939301194413703e-06,0.46232763620523304,0.1530318743378453
1977-06-11 18:00:00,,,6.513826285593608,,,,,,436.72781874133693,0.0004677264648076345,4.682077105934098e-05,5.124112558082716e-05,6.293999196509638e-06,-1.0634592388819947e-08,,6.0145637805645285,0.5460490390393861,,,,,,4.0438841785904926e-05,0.00024233449845624392,2046.905325443787,4.4286251068115234e-05,8.15801102028796e-06,,283.5041171643861,0.00010255825590099808,,283.86685523761093,0.00028781213703945544,,,,9.168076091969507e-05,,2.9928056446052868e-05,,,,,,,0.0007100711912798459,,,,,,,,,
1977-06-12 00:00:00,0.08288985596606012,0.35866417405167983,,-0.07380987765520987,0.008178236921863443,282.7533182900333,285.27908307137574,0.8454998375396051,,,,,,,0.21756929476585615,,,271.45970153808594,271.4591522216797,271.4600830078125,271.4599609375,0.585684691660503,,,,,,0.253329214965098,,,100955.98280325443,,,2.396449704142012,135.89482432709644,0.13297200908322307,,283.9851912097818,,74016.0703356139,0.6310444668199889,0.0812297572751017,0.12781394663128723,0.023783847425110947,0.13175846980168268,,271.51380333533655,-0.060899627279247755,0.07146148568779759,1.3220658320547825e-05,1.1887080626934732,0.5021719342902214,2.229520630851917e-06,0.6439956366663149,0.3176934786096832
1977-06-12 18:00:00,,,5.632570148219724,,,,,,263.63817906235204,5.946497945390509e-05,1.3943915889107969e-05,3.144839370744468e-06,6.447645378183331e-07,-1.553967490912134e-08,,5.312298825506628,0.4320061136279586,,,,,,2.1899152084215154e-05,0.00011274447807898888,1614.6554709835166,1.526848804315872e-05,4.228469006408601e-06,,282.5596786589312,2.529749856192685e-05,,282.91432830991124,6.136686138852814e-05,,,,2.504647130796895e-05,,2.2202906523935892e-05,,,,,,,0.00017220663601124782,,,,,,,,,
1977-06-13 00:00:00,-0.41363662516577004,0.17015619672967133,,-0.4915273203652286,-0.11467683667967306,281.5698820035133,284.9579500277367,0.8367609000770297,,,,,,,0.028304421690088757,,,271.4607849121094,271.4602966308594,271.4604034423828,271.4599609375,0.47635664178069526,,,,,,0.1682027782914201,,,100894.56823224852,,,2.4615384615384617,138.25156434188932,0.13248678354116586,,283.21179126987795,,73969.42594304733,0.5060645109097633,0.006318876729209042,0.11099009536697182,0.009844063301763592,0.01390147914547892,,270.3520840074889,-0.5013236491637822,-0.00489715711604914,7.036540130054793e-07,0.06816715014045893,0.004873215468853888,2.5611401800088278e-06,0.5214356319791467,0.15257292386342788
1977-06-13 18:00:00,,,6.719458173717973,,,,,,490.5483151949369,0.00030321552908632175,6.530782174781934e-05,2.540568628254727e-05,6.610075750294522e-06,5.611710392624779e-08,,6.158981633609568,0.4627095058824889,,,,,,2.2370698889331706e-05,0.00019680430903237247,1757.9670857988165,4.716208700597639e-05,4.1658113870395004e-06,,282.825404782267,8.861517765112882e-05,,283.14649593195264,0.00016985771924080934,,,,4.777858948566504e-05,,7.609643879726794e-06,,,,,,,0.0005000180746676654,,,,,,,,,
1977-06-14 00:00:00,-0.7159973291250376,0.2416896368624896,,-0.6190393267298592,-0.05211040677403557,282.0827131102071,284.6803736940644,0.8391715090655716,,,,,,,0.23795765532544377,,,271.4598846435547,271.4600372314453,271.4598846435547,271.4599609375,0.4551323502883866,,,,,,0.4188345338124231,,,100946.28809171598,,,2.378698224852071,136.5051701111201,0.13223034672483186,,283.11545684633876,,73977.44112888313,0.6631812107633557,0.032893555021166976,0.11712980205909564,0.01716868835088064,0.06074763395172232,,270.1133058085244,-0.608033462388981,0.06741669897497053,4.123349759463199e-06,0.47695244465177583,0.2750864926086375,-1.325167146560973e-06,0.691138709636306,0.4519336686728621
1977-06-14 18:00:00,,,4.885179993668957,,,,,,463.93226804112544,5.2177165386944833e-05,1.0898215530892095e-05,1.2274066912087462e-08,2.5163189034093414e-09,-1.0347277630904424e-07,,4.68955589610444,0.3846980890578772,,,,,,5.021030028190838e-06,4.108929069789909e-05,1463.258004634338,8.093138065563856e-06,8.409870402700097e-07,,281.94997284116124,1.7040756327160717e-05,,282.3613526835244,2.9719263844236113e-05,,,,5.033770961874335e-06,,3.072813417784561e-06,,,,,,,9.32530538570246e-05,,,,,,,,,
1977-06-15 00:00:00,-0.9389885332457413,0.9935742405039318,,-0.663479037538788,0.2476830115685096,280.75171187361315,283.48436344304736,0.8367957910137064,,,,,,,0.46143070923594326,,,271.46014404296875,271.4603271484375,271.4598083496094,271.4599609375,0.4354047530589724,,,,,,0.16209700140969815,,,100980.08672337278,,,2.4792899408284024,136.63758967472955,0.13185000842844946,,282.5220174394416,,74006.62146357249,0.6611482486481497,0.061278785971549926,0.07337879943633838,0.009764812401765903,0.1427519007388932,,269.40642624352813,-0.6572671867686616,0.3589922732855441,-3.1083245684541542e-06,0.6981412421845825,0.8382290844204863,-4.787050558187993e-07,0.04374829375532252,0.15676676839061038
1977-06-15 18:00:00,,,4.62772505382109,,,,,,823.6589144752139,3.309104834082564e-06,1.3341609190201618e-07,7.053857931685386e-10,0.0,5.447496549838041e-09,,4.439447216733673,0.21874729133921966,,,,,,3.4238063019408275e-06,4.627317542860494e-06,916.478718966422,2.6955451132983143e-07,6.096718623440646e-07,,282.02975481924926,7.055650228226679e-07,,282.49582649546966,2.5452109130881946e-06,,,,3.4242030784223206e-06,,1.2614185640797813e-06,,,,,,,7.947631312545235e-06,,,,,,,,,
1977-06-16 00:00:00,-0.6026743375338041,0.6486073104587532,,-0.43263039786434737,-0.01136919168325571,281.3581875231139,283.73320341392383,0.839284748015319,,,,,,,0.4205526318070451,,,271.4605255126953,271.4598388671875,271.46014404296875,271.4599609375,0.37125903054983656,,,,,,0.09940911467964127,,,100921.43139792899,,,2.165680473372781,134.4418611244337,0.1313192773852828,,282.95483687361315,,73941.6419424926,0.6396570731196883,0.0052779662924317215,0.04688444641176281,0.00016401364253117488,0.0029715278444910898,,269.86202009754066,-0.40493956684360843,0.09456702802308212,4.206430216901247e-07,0.07255343631317718,0.07513559950493584,-6.199705928699086e-07,-0.019793358074842827,0.11606410244953703
1977-06-16 18:00:00,,,4.965882476264908,,,,,,212.37783274393595,5.3309741810228696e-05,1.2585419345889572e-05,1.7224232385144432e-07,1.9084397681366057e-07,7.924265955054214e-08,,4.776892961129635,0.4819635695959689,,,,,,3.779924215649712e-06,2.4489441214228522e-05,1796.3609974878075,4.414248572298761e-06,7.424018615801659e-07,,282.19527205066566,1.0823070473924896e-05,,282.6508803508691,2.8062237084969966e-05,,,,3.951232461534309e-06,,1.7593510052156166e-06,,,,,,,7.782250466431387e-05,,,,,,,,,
1977-06-17 00:00:00,-1.0507649698201016,0.0004907924042650934,,-0.7202483126397669,-0.19906262956427398,282.7067235461354,284.8025509083765,0.8437099058247177,,,,,,,0.2326354077581823,,,271.46026611328125,271.4601287841797,271.4602652004749,271.4599609375,0.5738217957185571,,,,,,0.14685987664342542,,,100920.70284763313,,,2.4437869822485205,134.15265994100176,0.13058735209809252,,283.17286600869085,,73948.27329881657,0.6573144481820468,0.004641966890996961,0.12897893561590354,0.0019590501954569618,0.0021450985112839195,,270.1576570589867,-0.6833022021683011,-0.10813587798169379,-2.921070953825566e-09,0.0296548922240876,0.030119675856370192,-4.682950548050628e-06,-0.5374255434295835,0.19838865610533918
1977-06-17 18:00:00,,,4.255927193094287,,,,,,236.46849394126755,9.195391948406513e-05,2.2396709792007356e-05,2.1161519978801617e-09,1.375509023710468e-08,6.930398062138802e-09,,4.107240817955965,0.49178860455575074,,,,,,1.4521523252041381e-06,8.17394820896126e-06,1843.7238921216253,1.2256342851551327e-06,2.240602301775351e-07,,282.58305548492973,1.634110713146142e-05,,282.9654952732064,3.0477635959196373e-05,,,,1.454555027230957e-06,,0.0,,,,,,,0.00010013880108940531,,,,,,,,,
1977-06-18 00:00:00,-0.728396218203934,0.24472316764515534,,-0.43156839968890126,-0.13863614324987286,282.9668979983358,284.7969847910503,0.8464494449852487,,,,,,,0.28797067787784797,,,271.46009826660156,271.4596405029297,271.46009826660156,271.4599609375,0.5081905395277506,,,,,,0.26698086529793824,,,100854.61834319527,,,2.2840236686390534,131.8519942605284,0.12963392607559113,,283.5953983103735,,73925.78943232249,0.6922385872468441,0.013287926763681882,0.10561922492360222,0.0008381612202119545,0.011784796178693602,,270.5007049741124,-0.38723419686040933,0.005743703898593519,-9.851283672783723e-07,0.0510752895742258,0.13177930889926717,-1.6444097321271102e-06,-0.15290474186282185,0.1777627758637688
1977-06-18 18:00:00,,,4.096911864873221,,,,,,203.8442175148507,0.0003083953137933855,8.55041855185695e-05,6.997189415651842e-09,0.0,5.566681794286292e-08,,4.008552602056921,0.63638052855723,,,,,,2.7007362722645145e-06,2.085402940192711e-05,2313.078531569983,5.536045901168733e-06,4.81001933562685e-07,,283.42812008829515,5.2175313763364534e-05,,283.8119394877959,0.0001367402852639644,,,,2.7073712567605916e-06,,4.510962839662676e-07,,,,,,,0.00032928355414527246,,,,,,,,,
1977-06-19 00:00:00,-1.2216010968360675,0.29565109726945327,,-0.6944632050553723,-0.05853741549881252,283.1796297152367,285.40649702986315,0.847583998589826,,,,,,,0.4007837419679179,,,271.4597930908203,271.4595489501953,271.4601593017578,271.4599609375,0.7279149812354139,,,,,,0.23016417881793524,,,100813.51053994083,,,2.3254437869822486,133.05234559188932,0.12855265126425838,,284.4632532243898,,73921.57937315089,0.8103568744377272,0.06982324416638963,0.12454749079498313,0.007904357458712787,0.10406349678716716,,271.018606693787,-0.6370795436159393,0.05025889605460082,-3.7903462284514626e-06,0.02612260742300361,0.48642730248744803,-2.8062253445111348e-06,-0.5207547690036028,0.24617476443919908
1977-06-19 18:00:00,,,3.9662954003147823,,,,,,278.9858709030603,1.8247045003450832e-05,1.535807135542469e-05,8.450369157734707e-06,5.8193883952304456e-09,3.272626174788801e-08,,3.7051518344314847,0.47270383214104106,,,,,,5.114603148409601e-06,4.019213498696773e-05,1957.3103690062753,8.989103447050738e-06,9.327057815162388e-07,,284.35448063054736,6.960936375623624e-06,,284.6853735207101,3.581718932947464e-05,,,,1.3565699729693712e-05,,7.379337175357977e-06,,,,,,,5.844852628087151e-05,,,,,,,,,
1977-06-20 00:00:00,-1.2231159210205078,0.3393421173095703,,-0.7012892672296106,-0.0383782866438465,283.80674463757396,285.1961113743528,0.8504988790969171,,,,,,,0.20534185827131102,,,271.46058654785156,271.4593811035156,271.45997619628906,271.4599609375,0.45651416454089466,,,,,,0.4227876573106682,,,100773.66937869822,,,2.0,131.7619887131911,0.1273641896671092,,284.9010248127774,,73940.578125,0.713826642939325,0.011132016150709986,0.09515194213513792,0.006838375294702293,0.033477783203125,,272.08703685512205,-0.6801511155077692,0.049401712135450374,-1.9995779181023254e-08,0.006640215024087556,0.04177991878351516,-8.927975414794754e-07,-0.1733771386231191,0.22732757062777964
1977-06-20 18:00:00,,,3.7360365828113444,,,,,,209.08146207008136,3.628631138942651e-05,9.674358473726984e-06,8.540437419033614e-06,6.0291068088373485e-06,1.1247576412912038e-07,,3.7147063249667016,0.5026969232502774,,,,,,2.727154972990589e-06,3.673480107234074e-05,1931.101461105798,7.624489933075989e-06,7.383349026448628e-07,,284.5646900425296,1.2497423139549572e-05,,284.8628001918454,2.8354705438106018e-05,,,,1.1267173572404851e-05,,7.000900584565112e-07,,,,,,,7.300334569265151e-05,,,,,,,,,
1977-06-21 00:00:00,-1.1330875532161555,-0.41283768309643987,,-0.6221726208748902,-0.3913785945734329,285.02324247642383,286.91642734143863,0.847492610209087,,,,,,,0.03277023586295766,,,271.46092224121094,271.4593963623047,271.4601593017578,271.4599609375,0.48967453114379794,,,,,,0.20393734777720987,,,100769.02366863906,,,1.8994082840236686,132.16999536999583,0.12594584741535977,,285.20301954280694,,73931.92053439349,0.5631986503770365,0.0028773724949972415,0.04784781549721075,0.0005187395761704304,0.007058013825726932,,272.4656484028291,-0.5735886816442366,-0.30362560904237645,-1.060891988275286e-07,0.002400949244668498,-0.0008009227334394962,-8.094509303729606e-08,-0.09045476074049459,-0.00013929640753029365
1977-06-21 18:00:00,,,4.924512643080491,,,,,,457.88540694558407,0.00020134942771415034,3.7165391727312074e-05,0.0,2.58067281112163e-07,1.763153102072562e-07,,4.744815448332115,0.6180815386348928,,,,,,8.623440854648161e-07,0.0002217194032386915,2157.5183263643253,5.152909713383962e-05,2.032542634292467e-07,,284.47523922892015,7.265559314976077e-05,,284.9249823756472,0.00016505866361087596,,,,8.623440854648161e-07,,0.0,,,,,,,0.00042306671481160725,,,,,,,,,
1977-06-22 00:00:00,-1.8679593554615268,-0.5801889769424348,,-0.9903075031980255,-0.38523411609717373,284.2427003397744,285.5218917575814,0.8443182819693752,,,,,,,0.6860740781712109,,,271.4596862792969,271.4604034423828,271.45994567871094,271.4599609375,0.5819975290028654,,,,,,0.6056580487087634,,,100693.95691568048,,,1.6390532544378698,134.04499536999583,0.12491063676642243,,285.10218224158655,,73883.6445543639,0.9322865764064902,0.06946668283429724,0.12663539909046784,0.07081631090514054,0.24090166363352633,,272.162074704142,-0.9956167886948445,-0.3349437487901315,1.2953305539823848e-07,0.05224923128207054,-0.031459857020857775,-2.288875137676193e-06,-0.4355776126568134,0.06886679145711413
1977-06-22 18:00:00,,,4.446612284733699,,,,,,232.43951153603328,7.491845350999099e-06,1.4919870307106943e-06,1.5635886532667826e-07,0.0,1.4300175683312373e-07,,4.361766939332499,0.4120279345992049,,,,,,3.1127046088318853e-07,1.9315255464181392e-05,1475.2662721893491,4.5084829866533445e-06,4.6242025719415505e-08,,284.63394652598004,3.898527318909323e-06,,285.04414900379066,1.6437567902739936e-05,,,,4.6734207656961924e-07,,6.119795033388589e-08,,,,,,,2.678928995978903e-05,,,,,,,,,
1977-06-23 00:00:00,-1.7494018148388384,0.23810119741767116,,-0.990146546674198,-0.10051670300184622,283.9057544956546,285.93198733357985,0.836780544568801,,,,,,,0.40680753267728365,,,271.4603729248047,271.4591979980469,271.4596252441406,271.4599609375,0.44007100002322147,,,,,,0.22870529011255625,,,100740.39275147929,,,1.7041420118343196,134.3581887871556,0.12310417728311211,,284.8294554941753,,73935.75328217456,0.7160015711285306,0.015803777657058066,0.06162940135319337,0.006761720194619083,0.07218869903383876,,272.19975109213203,-1.0130941120125132,0.030502014611599713,2.460584529922151e-07,0.01223337085994743,-0.007959943903973822,-3.0412538440005313e-07,-0.3340361329930774,0.06819820615666858
1977-06-23 18:00:00,,,4.633236856855584,,,,,,276.6471302980071,5.358499447269553e-06,8.809898247027539e-07,0.0,0.0,1.5134887317772657e-07,,4.48857627958941,0.3424632055519601,,,,,,4.7272611299210047e-07,1.8329861072393564e-06,1451.4970819653845,2.9157905029298284e-07,4.874288859452016e-08,,283.91401338295117,2.6145779125436526e-07,,284.3880290195081,4.54957139562573e-06,,,,4.70497000675935e-07,,7.053857931685386e-10,,,,,,,7.192775078073761e-06,,,,,,,,,
1977-06-24 00:00:00,-2.0873466977000943,0.1951122114644248,,-1.1646929012953178,-0.05095581754424868,283.7702448918269,286.1229905348558,0.8357845823440326,,,,,,,0.2431532278568787,,,271.4599304199219,271.4601593017578,271.4599609375,271.4599609375,0.42750856917373525,,,,,,0.058996934157151446,,,100741.26312869822,,,1.8757396449704142,133.92041142029169,0.1212477430084048,,284.6077656943417,,73932.31055843196,0.5735656980799853,0.0024517316084641675,0.04649975699284417,0.0005268091280784833,0.0014096554919812807,,271.95944737541606,-1.1348202948034163,0.06601605612850754,1.123727490546746e-08,0.016388985714131207,-0.004260636315014235,-1.8824698519204141e-06,-0.3326466295140735,0.04449258400843693
1977-06-24 18:00:00,,,4.14850912714851,,,,,,340.4901286732067,2.6297198950186284e-05,1.721657239473783e-06,0.0,0.0,1.1497330430116559e-07,,4.161600739292845,0.4142354931351701,,,,,,1.8445077798599323e-07,7.294316792629174e-06,1644.5343234270988,1.8659240659877393e-06,4.135404600480781e-08,,284.4650286612426,2.107924654991669e-06,,284.91551434217826,1.769387245883603e-05,,,,1.8445077798599323e-07,,0.0,,,,,,,3.3582500099430425e-05,,,,,,,,,
1977-06-25 00:00:00,-1.636571065913996,0.2878750400430352,,-0.9874022275033082,-0.028378480990257488,283.5481578217456,285.7397446491309,0.8404752834308782,,,,,,,0.14132049379969489,,,271.4598846435547,271.4593505859375,271.4602966308594,271.4599609375,0.5320087511026295,,,,,,0.10581622603376942,,,100764.02607248521,,,1.4437869822485208,131.59293360964082,0.1196433834775665,,284.801531007304,,73952.4266595784,0.5914504923499547,0.0019089399710209413,0.06648411909696927,0.0009576808771438148,0.0010138672484448677,,272.401088376017,-0.9547823731010482,0.09095671155748988,1.9034001987962018e-08,0.005276507284690642,-0.004194590202450047,-1.806453574371673e-06,-0.4085327125865327,0.08121682447794626
1977-06-25 18:00:00,,,4.692737562416573,,,,,,227.44440202882305,1.7244302662166616e-05,4.063266709711425e-06,5.743692259816728e-06,2.130072497757229e-06,1.3782086858479634e-07,,4.60556106454522,0.5248709232849482,,,,,,5.673077067679907e-07,8.593241755778972e-06,2013.017693875104,1.8939408942087162e-06,1.9877812874740398e-07,,284.1023613743528,4.983204003621841e-06,,284.43555120885725,1.2083497096800945e-05,,,,6.311170800903139e-06,,0.0,,,,,,,2.5813307987867728e-05,,,,,,,,,
1977-06-26 00:00:00,-1.6632951702591936,0.27462587412997813,,-1.0034937040340266,-0.019647773200943627,283.9583602995562,285.84294823640903,0.8426399086354047,,,,,,,0.4352564168928643,,,271.460693359375,271.4601135253906,271.46014404296875,271.4599609375,0.5289323359683773,,,,,,0.2113378668457446,,,100618.46153846153,,,1.727810650887574,132.50967732265858,0.11855269324850048,,284.6719934587648,,73823.8324704142,0.7835905093413132,0.005780742306261566,0.054686407362987126,0.00016697094990656926,0.007635240724100869,,272.1892739922337,-0.9858007318169407,0.1095514748928815,-4.002342511901147e-07,0.027029098006042505,-0.012403121361365685,-8.458269728325616e-07,-0.36281270811543664,0.08348954200039249
1977-06-26 18:00:00,,,5.294421083123021,,,,,,209.43495987122319,2.2013159193230803e-05,4.171851206813338e-06,5.3671072926041645e-06,2.032718979395353e-06,1.8536660125725577e-07,,5.2571340369049615,0.6067268650692242,,,,,,8.123822113465981e-06,4.5026988672786915e-05,2311.111309525529,8.917705723519861e-06,2.77516492725124e-06,,283.83802208533655,1.4255231125114937e-05,,284.1769181652182,3.1315716060661e-05,,,,1.349048854331293e-05,,1.0814253218780608e-06,,,,,,,6.701043371618147e-05,,,,,,,,,
1977-06-27 00:00:00,-2.5174219537768843,0.07908554754313632,,-1.4070199537559374,-0.17331652105207274,283.8426737587833,285.6450758713942,0.8389087968324063,,,,,,,0.36389165193107004,,,271.4600524902344,271.46038818359375,271.45970153808594,271.4599609375,0.6041758887293424,,,,,,0.2890262942342363,,,100473.21357248521,,,1.9349112426035502,135.26850683449288,0.11756378941282013,,284.5144649708765,,73712.48072300295,0.7237709489094435,0.007928078555703141,0.06210994943921294,0.000321448907344299,0.016760154588688056,,272.5436441094212,-1.4030890492997932,-0.03015230957572982,2.7285071924919834e-07,0.016532013798959157,0.0070819375077648275,-2.029156946086672e-06,-0.485119486701559,0.09264962771940513
1977-06-27 18:00:00,,,5.891061021026069,,,,,,298.1184674325074,0.00010503475835337441,2.3301448342362804e-05,2.6805337364151634e-05,2.830283793471974e-06,5.0819943083475e-08,,5.634840367108407,0.7615208155392895,,,,,,8.920752085172213e-05,0.00027817374044434743,2859.809763349725,6.055249970340164e-05,1.4474538303691255e-05,,284.73707354844674,7.238208189518494e-05,,284.9839054987981,0.00012869744083320896,,,,0.00011601074207463913,,1.857910283218474e-05,,,,,,,0.00038320241489167226,,,,,,,,,
1977-06-28 00:00:00,-2.6403880260399815,-0.6630646406546147,,-1.552183975129438,-0.5304363013724603,284.70243158284023,286.1847407775518,0.8379159753139203,,,,,,,0.7595817097545375,,,271.4602813720703,271.46018981933594,271.4600524902344,271.4599609375,0.7197415818124128,,,,,,0.5996631081243591,,,100556.79696745562,,,1.8520710059171597,136.3977135652621,0.1179150519286387,,285.4837133644601,,73769.49154031066,0.9464721066006542,0.05169697811678273,0.14776299322456585,0.010724829498832748,0.12409501709663943,,273.0032493094721,-1.5418265641793696,-0.5292033246282996,-3.056814921634084e-08,-0.058383488796166415,-0.049175715305396085,-6.673070474682078e-06,-1.0998936207336787,0.22283753770342946
1977-06-28 18:00:00,,,5.100476067447098,,,,,,210.3916437273195,2.4848612102531116e-05,4.1394147294512865e-06,0.0,0.0,2.912948141409451e-07,,5.049834228831635,0.6876729931351702,,,,,,7.721022344552554e-07,4.413503514239068e-05,2644.9975854997806,1.2478223566472884e-05,1.1585012199522476e-07,,284.50968906018863,1.3626053841156368e-05,,284.8463734282544,3.281388814004741e-05,,,,7.721022344552554e-07,,6.133675321760262e-08,,,,,,,6.89904365313829e-05,,,,,,,,,
1977-06-29 00:00:00,-2.6743024171456784,-0.3105046368209568,,-1.430092106204061,-0.29381266712437015,284.15169078217457,286.14665050619453,0.828119962525791,,,,,,,0.3587499313805936,,,271.4595184326172,271.4598083496094,271.4600067138672,271.4599609375,0.6318105557525652,,,,,,0.25734236677722816,,,100751.70673076923,,,1.6863905325443787,135.06108264810234,0.11631621693718362,,284.874965329142,,73940.27459319527,0.8254256530626286,0.0050949806573259305,0.10054329685734574,0.002853698279025287,0.0036764624556140787,,272.3733834712463,-1.3840927033734745,-0.19971289437198075,1.6222048871847386e-08,-0.0182961070325953,-0.0020738865011895196,-2.9770062772072192e-06,-0.6790499151105711,0.099889007193097
1977-06-29 18:00:00,,,3.8509868644398346,,,,,,165.34742882138207,6.5720623590537075e-06,2.4863998212757902e-06,9.387552451628905e-08,0.0,1.6603890244175202e-07,,3.721561595533021,0.567280605699889,,,,,,6.848196747034964e-07,3.824166997649966e-05,2154.4702885193233,1.435524084158903e-05,6.513265044202467e-08,,285.01541119637574,1.2321144166077382e-05,,285.3042656712278,2.5800611140459952e-05,,,,7.806411949840523e-07,,7.960107728574403e-07,,,,,,,4.4794477654632025e-05,,,,,,,,,
1977-06-30 00:00:00,-1.3681572908480493,0.30521871352336816,,-0.7639475207357012,0.018668823693630963,284.23634834966714,286.2908075998521,0.8246741943810818,,,,,,,0.18356232953494822,,,271.4602813720703,271.4597473144531,271.4602508544922,271.4599609375,0.5510187237661266,,,,,,0.2942575754807193,,,100927.77311390532,,,1.5976331360946745,133.34542991141595,0.11446724840875208,,285.2589263013129,,74107.47626201923,0.6977834126432619,0.006148171267911693,0.10960159664587861,0.01082687829373151,0.012667819593079697,,272.1336619360207,-0.7792778748732346,0.06579896261000774,1.1104097771189677e-07,-0.04104898455580311,0.01059286391153138,-4.5918284353287616e-07,-0.45770507451345227,0.21197965677232433
1977-06-30 18:00:00,,,3.6693602116150266,,,,,,362.3296857303416,4.210492827483182e-06,4.49580818238343e-07,0.0,0.0,1.3062057404799432e-07,,3.531328246438292,0.4117839745515902,,,,,,2.251279446676638e-07,1.8693727149060493e-05,1599.653476331361,2.159015137768356e-06,3.070101078555605e-08,,284.5953925318972,1.7007713663507495e-06,,284.9746194873336,8.869850071224235e-06,,,,2.251279446676638e-07,,2.3156316322687816e-06,,,,,,,2.2932975249882987e-05,,,,,,,,,
1977-07-01 00:00:00,-0.5229633602164906,0.18382568472235866,,-0.26591193746532915,-0.03500010134905753,284.6592230260725,286.3800258297892,0.8300425614831011,,,,,,,0.3898890568659856,,,271.46026611328125,271.4604187011719,271.4599609375,271.4599609375,0.4629875488755618,,,,,,0.14748803043418382,,,100911.72910502959,,,1.4911242603550297,130.6034735504692,0.11303652249849759,,285.3834380200629,,74047.0616447855,0.667833732077356,0.0017110370319975904,0.07192256299437151,0.0020265974236663275,0.0007164182042229105,,271.9970139723558,-0.2085434783845258,0.06666514718320948,1.993972854286218e-08,-0.003375255519292764,-0.001589692754329309,7.989311441999568e-07,-0.05669101914005167,0.09661466653800442
1977-07-01 18:00:00,,,2.688599902497241,,,,,,253.10242954231578,0.00014628611020082552,2.8507728901135145e-05,1.020839757467868e-05,3.3272794012487287e-06,1.2389526435029258e-07,,2.535450890219423,0.8020026754345414,,,,,,3.904721440648186e-05,9.313325244706983e-05,2910.253633036416,1.843141380851791e-05,1.1094134940198187e-05,,285.2665596685466,4.994278476083067e-05,,285.51236449473004,0.00010600571448986347,,,,4.925389261640741e-05,,3.2288127044248864e-06,,,,,,,0.0002394414939583075,,,,,,,,,
1977-07-02 00:00:00,-0.20994571821224053,-0.5448835135916986,,-0.16964938936854254,-0.41228897613886545,284.93575923400516,286.5696508644601,0.8427505270969233,,,,,,,0.611226043382869,,,271.459716796875,271.45982360839844,271.460205078125,271.4599609375,0.7704067840378666,,,,,,0.555360792987269,,,100578.13443047338,,,1.834319526627219,127.11535409780649,0.11226954544789693,,285.49487738073225,,73815.37666420119,0.9416038669072665,0.03143292588606124,0.15539444321711388,0.006080734659228804,0.06719872218518126,,272.65711532683065,-0.14717592995547685,-0.3692495865229319,1.0184207275894212e-06,-0.0540528456134909,0.02155255001677564,4.864328547061239e-08,-0.03140696618683945,0.018741515261181712
1977-07-02 18:00:00,,,3.5063851147713745,,,,,,136.37265610553808,0.00015306419874789445,3.524045267048672e-05,6.200337903739432e-06,4.495345276488355e-06,9.282224085481601e-08,,3.171521243259046,0.7993038885471736,,,,,,1.00427213505175e-05,0.0006270623479561157,2879.4542186669346,0.0001576147841278618,4.634393390113785e-06,,285.6171860553809,0.0001534093061142419,,285.8567992441753,0.00025474848831899067,,,,1.624305925425693e-05,,1.7693762243146726e-05,,,,,,,0.0007801016820445032,,,,,,,,,
1977-07-03 00:00:00,-0.3748048071325178,0.17580697839782083,,-0.2679581670366095,-0.009344700878188455,286.07736079650516,287.42575958071376,0.8445617655325218,,,,,,,0.7414215272127171,,,271.4600830078125,271.45994567871094,271.4599914550781,271.4599609375,0.7788177605211382,,,,,,0.4439636556867003,,,100403.02163461539,,,1.4082840236686391,126.39369174573548,0.11116643488054445,,285.9989598742604,,73714.03758321005,0.9284827109624648,0.030114005676597444,0.308600310456647,0.09731279181305473,0.20122885492710554,,272.8666667148206,-0.2670828350902309,0.041565659836199156,3.930474025302032e-07,0.009864547901605007,0.0068826682468843174,-2.0068684061052354e-07,-0.0031629483375323593,0.604672238903021
1977-07-03 18:00:00,,,3.75255614060622,,,,,,362.2327744523449,0.00010977553192680403,1.9014410718658266e-05,1.3598544005106186e-05,8.156930906532784e-06,1.6571935250757252e-08,,3.4946982536090196,0.6281328393510107,,,,,,2.7445029224869766e-05,0.00030618380736264285,2379.4790313540125,5.2451538844095615e-05,5.489755311661218e-06,,285.73159266364644,6.698330601440817e-05,,285.96554439025516,0.00016435371442830783,,,,4.104361731625168e-05,,2.2469187629293407e-05,,,,,,,0.00041596321516838885,,,,,,,,,
1977-07-04 00:00:00,-0.8165924309273443,-0.2485313133375179,,-0.36865163272654516,-0.2246140135815863,284.50886851654957,286.239780764608,0.8473488342832531,,,,,,,0.4577436277852256,,,271.4594268798828,271.46006774902344,271.4596405029297,271.4599609375,0.5323971351222879,,,,,,0.44399808739593044,,,100261.62074704142,,,1.5029585798816567,124.84288738183015,0.11044066615358612,,286.43686292298446,,73605.64434633875,0.8466726435712103,0.013587831091166739,0.1416818943513921,0.023262475369244636,0.045656012360160876,,272.98982301971614,-0.25523696989702754,-0.13189066937689245,1.7710887393349308e-07,-0.010020017271211162,-0.02579544916660828,2.203591959413207e-06,-0.08340164613441603,0.12324247487197966
1977-07-04 18:00:00,,,4.372205153019471,,,,,,372.16584967438286,6.834183924296904e-05,2.8368989391439765e-05,1.9296425113663871e-07,8.244684638356315e-08,2.035985690625605e-08,,4.176409980954503,0.6186508991309172,,,,,,6.892272001187477e-06,0.0001359842938078931,2301.165760017711,3.6703323471475636e-05,1.5161380436293472e-06,,286.4878290842271,3.612023838878383e-05,,286.6687473996856,8.34041798608543e-05,,,,7.085722579053168e-06,,1.1533190160108036e-05,,,,,,,0.00020432313518411308,,,,,,,,,
1977-07-05 00:00:00,-1.414077149340387,0.23395234734348996,,-0.6817220541147085,-0.1295746233336319,284.96737327801407,286.7912872133876,0.8463426306402895,,,,,,,0.5228121381627737,,,271.4603729248047,271.45948791503906,271.4599304199219,271.4599609375,0.5448464863663595,,,,,,0.5329185244599743,,,100292.06730769231,,,1.1301775147928994,125.05229936407868,0.1097486541116026,,286.88823126617973,,73640.31215329142,0.8191298390986651,0.016759016946476153,0.17495123775312182,0.01675647032658894,0.0340526061650564,,273.134386051336,-0.5973732683080188,-0.06278710111358463,8.757257016586448e-08,0.011957981970888622,-0.02862823080029008,1.0241810149739127e-07,-0.27243272228353826,0.11485747190622184
1977-07-05 18:00:00,,,4.984912725595327,,,,,,320.054635493713,0.00011279103318615072,3.107526951287625e-05,2.532910842161912e-06,3.759043853311144e-07,6.943390360106058e-08,,4.665387351132003,0.6428670488165681,,,,,,3.6059487500839686e-06,0.00010219974630683132,2453.1162245710925,2.482974317652234e-05,5.066532575519832e-07,,286.10318336261093,3.6693800835919805e-05,,286.3189646703957,8.597123552356247e-05,,,,6.137900715748939e-06,,1.693756137726575e-06,,,,,,,0.00021496573848837227,,,,,,,,,
1977-07-06 00:00:00,-1.5544428740732767,0.5540427935899362,,-0.9139380426801873,0.09345587329751641,284.7552006286982,286.35794049325074,0.8442150869313076,,,,,,,0.7627035347006378,,,271.45953369140625,271.45960998535156,271.459716796875,271.4599609375,0.6291853037811596,,,,,,0.532156674466895,,,100443.82008136094,,,1.319526627218935,126.67771541437453,0.10873971182919114,,286.4354862009985,,73740.12014607988,0.9588645848296803,0.030075615999349475,0.11988999992168162,0.011301548523310374,0.056189935085413284,,273.0384312014608,-0.8552438070082805,0.2063757766633344,-3.374264521810871e-07,-0.0801443178978192,-0.026297756553401608,-4.484152012179501e-06,-0.610810505567923,0.20627516878427132
1977-07-06 18:00:00,,,5.140302539577146,,,,,,152.7357940673828,0.00018565735873386,4.170517596972765e-05,1.7899380633111536e-05,3.1904686661161615e-06,7.768940315392981e-08,,4.751471666189341,0.9241398528615046,,,,,,6.922532820842675e-05,0.0005003406223354512,3329.7670826206545,0.00012164050401717821,2.006101890428532e-05,,285.76489835660135,0.0001517951639204393,,285.96236333903477,0.00027366532643297844,,,,8.712435615133252e-05,,1.9665300493409648e-05,,,,,,,0.0006859943442367904,,,,,,,,,
1977-07-07 00:00:00,-1.6003134518685425,0.26306081241404516,,-0.9362838113096339,0.03082808093911797,285.1901783237796,286.19872613489275,0.8474008557359143,,,,,,,0.9395700650807668,,,271.460205078125,271.4595642089844,271.4600524902344,271.4599609375,0.7374482398202433,,,,,,0.6977221052322162,,,100450.04567307692,,,1.5266272189349113,124.19962739662306,0.10810606296245868,,286.15768595136836,,73734.26063239644,0.991797380546141,0.08815957689602699,0.13629650271679522,0.05261278430019924,0.3451542942702065,,273.0676977394601,-0.9057931222859219,0.09123641358324762,1.0034111374059207e-06,-0.04759989722945986,0.004432029978058042,-7.707602723319767e-07,-0.11154889213968311,0.08811672411021396
1977-07-07 18:00:00,,,4.664416160809218,,,,,,276.2107634234005,5.6458295449702695e-05,1.5160168063711133e-05,1.2496805931689472e-06,8.133366792159673e-07,4.912485517911457e-08,,4.425006211862057,0.7232294449439416,,,,,,6.268671631107669e-06,0.00011727458966227584,2768.7355321398854,3.4157035575056523e-05,8.9760208447304e-07,,285.8041732156065,3.336065796000012e-05,,286.0246654262204,7.380961358261597e-05,,,,7.518495504672711e-06,,1.0299567992870625e-05,,,,,,,0.00017370614485374993,,,,,,,,,
1977-07-08 00:00:00,-1.3980206371059078,0.23694136015762238,,-0.7486549862743129,-0.030476620916784162,285.6883841068787,287.60080985345786,0.8430915728828611,,,,,,,0.8076152332435699,,,271.46067070652396,271.4601745605469,271.46031188964844,271.4599609375,0.5386274355138547,,,,,,0.38019961705045585,,,100604.62167159763,,,1.2781065088757397,125.69888775165265,0.10747709500013723,,285.94125023113907,,73863.01795950443,0.9247199896524644,0.017452513031694577,0.08630335115491462,0.00423496291482237,0.042813110566207555,,273.04909249029214,-0.6745880002806173,0.04975159774870562,4.6236280834243063e-07,0.023113868645662387,0.02919996613581505,1.5481115289903163e-07,-0.10324394526566275,0.19774828569070826
1977-07-08 18:00:00,,,4.1880679892365045,,,,,,147.4256444626306,5.575820539124618e-05,4.073693113919546e-06,2.2078406881298538e-07,1.5765114428376306e-07,8.160521869557418e-08,,3.7125861715282915,0.676798403263092,,,,,,6.703648870513284e-06,0.0001055774969564783,2641.2910560743344,2.2542723537196775e-05,8.522097528333494e-07,,285.6862070659209,3.1346223763460236e-05,,285.97569717316935,6.61175984602708e-05,,,,6.925116276599952e-06,,7.305448577248839e-06,,,,,,,0.0001613110140333205,,,,,,,,,
1977-07-09 00:00:00,-1.204887548141931,0.435250558796719,,-0.6751563337427624,0.16210216883371567,286.01923943694527,287.38747284116124,0.8401395135377285,,,,,,,0.7706119576854819,,,271.45994567871094,271.4596405029297,271.45965576171875,271.4599609375,0.5828780387280256,,,,,,0.3370569028489336,,,100654.51941568048,,,1.2485207100591715,124.0400489942562,0.10631666522054277,,285.9892332539756,,73905.01685003698,0.9303123238524036,0.008887042112361927,0.10764543132404604,0.005848946655995747,0.012932493715714415,,272.7892510227903,-0.6521340432251699,0.23578349796272594,5.4079464462120086e-08,-0.019346451970952503,0.01235652331417129,4.567556873999933e-07,-0.14344384120060846,0.25408315610074433
1977-07-09 18:00:00,,,4.578147893826637,,,,,,121.82695278190297,4.1020339762670754e-05,7.904581064303245e-06,0.0,0.0,6.794196118004124e-08,,4.361518380204601,0.7611510792427515,,,,,,3.961416391225962e-06,3.110415525834307e-05,2729.9607338087094,6.340245699741431e-06,3.232116419711762e-07,,285.9129068047337,8.310527491146291e-06,,286.1541524130917,3.464750118813184e-05,,,,3.961416391225962e-06,,3.3169632127299113e-06,,,,,,,7.2111981213451e-05,,,,,,,,,
1977-07-10 00:00:00,-1.4034318641798031,0.6426020515035595,,-0.8238524544168506,0.19056424586730597,285.5752848788831,287.21409977117236,0.844682027955027,,,,,,,0.8772156517181171,,,271.4602355957031,271.45977783203125,271.4600067138672,271.4599609375,0.6601717151128329,,,,,,0.2988555819325193,,,100612.18065828402,,,1.1775147928994083,122.34233264810234,0.1054102937145346,,286.24843114367604,,73883.47152366865,0.9582815276095148,0.012430267507684301,0.1438594003753549,0.0020499765520265115,0.011444965866532111,,272.96188264203494,-0.8022331768239038,0.24333699356169392,-8.062286821322119e-08,-0.03162505499709993,0.009124404513800638,-9.216773241052966e-07,-0.4307322530351447,0.3716261701867778
1977-07-10 18:00:00,,,5.268833555413421,,,,,,159.59624350282567,0.00011453826046554294,3.2658319501481815e-05,7.274720443070993e-06,1.7533552717175005e-06,4.453034010434103e-08,,4.867180180972849,0.9099431475238687,,,,,,2.903469215483355e-05,0.0003893053190578681,3213.9923189603364,0.00010845598083737457,9.560020717643421e-06,,286.2504695012019,0.00011659091746313332,,286.3900861570821,0.00022213067181864595,,,,3.631016206459181e-05,,1.0556635066602357e-05,,,,,,,0.0005038284433089622,,,,,,,,,
1977-07-11 00:00:00,-1.449515720796303,0.49395356940094537,,-0.8375101935934033,0.1307528198823421,284.9783336029956,286.49391093056585,0.8522980315445443,,,,,,,0.7498028246608711,,,271.45947265625,271.46026611328125,271.45985412597656,271.4599609375,0.8603128138378527,,,,,,0.6533218625734544,,,100887.77181952662,,,1.4911242603550297,121.21164662739228,0.10452931872486362,,286.4159231693787,,74070.8589589497,0.9902987423733142,0.06317379125035726,0.2559576208466256,0.0293862518982565,0.12157143985290499,,273.144944185336,-0.7931601225271733,0.12728069237703402,1.3293129355459304e-07,-0.14642751075812346,-0.12180552221614228,2.191307387568233e-06,-1.1192950412366518,0.7447263129364105
1977-07-11 18:00:00,,,2.8326232786009298,,,,,,202.7111334264631,0.00022311482203782662,6.520254372139654e-05,1.0106448062072844e-06,2.1267219408023993e-06,7.738284715440967e-08,,2.8193895464112773,0.9056178222041158,,,,,,2.0155407620604926e-05,0.00018054806639947695,3198.0591802653475,4.0166388601946406e-05,3.3945550579996505e-06,,285.60485045303255,7.2289520915092e-05,,285.7827581823225,0.00015642575797550007,,,,2.1165115593453132e-05,,6.979540783978073e-06,,,,,,,0.0004036598716756675,,,,,,,,,
1977-07-12 00:00:00,-0.5449923058233318,-0.05045434285903118,,-0.2853765149088301,-0.11105904212364784,286.1767014723558,287.2251063239645,0.8502958177109442,,,,,,,0.8536212197422276,,,271.4597930908203,271.45970153808594,271.4602508544922,271.4599609375,0.8540131262773593,,,,,,0.5125283087499043,,,101148.1375739645,,,1.4201183431952662,124.53556489662306,0.10430180532692453,,285.968471188517,,74223.67855491865,0.9761783135007824,0.030717686362862148,0.20337024208891188,0.012156921025563979,0.04342306971952275,,273.1282395582933,-0.2743416678976025,-0.10190226763663207,5.729885398342754e-07,-0.15123275892268975,-0.045432636371025674,-3.80206279125624e-07,-0.11122461888917098,0.1328836552490144
1977-07-12 18:00:00,,,3.170204811547635,,,,,,121.78920939970298,0.0003292377178485577,8.396107769576755e-05,8.780332888371845e-06,1.3418429525646232e-06,9.941637444112449e-08,,3.0328046132826945,0.9113245564099599,,,,,,2.591602901029869e-05,0.000259507988883103,3302.7192801752035,7.332358839949207e-05,3.898373016944299e-06,,285.48179202107985,9.304487846306795e-05,,285.6921112241124,0.0002144035503003724,,,,3.4695722647672577e-05,,2.0491168696499435e-05,,,,,,,0.000588743590590426,,,,,,,,,
1977-07-13 00:00:00,-0.6562970855532313,-0.15271339190782174,,-0.33631707930705956,-0.17742550866843682,285.5561884592271,286.49996821838016,0.8427577029318499,,,,,,,0.8338149366294139,,,271.45982360839844,271.4598693847656,271.4600067138672,271.4599609375,0.839967630318636,,,,,,0.5231329819639406,,,100937.0199704142,,,1.5207100591715976,127.24280417177098,0.10391049131133853,,285.5846907937315,,74074.55059633875,0.9740470556112436,0.04096132016481732,0.20343998130466018,0.011202084242239506,0.07417296413910857,,273.13796762319714,-0.3143778298733502,-0.10967518733097957,1.6060996949280056e-06,0.05991210739993485,-0.09453503373106556,-4.757823596140866e-07,-0.2558928438897669,-0.00978272871152889
1977-07-13 18:00:00,,,4.189771804583849,,,,,,85.56493996163091,0.00016850691575270431,3.137126476807002e-05,8.417128105840739e-06,3.2975983161192676e-07,1.0020378528770918e-07,,4.033800553993361,0.9057234790198196,,,,,,1.2044282354546723e-05,0.0011085235920350069,3291.135704627404,0.00035473257801670613,2.1150390777362167e-06,,285.57413062823593,0.0003387582372631547,,285.75683304826185,0.0005195096921774349,,,,2.0460881425078803e-05,,2.2352623516285914e-05,,,,,,,0.0012770008818104263,,,,,,,,,
1977-07-14 00:00:00,-1.4948588715502495,0.17337229689197428,,-0.8649622561663566,0.0059047789263302055,284.7348546135355,285.4913958487426,0.8313068638186483,,,,,,,0.735823050053162,,,271.45994567871094,271.4599609375,271.4601287841797,271.4599609375,0.8189000085260741,,,,,,0.5176992924255732,,,100680.21320266272,,,1.2840236686390532,128.66883967472955,0.10278438534256974,,285.91016780695264,,73897.85780325443,0.9563580663246516,0.13292798966381672,0.2663368238632143,0.15190584984051406,0.507956961908284,,272.9549199392104,-0.8974447193935778,0.008836695428430682,3.5560721036917445e-06,-0.03507556012396276,-0.0944889170178295,1.4444067454263126e-06,-1.2036940331995134,0.4905517425762831
1977-07-14 18:00:00,,,5.111549191220978,,,,,,89.18388655623035,3.741593403223704e-05,1.0903274431031131e-05,0.0,0.0,1.3173146318672615e-07,,5.036065688500037,0.6831565998582798,,,,,,2.2572379823796144e-07,6.405250913292698e-05,2493.2876597748705,1.4027856158081596e-05,3.671594592329313e-08,,284.2205167691383,1.56426482652066e-05,,284.4821343958025,4.470039754224247e-05,,,,2.2572379823796144e-07,,2.9747386755058046e-08,,,,,,,0.00010147884752623429,,,,,,,,,
1977-07-15 00:00:00,-2.288989823245438,0.7968920081324832,,-1.326742251243817,0.138789216442221,284.42850435697113,285.76574923724115,0.8294582067156685,,,,,,,0.46089271680843197,,,271.4595642089844,271.4602813720703,271.4601745605469,271.4599609375,0.673881849946355,,,,,,0.40658029808921836,,,100635.41235207101,,,1.4615384615384615,127.83729381674141,0.10160908050085665,,284.338326899963,,73840.24981508875,0.8244447806883141,0.010767991199935153,0.2852433425038171,0.006367440759782961,0.007256784382656481,,272.2741280279216,-1.2660183765479094,0.29656294781780806,-7.537864211474176e-07,0.02500970652822912,-0.07267952141677134,-6.808369618857048e-06,-3.088420168182554,1.204014196903748
1977-07-15 18:00:00,,,5.392795370880669,,,,,,229.1797466390937,3.733111203774898e-05,7.0281459029609635e-06,9.044354572098636e-07,3.5516454799640815e-07,8.217311538645678e-10,,5.140472372608072,0.6479894875069342,,,,,,7.816518728549663e-06,7.36847028339103e-05,2466.3068332107814,1.5459998824892664e-05,1.292609604152702e-06,,285.1387990014793,2.0992650082830847e-05,,285.34232271634613,5.3195470183558715e-05,,,,8.721058890664365e-06,,1.0769571778336925e-05,,,,,,,0.00011102965796223581,,,,,,,,,
1977-07-16 00:00:00,-2.353279125055618,0.8323023682515297,,-1.3882827815219496,0.3950453640441217,284.8310214612611,286.4054713503144,0.8339264749069891,,,,,,,0.5906110021489612,,,271.46044921875,271.4599304199219,271.4603729248047,271.4599609375,0.6367718771364562,,,,,,0.43967852113250444,,,100724.89700443787,,,1.3550295857988166,125.07767843212602,0.10077808312410434,,285.4454497388129,,73927.67894785503,0.8984501210190136,0.010687045883883297,0.15504228652140797,0.007101194392999954,0.010378009628658817,,272.7380526390301,-1.3357647946600377,0.428604879322842,-2.5431043296203724e-08,-0.026441194602018277,0.01164794190836376,-2.6468919471633682e-06,-0.6931072494687414,0.49175053890023007
1977-07-16 18:00:00,,,4.146368150880351,,,,,,166.26651326015858,7.355230799793491e-05,1.5647960661431038e-05,2.9900138811952265e-08,2.8790921226320183e-08,5.745551417672665e-08,,3.8409398265138885,0.6779113408376479,,,,,,2.2578455463669004e-06,4.274367228062195e-05,2574.3948701034637,9.453023326467481e-06,3.318980159844167e-07,,284.8057232918824,1.815340575381849e-05,,285.0664394762389,4.408363054489948e-05,,,,2.288424889364186e-06,,2.8550492588584945e-06,,,,,,,0.00011629201251374195,,,,,,,,,
1977-07-17 00:00:00,-1.6099768362101718,0.6512690267619297,,-0.898399319169084,0.26117848009752803,285.48805155556585,287.8224115315274,0.8494581156933801,,,,,,,0.3226349960417437,,,271.46058654785156,271.4592742919922,271.4599151611328,271.4599609375,0.6262382935490128,,,,,,0.48884837016375104,,,100775.0199704142,,,1.349112426035503,121.25551681969998,0.0999450627163317,,284.7590346477441,,73960.60054548817,0.8242919497941372,0.0077056954504602405,0.20525399848995124,0.008396103537294286,0.008550875987609594,,272.78077435916697,-0.8692211342986519,0.3212102461143358,-3.171532340630195e-08,-0.0061502132190049755,0.012930720935702413,-1.924361888258635e-06,-0.6075852636754866,0.44732686350419676
1977-07-17 18:00:00,,,3.3775962457148987,,,,,,175.29255640154054,0.00023732523946367072,5.6467994430361414e-05,6.44260301039769e-07,1.5315985494464106e-07,4.6343663518184485e-08,,3.200206971027442,0.7663034292367789,,,,,,1.2818305097388092e-06,7.215544442274034e-05,2894.251362275795,1.666287081481437e-05,1.311546037271178e-07,,285.0630157290126,6.0298474582694694e-05,,285.227294921875,0.00011317114505542101,,,,1.9260908107785783e-06,,1.9692457639254057e-06,,,,,,,0.00030944365141480503,,,,,,,,,
1977-07-18 00:00:00,-0.8315177104882234,0.8058602961562794,,-0.4447722068199745,0.3627416128237572,284.6679138544749,286.37496821838016,0.8550999584282644,,,,,,,0.8677045036349776,,,271.46058654785156,271.4600524902344,271.4600524902344,271.4599609375,0.675400912408998,,,,,,0.44559274889396494,,,100784.73890532544,,,1.3727810650887573,120.60499906822069,0.09910268049973708,,285.4081872341901,,73984.37883690829,0.9668954134692808,0.024692270952998797,0.17012899168408835,0.015597642526118713,0.028391030925662208,,272.8978777101054,-0.39882374374118784,0.4243254118417142,4.226613680269988e-07,-0.10014377119978504,0.02668033355086513,-6.331351465826645e-07,-0.16571990131626468,0.24167147704493805
1977-07-18 18:00:00,,,3.842489231267624,,,,,,189.73973589112774,0.000497015975636138,8.688673112519394e-05,2.1056707441454104e-08,4.0933719530326904e-10,4.389822020156849e-08,,3.679774555228871,0.8761128660666166,,,,,,4.481083366292468e-06,0.000354371321883417,3129.32018681814,9.05269752041847e-05,7.634144827458986e-07,,285.5464531712278,0.00015575064004525632,,285.7302087185651,0.0002881951586029233,,,,4.502024347260153e-06,,8.723704067207653e-06,,,,,,,0.0008513821652655065,,,,,,,,,
1977-07-19 00:00:00,-0.7612049057638857,0.6363607306452193,,-0.4310299009966427,0.2675799565202386,285.82118649454515,286.90168933755547,0.8520131047660783,,,,,,,0.8638186482988166,,,271.4605255126953,271.45970153808594,271.45997619628906,271.4599609375,0.7713316681205168,,,,,,0.5638959097108368,,,100866.83820266272,,,1.3727810650887573,120.03149684928579,0.09821403661423181,,285.7575177977071,,74054.41209781804,0.9682705208394654,0.04387255426435649,0.28673436195099145,0.06136759921643861,0.08353076460798817,,273.0846156735392,-0.42721227499154896,0.31525815097537974,1.1885712082451624e-06,-0.22775003895957088,-0.038836714078688765,-6.292769086089801e-07,-0.023131268969654332,0.30590021006278034
1977-07-19 18:00:00,,,4.359543134474896,,,,,,268.9905288064268,0.00029036102915656637,7.222980789884308e-05,5.2019821468895e-06,4.178276781499739e-07,9.629371856103259e-08,,4.255545497645993,0.8879588967376559,,,,,,2.6341020708253398e-05,0.0006485902346097506,3127.1073612009986,0.00019683587480578903,6.933404496435583e-06,,285.781023194804,0.00019866633697374333,,285.9488763752774,0.0003369204491862217,,,,3.1543024898280756e-05,,4.1409357059636763e-05,,,,,,,0.0009389261107455278,,,,,,,,,
1977-07-20 00:00:00,-1.0259236330111352,0.540920810586602,,-0.5356868145733895,0.13517304637728358,285.5687580898669,286.8755070612981,0.8539803031633592,,,,,,,0.7661469094620565,,,271.4593048095703,271.4600830078125,271.45994567871094,271.4599609375,0.8304220106474747,,,,,,0.7184414895011674,,,100820.17307692308,,,1.2899408284023668,120.30424093212602,0.09799676816138995,,285.9616251386834,,74032.65950906066,0.9652020035410774,0.07865775141247808,0.33639843915258505,0.08509122408353366,0.1954201241216716,,273.128622743505,-0.5058154044066661,0.1603283875087309,1.4046888857716198e-06,-0.17462616982544668,-0.1805472966481948,1.6305236746529504e-06,0.14694043447280072,0.5840825861727698
1977-07-20 18:00:00,,,4.107320288934651,,,,,,251.89249000323593,0.00013740836868624716,3.113209672228119e-05,3.734394114398392e-06,1.877369965321919e-06,1.3974359162409312e-07,,3.9825210345567332,0.8212132559725519,,,,,,1.0046160080023771e-06,0.0005266738623676564,2952.0110152205066,0.00016337359009461406,2.0287264160503297e-07,,285.42885106555104,0.00015409113745353854,,285.61204610068415,0.00029185714100944926,,,,4.7390762518143515e-06,,1.1695648086141553e-05,,,,,,,0.0006640810938276483,,,,,,,,,
1977-07-21 00:00:00,-0.39950408596964276,0.2039894465158677,,-0.18358490170811761,-0.03812447384264342,285.79416056074336,286.98843726886093,0.8541658764054789,,,,,,,0.6123850625628308,,,271.4595947265625,271.4597930908203,271.4603729248047,271.4599609375,0.7049945222555533,,,,,,0.5414996312038433,,,100655.09929733728,,,1.4201183431952662,122.1258015830136,0.09832638114161746,,285.37656018860946,,73910.40213572486,0.9200964213828363,0.02025959072166161,0.2618008032882002,0.0772319545407267,0.04857102794760078,,272.94704098673265,-0.12837330970538438,0.008596747584596894,5.332399026636095e-07,0.028242324230938972,-0.05754381030268923,2.505113928683499e-07,0.904924882234201,-0.036284690777930985
1977-07-21 18:00:00,,,3.6532811046352047,,,,,,149.66777751854892,0.00022061618827503814,3.798469107531937e-05,1.6042819389930137e-05,1.7208636865107972e-06,7.431545451340457e-08,,3.3343741061419423,0.9371465084820809,,,,,,2.0381658387607373e-05,0.000737487883055395,3362.420654296875,0.00016269836245980928,4.191778203439431e-06,,285.49441365800664,0.00017911359075497844,,285.71944341715977,0.00032264247949257704,,,,3.6424874554019e-05,,1.3872474079301371e-05,,,,,,,0.0009580843206789099,,,,,,,,,
1977-07-22 00:00:00,-0.7359837582830847,-0.4175721682035006,,-0.3566504709819365,-0.38570626388640095,284.8041154308432,285.62889180380915,0.8499086654397863,,,,,,,0.6472196995153935,,,271.4599914550781,271.46026611328125,271.4598083496094,271.4599609375,0.8558485225812923,,,,,,0.6784314781251038,,,100578.12352071005,,,1.455621301775148,123.48346615401951,0.09762404233040894,,285.48997578818415,,73814.74117048817,0.963176562941286,0.04358384090326947,0.25195866655668564,0.12886415890155542,0.23337914237405377,,273.12705799531653,-0.3185176397921771,-0.37425838560747676,1.8309278077151098e-06,0.0012890308566347382,-0.028351255069822955,4.830154622684525e-06,0.692840490468155,-0.14381562958102254
1977-07-22 18:00:00,,,3.110844260842137,,,,,,493.83030583308295,0.00018724040872246557,4.5978855451888586e-05,2.0206944476923295e-05,4.949235528178469e-06,-3.4458009621194567e-09,,2.845635211326667,0.7297885149893676,,,,,,2.1980711694299823e-05,0.0004829549225124382,2681.1603692466692,9.684079497523561e-05,6.713413980585584e-06,,285.9835342316938,0.00012089585411478076,,286.21146478596523,0.00022198251013219708,,,,4.218633358295147e-05,,4.720176465412569e-05,,,,,,,0.0006702171980276615,,,,,,,,,
1977-07-23 00:00:00,-1.0699807737000595,-0.2258353825856948,,-0.4972942510300134,-0.29126908793251893,286.00053739829883,288.09872671274036,0.8431597136886868,,,,,,,0.6316708602319808,,,271.45985412597656,271.45948791503906,271.4601287841797,271.4599609375,0.6397042359120747,,,,,,0.622964660091513,,,100415.03624260356,,,1.6923076923076923,125.45924278123844,0.09666946230555427,,286.36531238443047,,73709.85292622041,0.9624126045661565,0.026789519463296562,0.17676013813921687,0.033875053450906065,0.08696317954881656,,273.1607360839844,-0.5310970622406909,-0.2399496947519878,3.0262713449195677e-07,-0.005861802566686326,0.03512950144575898,-4.432205119054522e-07,-0.01568143008023324,0.2547267330424673
1977-07-23 18:00:00,,,3.2580907641077888,,,,,,154.88262298403407,0.00035872191367064706,8.890799869447065e-05,4.26755148983566e-08,1.1638776790460891e-08,1.244264523091316e-07,,3.164739095247709,0.8206858729734223,,,,,,3.6538843087543395e-07,6.118046461477788e-05,2895.7340542945635,1.9100279762194707e-05,1.1458711908061124e-07,,285.75669580944896,8.91299290064524e-05,,285.97584163507764,0.0002212683124655097,,,,4.07711255568019e-07,,7.245579414819119e-07,,,,,,,0.00041992064770138526,,,,,,,,,
1977-07-24 00:00:00,-0.8354465157322629,0.46707594041993633,,-0.4569037905811558,0.021607207123344466,285.6079679410133,287.1007405117419,0.8375356394863693,,,,,,,0.9238905949000071,,,271.45997619628906,271.4602813720703,271.46028414470027,271.4599609375,0.8260679534201086,,,,,,0.24165552691418743,,,100468.06028106509,,,1.4260355029585798,124.6650489942562,0.09609239905543582,,285.84753201275885,,73762.92386279585,0.9836180746202638,0.06993527824235474,0.2017285186114043,0.011898706650592871,0.08147931522166235,,272.8707669049325,-0.4579635992558045,0.10107040405273438,2.701844096009154e-06,-0.31820448474771174,-0.029254040069128635,3.557379009906814e-07,-0.44806460092758993,0.279805091226242
1977-07-24 18:00:00,,,5.4901543058587245,,,,,,589.553911017243,5.116988215926131e-05,6.9601207795227775e-06,4.80472071636358e-06,6.57761722979461e-07,5.398243913680492e-09,,5.074011035219452,0.6276281232664571,,,,,,6.131078364581045e-05,0.00038669800617285735,2335.8896662243724,6.919094091336402e-05,1.4573908769167387e-05,,285.92167853180473,9.715980326635597e-05,,286.1073034162352,0.00015431907050002963,,,,6.611636404455061e-05,,1.1992128290368256e-05,,,,,,,0.0004378832303560697,,,,,,,,,
1977-07-25 00:00:00,-2.0738271792259444,0.5669454315004969,,-1.15533034194856,0.17184996745995515,284.78229590421597,286.4881642358543,0.8424076085259928,,,,,,,0.651550022102672,,,271.4596252441406,271.45985412597656,271.4596252441406,271.4599609375,0.45237932603299263,,,,,,0.5867912883941944,,,100665.63517011834,,,1.3550295857988166,121.24104751496625,0.09545999730127097,,285.8403869267751,,73900.91685928254,0.9214821732961215,0.028173266619322655,0.11325308969299469,0.033044848921736314,0.11453698513775888,,272.9563591409717,-1.040211553404317,0.25132249233990733,3.663091301214027e-07,-0.006568796535920815,0.04518243211966295,1.3367316999731684e-06,-0.2348562048737114,0.39905664285082787
1977-07-25 18:00:00,,,5.052652962814421,,,,,,330.8340142605573,3.2341581653561113e-06,2.9654192501271263e-06,0.0,0.0,1.1010754015847775e-07,,4.892160607512886,0.4433750852325259,,,,,,5.395305976712492e-07,1.02242686339384e-05,1730.3653021987373,1.3514702930252933e-06,2.6557159185762235e-08,,285.4358545788646,1.8560983372863229e-06,,285.73813967732985,6.060584409702459e-06,,,,5.395305976712492e-07,,1.8690652131328922e-07,,,,,,,1.344710764800303e-05,,,,,,,,,
1977-07-26 00:00:00,-1.8818933893237593,0.3475429997641659,,-1.118567777103221,-0.011801770452916974,284.6230974366679,285.9367025702663,0.8423513036507827,,,,,,,0.626978273624203,,,271.4591522216797,271.4603576660156,271.4601287841797,271.4599609375,0.6259650114769414,,,,,,0.1280670166015625,,,100656.74297337278,,,1.2307692307692308,120.42669840254023,0.09468877103907117,,285.48459747133876,,73880.89806767751,0.9202758444131479,0.002971265625178307,0.06565123624113228,0.0010555707491361178,0.0018060842209313749,,272.6987701957748,-1.0352076976256963,0.10801118929710614,1.0404027409482328e-09,-0.007834667703632772,0.00852126435463843,1.3891861019049876e-07,-0.2043283789820925,0.08284296403975176
1977-07-26 18:00:00,,,4.644380896754519,,,,,,133.3700097439557,5.6009408990306966e-05,2.433315536679601e-05,3.922369727897926e-08,9.064207173134448e-08,5.791808639714585e-08,,4.526722750014807,0.7475764320050118,,,,,,5.449476988005215e-07,0.00021175606726872592,2691.281985311113,5.702700840650931e-05,1.4134679959546886e-07,,285.4058368389423,4.762746173249194e-05,,285.64302595691566,8.794718240139752e-05,,,,5.840549807576738e-07,,1.6615345809586655e-06,,,,,,,0.0002677223598813773,,,,,,,,,
1977-07-27 00:00:00,-1.4927252933118471,0.8626232023775224,,-0.8929114313520623,0.2851538287817374,285.8988188794379,286.93019600591714,0.8503936924172576,,,,,,,0.35326321357337637,,,271.46002197265625,271.4602966308594,271.4600372314453,271.4599609375,0.6908896166897385,,,,,,0.36228036291941385,,,100560.97947485207,,,1.2899408284023668,117.53376201200767,0.09384666533159787,,285.3022720968935,,73822.24500739644,0.8166766586388357,0.004786012337416322,0.20194071418875773,0.026929324900610205,0.0027704577474199103,,272.90798426520894,-0.8308867279594466,0.3611782803337955,-2.8068136638057963e-09,-0.0035499146527792577,0.005822510915924106,-5.317405355300688e-06,-0.7016656920754698,0.46724210739047567
1977-07-27 18:00:00,,,3.1593232126630975,,,,,,146.23835907885308,6.547967005058154e-05,1.4221262649671565e-05,0.0,0.0,4.613318750418359e-08,,3.0150332422651482,0.7696061276075755,,,,,,1.0185350440773209e-08,0.00010882115222998625,2747.044107470992,1.8409106153002857e-05,4.380341748756594e-09,,285.7150416628144,2.1646537724331285e-05,,285.94991072254066,6.186662341010641e-05,,,,1.0185350440773209e-08,,1.541862385512809e-06,,,,,,,0.00017433018374019826,,,,,,,,,
1977-07-28 00:00:00,-0.5047888953304855,0.37144564453666734,,-0.2968592276939979,0.167892890569021,285.7451836399778,286.77553797614644,0.8537665065929029,,,,,,,0.5254970753686667,,,271.4604034423828,271.46006774902344,271.46018981933594,271.4599609375,0.7262835319225605,,,,,,0.354827289728547,,,100241.21042899408,,,1.2366863905325445,117.01462369839821,0.09322704789201183,,285.6796253813794,,73595.91896264793,0.908692408948255,0.010319142449459822,0.1768403911863911,0.015479951215213573,0.009091984267851487,,273.04467340051775,-0.2762243902894872,0.23236368993330284,-5.898492907782873e-08,-0.04658738819099742,-0.0001899353807141795,4.1485522343631083e-07,-0.13932914282443257,0.1721543831938117
1977-07-28 18:00:00,,,2.7315477280927127,,,,,,170.20979191706732,7.8588018755941e-05,1.2463631009209085e-05,0.0,0.0,4.973782538362344e-08,,2.649362406081702,0.762189342800153,,,,,,1.2018590388521992e-08,3.7018716687986833e-05,2755.70854376618,7.472965403421391e-06,1.706804039325984e-09,,285.98655059633876,1.455446672157423e-05,,286.2432825212648,4.5731575531367016e-05,,,,1.2018590388521992e-08,,2.757996078249971e-07,,,,,,,0.00011557728581174591,,,,,,,,,
1977-07-29 00:00:00,-0.909668606413892,0.012188984797551082,,-0.42354857992138384,-0.20133630763849564,285.95908116447856,287.4329985669379,0.856400092325267,,,,,,,0.9002490234092848,,,271.46018981933594,271.4599609375,271.4599151611328,271.4599609375,0.7473106641741194,,,,,,0.3322575033901358,,,100007.58006656804,,,1.2071005917159763,117.07818693804317,0.09269060044599002,,286.21761597401996,,73442.46662352071,0.9768901319193417,0.0157131929082807,0.1632363120391524,0.005687916772605399,0.0159388357191691,,273.0437159792206,-0.3805388670701247,-0.12106179908887875,1.6511079830120278e-07,-0.1235069241044084,0.046697176419771634,-1.8440763887635174e-06,-0.7423433664987779,0.11580960088844836
1977-07-29 18:00:00,,,4.585006247258045,,,,,,194.4657598190759,2.2196337668853398e-05,3.42785121773827e-06,0.0,0.0,4.8600899566489895e-08,,4.502226474017081,0.6818473861062315,,,,,,4.994880322631471e-09,5.663763841933752e-05,2230.9135449652135,2.4736324358268602e-05,1.6437582971291208e-09,,286.0826813285873,1.2526145348182092e-05,,286.3418575490015,3.943305749159593e-05,,,,4.994880322631471e-09,,5.790622100322204e-07,,,,,,,7.883490189998107e-05,,,,,,,,,
1977-07-30 00:00:00,-2.2322218686165893,0.47762525434324726,,-1.3296377362584222,0.16149515230980147,285.52749110114644,287.2139235276442,0.8542687589600242,,,,,,,0.7950922717070262,,,271.46006774902344,271.4600372314453,271.4601287841797,271.4599609375,0.685647191380608,,,,,,0.21378386477228895,,,100138.34670857988,,,1.2189349112426036,116.40894692325028,0.0921348481488651,,286.0102986894416,,73545.0195543639,0.9549721973182181,0.01337488467485462,0.12865291619618263,0.003876499875762759,0.011319355388893884,,273.0370712731717,-1.276726756575545,0.17759448959982607,-1.1257391757767141e-09,-0.14652379871120114,0.01855811845576983,-2.5636211523962534e-06,-0.9686737963433801,0.17867376077809982
1977-07-30 18:00:00,,,5.331976061036601,,,,,,212.43392212997526,0.00011008025626459065,4.993423202334071e-05,1.1180191350406443e-05,1.0721010745629757e-06,2.5788576951006328e-08,,5.048458093722191,0.8287670439517004,,,,,,1.3817410320925288e-06,0.0002476454650399564,3066.714018872504,7.083818051942001e-05,7.40296741914467e-07,,286.53553185096155,8.030544371294552e-05,,286.6799952038646,0.00015200101412259616,,,,1.2559827262833273e-05,,4.035756873661244e-06,,,,,,,0.0003577693109112115,,,,,,,,,
1977-07-31 00:00:00,-1.9124506606152778,0.206175792852097,,-1.1115416521151391,0.06365422243197288,286.0792012412167,287.55970177283655,0.8552991931255047,,,,,,,0.9313322072903786,,,271.46055603027344,271.45985412597656,271.45977783203125,271.4599609375,0.7804052558170973,,,,,,0.6424067605882001,,,100630.1323964497,,,1.2662721893491125,116.73443693804317,0.09169886662409855,,286.53881402551775,,73897.50889885356,0.987771639809806,0.04572063508118398,0.2218233401165206,0.025418474228437047,0.11231546604609084,,273.1307528343426,-1.0376022214720235,0.08287440531352568,5.314007160197337e-07,-0.33279438695964025,-0.1978329628176943,-4.654370500436108e-06,-1.282766883895242,0.4730593692621536
1977-07-31 18:00:00,,,3.3016234008518195,,,,,,239.1734790689141,6.08145485262899e-05,1.8042352425276175e-05,3.5258880733738285e-06,1.816382113645768e-07,2.58381901699471e-08,,3.1574709852771647,0.7865603922386847,,,,,,0.00013561202929570124,0.0004709698039399096,2926.8388946352625,8.578766027145837e-05,2.9668564627156456e-05,,285.61970691568047,0.00012191407073884321,,285.8019123867419,0.00017262614017356953,,,,0.0001391373442474907,,1.0651707120195648e-05,,,,,,,0.0005318373112539137,,,,,,,,,
1977-08-01 00:00:00,-1.0306771295310477,0.7039420114466425,,-0.49660968216213247,0.2318979988436727,285.50956048909023,287.11466663970043,0.8543840597367146,,,,,,,0.9815387715249372,,,271.4595031738281,271.45994567871094,271.45970153808594,271.4599609375,0.6430632919954831,,,,,,0.6259765339320933,,,100871.1037352071,,,1.970414201183432,123.56538183449288,0.09253209864599465,,285.94386065782174,,74032.57851793639,0.995144700510262,0.12064561723544091,0.16074568745211737,0.012342080562072392,0.34048662680757824,,273.1582139709292,-0.4378907581758217,0.30068218143734,1.2614880516276468e-06,-0.44570214085324983,-0.5198454377213879,1.9253733755260176e-08,-0.4606537564971743,0.3043702124843936
1977-08-01 18:00:00,,,3.1530538310666056,,,,,,149.3808470957378,9.45024589109703e-05,2.025081032126613e-05,6.541246052324419e-07,1.7170943099366137e-06,9.139661845099324e-08,,2.865314099915634,0.8618613375714544,,,,,,5.3825485106756e-07,6.3838689387943e-05,3132.5336480676774,1.2460346581667837e-05,3.4944400929752187e-08,,285.6059902574889,1.7359985049659684e-05,,285.85281354012574,6.774341213632617e-05,,,,1.1922223989427442e-06,,2.7049575331648427e-06,,,,,,,0.00015830755711577647,,,,,,,,,
1977-08-02 00:00:00,-0.3705004742865026,0.006098713395158215,,-0.2087097055107884,-0.12018799076418905,286.19779435558434,287.5001097910503,0.8433710379008006,,,,,,,0.8845483304480829,,,271.4604389313939,271.4599304199219,271.4599304199219,271.4599609375,0.8381285085480594,,,,,,0.4732872950872021,,,100615.74759615384,,,1.4082840236686391,123.63167251496625,0.09190775233612963,,285.7417656712278,,73870.50808986687,0.9828995441543985,0.030487942532773996,0.24534494068319276,0.010787027122000971,0.034889239166465795,,272.9788229677099,-0.2162166065012915,-0.08485843161859456,2.8544745496946067e-06,-0.33867484436938045,-0.08143933425993609,-4.224486431360421e-07,-0.784642219543457,0.07486419141645262
1977-08-02 18:00:00,,,4.3676377358521234,,,,,,115.88587409928,0.0003063223100054755,6.807207532182952e-05,3.6358304277679624e-05,1.216309486761601e-05,-3.4387779409016247e-09,,4.033274938368939,0.9721556129540212,,,,,,0.00014838347068199745,0.002184971184631639,3509.000102567955,0.0006485509766046094,3.904615633586455e-05,,286.4293595714682,0.0006224402347992477,,286.5734227648854,0.0008906792107628199,,,,0.00018474054054395687,,2.8070789822459927e-05,,,,,,,0.002491321614819452,,,,,,,,,
1977-08-03 00:00:00,-1.104698762385803,0.6799105638583031,,-0.6360254513441458,0.3385685936233701,285.429426023946,286.7180161335059,0.8402853354194461,,,,,,,0.9904997309989477,,,271.4600067138672,271.46026611328125,271.4598846435547,271.4599609375,0.9397685958083565,,,,,,0.8616853610298337,,,100583.68842455621,,,1.4082840236686391,119.95082931969998,0.0914932087328307,,286.72557438054736,,73860.08216993343,0.9996228405004423,0.16363219270956586,0.35004395076773576,0.33227130079493145,0.815356208419306,,273.13808951293225,-0.6585504486716005,0.38515900154790933,2.0292038738606333e-06,-1.243489869247527,-0.24182787449402215,-1.357431239696473e-06,-0.9612080500676081,0.5924483364855749
1977-08-03 18:00:00,,,3.0119053202973314,,,,,,292.3796667516584,5.353885542976081e-07,1.5361070599869864e-07,0.0,0.0,2.3922341193762284e-07,,2.958844771751991,0.4594831297383506,,,,,,6.785308363566384e-08,2.5733296908217773e-06,1756.4975501969016,4.258238264089505e-07,1.9356544327938698e-08,,284.58266832701554,5.099211527398352e-07,,284.9980136487611,1.9519501668814373e-06,,,,6.75293250483345e-08,,4.465113112912375e-08,,,,,,,3.0885026211569296e-06,,,,,,,,,
1977-08-04 00:00:00,-0.8729111146644728,-0.356519242010173,,-0.3512724701469467,-0.4578450671314488,285.63215664293637,287.37488876433065,0.8384351998391236,,,,,,,0.12788562661797337,,,271.4603271484375,271.46022033691406,271.4600524902344,271.4599609375,0.5002718016108465,,,,,,0.15197118991137257,,,100568.90846893491,,,1.3609467455621302,119.81901071762897,0.09220243769989916,,284.28881258089865,,73817.92259153107,0.5742009687705858,0.0013306218989196194,0.05024337087421728,0.0002473106045694746,0.0008634378218791894,,272.5698957273946,-0.25102600120228424,-0.253494561776607,1.0038429980491564e-07,-0.007838684470343166,-0.0014915848316172876,2.2081761786606737e-08,-0.16445996034780197,0.012732779485939523
1977-08-04 18:00:00,,,3.3153905529947676,,,,,,316.5276017950837,1.6132579047298995e-05,4.289638713972103e-06,0.0,0.0,9.706368531936582e-08,,3.25856692974384,0.41744254749907544,,,,,,2.541711564952805e-07,7.606486200228246e-06,1676.6590766681018,1.610400011906257e-06,4.611699979686173e-08,,285.2391870261649,1.947588380977247e-06,,285.54667997642383,1.5625322358848074e-05,,,,2.541711564952805e-07,,8.739139774494622e-08,,,,,,,2.374191432309574e-05,,,,,,,,,
1977-08-05 00:00:00,-0.724122290075178,-0.23152871103681757,,-0.39909394958315514,-0.3774139528443827,284.62465329142015,286.9462702824519,0.8428797714808989,,,,,,,0.48115815988537913,,,271.45928955078125,271.4603271484375,271.4602355957031,271.4599609375,0.5084095901903316,,,,,,0.2447607768299995,,,100404.62481508875,,,1.3431952662721893,117.0315199631911,0.0913457475470368,,285.1143242649778,,73700.12495377219,0.8184970313980735,0.0022467883860350715,0.08774116447955899,0.007819587662375185,0.002592862710444885,,272.6618182842548,-0.3722433338503866,-0.23309366801786705,-1.178116868019308e-07,-0.00920661313999334,0.0010866513090020805,2.482793529479373e-07,-0.3713223440407296,0.006448084786093447
1977-08-05 18:00:00,,,3.9768311483620185,,,,,,244.29253157215007,6.746125997170894e-06,7.646544092505641e-06,0.0,0.0,9.159664291404466e-08,,3.659975362247264,0.40465369591346156,,,,,,1.2874191340345604e-07,3.317106493126006e-06,1491.3047337278106,1.5102525258205346e-06,1.4014527637004499e-08,,285.31358057507396,8.147309076856579e-07,,285.72335111177887,1.1531470795354899e-05,,,,1.2874191340345604e-07,,2.7605241506233723e-08,,,,,,,1.0065337609962599e-05,,,,,,,,,
1977-08-06 00:00:00,-1.501552553571893,0.5543122771223621,,-0.8355602964141665,-0.0008550339196560651,285.58312916050295,286.98815990199705,0.8496363794309854,,,,,,,0.3750553469686113,,,271.45960998535156,271.45982360839844,271.4602508544922,271.4599609375,0.45660431292899967,,,,,,0.23362110321514706,,,100424.02440828402,,,1.106508875739645,114.310134977984,0.09077129702596269,,285.3662037144046,,73719.83034393491,0.7593312471575991,0.0041785814369527195,0.0534692220389843,0.000491162023600742,0.003382668692684738,,272.74312000161797,-0.7359452219404412,0.14700177188455707,-1.1786585286212809e-07,-0.026572962131725966,0.009508251438479451,1.7427194469364515e-07,-0.2001665047639926,0.07548394682403853
1977-08-06 18:00:00,,,5.233119253576154,,,,,,338.69521336301545,7.328161826500526e-05,1.552365940703443e-05,2.588062773089437e-06,1.0363360833839552e-06,1.1756915241487968e-08,,4.91517217060518,0.5815364679641272,,,,,,7.250693422802807e-06,9.122649593466132e-05,2090.39466659275,2.6568682236078927e-05,1.223702755200087e-06,,286.07633800619453,3.035075565767006e-05,,286.26387701090977,8.53598470518575e-05,,,,9.839395446890204e-06,,2.82160981872378e-06,,,,,,,0.00016451340455275314,,,,,,,,,
1977-08-07 00:00:00,-2.1853938525950416,0.7570361639620989,,-1.263010504683094,0.2674035913140111,285.74280579696745,287.80092860114644,0.8610182362195302,,,,,,,0.7920678973903318,,,271.4594268798828,271.46014404296875,271.4600067138672,271.4599609375,0.41223233962464617,,,,,,0.48220346244217377,,,100762.22762573964,,,1.2011834319526626,109.60335798094259,0.0904758442083054,,285.8006093403291,,73980.83984375,0.9477186954233068,0.02180281712276828,0.06583674205880413,0.003986719797348835,0.030192304169759154,,273.107160398946,-1.1916823246069914,0.315952250238001,5.560372914766242e-08,-0.22743592565581644,0.03236353403982326,-3.057110265239015e-07,-0.2765337080645138,0.10774909986800255
1977-08-07 18:00:00,,,4.437814289296167,,,,,,320.11638943824545,2.9757486645286605e-05,1.095643145798226e-05,8.660803973322084e-07,4.412595336959207e-07,2.03336268637919e-08,,4.18226832327758,0.5619146584053717,,,,,,1.5967916807479406e-05,0.00010966302375116291,1999.386367978429,3.909729641570142e-05,4.596864947905908e-06,,285.42349875184914,3.423175868198011e-05,,285.6433914455436,6.394485044761523e-05,,,,1.6834079866578593e-05,,4.7340945026578285e-06,,,,,,,0.00013939072967153384,,,,,,,,,
1977-08-08 00:00:00,-1.1673541210106844,0.46784808931971444,,-0.6092837124886598,0.10378697637975569,285.1894719050481,286.4953194341716,0.8583897158239014,,,,,,,0.9542228371433957,,,271.4597473144531,271.45965576171875,271.4601287841797,271.4599609375,0.48429233810076344,,,,,,0.5231789131841716,,,101142.34559911242,,,1.4615384615384615,114.16412443804317,0.09071487787912583,,285.2126031458025,,74240.26712740384,0.9819210870026132,0.046727718928685553,0.0646841790742026,0.003467514670106786,0.06645934209613318,,273.0201564089081,-0.5170336559679382,0.23969260334263187,1.0460367646363161e-08,-0.32210229839798965,-0.14775621785214665,6.449851414089549e-07,-0.11080882958406528,0.17783759607101332
1977-08-08 18:00:00,,,3.69673744179088,,,,,,306.3481299947705,3.2630809665431635e-05,5.239389351839145e-06,4.0037915683709656e-07,2.3388974754327147e-08,6.828841408191128e-08,,3.4850764697825416,0.5662480160461728,,,,,,9.221967155411399e-05,0.0002620079108243863,2025.197486832297,4.811100000460472e-05,2.6096430050550833e-05,,285.0921334712463,7.313437010409564e-05,,285.29916761048446,9.950942541720599e-05,,,,9.261874052194449e-05,,1.7137327314128536e-06,,,,,,,0.0002946726669221235,,,,,,,,,
1977-08-09 00:00:00,-0.505646660483095,0.6258615463443057,,-0.1764618461654031,0.15225661894273476,284.7910661866679,286.4508945081361,0.85242611064008,,,,,,,0.5926043417459056,,,271.45977783203125,271.4598846435547,271.46002197265625,271.4599609375,0.5275173070868091,,,,,,0.4755906957317386,,,101422.10983727811,,,2.201183431952663,119.57737795135678,0.0907314486757538,,284.9548253166605,,74419.88318232249,0.8012256065063929,0.061917406355634266,0.10624257289975353,0.017718072473650148,0.16475013868343194,,272.6288788022374,-0.08538414317475268,0.209781609696044,-9.115684035092251e-08,-0.07599465310926268,-0.23087272418321236,2.838212434621252e-07,0.08304957489995561,0.13719144516442655
1977-08-09 18:00:00,,,3.5861599261944113,,,,,,327.74184115257486,2.9481903335751868e-05,8.72485031037641e-06,0.0,0.0,6.59713229528193e-08,,3.3595156867123213,0.4959010739298262,,,,,,2.3626606668946304e-06,3.250357667369955e-05,1979.9725088988534,5.850755780406252e-06,4.597454601843682e-07,,284.41475736177887,7.689186542697207e-06,,284.6411407290126,2.2753544107696714e-05,,,,2.3626606668946304e-06,,1.6841904491671092e-08,,,,,,,6.197983696615907e-05,,,,,,,,,
1977-08-10 00:00:00,-0.7413985969046869,0.09592669108915611,,-0.4322467047787277,-0.1380985982319307,284.6188805935651,286.49013903014054,0.8444775219499712,,,,,,,0.09642344819018121,,,271.4604034423828,271.4599304199219,271.45997619628906,271.4599609375,0.5848065861583461,,,,,,0.3810604127157017,,,101340.90939349112,,,1.6627218934911243,119.83655417177098,0.09047763869607237,,284.20045967779214,,74363.74484559911,0.7203837809478038,0.008881953745972249,0.1383546188076925,0.00451607111643052,0.012139901606994267,,272.1014057588295,-0.32870024619017835,0.05016978111492812,-3.025095621206572e-08,-0.014736795919181327,-0.0017973399726596809,2.157784198578199e-07,0.12684039674567046,-0.034290622324633174
1977-08-10 18:00:00,,,4.216203018053044,,,,,,401.73599080644414,0.00023384983017599794,4.0942659744849574e-05,0.0,0.0,3.747564202944752e-08,,4.153028719523955,0.7217459321991931,,,,,,2.1361660476796022e-07,0.00023603756752239882,2529.31884765625,6.289559708544489e-05,4.005789227739594e-08,,284.7469244059726,8.464379776158982e-05,,284.9548700998521,0.0001997152376457079,,,,2.1584433938800935e-07,,5.489347513610795e-07,,,,,,,0.0004699198451973277,,,,,,,,,
1977-08-11 00:00:00,-0.34865413756060176,0.1377228110499636,,-0.29955785514334954,-0.056790476014628215,284.06199149408286,285.4203552607249,0.8428970402514441,,,,,,,0.20567923319145773,,,271.45953369140625,271.4599914550781,271.4601287841797,271.4599609375,0.6820021409254807,,,,,,0.27993105711228045,,,101072.53735207101,,,1.5266272189349113,117.62871393508459,0.09003895133204715,,284.6855367626664,,74198.29074981509,0.8119922424914569,0.008719738315206749,0.2077983710363772,0.026379015318740755,0.013519546689366448,,272.3070566752959,-0.285775596573508,-0.015990973929681723,1.0197202596322119e-07,0.0024781346144760854,-0.0016938387994935528,5.845662782288338e-07,0.5317180659511739,0.03987796560547056
1977-08-11 18:00:00,,,3.942702773054676,,,,,,109.141846876878,0.00017859156315143293,5.4437821433388975e-05,0.0,0.0,1.8932213702075205e-08,,3.6887710334281243,0.7889859312428877,,,,,,2.7561086345706467e-07,0.00013348566004510462,2857.2248260678625,3.747051284158018e-05,1.8517269075093186e-08,,285.36732040495565,5.3832781385387894e-05,,285.58524408284023,0.00012229612240424522,,,,2.7561086345706467e-07,,1.2934417326069442e-06,,,,,,,0.0003120574725450143,,,,,,,,,
1977-08-12 00:00:00,0.06985935233753814,0.5657005581630052,,-0.024037174924590884,0.2490195684884427,285.980712890625,287.05524367834687,0.8478316234413689,,,,,,,0.372486362795858,,,271.4598693847656,271.4597625732422,271.45965576171875,271.4599609375,0.825297287935336,,,,,,0.4011088423210488,,,100826.3424556213,,,1.3727810650887573,113.88745099129761,0.08979488970965323,,285.4241892797707,,74039.82773206361,0.8832960820056983,0.01735958810647696,0.3528679564551136,0.02617058387169471,0.012747059206990801,,272.7596215242465,-0.07671517592210036,0.21666196676400992,5.09346841816231e-07,-0.04058712332911745,-0.012331882877462714,3.6759653332582595e-07,1.0258712827189433,0.006421556486885928
1977-08-12 18:00:00,,,3.8768376401190223,,,,,,101.93742406720946,0.00012214702261975532,2.0849568074976904e-05,6.284167957023756e-07,7.490189360267311e-08,1.2511701665514048e-08,,3.550240505376511,0.8843137374996434,,,,,,2.252478042297815e-06,0.000291967695848789,3213.8211879391642,7.401916624585875e-05,7.8867040794982e-07,,286.13504732572113,8.0473613207181e-05,,286.25471523668637,0.0001849318979470109,,,,2.8801563928818563e-06,,7.83598281928068e-06,,,,,,,0.0004141047274916517,,,,,,,,,
1977-08-13 00:00:00,0.15666527155588364,0.7804297304012366,,-0.025464475507566916,0.43454285979976315,286.24778250970786,287.3473933293269,0.8576482798926224,,,,,,,0.9265950343312597,,,271.4593963623047,271.4600524902344,271.4600067138672,271.4599609375,0.8578418359248596,,,,,,0.600684607125951,,,100669.91161242603,,,1.1301775147928994,109.91074980786566,0.08975928492800019,,286.3915856716901,,73936.64252034023,0.9928961484389898,0.04408037095997461,0.23682381303088199,0.039910713538841174,0.10706095126066247,,273.1285866280279,-0.022150965131951507,0.47557477732381875,3.8407563015587144e-07,-0.045842624274936655,-0.04331125380724845,-4.865927105086178e-07,0.6968725604065776,0.26070431597839444
1977-08-13 18:00:00,,,5.447400725099462,,,,,,92.28766690767728,0.0002488155336775018,4.318497590059359e-05,4.111600698098628e-05,1.667078430130637e-05,6.899442952525797e-09,,5.0131137667323005,0.9692340479094601,,,,,,0.00021692281644019855,0.0021211207424464066,3502.0101079997225,0.0005435549518115941,5.368509236172106e-05,,285.39008760170117,0.0005229848766840303,,285.55333678115755,0.0007965627831162609,,,,0.0002580373244878103,,4.818418322230232e-05,,,,,,,0.0023699315947125054,,,,,,,,,
1977-08-14 00:00:00,-0.05516218715870874,1.2002522465745373,,-0.08749707351774859,0.6308089078530758,285.5408466045673,286.61681334365755,0.864902606729925,,,,,,,0.9689749073700087,,,271.45941162109375,271.45965576171875,271.4599304199219,271.4599609375,0.8438499781947869,,,,,,0.9354663300796373,,,100929.37906804733,,,2.1301775147928996,115.71543730786566,0.09124188169219791,,285.4493805473373,,74070.25748890532,0.9976348601854764,0.17595425254758998,0.2527090204389182,0.246475325389655,0.8410835803965845,,273.1332646657729,-0.0502395291300215,0.6421595050033028,2.7887664904773853e-06,1.2948481165445769,0.4670251262258496,-6.520298182876152e-07,0.7400511552375801,0.9059072475020702
1977-08-14 18:00:00,,,4.018128536156649,,,,,,66.23816595133945,4.341281377352201e-05,1.0121459438955996e-05,1.4051398229316847e-06,0.0,2.0739187066175562e-07,,3.6832929250051283,0.8473950539820293,,,,,,1.8227140049962602e-06,0.00012895805120927075,3033.275494637574,3.2866318550335585e-05,3.6796747800513836e-07,,284.75754813470786,2.5371343073760262e-05,,285.0057669193787,8.427232680236094e-05,,,,3.228195496564786e-06,,3.5185917947419295e-06,,,,,,,0.00017236065101858578,,,,,,,,,
1977-08-15 00:00:00,0.8467979713304509,0.0038335845315244778,,0.3555649751742211,0.009859023009531597,285.5227787536982,286.78405833949705,0.8535259736360178,,,,,,,0.44479529902658604,,,271.4591979980469,271.4604034423828,271.45997619628906,271.4599609375,0.8089133843162356,,,,,,0.4358361721832371,,,100876.10780325443,,,1.5502958579881656,117.42345089884199,0.09191775745188696,,284.3758060974482,,74038.75332840237,0.9008853700034012,0.00950493202331206,0.20368155455712736,0.014606543546597633,0.020253108097956732,,272.2714583718565,0.3069054812369262,0.027321917065501918,5.3664691825108e-08,0.033358422966299234,-0.017387660650106575,1.3798708096146584e-06,0.8250769280867111,-0.1868244822208698
1977-08-15 18:00:00,,,3.951146295084756,,,,,,155.75058380668685,5.263054864646415e-05,1.530560868731617e-05,5.102479422586204e-06,4.610432499259181e-07,4.861074816311583e-08,,3.8694775033984663,0.7626425087804625,,,,,,9.153765686870326e-06,0.00011814786837651179,2727.362586388221,2.540321745110687e-05,9.960026518833002e-07,,285.48135719073593,2.2920895610335312e-05,,285.6946609767936,6.657385193606517e-05,,,,1.4254768219219862e-05,,7.969520148440932e-06,,,,,,,0.00017074034625755345,,,,,,,,,
1977-08-16 00:00:00,1.1490178870026178,0.7022957435021033,,0.49651262181750416,0.3855281454571605,285.7190186991494,286.7522579396265,0.8402025103569031,,,,,,,0.5833777760048039,,,271.4590606689453,271.4599151611328,271.45997619628906,271.4599609375,0.7578225784753201,,,,,,0.27231391329737104,,,100649.18472633135,,,1.3550295857988166,118.64673122428579,0.09097190721500555,,285.48253455528845,,73892.29620469674,0.9077857609331255,0.010783107858977814,0.16334446094180705,0.00633367278872157,0.014988374427930844,,272.8222584019046,0.4548467545819706,0.4098978039075637,6.666129577068678e-07,0.058933325773160135,0.007946764576364552,6.17587070956209e-07,0.6590313846631163,0.09522550240070862
1977-08-16 18:00:00,,,5.230469579527364,,,,,,182.32016153730584,5.41703940848627e-05,2.337621866598637e-05,1.9574747283077806e-06,1.4682052403512086e-06,8.445610483680297e-08,,4.919837613077559,0.7050774108023333,,,,,,9.434297680854797e-07,0.00021564149292263053,2531.8427315435465,5.7647390478461453e-05,4.7313115565029124e-07,,284.7081363835984,5.080608221200796e-05,,284.9713459804919,0.00010315095179179716,,,,2.900921028746656e-06,,2.5817474140923406e-06,,,,,,,0.0002698175300507856,,,,,,,,,
1977-08-17 00:00:00,1.395293630791839,0.7141473843501165,,0.6214741531913802,0.35666809984918174,285.2355234721709,286.23999312361315,0.8369753216145307,,,,,,,0.30401782876641087,,,271.4601593017578,271.46006774902344,271.46006774902344,271.4599609375,0.6750665793757467,,,,,,0.2804668358797152,,,100493.59338017751,,,1.7514792899408285,116.69469257783608,0.0901906137635722,,284.32602307923446,,73756.90657359468,0.8105375403483238,0.0023015128624606215,0.1850555149408487,0.013935946853908561,0.0033936585194965794,,272.0463506032729,0.5654845491668882,0.35363895371115417,-3.913910889008893e-08,0.008141920432901649,0.003274186828432704,-4.9889846443138e-07,0.8666417981393238,-0.03919618581173688
1977-08-17 18:00:00,,,3.350583544849644,,,,,,180.91199543066983,3.217645650784645e-05,3.564860341111584e-06,8.727495486919697e-06,2.0505188132178853e-06,5.1238757099158645e-08,,3.051313180189866,0.7066901393190643,,,,,,7.941172673152043e-06,5.089019882608448e-05,2706.906683385725,1.092706999835178e-05,2.826988344361796e-06,,284.77799671782543,8.071271272806021e-06,,285.0303268884061,4.3114790549645055e-05,,,,1.666840364241741e-05,,4.288299593347064e-07,,,,,,,8.307970487154447e-05,,,,,,,,,
1977-08-18 00:00:00,0.4921268259985207,0.64496125554192,,0.13384386209341195,0.34688094663902147,284.7461356439534,285.62455072346523,0.8411222156688306,,,,,,,0.32779192501271265,,,271.459716796875,271.46003306974495,271.4601135253906,271.4599609375,0.7822257301511144,,,,,,0.2702808108018193,,,100749.10447485207,,,1.9171597633136095,114.69614875387158,0.08979427743945602,,284.1376115245932,,73918.60535318048,0.858609722563501,0.003259302134135541,0.14783576789956826,0.0028329544518826276,0.008562618458764793,,272.08726727186576,0.14330712154772154,0.3940728215070871,-2.6778010331154883e-08,0.016366401235380117,0.010776937346042343,-2.6736242459679145e-07,0.5728608966975876,-0.06248979596696662
1977-08-18 18:00:00,,,3.074841641462766,,,,,,341.6780513786,2.2494526216264306e-06,6.805791260575402e-07,2.5319794334812896e-09,4.160400098065719e-10,3.4781057611919346e-08,,2.8527067719831973,0.3221728082239275,,,,,,3.39133124908752e-06,5.577784582708009e-06,1289.2275456535745,3.2404377042541843e-07,8.06406867751003e-07,,284.20703702847635,1.0335724249746673e-06,,284.46033798308065,3.4644428265870675e-06,,,,3.3944613746637424e-06,,0.0,,,,,,,7.824906142505668e-06,,,,,,,,,
1977-08-19 00:00:00,-0.19662552331326275,0.3865272420397877,,-0.1263210307916946,-0.04811336585050504,285.2937762920673,286.68385089219674,0.8482370066219533,,,,,,,0.12994953584388869,,,271.45941162109375,271.4601745605469,271.4600830078125,271.4599609375,0.4080918876332997,,,,,,0.08621437884898189,,,100994.2851331361,,,1.8402366863905326,115.10666326940412,0.08952122750366934,,283.595441648946,,74060.00529308432,0.5332850147281173,0.0012368394072944597,0.07736953841687659,0.00021248103598871175,0.0004513002711640307,,271.92998581384063,0.00036574820795002774,0.10737493334437263,6.93647580084559e-08,0.0019691683484252386,0.0038165707559980585,4.032939851053952e-07,0.05234189005293084,0.13243326491858126
1977-08-19 18:00:00,,,2.8067074714327704,,,,,,1563.9262574704107,4.1598156535413845e-07,1.951389444562105e-07,5.637252663355872e-11,0.0,1.9072953970955475e-08,,2.7024872465246528,0.2763081386949889,,,,,,5.851626484351751e-07,1.206746071400727e-06,992.7004437869823,1.5737904930079478e-07,4.473172635192702e-08,,284.9536118366309,9.403533726577928e-08,,285.36586278430104,9.25120186699918e-07,,,,5.852728641244787e-07,,0.0,,,,,,,1.6273126094298954e-06,,,,,,,,,
1977-08-20 00:00:00,-0.15534491228634084,-0.09137679557123128,,-0.0609225637813997,-0.32397339047764884,284.3934983473558,285.8804346569896,0.8546944666190965,,,,,,,0.25048485027967826,,,271.4605255126953,271.46002197265625,271.45997619628906,271.4599609375,0.3592319827107988,,,,,,0.050246515217617416,,,100999.45303254438,,,1.5384615384615385,111.07525147206684,0.08930487886688412,,283.8166836168639,,74103.32925758135,0.5955357756135027,0.0015030871549264401,0.03363440374805201,6.102193036728357e-05,0.0005352729876365888,,272.06437367095043,-0.03427920397922132,-0.15259493878607214,-1.407602939085853e-07,-0.003003145639712994,0.004343360118873103,-1.1445910097430488e-09,-0.003314158620213616,0.024449244846959085
1977-08-20 18:00:00,,,2.955963292770837,,,,,,274.48195643678923,8.588835332520614e-05,9.968435975926867e-06,0.0,0.0,6.167247044939456e-08,,2.8602967671388706,0.49733738645294007,,,,,,6.865528164177957e-07,1.9614821707708595e-05,1950.7936760716184,3.8546724961354184e-06,2.3466849027300727e-07,,284.85521160780326,8.024539820541291e-06,,285.1478480954142,5.9308032312336755e-05,,,,6.865528164177957e-07,,0.0,,,,,,,0.00010546618664758446,,,,,,,,,
1977-08-21 00:00:00,-0.7794794443796372,-0.06889049259163219,,-0.39122456770676833,-0.24640191095115166,283.56434766780694,285.70127588757396,0.8603873199965122,,,,,,,0.30906939083302515,,,271.4604797363281,271.4600524902344,271.46026611328125,271.4599609375,0.5328530201016093,,,,,,0.17261627016688239,,,100733.74537721893,,,1.7928994082840237,111.23184818064672,0.08945991301677636,,284.4589757072855,,73906.92543454142,0.7567604702605298,0.006019264988645294,0.08737867823719273,0.004885216436442539,0.009538616654435558,,272.27137530625924,-0.29460870302640474,-0.09241284703361917,-4.7109285424623264e-08,-0.0012840784028084321,-0.005741105762106427,-1.9457285127467504e-07,-0.0545143365154605,-0.07114799699839755
1977-08-21 18:00:00,,,3.35082089125052,,,,,,193.82778497278338,0.00019014287277086247,4.504396188893967e-05,2.719999770440999e-05,5.060641546926555e-06,1.678141502156501e-08,,3.133401170990171,0.8581003031787082,,,,,,9.991184494199132e-06,0.00026836842374173344,3134.312066614275,5.743498280203554e-05,3.4762910131872053e-06,,285.1911548862796,7.734152496863661e-05,,285.3393800272744,0.00018427542299657664,,,,3.719047681819758e-05,,9.933122869073991e-06,,,,,,,0.0004585053117307056,,,,,,,,,
1977-08-22 00:00:00,-1.419053331634702,-0.3224722901744955,,-0.7654247509657278,-0.28916406349317564,286.1136005108173,287.5078789524778,0.8611810098032979,,,,,,,0.8812327279141668,,,271.46046447753906,271.4595031738281,271.4603729248047,271.4599609375,0.803969079573479,,,,,,0.40207231368803414,,,100994.11704881657,,,1.5917159763313609,112.78188978567631,0.08993697025366788,,285.05025251941566,,74110.81922614644,0.9824050643740321,0.04538301989634538,0.16213496754596218,0.028340853177584134,0.12772998211425923,,272.87387644750834,-0.7362950624093502,-0.23045833294208234,8.813707146259058e-07,-0.05573704962194319,-0.07448232738224007,-3.437033217929348e-08,-0.28224368913639225,0.14070165792160486
1977-08-22 18:00:00,,,3.536292081753883,,,,,,332.9353509485369,5.9751452073543027e-05,1.564101707300491e-05,1.3256632893748538e-06,7.336507358494595e-08,5.596253287995003e-08,,3.377637264996591,0.6892075397559172,,,,,,3.1653174458170785e-06,0.00013998548348581608,2530.735340005547,2.59413345325628e-05,3.621852874050479e-07,,285.4315698386649,3.1123588071066954e-05,,285.6183995354105,6.661148039578212e-05,,,,4.490275354780389e-06,,9.984825048926314e-07,,,,,,,0.00019971580831327107,,,,,,,,,
1977-08-23 00:00:00,-1.2523189973549025,-0.054324866751947344,,-0.60803176383295,-0.1443968722100794,284.9874477047892,286.87227544840977,0.8539846200914778,,,,,,,0.25426902996717826,,,271.4602966308594,271.45947265625,271.4597625732422,271.4599609375,0.5716075138932855,,,,,,0.3889106058421925,,,101108.33690828402,,,1.3136094674556213,114.25029307709643,0.08972693336080517,,285.1234441452478,,74204.2169933432,0.8168636013770244,0.0064282050499549276,0.13217866023969368,0.008478875696306398,0.010239426200911844,,272.80978808882674,-0.4937079615846893,-0.06300195434389735,8.72229098152237e-09,0.0069471118674123075,-0.005972955023219599,-1.9417787225608377e-08,0.056819296800173245,0.04035152380283062
1977-08-23 18:00:00,,,3.9843501875386433,,,,,,247.92440190964197,0.00011114467530560917,2.553106765069905e-05,2.7589081130789584e-06,9.294599294662476e-07,3.8120491641682794e-08,,3.6955410714685564,0.7546480078933507,,,,,,1.3196895990145983e-06,0.00016626287875259652,2797.722610022189,3.897650002022467e-05,1.820349878460698e-07,,285.29697034485946,3.776121774368738e-05,,285.55026263174926,0.00012865644940257778,,,,4.077958461095596e-06,,2.8929083481342836e-06,,,,,,,0.00027740085294429605,,,,,,,,,
1977-08-24 00:00:00,-0.7904511626655534,0.22591686248779297,,-0.4331728523299539,0.012353248144747943,285.01821375739644,286.7276820797892,0.8489092948168693,,,,,,,0.6792291470489206,,,271.45973205566406,271.45912170410156,271.459716796875,271.4599609375,0.7150152138704379,,,,,,0.4648492901018385,,,101015.91937869822,,,1.3846153846153846,114.00372549203726,0.08958624382696208,,284.9457935581546,,74152.29932507397,0.9531146069250164,0.009620757134267565,0.1900774860346811,0.02148970203286797,0.012608843480051528,,273.02222257535135,-0.41413397478634084,-0.008279992278511002,1.1559460780028111e-07,-5.0200160438492455e-05,-0.028142270604534263,9.062569436876203e-07,0.2517983856991198,-0.02804764946536905
1977-08-24 18:00:00,,,3.9246323941021983,,,,,,123.3154579478608,0.000192198351290099,4.653191778081409e-05,4.3534976843546124e-06,5.572505251190366e-08,3.301626846212608e-08,,3.7211994250145186,0.8939927604776867,,,,,,4.068479911815485e-06,0.00029807703470278123,3221.802920730862,6.781314085324367e-05,1.1782029632633254e-06,,285.210501225037,9.010465768727491e-05,,285.38727637296597,0.00018196985812289566,,,,8.422682976581641e-06,,4.1463142316016925e-06,,,,,,,0.0004902717159328584,,,,,,,,,
1977-08-25 00:00:00,-0.9051712419859756,0.633365177543911,,-0.5580543089195116,0.21969387799325074,285.62587254992604,286.62899437176407,0.8436212088229388,,,,,,,0.9018303801322124,,,271.4598083496094,271.4604034423828,271.46014404296875,271.4599609375,0.8857701145685636,,,,,,0.6067035381610577,,,100919.75,,,1.4970414201183433,114.48433292546922,0.08948180520322901,,285.29873422475964,,74090.52230491865,0.9730032802333494,0.07092229184314344,0.37426974613373803,0.07496615979798446,0.1099528210270687,,272.92067054883967,-0.5905807991704998,0.15777290502243493,2.2628827477921043e-06,-0.15703464824067065,-0.07097901183472582,-1.0937706845641665e-06,-0.06076391208806687,0.7167544460155555
1977-08-25 18:00:00,,,4.497770309448242,,,,,,194.81081710905718,0.00014122844447751016,2.1670079795566538e-05,5.615555499432355e-06,4.786579213904206e-06,-3.453384748709625e-08,,4.216152484600361,0.9144945853560634,,,,,,1.717958400940754e-05,0.00041778669292828795,3331.1916590583396,8.518832689135292e-05,2.328967730674518e-06,,285.0494940943972,0.00010730615044806096,,285.1602068116679,0.00022160308819437345,,,,2.279436799901477e-05,,1.129437480452498e-05,,,,,,,0.0005590352407475271,,,,,,,,,
1977-08-26 00:00:00,-0.9134857527603059,0.22185008483525565,,-0.5031313021507489,0.1145048310770791,284.9756783931213,286.1161834897374,0.8472435477922654,,,,,,,0.9701266154735046,,,271.45948791503906,271.46031188964844,271.45982360839844,271.4599609375,0.6822598240870057,,,,,,0.8048188277250211,,,101074.79049556213,,,1.4733727810650887,113.81710382043963,0.09011187920203576,,284.72204806536615,,74189.59943602071,0.9969808685003653,0.065332479466348,0.19125268268867357,0.06418641220183062,0.20894405296480162,,272.9367910531851,-0.48310455909142125,0.06994380048040807,1.7644787363442123e-06,0.21005068939818433,-0.18299977878141685,7.634008779967501e-07,0.27733385774510855,0.38695400177374395
1977-08-26 18:00:00,,,4.399006871782111,,,,,,128.78034602960892,0.00020157567848115278,2.9965882470621864e-05,4.740174000079815e-05,1.2859040816154706e-05,4.219694847320951e-09,,3.8643941145676832,0.9309206157041019,,,,,,4.346289578274157e-05,0.00035135668410351997,3303.6034202801407,7.805501568246875e-05,1.0888516550233378e-05,,285.09948513775885,8.558424619527963e-05,,285.2574701252774,0.00023066993914852842,,,,9.086393040312817e-05,,5.742193326442199e-06,,,,,,,0.0005528984885352295,,,,,,,,,
1977-08-27 00:00:00,0.038534762591299926,-0.21502971084865594,,-0.025713813375439164,-0.1496228889600765,285.26579113119453,286.2198002380732,0.8498192362531403,,,,,,,0.8782023149129201,,,271.45953369140625,271.4599914550781,271.46014404296875,271.4599609375,0.8989512560635629,,,,,,0.648987597967746,,,100951.76460798817,,,2.0118343195266273,115.06071282561714,0.09013165806877542,,285.23463069757764,,74078.19799371302,0.9948549256522274,0.04285188878958042,0.20797951784006943,0.023320711576021634,0.11053939751685547,,273.0027234681259,0.02406424460326426,-0.12842624709450987,1.8359720375431568e-07,0.16913918355072038,-0.1507068495073262,3.5966425850304095e-06,0.7797051128551099,0.16112887365578193
1977-08-27 18:00:00,,,4.819428195614787,,,,,,105.3325070714104,0.0007126056230985201,0.00019509658305602665,1.3307524988284479e-06,7.300687259470923e-08,1.444181793482324e-08,,4.401843178201709,0.90319675101331,,,,,,2.6487563488751474e-05,0.0013739618348773068,3252.0014735114646,0.0004201107780073934,7.447318212520441e-06,,285.01340750970786,0.0005263086482879916,,285.2059275610207,0.0007534015853411398,,,,2.78194980508477e-05,,1.181410790900507e-05,,,,,,,0.0020865341817281023,,,,,,,,,
1977-08-28 00:00:00,-1.6250484398836216,-0.19984508266110393,,-0.9091003463113096,-0.21354142025377623,285.41125704974115,286.1283442931768,0.8408360484789109,,,,,,,0.8271923650651288,,,271.45989990234375,271.46043395996094,271.4598693847656,271.4599609375,0.8814977463885877,,,,,,0.4491219672666499,,,100869.62444526626,,,1.6449704142011834,117.72836953789525,0.09005599614431167,,284.96093316614275,,74023.36060003698,0.9762965109221329,0.21298783302400812,0.3359571668214699,0.2498976126225037,0.8905786918517555,,273.0605952697393,-0.9223366065843571,-0.21479600421070347,8.55679437449235e-06,-0.16707691779503456,-0.5342499716042062,-2.9999924480595445e-06,-0.1263359848564193,0.15659094703268017
1977-08-28 18:00:00,,,3.585667762530626,,,,,,283.5078213482919,3.3526246011609864e-05,9.094535775438568e-06,1.320868906890147e-06,1.037344556941083e-06,5.992186636955097e-08,,3.3229918564565084,0.6557911528638128,,,,,,4.843692984101335e-06,9.51009741901646e-05,2330.7725712533534,1.8751876946737074e-05,7.659935298756029e-07,,284.95413334411984,2.0074685649758965e-05,,285.20956655649036,3.845817767656766e-05,,,,6.1651350125758604e-06,,2.1583869083393255e-06,,,,,,,0.00012865450960644604,,,,,,,,,
1977-08-29 00:00:00,-1.7164439365003237,0.4254731962666709,,-0.90775661355645,-0.03052834293546056,284.72047920904214,285.8881258089867,0.8348158527408126,,,,,,,0.7691797739963913,,,271.4604187011719,271.4600372314453,271.4598083496094,271.4599609375,0.607257530093193,,,,,,0.40721673167933375,,,100907.4301035503,,,1.5739644970414202,117.25087092472957,0.08990296809630986,,284.2307114460059,,74051.61563886834,0.9239292402239241,0.01896498482343713,0.14064926279367074,0.010186550885262574,0.03165087212716124,,272.8731191059541,-0.7909796844572711,0.038420778759837855,-7.9965228201083e-07,0.02701914839490631,-0.09103322558149078,7.633754767246059e-07,-0.5649247536292443,0.18212389386088185
1977-08-29 18:00:00,,,3.355738182745036,,,,,,526.8672400480191,1.4763171150839541e-05,2.4233509362096617e-06,8.408619454626501e-06,3.076781182599491e-06,1.1309800156886618e-07,,3.186423928074583,0.44207005246856507,,,,,,4.184157890680979e-05,6.64498326341076e-05,1623.0702662721894,6.423745105957844e-06,1.3896214538777369e-05,,284.81520866078034,2.3245194254542243e-05,,285.02083140717457,3.258919222115059e-05,,,,5.025094782812355e-05,,3.0088883179884692e-06,,,,,,,8.118840364309457e-05,,,,,,,,,
1977-08-30 00:00:00,-1.1006677503416524,0.10551358397895767,,-0.4671353560227614,-0.20902040583142162,284.33973829280694,286.15562159069896,0.8364001939282615,,,,,,,0.49979739217363167,,,271.46038818359375,271.4598846435547,271.45973205566406,271.4599609375,0.467683067666532,,,,,,0.4350457744254075,,,100927.57340976331,,,1.7633136094674555,116.17252634262897,0.08999382955788156,,284.0277034601516,,74047.25818232249,0.7304620392311959,0.030075624926379017,0.042349412838911867,0.0008824689853826218,0.06978241508529032,,272.68902949045395,-0.3426823813534347,-0.06049883012940898,-1.070766409923813e-08,0.029582120610412058,-0.04985191024972137,4.3517149455801267e-07,-0.05332441830776147,0.05353369347795227
1977-08-30 18:00:00,,,4.593589895575709,,,,,,1266.6442664332644,6.287827117908636e-06,6.697173698766697e-07,5.983196463457931e-07,8.92760860320379e-08,7.814000149363564e-08,,4.289648056030273,0.4627728885447485,,,,,,0.00014494694548951097,0.00023348461946792151,1701.4031065088757,2.2534589619326167e-05,3.5867668115175686e-05,,284.7237758297892,6.125325105599398e-05,,284.94340849204883,7.276404538803552e-05,,,,0.00014554598980401394,,1.0359789845506115e-05,,,,,,,0.00023977008797007905,,,,,,,,,
1977-08-31 00:00:00,-1.0597871125802485,0.3076504701693383,,-0.48840847805406923,-0.013162866851987217,283.88840462046966,286.3982395871856,0.8410459323042243,,,,,,,0.7743518938635581,,,271.46009826660156,271.46051025390625,271.45982360839844,271.4599609375,0.4245916061852811,,,,,,0.5320844480977256,,,100977.74056952662,,,2.272189349112426,119.35785363552839,0.09069637998321353,,284.10536329280694,,74070.75827477811,0.9145523856377461,0.05319610937393805,0.033659085450892356,0.0016589080088237334,0.15166051461245622,,272.96732235519136,-0.4163166249292137,0.18372374878832576,-6.599574261648062e-07,-0.015595071767208844,-0.25636228301821373,-4.535814701664239e-07,0.04768200844702636,-0.04326880859905446
1977-08-31 18:00:00,,,4.413433831118973,,,,,,595.0896434896796,3.402248113113042e-05,2.2030264668210722e-05,1.1651958586901602e-05,5.0376505541378225e-06,5.4729005127949586e-08,,4.286174999891654,0.5974489471616125,,,,,,7.716121052849222e-05,0.00013671965288692678,2118.5246393327884,1.66302469707805e-05,1.559697488355919e-05,,284.2326111200999,3.563178449692811e-05,,284.3823791142751,6.328029392739019e-05,,,,8.881286051146378e-05,,1.504716942825261e-06,,,,,,,0.00017074455876322188,,,,,,,,,
1977-09-01 00:00:00,-1.7310059733644745,0.2573720548279892,,-1.0025755865334054,-0.07111209101930878,284.1868036936021,286.25847702477813,0.8399153732689175,,,,,,,0.9088473284738303,,,271.4600524902344,271.46009826660156,271.45985412597656,271.4599609375,0.5349284410917547,,,,,,0.6002359319720748,,,101042.76923076923,,,2.3136094674556213,120.40538738183015,0.09181037315955529,,283.7096416766827,,74101.7421875,0.9782120454946214,0.052504961637879266,0.08265985567508453,0.008217331925792807,0.11835182370816374,,272.83038980156715,-0.8793868905693821,-0.017356985419459597,2.6356954646424925e-07,-0.1236329053986002,-0.19536688200820831,-2.90839933547792e-06,-0.5741722964676175,0.08229167503718088
1977-09-01 18:00:00,,,4.26928702472935,,,,,,341.0712507800943,6.154576349540575e-06,3.462624267713558e-06,2.807832857560829e-06,1.8576193137987126e-06,1.8716350166481756e-07,,3.924914929993759,0.602169781746949,,,,,,1.4297972769426877e-05,5.036557214499931e-05,2244.7776208459977,9.25838241915731e-06,3.778888188170258e-06,,283.6829061113166,1.4340604198049512e-05,,283.8748107549001,2.2310124346490442e-05,,,,1.710591584267701e-05,,2.2709873896202393e-07,,,,,,,5.649162467414811e-05,,,,,,,,,
1977-09-02 00:00:00,-2.0603068594396468,0.7464612419083274,,-1.1670069835595125,0.19289622222178082,283.34984051405326,284.9367040148854,0.8289246121807211,,,,,,,0.12756329598511465,,,271.46014404296875,271.45945739746094,271.4595947265625,271.4599609375,0.5351979414430948,,,,,,0.33402737060330323,,,101229.98224852071,,,2.136094674556213,120.95203124277691,0.09092219764664328,,283.1150480191383,,74245.22681675295,0.6994442911543084,0.008843505391355097,0.09844304801973365,0.004361508160653199,0.01991486408301359,,272.1553044968103,-1.0475813792302058,0.21375734072465163,-2.8147751328703457e-07,-0.027938075672239947,0.020888110126793032,5.431074412131803e-07,-0.5152199536385621,0.26624774983560545
1977-09-02 18:00:00,,,3.928622567442042,,,,,,337.9918672460071,2.0498707449647802e-05,1.782650601934399e-06,5.848664437701717e-09,5.0082698067617134e-08,1.6902626425792336e-07,,3.8001134071124376,0.5938914339085655,,,,,,2.823929858983621e-06,1.301316637687899e-05,2264.1101493158285,1.8736970274758763e-06,9.175593904136906e-07,,283.62493065828403,3.2848022745911187e-06,,283.88114252034023,2.019727061451788e-05,,,,2.8295729022759656e-06,,0.0,,,,,,,3.351687289913565e-05,,,,,,,,,
1977-09-03 00:00:00,-1.5777535466752814,0.4916409091836602,,-0.8405870234472512,-0.031429144052358776,283.44082262389054,285.3711356439534,0.8231428614734898,,,,,,,0.37364902228017793,,,271.4605255126953,271.459716796875,271.45965576171875,271.4599609375,0.4035595370643943,,,,,,0.09805120360216446,,,101183.88313609468,,,2.21301775147929,120.92334688626804,0.09017432794063049,,282.9100551266642,,74212.4118897929,0.6605908246435357,0.0036990154455705223,0.031928046376405825,0.000109205937244483,0.0036755856301342055,,271.50584781804736,-0.7268679353612415,0.06839125255155845,-2.258689191499615e-08,0.001131768101418512,0.010905842522721318,-2.470684926023503e-07,-0.032940215260319455,0.07899280549330119
1977-09-03 18:00:00,,,4.0032865648438944,,,,,,194.4009752442851,9.082301833925868e-05,1.1756839836842915e-05,1.8383890869834365e-08,3.552432488870515e-09,9.50598542682435e-08,,3.771736737539077,0.6180238954326105,,,,,,2.074457660934629e-06,3.412285736152432e-05,2204.9847896056767,8.901724448570838e-06,5.490380785698016e-07,,283.6059758112981,1.3993557035570313e-05,,283.8554254114275,4.949425099164071e-05,,,,2.093497421261827e-06,,0.0,,,,,,,0.0001249085869309465,,,,,,,,,
1977-09-04 00:00:00,-1.1340759661070694,0.5866260472134021,,-0.6289763760989939,0.03611341736020421,282.9819610415126,284.6816825189534,0.8222706889259744,,,,,,,0.3476165229752219,,,271.4600524902344,271.45997619628906,271.4596405029297,271.4599609375,0.6068712691583577,,,,,,0.12160782251485,,,101280.35318047338,,,2.1301775147928996,119.44382580638637,0.08965507484752046,,283.17680548492973,,74273.64044008875,0.7259095254734423,0.012760884663057045,0.11900714381471188,0.003927535559298724,0.01021465324085845,,271.53397455159023,-0.608880155890651,0.05681331905387563,-4.5954367075633455e-08,-0.006832320661939813,0.013002359545266134,-8.525677816115717e-07,-0.08965819686122195,0.22843828400563912
1977-09-04 18:00:00,,,3.354337788192478,,,,,,336.01711051986064,1.7786960630021858e-05,1.0833513410486414e-06,5.1434562381731686e-08,0.0,4.5828720374174736e-08,,3.114228660538352,0.4243954991447855,,,,,,1.875110543691195e-06,5.8831547844339406e-05,1610.619113267526,8.75416768373117e-06,4.3669384876651877e-07,,284.1514177491679,9.44354477718737e-06,,284.3934001132581,3.367988668249909e-05,,,,1.926476565691141e-06,,0.0,,,,,,,7.662388699999928e-05,,,,,,,,,
1977-09-05 00:00:00,-0.553528469695142,0.20517699111848187,,-0.2601047041853504,-0.09763336181640625,284.7005030163646,286.3707239275148,0.8251871734681214,,,,,,,0.2870176416882396,,,271.4599151611328,271.4600524902344,271.45997619628906,271.4599609375,0.47406971525158403,,,,,,0.17624957744891828,,,101276.40107248521,,,2.2840236686390534,118.83975544765856,0.08922843538092438,,283.0548478527182,,74279.2986316568,0.6327598643593887,0.003134860089544714,0.08766611718390821,0.0015378026567267242,0.0028589914536335057,,271.52359351886093,-0.174797622409798,0.02319246354187734,-1.0689284839256998e-08,0.002025679260845015,-0.00268757552702046,7.224142893779604e-07,0.1415242173615292,0.050699868300081004
1977-09-05 18:00:00,,,3.078100740556886,,,,,,379.54850480119154,0.00012025483966579099,2.4170565181935328e-05,2.5705742985891872e-08,0.0,1.3195193997279812e-08,,2.935487307035006,0.4987218732664571,,,,,,1.436077366919207e-06,4.2188449724186104e-05,1797.3909023668639,1.1845431207905155e-05,5.194052128044106e-07,,284.5578685512204,2.455997925538283e-05,,284.8517315204327,8.86575004758214e-05,,,,1.4617796656648084e-06,,5.642741921319235e-10,,,,,,,0.00016243235599359816,,,,,,,,,
1977-09-06 00:00:00,0.8793494264049643,0.16802932242670002,,0.3788186868972327,-0.13046101000182023,284.75741234051407,286.7980148044564,0.8390585808358955,,,,,,,0.41379120428605587,,,271.4602355957031,271.4600830078125,271.46026611328125,271.4599609375,0.4781373050174064,,,,,,0.2477549716565736,,,101018.35262573964,,,2.0,115.06207654603135,0.0890855281310674,,284.0685385077663,,74104.9783191568,0.7684107712034643,0.018266176015394188,0.13512398432609599,0.008026732495550573,0.023359716291258322,,272.3080317931768,0.3305991020428358,-0.016238996968466854,4.539021289374916e-07,-0.03782946823616705,0.0065970614817015515,-6.882141833934111e-07,0.18305424331913334,0.046007712564524815
1977-09-06 18:00:00,,,3.6862355632894843,,,,,,906.1376379791801,6.620876887846275e-06,4.791076014027793e-07,4.466435701184019e-07,3.787717153731535e-08,5.7038737893287614e-08,,3.556695385092109,0.405597935061483,,,,,,1.2426863055257402e-05,4.2747463700334e-05,1589.6412721893491,5.573453106118377e-06,2.1301496487397412e-06,,284.8084579558062,7.885877461828423e-06,,285.0760721962833,1.6082981987112372e-05,,,,1.28753747813095e-05,,2.257423971355314e-07,,,,,,,4.9363050235093695e-05,,,,,,,,,
1977-09-07 00:00:00,1.2288841439422065,0.32905429072634,,0.5653180173162878,0.061559016887958236,284.7810896472818,286.8770080205251,0.8524205374294485,,,,,,,0.3254125470945821,,,271.4605255126953,271.46067810058594,271.46022033691406,271.4599609375,0.39654721593010356,,,,,,0.30761013739913173,,,100794.45432692308,,,1.5502958579881656,111.61189856896034,0.0894492025206075,,283.7462627704327,,73959.36083117603,0.7409673199145752,0.006743054462255106,0.11096799900457704,0.002803576768502681,0.014266844586480943,,272.5098999745747,0.4923582867052428,0.10649967546293722,2.0925507180016632e-07,0.008477848750599743,0.009668397369998447,-3.4261838610135236e-08,0.13223571731494024,0.192141861605221
1977-09-07 18:00:00,,,3.1850877682838212,,,,,,1970.425013224284,2.3747899035024926e-07,3.1291138306370325e-09,8.056250252050055e-09,2.2047443161084806e-09,5.4154909247319e-08,,3.03904234304936,0.296650181155233,,,,,,1.1820467354277888e-06,2.949415932040243e-06,1208.5639792899408,4.275073710630631e-07,2.2706567425523285e-07,,284.35119556675295,5.207043802420769e-07,,284.6127034023669,1.0128160552865654e-06,,,,1.1901255454537431e-06,,0.0,,,,,,,3.159288647612171e-06,,,,,,,,,
1977-09-08 00:00:00,0.9593750654593022,0.035936699816461144,,0.46800176631769486,-0.14704079599775507,284.6030981300851,286.43753178161984,0.855810735352646,,,,,,,0.8404867901251867,,,271.46095275878906,271.4600067138672,271.4600372314453,271.4599609375,0.401478062014608,,,,,,0.1262516721465884,,,100670.19471153847,,,1.5976331360946745,113.54760724129761,0.08929502893481735,,283.4561009153106,,73836.7933848003,0.9295572613823343,0.004134558420903848,0.04507853419205846,0.0004508424792769393,0.0017356646836862056,,271.84108251086354,0.4169795809412849,0.03320617189068766,-9.420750622731253e-08,-0.016869603727872554,0.0001704676969516912,4.1458658883850964e-07,0.015314731019488452,0.011461162311438273
1977-09-08 18:00:00,,,2.9300536037196774,,,,,,903.5593162401188,3.4566836420600936e-06,5.578897761169975e-07,1.2313589569423679e-08,0.0,5.32645731321633e-08,,2.7701101303100586,0.3434584578113443,,,,,,1.1989703545203577e-06,4.28207240690141e-06,1314.1460798816568,7.785264314455393e-07,3.093244651189217e-07,,284.22584163507764,1.03773995572646e-06,,284.51734554132764,3.0503073740287645e-06,,,,1.2122871651804658e-06,,0.0,,,,,,,7.717743427795772e-06,,,,,,,,,
1977-09-09 00:00:00,-0.8969776221280973,0.2544613053812783,,-0.3404171904163248,-0.1780824548394017,283.84558322161615,285.20687234190086,0.854955893649152,,,,,,,0.22968188404331547,,,271.4597473144531,271.4603576660156,271.4600067138672,271.4599609375,0.3831482836480677,,,,,,0.22304981030915041,,,100781.36076183432,,,1.8757396449704142,113.06678022576507,0.08917012299306294,,283.0007988743528,,73908.85616216715,0.6692854120181158,0.0041118853190946865,0.05839973578047691,0.0008891715100531042,0.00396692400147929,,271.84276043592826,-0.2298086437247914,-0.00414365283130894,-2.0302006585272744e-07,-0.012505639939618535,0.002643274969955873,-1.6840274504953499e-06,-0.1812612093411959,0.016619875233554276
1977-09-09 18:00:00,,,2.9998375762849165,,,,,,1109.543930956598,5.131284292985701e-07,1.184129811955627e-09,4.358449296408592e-09,5.089252506597684e-09,5.601979315273894e-08,,2.8003341742521206,0.3542121119753143,,,,,,1.963090217677799e-06,4.5583004782185755e-06,1337.0869082840236,7.259191052448114e-07,5.043697262392242e-07,,284.94621249768863,1.1430069605803348e-06,,285.26349563147187,2.1065469588753738e-06,,,,1.9663966883569073e-06,,0.0,,,,,,,5.073376969825586e-06,,,,,,,,,
1977-09-10 00:00:00,-1.20245637272942,0.33483876561272075,,-0.45266275575175086,-0.14875862302159418,284.5110051081731,286.32242453309914,0.8565143152806886,,,,,,,0.3363098505686021,,,271.4591979980469,271.4598083496094,271.45977783203125,271.4599609375,0.4045863405487241,,,,,,0.29631516992075907,,,100894.05528846153,,,1.5857988165680474,113.1829044861201,0.08922722494813817,,284.1405513244268,,74008.24754992603,0.8382510775645103,0.005932657224451296,0.07588625134977363,0.0010870025002744776,0.005110509296846108,,271.94535294933434,-0.3281371551152517,-0.007773252633901743,6.82387524422192e-08,-0.011680458071669179,0.01861276982776468,3.098241038366976e-06,-0.2764184150470079,0.2473383589300531
1977-09-10 18:00:00,,,3.370049183185284,,,,,,659.3060997054422,1.118926210163613e-06,4.232303995760323e-09,6.487926198913545e-10,0.0,7.028368399495967e-08,,3.3187271942048384,0.39859297712879066,,,,,,1.530708557755284e-06,3.132577875309442e-06,1489.1575443786983,2.812738833430956e-07,5.787453399254725e-07,,283.9301830043454,6.860444465508828e-07,,284.19749531943415,2.01306752199252e-06,,,,1.530708557755284e-06,,0.0,,,,,,,4.252352746280693e-06,,,,,,,,,
1977-09-11 00:00:00,-1.009633148915669,-0.020148418358797153,,-0.41776496277758357,-0.4021495108068342,284.5789195404956,286.7845769577478,0.8549521350296292,,,,,,,0.43029568463387574,,,271.4597473144531,271.4604034423828,271.4600524902344,271.4599609375,0.43625744701137203,,,,,,0.04080927019288554,,,100993.93602071005,,,1.834319526627219,115.28272188626804,0.0892409206142087,,283.4724207770895,,74067.18944156804,0.8250765969767373,0.0045694433913508305,0.029841637800960146,4.5183142261392266e-05,0.005933998604497966,,271.6622090537167,-0.2732288879755686,-0.14192454208283733,-4.285128416731877e-08,-0.028281059490858452,0.007397015198800691,2.1071287341134832e-07,-0.0688808320542059,0.0533454997476036
1977-09-11 18:00:00,,,4.813054248426088,,,,,,573.0693572456315,5.113390775827261e-05,5.490152088142711e-06,5.33016850433406e-08,4.23232552226214e-09,4.361260656158128e-08,,4.440947665618016,0.5035869891826923,,,,,,2.657468348036151e-06,0.0004051874375202247,1714.614275147929,0.00012315130798068978,9.607088327760527e-07,,284.0788588664941,7.793183862810305e-05,,284.3955916004068,0.00013806058104927018,,,,2.7097739587874104e-06,,0.0,,,,,,,0.0004563486787694446,,,,,,,,,
1977-09-12 00:00:00,-1.9503032074877495,0.07720053971871822,,-1.0767655062252248,-0.24860203759910088,284.00402904262205,285.9912123821191,0.8538115183277243,,,,,,,0.932475750968301,,,271.4605407714844,271.46044921875,271.4596405029297,271.4599609375,0.4445301910239608,,,,,,0.26042942746856507,,,101138.71449704142,,,2.059171597633136,115.69967362443371,0.08921013781304896,,283.5689661150148,,74157.89369914941,0.9775833046647924,0.08469042658927084,0.05874996587149137,0.12496749607063609,0.5728232479659763,,271.74088517589684,-0.9087663458649223,-0.13783608385797083,-4.748046947863592e-06,-0.4601579135691626,0.15429333328495365,-3.2985132785525017e-06,-0.2507541024473292,0.061089910654979346
1977-09-12 18:00:00,,,4.5220077390501485,,,,,,175.30009866748335,3.90826597721619e-05,1.4462326405316415e-05,3.6299261732919683e-07,7.768354816748016e-09,4.06252445372431e-08,,4.2377341513097635,0.6177750988119453,,,,,,2.2359897751779952e-06,0.00010464318405241656,2349.5136020818404,3.1599808021409975e-05,5.518251578130665e-07,,284.21287762342826,3.1444447985767615e-05,,284.3860311113166,6.017247600668281e-05,,,,2.5997787008624103e-06,,5.925195456961908e-08,,,,,,,0.00014372443306375537,,,,,,,,,
1977-09-13 00:00:00,-1.8479188095183061,0.02892938873471593,,-1.0111169081467848,-0.10173227095745019,283.9618317192123,285.1373240453957,0.8534843544282856,,,,,,,0.6541453705736872,,,271.4595031738281,271.4608612060547,271.45985412597656,271.4599609375,0.5535970650304703,,,,,,0.36625480713576253,,,101302.54844674557,,,1.8402366863905326,114.02227440106093,0.08940248658671182,,283.7165079511834,,74309.91935558432,0.8910262866838444,0.00572458274397977,0.12042677367227317,0.01188366229717548,0.006182169310780264,,272.1423614321376,-0.951242503329847,-0.051639872895189995,-7.63451379170013e-09,-0.012589848253148548,0.010597459920929999,6.317515952578751e-07,-0.44495679640911034,0.2071397994485127
1977-09-13 18:00:00,,,3.751505885603865,,,,,,245.02758003550875,1.653918676827786e-05,2.2138474431969006e-06,1.0014935889138052e-09,1.0928466810001688e-09,5.867184767744462e-08,,3.6359081042588817,0.5543687809148484,,,,,,9.273933852918049e-07,1.643761198901566e-05,1965.0498329478608,5.08799708101171e-06,2.996516606864139e-07,,282.66735767612795,2.8914369686820803e-06,,282.9744548007581,1.6319901632839405e-05,,,,9.286333117964705e-07,,0.0,,,,,,,3.299117088317871e-05,,,,,,,,,
1977-09-14 00:00:00,-0.6168812746126976,0.07734747327996429,,-0.30299307467669423,-0.14827872733392658,282.8482528776812,284.65180635170117,0.8492616686595262,,,,,,,0.35951485718495746,,,271.4602355957031,271.460693359375,271.4601287841797,271.4599609375,0.5545964424426739,,,,,,0.09999531401685004,,,101243.88480029585,,,2.3431952662721893,118.58798723390116,0.08941285003571821,,282.35833054040313,,74224.00416050295,0.7647829129851076,0.0006515489733253038,0.07005823884137283,0.0007160626924954928,0.00011917543129102718,,271.2098959296413,-0.20276477633143317,0.02050658795960556,-7.025977882856955e-08,-0.00034266697055489355,0.002401589220334616,1.95786483157371e-07,0.05428414196657711,0.0018696784973144531
1977-09-14 18:00:00,,,4.1612691427829,,,,,,184.53858439127603,2.9561875839910563e-05,4.672610680379811e-06,3.385929302615527e-08,4.513160264968167e-09,3.864699590461864e-08,,3.9219023969751845,0.6077920586399778,,,,,,1.058679558998029e-06,6.949857494534825e-05,2139.710182776818,2.210776834092902e-05,2.7990100916320754e-07,,283.5479050134061,1.1480286629242305e-05,,283.85476522050664,4.266546322749211e-05,,,,1.091273093717338e-06,,0.0,,,,,,,9.905357332624628e-05,,,,,,,,,
1977-09-15 00:00:00,0.22551294473501352,0.3788945350421251,,0.03708307277521438,0.18059186540411773,284.3303135979105,285.8159613073225,0.846550200817853,,,,,,,0.34128466724644047,,,271.46014404296875,271.4606170654297,271.46006774902344,271.4599609375,0.6021026616486219,,,,,,0.22702405579696747,,,101007.3263683432,,,2.4023668639053253,118.03777227458164,0.08918976360524195,,283.0429673053809,,74094.77782914201,0.7602043377136337,0.0035264619003386186,0.15262345646056152,0.009527240279158192,0.002093958431447046,,271.1482482549001,-0.027174571562095507,0.13054419974603595,-3.7833079879968454e-08,-0.002073279851992455,0.005729522798541029,1.3180215803499212e-06,0.5683452167807246,-0.16450638813379953
1977-09-15 18:00:00,,,3.8004556802602916,,,,,,230.9412851044626,1.8418143839525752e-05,4.592136694834782e-06,7.3782084978147016e-09,1.1723763419634844e-08,2.5506790347175863e-08,,3.6347954710559733,0.5150529308431953,,,,,,2.2388112968241677e-06,9.883331829274194e-05,1770.7389053254437,2.639370380774052e-05,3.608186128576832e-07,,283.59263475406806,2.123477190909301e-05,,283.88477862657174,5.119712747765716e-05,,,,2.244878670520331e-06,,1.3350757092413817e-06,,,,,,,0.0001172839537174744,,,,,,,,,
1977-09-16 00:00:00,0.6060737801726753,0.42378533380271416,,0.17167023653109398,0.2370896480492586,283.33829222910504,284.8423400517751,0.8554618182266958,,,,,,,0.4580533180011095,,,271.4596710205078,271.4603729248047,271.45985412597656,271.4599609375,0.46151609504981156,,,,,,0.15539460492557322,,,101123.5976331361,,,2.0473372781065087,113.8098922819781,0.08905758660220535,,282.49745602579515,,74171.18125924557,0.7566504423126313,0.009473021919205344,0.08606999761909907,0.0033922759738899545,0.014190402962046968,,271.5165510008321,0.10745669822015706,0.21381044669969548,-2.7982993941745836e-08,0.006119886446281298,0.003925262250491148,3.17724967188031e-07,0.21623079249492058,-0.011646674934928939
1977-09-16 18:00:00,,,3.3046257199620355,,,,,,248.25247155166255,2.050413006156154e-05,4.996529080458646e-06,6.020201381141617e-07,0.0,7.46306495892298e-08,,3.0786568737594333,0.5001213480029586,,,,,,6.584491933414922e-07,2.7843745502494495e-05,1839.0175827240803,7.694069097733357e-06,1.6100342335873807e-07,,283.601318359375,4.168269196910971e-06,,283.89148743759245,2.4455847472128785e-05,,,,1.260707672883773e-06,,9.172921173671294e-07,,,,,,,4.8354356246587085e-05,,,,,,,,,
1977-09-17 00:00:00,0.3115173825145473,-0.1200012342464289,,0.05246153949985843,-0.05100936438204974,283.01498792298446,284.5296941452478,0.8593942614702078,,,,,,,0.10214332715999445,,,271.4598693847656,271.4599609375,271.4604034423828,271.4599609375,0.5223487006312997,,,,,,0.10581220818694527,,,101185.14127218934,,,2.0059171597633134,113.8822503625994,0.08919662836740708,,282.31861507257764,,74214.6593010355,0.5732518840559135,0.00046446408040424776,0.10524090125153844,0.002661795305782521,0.00023263516510732074,,271.3999745747041,0.014346574185162607,-0.0006928472123907868,-2.7941760936569934e-08,-0.00021318171983419437,0.00012547423589159045,3.920602940261287e-07,0.16491282374195798,-0.052402744984485695
1977-09-17 18:00:00,,,3.26227629396337,,,,,,174.79347833938147,0.00011265207324507674,1.0710055306112979e-05,2.3264592215859678e-05,3.0588270468119335e-06,6.570534149636708e-08,,2.9317472785182255,0.6531251083464312,,,,,,9.314349946185683e-06,4.447864357536361e-05,2522.559521195451,7.4741447112969395e-06,2.484382874161534e-06,,283.55526245839496,1.4255451556493545e-05,,283.79588399130915,8.47401703603169e-05,,,,3.2578787860080336e-05,,0.0,,,,,,,0.00015716138323544667,,,,,,,,,
1977-09-18 00:00:00,0.38483349952472035,0.3795746279186046,,0.048426898978871,0.1485190871199207,283.3819067238351,284.638462405233,0.859085606752768,,,,,,,0.13747491780117418,,,271.4604187011719,271.4599151611328,271.4599151611328,271.4599609375,0.6734964812295676,,,,,,0.2781879189892633,,,101173.49093934911,,,2.2485207100591715,116.30685280342779,0.08949992783676237,,283.1448490661982,,74192.22880454881,0.7542007738316553,0.005395472219428075,0.13624323836180585,0.005067802745209643,0.00809370413334412,,271.619079228689,0.04487636385584724,0.1511977776973205,1.785605596636979e-07,0.009201300633553218,0.003998142441172571,8.043794964282421e-07,0.28976783491450653,0.021188693286399163
1977-09-18 18:00:00,,,3.8074981587878347,,,,,,147.31124082623106,4.061073417494283e-05,1.2148678655455099e-05,0.0,0.0,9.872138763009157e-08,,3.515608848904717,0.734834220635115,,,,,,4.8939844031305705e-06,4.4440905723346056e-05,2669.365492961816,8.30957963621828e-06,1.0101047493296968e-06,,282.27551197300295,1.0097674893204277e-05,,282.52318902551775,4.1404243051653075e-05,,,,4.8939844031305705e-06,,0.0,,,,,,,8.499966217921331e-05,,,,,,,,,
1977-09-19 00:00:00,0.7195034929986536,0.3746293028430826,,0.27876261987629725,0.09040518202019866,282.6118973049186,284.3974869406435,0.854248970570649,,,,,,,0.0006106506437944943,,,271.4598388671875,271.45965576171875,271.46014404296875,271.4599609375,0.7572860481471,,,,,,0.1547726964104105,,,101275.44471153847,,,2.485207100591716,117.63887249647513,0.0895196982389371,,281.88752918130547,,74230.80454881657,0.7737100685136558,0.0023823690641335262,0.1482880501980348,0.001403089105730226,0.0015495923849252553,,270.0611723950629,0.25416702067358254,0.15823524520242002,-3.2602334349630084e-08,0.010007807256146913,-0.00134022123891221,1.1662304718784448e-07,0.4597952103782335,0.014882392784547524
1977-09-19 18:00:00,,,3.796284015362079,,,,,,178.14328327968983,8.454945313154594e-05,2.587908471124412e-05,2.311663867453852e-06,3.0328051225673516e-07,8.455494309719304e-08,,3.6353072894395457,0.77541825137812,,,,,,3.5415607443928014e-06,0.00014361774427650947,2690.7144898183246,4.12192570387259e-05,9.04385860149677e-07,,282.6426879160503,3.9671123380491716e-05,,282.8548071144601,9.925495943374183e-05,,,,5.853015202036976e-06,,0.0,,,,,,,0.00022816693289040107,,,,,,,,,
1977-09-20 00:00:00,0.8988526050861065,0.4665939261222027,,0.32897817347882063,0.16527674184043026,283.0365661982249,284.9644811506102,0.8496630413997808,,,,,,,0.04819303433570636,,,271.4600067138672,271.4599914550781,271.4598693847656,271.4599609375,0.6394604440976882,,,,,,0.25365434454742974,,,101181.54105029585,,,2.5562130177514795,117.80172151644554,0.08944284563233866,,282.2606323964497,,74187.93498058432,0.6900969171488779,0.0038480229909805936,0.1499610555898288,0.010403898340710522,0.00833023793598604,,270.2321618435651,0.2460913912079038,0.1401242476243239,2.0303022097995967e-07,0.01963476598615477,-0.00492536999593825,1.0140269640667815e-06,0.46338882541956283,0.0082154799495223
1977-09-20 18:00:00,,,3.272099184566701,,,,,,164.82607680100662,6.214789384920922e-05,5.599023146036814e-06,9.157601192858092e-06,7.764695311439108e-07,1.1299644715507266e-07,,3.0588084395820574,0.6419327414247411,,,,,,3.5950043321361202e-06,5.256873968790269e-05,2441.326186772634,8.377869277310794e-06,9.668106488751236e-07,,282.27537762342826,1.1317365797313713e-05,,282.5430106439534,6.674027301856047e-05,,,,1.2754159566213394e-05,,0.0,,,,,,,0.00011468409786562947,,,,,,,,,
1977-09-21 00:00:00,0.23886253988954442,0.057981818385378144,,0.05594245569240412,-0.08145536050288635,282.51962659485946,284.25295857988164,0.848319963237943,,,,,,,0.004246593227047892,,,271.45982360839844,271.4598846435547,271.45994567871094,271.4599609375,0.6992729108714493,,,,,,0.20953594862356695,,,101317.31675295858,,,2.5207100591715976,119.19913044765856,0.08979041759784405,,281.86771478596523,,74259.60435928254,0.7290832841184718,0.0018626442333213578,0.12929512408269933,0.004005533703685512,0.0017129909357375646,,270.63606433755547,0.09780465075250208,0.030117367851663624,3.909313366383303e-08,0.004665821680479501,-0.0013157447590630435,4.50486309010778e-07,0.32950039606916126,-0.08180441976298947
1977-09-21 18:00:00,,,3.6528629212689823,,,,,,151.1432094916612,2.3899390499972733e-05,8.356289045345148e-06,1.8831562890103583e-06,3.7501439363998773e-07,1.0028610599417371e-07,,3.320755456326276,0.6687397221709497,,,,,,8.535235238498484e-06,8.049093858454256e-05,2480.0407454812316,1.4899794519300292e-05,2.162255479033882e-06,,281.99038317076554,1.6339167335329675e-05,,282.23305750739644,4.448199413231844e-05,,,,1.0421179984448224e-05,,9.205765449083768e-08,,,,,,,0.00010440263415766243,,,,,,,,,
1977-09-22 00:00:00,-0.18068458060541095,0.5451791526297846,,-0.23498124907002646,0.15023113566742846,281.8265503651997,283.0324446999815,0.8437599776059213,,,,,,,0.0014065793280065412,,,271.4599151611328,271.4597473144531,271.4597473144531,271.4599609375,0.7227051914090941,,,,,,0.1854669695069804,,,101300.27533284023,,,2.5088757396449703,119.78852347650472,0.08984816850289791,,281.78698658237795,,74233.58152274408,0.7436236337091796,0.0027434792093720462,0.1555897454846893,0.005832107814811391,0.007976114397218242,,270.32424908700074,-0.1978225369425215,0.18276812197894035,2.7324379855400424e-08,0.006456271983605958,-1.2994253423792371e-05,7.290652465383859e-07,0.3835376584186004,0.024847965268693734
1977-09-22 18:00:00,,,3.36243591082872,,,,,,104.63474729639539,0.00011230908201996391,2.6693225964992005e-05,2.3094492209469074e-08,9.026406635943601e-09,1.178416187300043e-07,,3.1338674782295906,0.7451243527321774,,,,,,4.794387995491366e-06,3.633988590370834e-05,2652.4561153615014,8.45764890401321e-06,1.203902506616694e-06,,282.3849187546228,2.3632734661271586e-05,,282.58182466947113,6.466063522022857e-05,,,,4.8177702539771265e-06,,0.0,,,,,,,0.00014862555811126418,,,,,,,,,
1977-09-23 00:00:00,-0.5570426466902332,0.5311269703701403,,-0.32418650000758426,0.12472381817518606,281.92338751617973,283.1246287328957,0.8390480727839047,,,,,,,0.06959596893491124,,,271.46006774902344,271.45997619628906,271.4600372314453,271.4599609375,0.6663994450761369,,,,,,0.19035321297730215,,,101412.55048076923,,,2.6094674556213016,121.25916881674141,0.08964891546576687,,281.67138960798815,,74347.96717825443,0.7467038155307432,0.008555180685317073,0.12524329388194536,0.0036836347636386487,0.009026792627819897,,269.87381107849484,-0.31656708237687514,0.10368382719141492,-9.141017498755717e-08,0.0331874333265046,0.010619337808274659,-2.704193923565884e-07,0.14477132481230787,0.06980796220034537
1977-09-23 18:00:00,,,2.8059667948435045,,,,,,897.9110441490038,4.585810314268755e-06,9.433360847495717e-08,3.0749736452949117e-06,3.7048831747392933e-09,4.48932766937358e-08,,2.730392199296218,0.35211813661473745,,,,,,4.684982391504141e-06,1.858276199306962e-05,1446.4881656804735,3.234643114389047e-06,1.150108984059836e-06,,281.98725701507027,4.116533952351858e-06,,282.25724620931953,1.095244165002947e-05,,,,7.758875923043878e-06,,0.0,,,,,,,2.3156933530547915e-05,,,,,,,,,
1977-09-24 00:00:00,-0.08334050376034348,-0.14181001087617592,,0.03740579277806028,-0.29816808644131093,281.29100117880915,283.23404273761093,0.839865493703876,,,,,,,0.00910881990511742,,,271.45921325683594,271.4601233557484,271.4598083496094,271.4599609375,0.3849075301398782,,,,,,0.1476102749976886,,,101774.18528106509,,,2.4319526627218937,119.38962369839821,0.08956847106211284,,281.27207666882396,,74551.30736871302,0.4931327026756205,0.002687473421483769,0.07509680813145356,0.002541485622789733,0.006075808282434587,,270.1391182622966,0.10185597775250498,-0.009641734100657808,5.973857056103941e-08,0.0038981045756114304,0.0012539016997673103,4.728710401655842e-07,0.05417748950642241,0.04201610412823378
1977-09-24 18:00:00,,,2.7652640314497186,,,,,,1136.7830625934366,1.5380599442318347e-06,2.290557562952211e-08,3.157782825757061e-08,0.0,8.050599635717553e-08,,2.6080213178544356,0.2559669991216716,,,,,,2.328631572822142e-06,4.080399738613671e-06,1006.7792159763313,3.998101683410667e-07,5.879345730211608e-07,,281.9145580043454,7.673781144724795e-07,,282.27726574056953,1.3098197840374602e-06,,,,2.3550833382550078e-06,,0.0,,,,,,,5.625023027143535e-06,,,,,,,,,
1977-09-25 00:00:00,0.12911076517500117,0.06798861576960637,,0.04121621261686968,-0.2623515665178468,281.23373936760356,282.68361541928624,0.8414942131945368,,,,,,,0.00022913436212483243,,,271.45970153808594,271.459716796875,271.4599151611328,271.4599609375,0.3063386996116864,,,,,,0.09667869432438055,,,101699.14386094674,,,2.1775147928994083,118.60633967472957,0.08937634518866003,,280.4950016179734,,74541.04708302514,0.3524471486108543,0.0017007427102715307,0.05407024281975653,0.0008247674569575744,0.0019925924447866585,,269.2984915287537,0.013429917880063931,-0.054486666558056895,6.409135435125101e-08,0.0030902436832462013,0.0018317918775371722,-1.9440154337321447e-07,-0.0004501240493277826,0.047189147051798525
1977-09-25 18:00:00,,,2.9873193029821272,,,,,,518.6688241058926,2.8291044855964253e-06,5.613781026834567e-07,1.1229514937913982e-08,7.053804115430843e-09,5.618619827910367e-08,,2.861886549278124,0.22834967438285872,,,,,,1.4550537532250557e-06,1.691295572462872e-06,973.6090976331361,2.1430407512999146e-08,4.342980352202816e-07,,281.7348083857249,4.230877219219885e-07,,282.04300631009613,2.55301418389089e-06,,,,1.4649318343788914e-06,,0.0,,,,,,,4.515018777029049e-06,,,,,,,,,
1977-09-26 00:00:00,-0.19218373721873266,0.24677032267553567,,-0.11233178539388984,-0.17718952788403752,280.3172109028291,282.2146097217086,0.8425114793184947,,,,,,,0.0037291825875728087,,,271.4604034423828,271.4606018066406,271.46014404296875,271.4599609375,0.3252041625994197,,,,,,0.048124460073617786,,,101639.31767751479,,,2.1775147928994083,116.44672660150472,0.08924185735939523,,280.45994793592826,,74488.16861593934,0.34281212673384764,0.00048105110078168337,0.03530698114890363,3.052278030553513e-05,0.0001870005793825409,,269.46530169424926,-0.014766692057163758,-0.02784586799215283,5.129051644941613e-09,0.0002572520032591192,0.0002932620438686489,6.375691323739493e-08,0.021096781160704483,0.0056519667072409
1977-09-26 18:00:00,,,3.24561187924718,,,,,,321.46352421842664,1.985451878880608e-05,5.416649244946135e-06,1.4022707707695002e-08,5.995733498116217e-09,5.5094067468595906e-08,,3.1514776105711446,0.26115715433154585,,,,,,5.008462684217995e-07,1.773820120907394e-05,994.2527869410769,5.2259430377441044e-06,2.1680046049271815e-07,,281.09830055011093,2.777843168501318e-06,,281.5022796089127,1.6444004498995266e-05,,,,5.151922180807803e-07,,0.0,,,,,,,3.761423410043208e-05,,,,,,,,,
1977-09-27 00:00:00,-0.4074016153459718,0.2868331649599696,,-0.1954656070506079,-0.19109707330105571,280.1641058385725,282.7574672360392,0.8463380287384846,,,,,,,0.019076149844558986,,,271.46002197265625,271.4602508544922,271.4602508544922,271.4599609375,0.30860868248449275,,,,,,0.06760943711862057,,,101635.55159023669,,,2.2544378698224854,114.02821467472957,0.08910719741731,,279.6469639885355,,74464.2005362426,0.3458234243888474,0.002703587684405626,0.06697652306953257,0.0014882087707519531,0.0011683215756388106,,268.0932864578518,-0.17783467445147813,-0.06637871300680398,-1.1799147076348184e-07,0.008371703003546272,0.004272220292563974,3.49278561986181e-07,0.12240899067520875,0.025680071856143207
1977-09-27 18:00:00,,,3.6864522335797374,,,,,,338.0998840332031,5.629914399434829e-05,1.0413486929334832e-05,7.053857931685386e-10,0.0,3.702941820626981e-08,,3.4241126585288866,0.3537550706129808,,,,,,2.742618234199885e-06,2.4404222443258975e-05,1259.9050404023842,6.479073381988255e-06,6.26467355697818e-07,,281.1990670649963,9.031602616846208e-06,,281.55538958487426,2.85142095836662e-05,,,,2.743621196972548e-06,,0.0,,,,,,,8.067964802126912e-05,,,,,,,,,
1977-09-28 00:00:00,0.054687663648255475,0.25059659946599655,,-0.04692052243023934,-0.264004442113391,280.8326004299186,283.2252710105399,0.8538103639726808,,,,,,,0.06819423698109282,,,271.45973205566406,271.45924377441406,271.46006774902344,271.4599609375,0.38154641798278593,,,,,,0.10901429667275332,,,101708.08154585799,,,2.42603550295858,113.12909531452247,0.089028770401633,,279.8838352903106,,74510.67425573224,0.4697850429006582,0.002440373573077501,0.0548343564323067,0.0026382356000369824,0.004428508013663207,,268.5753571098373,-0.049437940473387225,-0.10630412355682553,-7.279123086275632e-08,0.010848960912660365,0.004891367629170418,4.3249345242807685e-07,0.10772978715025462,0.005918649526742788
1977-09-28 18:00:00,,,3.4185964518044827,,,,,,495.8993839963653,0.00013417464036207931,1.4589118534291285e-05,6.386103692668429e-08,6.955987691173892e-09,4.5685049684102766e-08,,3.1960524757938273,0.39870836607803256,,,,,,4.2892860237663314e-06,2.3977379121723965e-05,1577.5805528629462,3.3953045246869147e-06,1.0287697763132625e-06,,281.9374898876664,1.6890598472053483e-05,,282.2691946537537,6.343468406496669e-05,,,,4.351932621566502e-06,,0.0,,,,,,,0.00015816921313133465,,,,,,,,,
1977-09-29 00:00:00,-0.4749952914446769,0.0677638420691857,,-0.24104890315490363,-0.15746579367733565,282.45302098742604,283.7018782937315,0.8553876111493308,,,,,,,0.30541775494637574,,,271.4603271484375,271.4605712890625,271.4599609375,271.4599609375,0.4249296860200919,,,,,,0.12850293040980953,,,101762.16087278107,,,2.467455621301775,114.91139699721478,0.08911853711280597,,280.88902725129435,,74563.85260262575,0.6887348756282288,0.011265650865333926,0.039528545616304825,0.002085725231283515,0.03045801016000601,,269.5328419702293,-0.1704143603172528,0.02286806896593444,-2.24411112157154e-07,0.07466846104909683,0.03292901318013315,7.293339188075652e-08,0.04443244380358408,0.03113678474662572
1977-09-29 18:00:00,,,3.0085018654546793,,,,,,477.389398484003,6.067505954990725e-05,7.3702554025593596e-06,7.507672323983097e-06,2.132673588024794e-08,8.3993036820261e-08,,2.7633132483126848,0.4429681540946283,,,,,,8.371344508504022e-06,2.044203454220789e-05,1709.063748873197,3.021320647741916e-06,1.383636741948551e-06,,282.05567561945264,7.111380791523048e-06,,282.3249237241124,3.6354865548173354e-05,,,,1.588488030715807e-05,,0.0,,,,,,,8.112456671584993e-05,,,,,,,,,
1977-09-30 00:00:00,-0.6564051724044528,0.5701614300880207,,-0.3269455757366835,-0.0010332130116118483,282.01230382072856,283.85044580944896,0.85855533597032,,,,,,,0.31564963075536245,,,271.4600067138672,271.46051025390625,271.46009826660156,271.4599609375,0.42814681332933124,,,,,,0.32956767724082975,,,101856.4088387574,,,2.337278106508876,116.6736935948479,0.0895527213282839,,281.072248289571,,74625.15252866125,0.7642623432994594,0.01733624749161171,0.05834678966089113,0.004033303119727141,0.02651214599609375,,269.8642737033099,-0.24139232184054585,0.12384003506609674,-8.074716923082627e-07,0.12247853025176822,0.03764758589705067,-7.31607009766943e-08,0.13087689199832064,0.04807721490602521
1977-09-30 18:00:00,,,3.489415281623073,,,,,,214.12375121709158,0.00017446738023024338,3.535494472853531e-05,2.5994198110241157e-08,2.8215431726741546e-09,8.960308973951617e-08,,3.2803441166172367,0.6520006490221038,,,,,,4.901016164108141e-06,4.466348758333992e-05,2328.5973731046597,9.904058991804631e-06,1.2311230264824522e-06,,281.79028031388685,2.9279238726260394e-05,,282.07372757951185,9.260013611359003e-05,,,,4.920943160734233e-06,,0.0,,,,,,,0.0002191012418362985,,,,,,,,,
1977-10-01 00:00:00,-0.5953353509395081,0.4255655362055852,,-0.3870779522777309,-0.02148456686347194,281.99459712463016,284.0060962925296,0.8545558336218433,,,,,,,0.4650155693821653,,,271.45985412597656,271.4594268798828,271.4599914550781,271.4599609375,0.7079043617615333,,,,,,0.21412315594374076,,,101857.41512573964,,,2.5502958579881656,118.28370422724436,0.08957616535164195,,280.66304837740387,,74626.42545765532,0.8144969841432289,0.025011854965760534,0.16698388109182025,0.008629070936575443,0.04013765775240385,,269.4365884453587,-0.37068177398139907,0.07489020478795971,-9.605653317333144e-07,0.15169474359094745,0.04132089870513456,1.1900556273758411e-07,0.21680438589062212,0.20253807793443018
1977-10-01 18:00:00,,,4.370545878212833,,,,,,190.74527176174186,0.0001207739996486867,2.4663097054295286e-05,9.326672060249825e-07,1.1116216653550165e-07,5.978315968238925e-08,,4.080942261148486,0.6381977151351921,,,,,,1.2588086565570718e-05,0.0001571277189536913,2299.543536665877,3.181221569783589e-05,2.248885010826517e-06,,282.28736796181585,4.3658550674393334e-05,,282.51917298446745,0.0001022297249743219,,,,1.3519894089219133e-05,,0.0,,,,,,,0.0002778990734258347,,,,,,,,,
1977-10-02 00:00:00,-0.3730516151563656,0.3261416508601262,,-0.2685647321170604,-0.036111859880255524,282.0157319018121,283.5029889168824,0.8509271762074804,,,,,,,0.34323220328598686,,,271.46038818359375,271.45957946777344,271.4599304199219,271.4599609375,0.6390395993311729,,,,,,0.2452959930138475,,,101706.87407544379,,,2.4615384615384617,119.03944803271773,0.08965785122482028,,281.4863006772374,,74565.65072577662,0.7667974170143083,0.022304843894905856,0.13383967872466562,0.014230694291154308,0.026186476456078554,,270.3360299556213,-0.2949380141038161,-0.06769286387065458,-1.1325800289729191e-07,0.16177243205922595,0.049968919470167815,9.156937315542053e-07,0.2926054346490894,0.22528885494498813
1977-10-02 18:00:00,,,5.215356347123547,,,,,,184.44237481980096,0.00037628835474951027,7.924666771521934e-05,1.7531375957311257e-06,5.143104925663514e-07,5.9216667251515386e-08,,4.916642386532394,0.6541899396161709,,,,,,1.5806208348133153e-05,9.294162840532833e-05,2360.9666021222897,1.796251217994464e-05,2.5842603318084626e-06,,281.71224488026996,8.749230020850368e-05,,281.9839603943232,0.0001411584354716645,,,,1.755727113351314e-05,,7.350422089269175e-08,,,,,,,0.0004692110836453887,,,,,,,,,
1977-10-03 00:00:00,0.06327980650952582,0.6018396411421736,,-0.05974027532092213,0.11539328309911243,281.9190998867419,283.8614032451923,0.8492541493043392,,,,,,,0.2644974748058432,,,271.4601593017578,271.46034240722656,271.46009826660156,271.4599609375,0.6279521877243674,,,,,,0.22391677043847077,,,101501.69304733728,,,2.4792899408284024,118.26829880934496,0.08983597952938645,,280.91678705159023,,74405.31495007397,0.6833137203250411,0.06769530196784729,0.13579146381048762,0.00970057199692585,0.06322709484213203,,269.42875138683434,-0.20096610142634466,0.07640479725493482,4.463799135241459e-07,0.8178612758727888,0.13659965921435835,1.4514650270541215e-06,0.5715890662998138,0.22125217433159167
1977-10-03 18:00:00,,,5.682149497714974,,,,,,182.38305618918153,0.0002838380238008217,8.070398364546737e-05,3.696347658450787e-06,6.13058239397918e-07,-1.9000167708730974e-08,,5.4991526744774815,0.6738158417920742,,,,,,1.5357013284807376e-05,0.00018199007079982955,2395.3906147973776,4.752826761211869e-05,3.4061938347901115e-06,,281.42220437315086,7.8286204112352e-05,,281.6808807553624,0.0001525208794859034,,,,1.905329481384458e-05,,0.0,,,,,,,0.00046581821927488965,,,,,,,,,
1977-10-04 00:00:00,0.32152911756165636,0.6058187936184675,,0.05885169915193637,0.15084953985270663,280.66138995469674,282.52049336630915,0.8457084389833304,,,,,,,0.5656560412525425,,,271.46014404296875,271.4597625732422,271.46043395996094,271.4599609375,0.6844255212011069,,,,,,0.3058483892894686,,,101327.62851331361,,,2.5976331360946747,118.4793172080136,0.09004828774717433,,280.33882818278477,,74242.87162536982,0.8185347516155808,0.029435392726796884,0.19764539058121836,0.011426778940054087,0.052037888024685654,,268.81885343472635,-0.03462710747352013,0.16896672784929445,-5.1139161946836136e-06,0.5022191284940793,0.15732928330199958,-3.35620550890646e-08,0.9196269380138118,0.34451140390609847
1977-10-04 18:00:00,,,4.929144261151376,,,,,,346.931566588272,0.0003346557447896201,7.64866023374027e-05,7.70261288019856e-09,1.3196821938979732e-09,-8.802701614572551e-08,,4.743722255413349,0.7150820582091103,,,,,,8.805951423193577e-05,0.0004259696407060553,2646.0811734171307,0.00011016551912183592,2.0794350014635796e-05,,281.35837532359466,0.0001718597651938715,,281.54409555288464,0.00022961366811447595,,,,8.80678024517714e-05,,2.9560674488897154e-07,,,,,,,0.0007606319102644823,,,,,,,,,
1977-10-05 00:00:00,-0.7186876217994465,0.2626561046352048,,-0.40793681850094765,-0.10705377928604036,280.73976053994085,281.8330800434541,0.8447729663030635,,,,,,,0.9467134182754706,,,271.4600524902344,271.4598693847656,271.460205078125,271.4599609375,0.6541417198773671,,,,,,0.6474018886949889,,,101266.82895710059,,,2.8579881656804735,119.01781341733312,0.09048403790716589,,281.3553055080436,,74170.6740245932,0.9885621444713435,0.22151293850244855,0.15324838339218858,0.08999232004380085,0.6072689506401633,,269.269304444804,-0.39131617122853296,-0.026037932853021566,-2.807937045829624e-06,2.4325264644693343,1.6489286796374456,-6.232657621355628e-07,0.02855198764236721,0.594514723073625
1977-10-05 18:00:00,,,4.529287750198996,,,,,,320.6765005800146,9.447710930243047e-06,4.023644169406778e-07,7.46590057773703e-07,1.2001868601910463e-07,1.0772091304689106e-07,,4.386126856832109,0.4270738229243713,,,,,,1.3349544719831477e-05,2.2146476091012447e-05,1820.7164912477754,1.69589983288353e-06,2.588823261345632e-06,,280.1896062546228,4.5318817774925006e-06,,280.4450033515163,9.29109443574262e-06,,,,1.409854850120093e-05,,0.0,,,,,,,3.1601130609681624e-05,,,,,,,,,
1977-10-06 00:00:00,1.2221183833285902,0.42289856905062523,,0.5303123533373049,-0.030828357448239297,279.60123890532543,281.3223826391457,0.8468269247275132,,,,,,,4.51468151701978e-05,,,271.4602508544922,271.4598846435547,271.4602355957031,271.4599609375,0.5425655245822276,,,,,,0.17127114922337278,,,101459.93232248521,,,2.6449704142011834,120.19717732265856,0.09117127875604573,,279.0441143329327,,74314.74553901626,0.6206418695534475,0.002510920078796748,0.08091742340365105,0.0006457503730728781,0.003774405936517659,,269.0791203425481,0.43102055329542893,0.13304124675558868,1.751534562884622e-07,0.01151167288334412,0.009078312523321376,1.1987961620676535e-06,0.28052523452237516,0.09688258805923913
1977-10-06 18:00:00,,,3.961099737494655,,,,,,251.45793398270695,3.4265308337804126e-05,3.7294895162243817e-06,1.8550678205913341e-09,0.0,-9.094182826914775e-09,,3.4400997669739133,0.5003297343056583,,,,,,4.789973857134757e-06,2.9871449668026534e-05,1985.4775024955795,3.3971561482672156e-06,9.030798042314292e-07,,278.650373289571,5.65421916324006e-06,,278.98716455944896,3.104996399061214e-05,,,,4.791869566990779e-06,,1.042488874239329e-07,,,,,,,6.413962361375256e-05,,,,,,,,,
1977-10-07 00:00:00,0.236371903729862,0.2893594707963029,,0.009119931057360045,0.035532302405001846,277.80436643340886,280.47848384338016,0.8425979614257812,,,,,,,0.0015387676171297153,,,271.4599151611328,271.4603576660156,271.46038818359375,271.4599609375,0.5269019708089728,,,,,,0.1934894810061483,,,101616.73206360947,,,2.9467455621301775,120.43949194913785,0.09118248301850268,,277.79301380405764,,74374.62613258135,0.5645742958078172,0.0041543163908726016,0.1125759825774485,0.0018269014076368344,0.006538707123705622,,266.2436116235496,-0.005171544453096108,0.10403868996885401,4.880712367594242e-08,0.03419337752302723,-0.002760521957331155,-3.1134244550526496e-07,0.6649047620814933,-0.09225531372092885
1977-10-07 18:00:00,,,3.858778586754432,,,,,,190.4221394856771,2.2287464000769622e-05,3.3950730717393773e-06,7.053857931685386e-10,0.0,1.3284808454357695e-07,,3.559385626979128,0.41952243782359466,,,,,,4.6055003471628446e-07,1.125804771333051e-05,1467.9342729015464,3.5003180334553914e-06,1.3058010444662274e-07,,278.42295413045485,3.078919366971981e-06,,278.70963878744453,1.4966497054466834e-05,,,,4.6320141089209436e-07,,0.0,,,,,,,3.353986867080779e-05,,,,,,,,,
1977-10-08 00:00:00,-0.8602889585777147,-0.26152400293293787,,-0.42056338744756033,-0.38198363851513384,277.78402077940086,279.842302491679,0.8362681262591887,,,,,,,0.00033292262511845877,,,271.4597473144531,271.45977783203125,271.4600524902344,271.4599609375,0.549586020277802,,,,,,0.12734172753328402,,,101615.8962647929,,,2.603550295857988,119.91332700830945,0.09103264046843941,,277.41506434333394,,74400.62333579881,0.5830811389099212,0.0009377722204084228,0.07162818826250071,0.001321733350584493,0.0006822326479578864,,266.82193074423884,-0.39012929814807057,-0.20577954963819514,-1.1050268466205173e-08,0.0007002303051657578,-0.0007890687935803768,1.167164076262253e-07,0.10906980446809848,-0.0559442388940845
1977-10-08 18:00:00,,,3.7484766153188853,,,,,,292.91172275773016,0.0001189881527917625,2.4378608317064814e-05,1.1249605191529854e-06,1.5087701247994012e-07,3.0245859812760515e-08,,3.3825703065776263,0.6210222777045338,,,,,,1.5179874628958617e-05,0.00010543100579955874,2344.4220617170163,2.5700248733780088e-05,3.6300198566278763e-06,,280.3300203402367,3.179740270919348e-05,,280.62312488443047,0.00011783344505806646,,,,1.630354562454675e-05,,1.905298620991453e-07,,,,,,,0.00022439949611234946,,,,,,,,,
1977-10-09 00:00:00,-1.0113427483823878,0.5513037788797412,,-0.5233075181408041,0.04986230297201484,279.35140359190086,281.4830560627774,0.8331795987292859,,,,,,,0.09381577531261558,,,271.4598693847656,271.4600372314453,271.45970153808594,271.4599609375,0.6319303591708108,,,,,,0.26844413148806867,,,101765.06730769231,,,2.7928994082840237,119.99248057709643,0.09089580231164335,,279.32091201691935,,74530.58609929733,0.7197445966082917,0.012790378068777673,0.12048588115611725,0.010387127216045674,0.021462389703333026,,268.55029007951185,-0.45293322681675297,0.06264275206616644,1.8696148923567922e-07,0.0693034177133538,0.0085153155822373,2.474474828117169e-07,-0.07375630119143153,0.0818950939460619
1977-10-09 18:00:00,,,3.666490549166527,,,,,,693.1728961651141,6.011130629911931e-06,2.7676482172407343e-06,1.2110982134321032e-08,4.302028335145945e-09,8.733759763527981e-08,,3.4898981568375986,0.28317531608265534,,,,,,1.1392687199383798e-05,1.7560798035570855e-05,1217.0266822273209,1.3410824643084283e-06,2.153124109175078e-06,,279.44969258505915,3.964623667784696e-06,,279.7455216808432,7.0337779246843775e-06,,,,1.140465662324217e-05,,4.1524863102026947e-07,,,,,,,2.356036703967484e-05,,,,,,,,,
1977-10-10 00:00:00,-0.29526357255743807,-0.11745237880909937,,-0.05947479270619048,-0.34947634025438296,277.9398056120562,280.56039807923446,0.8317233863666919,,,,,,,0.0007781023104515302,,,271.4600372314453,271.4601593017578,271.45982360839844,271.4599609375,0.3332109620585244,,,,,,0.10189909624630178,,,101981.8576183432,,,2.6863905325443787,122.72039524055796,0.09110688881055844,,278.0039871486686,,74624.48056120562,0.3948117320442341,0.004457487862491043,0.0528847042405041,0.000689427528155626,0.005499642276199612,,267.56979532636836,0.0018741111078205898,-0.151333504174588,4.7411070835222796e-08,0.017572470656069157,0.004170102656945674,4.4466623714911484e-07,0.0945304709778735,0.0538756648993351
1977-10-10 18:00:00,,,3.508251991497694,,,,,,849.1315042206735,1.7529254305292163e-06,1.661308638795593e-07,4.0933719530326904e-10,1.7048645015122624e-08,4.529354652285179e-08,,3.4011433956891124,0.20326937161959135,,,,,,4.395644163944312e-06,6.630201135161361e-06,891.1183431952662,6.130747717513135e-07,9.60612394047912e-07,,278.65112593611315,1.3252224266176393e-06,,279.04122076090977,2.3037062946861312e-06,,,,4.3970439031984676e-06,,1.7886904217082368e-07,,,,,,,8.377847234172934e-06,,,,,,,,,
1977-10-11 00:00:00,0.013708255700105747,-0.03095295584413427,,0.0007867305236455252,-0.3234502972935784,277.98013070913464,280.4622737726516,0.8269948088205777,,,,,,,0.0,,,271.45957946777344,271.45970153808594,271.45970153808594,271.4599609375,0.22436126167252218,,,,,,0.049999169344027365,,,101983.81545857988,,,2.57396449704142,122.17376293656389,0.09103139899891509,,276.73421898113907,,74618.72506009616,0.25237147582794084,0.0012989127264528937,0.029579515330570603,9.812546904975847e-05,0.0009711875012640417,,266.81862374029214,0.0037732346523442917,-0.12229974735418014,5.717163377036509e-08,0.0031246967357445574,0.00045074090449767704,1.0414387576644358e-07,0.05951848454200304,0.007963720158007018
1977-10-11 18:00:00,,,3.4620866549790965,,,,,,572.6544010492019,2.4071150630183474e-05,6.602559040284016e-06,3.6402390897825095e-09,0.0,6.377503855192494e-08,,3.3005354111716594,0.23377358701807507,,,,,,3.896367091398973e-06,1.9955432273932464e-05,980.5114644970414,2.6486373159306993e-06,8.873272268377112e-07,,278.59188499676407,5.510740378904625e-06,,278.88133465467826,1.6710946898488605e-05,,,,3.9000372738527825e-06,,1.3681762361314876e-07,,,,,,,4.4039367924075155e-05,,,,,,,,,
1977-10-12 00:00:00,-0.10581478705772987,-0.030803465984276766,,-0.029202523316151998,-0.31689766878207054,277.07829113119453,280.04177982849484,0.8276947112478448,,,,,,,0.012022797172591531,,,271.460300791678,271.4597930908203,271.460205078125,271.4599609375,0.3128454813502244,,,,,,0.09594013281827847,,,101948.33265532544,,,2.6153846153846154,121.20630731526211,0.09094560216869828,,276.80120262732873,,74589.57022004438,0.3634525802669793,0.004432849277319943,0.05115424522705729,0.0007933977792954304,0.004318779036843565,,266.3517107540334,-0.047190367117435975,-0.17307111638537526,-1.0934525443938115e-07,0.03550379703247771,-0.002530073273111377,5.438972055118465e-07,0.18355881329488075,-0.012450226312558326
1977-10-12 18:00:00,,,3.438990705817409,,,,,,389.32085288443216,0.00010537730871573003,2.4623860268903203e-05,6.710394070698665e-06,6.1840259817224985e-06,1.1763476048349596e-07,,3.1945682954506056,0.43849480081592085,,,,,,2.501741845226852e-05,4.352717357274343e-05,1603.1529518443451,5.376056806575617e-06,7.0855241908124215e-06,,278.45640428531806,2.4163775895474225e-05,,278.81136452940086,5.7806718278918747e-05,,,,3.17277463935536e-05,,0.0,,,,,,,0.00014892097055559328,,,,,,,,,
1977-10-13 00:00:00,0.004611641697629669,-0.005079077545707748,,-0.14859749156342456,-0.2775783764540091,277.3573510886649,280.08357410318047,0.8338807126474098,,,,,,,0.01757379114275148,,,271.45994567871094,271.45982360839844,271.4602355957031,271.4599609375,0.4483999474161475,,,,,,0.23969824074288093,,,101874.56656804733,,,2.828402366863905,117.89218934188933,0.09134813173282781,,276.9571353528627,,74549.93988073224,0.5317071987503379,0.013325555602997162,0.07055870134565295,0.0016192712727383044,0.018379708013590977,,266.55798854489296,-0.03875146673981254,-0.026349677136663856,6.71222868834253e-07,0.08234013027341736,0.02256793048254837,7.32592476875254e-07,0.26027035038675783,0.014252592826030664
1977-10-13 18:00:00,,,3.8475388464843028,,,,,,266.6434512348295,4.720582059149206e-05,6.9494519007981885e-06,1.8796183653837125e-06,4.144936535485397e-07,1.1074252890907889e-07,,3.667830060925004,0.5052160816652888,,,,,,6.931641045406725e-06,3.090465562583427e-05,1742.573379697179,4.836286489780133e-06,1.4114662034977118e-06,,277.78634806074336,6.072090927665756e-06,,278.15066654724484,3.332516850804436e-05,,,,8.810245426448845e-06,,8.884211175540495e-08,,,,,,,7.809742667971278e-05,,,,,,,,,
1977-10-14 00:00:00,-0.36850489667181435,0.15177776404386442,,-0.22380910117245284,-0.1904235083675949,276.74704765003816,279.2128082817123,0.8332746709592244,,,,,,,0.00978706856451091,,,271.45994567871094,271.4603729248047,271.45960998535156,271.4599609375,0.47404437598127586,,,,,,0.1193084716796875,,,101849.32932692308,,,2.923076923076923,120.79199056230352,0.09174897967005623,,275.8251610027968,,74491.33667714497,0.5007433452858374,0.0037807292550679616,0.08592499825916082,0.0012901069144525472,0.006380566478480954,,264.9961282402806,-0.189903823581673,-0.04080938869679468,5.728941568870582e-08,0.03190958965242532,-0.006542036871938311,4.135910903803519e-07,0.2885213572168227,-0.009658929864330404
1977-10-14 18:00:00,,,3.7160311704556617,,,,,,319.4852633189006,3.38575543736565e-05,7.10992594442424e-06,5.477984276043593e-06,1.213254307854105e-06,5.6654028697821074e-08,,3.4484468211789103,0.43437817816198226,,,,,,9.937068590751061e-06,3.1639882446040766e-05,1426.325117212781,3.5023900884142992e-06,2.112046721771624e-06,,277.36864800989275,7.003512696401607e-06,,277.8151292067308,2.44007837137527e-05,,,,1.541529534131112e-05,,0.0,,,,,,,6.551917135362795e-05,,,,,,,,,
1977-10-15 00:00:00,-0.453395990224985,0.40424169732268744,,-0.21500890494803704,-0.14099775122467584,276.49862038877586,279.0349944526627,0.8280500152407313,,,,,,,0.0035999230379183617,,,271.4597930908203,271.46014404296875,271.45997619628906,271.4599609375,0.3138837561055401,,,,,,0.11424444977348373,,,101651.02459319527,,,2.893491124260355,122.85992233005501,0.09186862065241887,,275.55735038441316,,74370.53682045119,0.35349341047674243,0.002189991742196168,0.0755305781880581,0.0022681535348384337,0.003387022300584782,,265.35372798400516,-0.1408678032237397,0.004261848489208334,2.424100876479966e-07,0.013428287160412005,0.00238261623142739,7.544253600111022e-07,0.2760525875016716,0.005819075911708132
1977-10-15 18:00:00,,,3.7894889899259487,,,,,,500.8722476234919,3.42950665739161e-05,3.404694901415582e-06,2.556100223191391e-06,3.4784674286269226e-09,1.6148155387222337e-07,,3.4712849114773543,0.26305845362194896,,,,,,9.316951036453247e-06,2.570159336518959e-05,927.2338152270345,3.945280814311913e-06,1.981755244661365e-06,,276.3785913230399,7.5799076867526804e-06,,276.7204228688979,2.5146988016613842e-05,,,,1.1873359863574688e-05,,0.0,,,,,,,5.9966416753960783e-05,,,,,,,,,
1977-10-16 00:00:00,0.005143758107924602,0.14391456694292598,,-0.01410903592081465,-0.20047435534776314,274.550281502086,277.55976678069527,0.826503658788444,,,,,,,0.08580333100268121,,,271.46014404296875,271.46022033691406,271.4598693847656,271.4599609375,0.3052351765070089,,,,,,0.2545573217628976,,,101622.02144970415,,,2.7159763313609466,122.16528013330945,0.09241471205942729,,274.23304667275335,,74305.8302745932,0.4708936432453655,0.007207380688749943,0.05571019863039903,0.0013953158135950213,0.00895982099002635,,264.1148669000208,-0.025301180294984897,-0.07026143045820428,7.732035302882187e-08,0.09223109692164294,0.00922936705883438,-5.726275511620533e-09,0.2510645939753606,-0.004676987786264814
1977-10-16 18:00:00,,,4.205334234519823,,,,,,344.5134941717112,2.097900538049506e-05,3.95067036151886e-06,2.116141234629253e-09,1.7634510288577107e-09,1.525611114414745e-07,,4.031358995381192,0.3830665723811945,,,,,,1.540480280768942e-05,5.385297289966832e-05,1357.408382618921,8.575353749404998e-06,3.905514993611172e-06,,276.21957054363907,1.1049784146822416e-05,,276.53882124861315,2.324567920357518e-05,,,,1.5406918948924047e-05,,0.0,,,,,,,7.475057297204373e-05,,,,,,,,,
1977-10-17 00:00:00,-0.014710127249271912,0.042647361755371094,,0.026739086625138683,-0.36891001639281507,274.52445631760816,277.3877949912167,0.8212976360462121,,,,,,,7.990408225877751e-05,,,271.45977783203125,271.4595642089844,271.45977783203125,271.4599609375,0.4036830554787929,,,,,,0.18418053621371117,,,101763.57525887575,,,2.8698224852071004,123.30102809928579,0.09256860349305282,,274.0136008177989,,74431.06871764053,0.4502706665700004,0.0031040889808919125,0.1155061575573092,0.003027966741979475,0.0077874448877819896,,264.0786625788762,0.0006366199290258644,-0.2101077694864668,-5.6412980312098525e-08,0.019809937336035734,-0.0034877461485961483,-6.693130160665371e-07,0.6209189347876649,-0.1356807971847128
1977-10-17 18:00:00,,,4.497550033253326,,,,,,409.36242520277665,1.9261029345044018e-05,3.1252319996173565e-06,4.567514509844357e-06,7.32780031903961e-07,2.903493014511061e-07,,4.286859484113885,0.3247565094535873,,,,,,8.814169104988053e-06,3.4539921749272994e-05,1041.1528216480503,9.868756906520685e-06,2.067646331335666e-06,,276.2695384730954,7.77390934306489e-06,,276.69297510632396,1.8062103076799382e-05,,,,1.3380581457939374e-05,,0.0,,,,,,,5.376779821497449e-05,,,,,,,,,
1977-10-18 00:00:00,-0.5414767575687205,0.6033029499843982,,-0.27774418599506806,-0.07911485750999676,274.2936650563979,277.17236761510725,0.8170213713448429,,,,,,,0.0020622388851007766,,,271.4598846435547,271.4599304199219,271.4599914550781,271.4599609375,0.2999752212753905,,,,,,0.06719356740014792,,,102090.47170857988,,,2.775147928994083,123.15245191585383,0.09295477387467785,,273.22052263790334,,74666.44212278107,0.3156544520070545,0.002433302839832193,0.0478213227535846,0.0017969142755813146,0.002976513473239876,,263.5055244039502,-0.18397121880886821,0.015322012308786607,7.547323925065196e-07,0.0452067468786535,0.017055106473282067,2.184226976696556e-07,0.08713829129405276,-0.005181721681673851
1977-10-18 18:00:00,,,3.6002945194582967,,,,,,868.6890060837204,1.0178683424842429e-05,2.765587183850757e-07,5.213797268782847e-06,4.826300948329226e-06,1.3946938726599136e-07,,3.363442092252201,0.15575756547013683,,,,,,9.182509938640708e-06,1.0299347561492017e-05,606.9681952662722,2.109996709950577e-07,1.6535659866220146e-06,,274.83312148596406,2.0451623307177303e-06,,275.24476280438125,7.329607856344189e-06,,,,1.4397563666281615e-05,,0.0,,,,,,,2.0494475167178544e-05,,,,,,,,,
1977-10-19 00:00:00,-0.17053557853021564,-0.2811620983146351,,-0.0943937414496608,-0.4038937247011083,271.66345043295235,276.6336099297337,0.8134840815024968,,,,,,,0.045767880050388315,,,271.45989990234375,271.4599914550781,271.4596862792969,271.4599609375,0.2461905394785503,,,,,,0.18478981875015435,,,102232.78550295858,,,2.2840236686390534,122.84581129085383,0.09348861987774189,,272.4917297363281,,74693.51023946005,0.36966596704703814,0.005408405380209181,0.03306197761665414,7.847392347437391e-05,0.005951717760435928,,263.2974724402794,-0.06826809313170304,-0.1761255659295257,2.1120687433829827e-07,0.04017751737492236,0.01488028734387863,2.4535651143933727e-07,0.14584070236901558,-0.017410008159614878
1977-10-19 18:00:00,,,4.5829151484387864,,,,,,1582.2665520745354,9.413874713626839e-06,1.7895280609469442e-06,6.078174833715314e-06,5.710550402043133e-07,2.455344172136048e-07,,4.533707987627334,0.15507895565597263,,,,,,1.597845342737683e-05,1.639727304673054e-05,685.375,1.822223545178859e-07,3.741998996960341e-06,,274.34566105046923,3.559481815473568e-06,,274.65201636320035,1.1973171191808034e-05,,,,2.2057598159158018e-05,,0.0,,,,,,,2.580479933665349e-05,,,,,,,,,
1977-10-20 00:00:00,0.5757876232530944,-1.4537549498518543,,0.3415862935534596,-0.9133806341498562,272.05483132988746,275.7471780269104,0.815629147918972,,,,,,,0.05378908236351239,,,271.4603271484375,271.45977783203125,271.4603271484375,271.4599609375,0.1860784948224852,,,,,,0.2174482176289756,,,102196.69397189349,,,1.863905325443787,119.53261787369406,0.09410287078315689,,271.9478888878456,,74638.11469119822,0.3665490917773289,0.005650638828616171,0.013860736372908192,1.1787920661226532e-05,0.006194504055045766,,263.7495341103458,0.1279343807485682,-0.40967575050670013,-7.350116412943373e-09,0.005245755872959216,-0.021529560611092832,-1.758756098811399e-08,-0.009173710318006708,-0.009301514315181935
1977-10-20 18:00:00,,,5.954173505658934,,,,,,3245.5868757380995,3.456813696573472e-05,1.2141272161133897e-05,0.0,0.0,1.27003099455928e-07,,5.817272406005295,0.017731525488859097,,,,,,0.0,3.0727913746467002e-06,50.09800295857988,5.152363043565017e-07,0.0,,272.9507328010875,3.786217531508948e-06,,273.2570508245886,1.4672265250301925e-05,,,,0.0,,0.0,,,,,,,3.763662992849858e-05,,,,,,,,,
1977-10-21 00:00:00,0.1642750170103897,-1.9160465263050688,,0.06391497617642555,-1.0719834502632095,267.15089551936944,275.07498755821814,0.8137067475262478,,,,,,,0.058343560032590606,,,271.45973205566406,271.46006774902344,271.4601135253906,271.4599609375,0.013376179531481139,,,,,,0.01868140768017289,,,102368.4362056213,,,0.3254437869822485,123.09050664958164,0.0942064008769199,,268.05886082395295,,74704.20730861687,0.07797945462740384,0.0024021758130316198,0.002479587080916004,2.9266409620025454e-05,0.001768546696950698,,259.7070140048597,0.030921073002222726,-0.43120258376443177,5.533652068060663e-08,0.0018020701875700754,-0.03342748570018971,-8.616686268907988e-08,-0.003885472667287793,-0.008430517989502857
1977-10-21 18:00:00,,,4.679200934235161,,,,,,5775.000289916992,3.590540596719324e-06,0.0,0.0,0.0,1.8961864023195313e-07,,4.653546277235246,0.015205518733820266,,,,,,5.190340959130836e-09,2.368259623911254e-09,41.26164940828402,0.0,2.094377941292154e-09,,273.9620020036867,8.289167001711194e-09,,274.2388218084031,2.211786409806923e-06,,,,5.190340959130836e-09,,0.0,,,,,,,3.592127702645296e-06,,,,,,,,,
1977-10-22 00:00:00,-0.7653628072795078,-1.1377039915005835,,-0.2938568239381327,-0.8002464700732711,267.82378780206983,275.38322782798633,0.8073118501866358,,,,,,,0.07715660862668731,,,271.46022033691406,271.4600372314453,271.4599151611328,271.4599609375,0.018206489156689164,,,,,,0.013360695020686946,,,102196.65717455621,,,0.47337278106508873,124.90910872058755,0.09404719369651297,,269.040852563621,,74726.21979012575,0.09901988012550851,0.0019493498040374215,0.0028382589125774318,3.4089712701605624e-06,0.001537404822174614,,261.3952772151789,-0.10247333480056221,-0.34399508301322984,3.082665559503707e-08,0.012884647873992834,-0.02177645045624682,-1.0455833626917933e-07,0.0009497924936527507,-0.006588491462391509
1977-10-22 18:00:00,,,4.504789504779161,,,,,,3791.972425188337,8.464564938517012e-09,0.0,0.0,0.0,1.904556346846608e-07,,4.458156884774654,0.033324653580343935,,,,,,9.549242312077588e-09,1.375643349081807e-07,71.28864644970415,4.232282469258506e-09,4.809752407004318e-09,,274.8299096462995,6.771893047633961e-09,,275.1180728709204,9.44789554152263e-08,,,,9.168825971965607e-09,,0.0,,,,,,,1.4320737820052535e-07,,,,,,,,,
1977-10-23 00:00:00,-0.4235847348997579,-1.1642338622956587,,-0.25492483624339807,-0.7811738584168564,268.39222861747066,275.6547949977175,0.8014337060719552,,,,,,,0.02309164916269878,,,271.45989990234375,271.46009826660156,271.45994567871094,271.4599609375,0.0303300485103088,,,,,,0.001646278877935466,,,102251.77163461539,,,0.7041420118343196,125.32361038478874,0.0938097824006391,,269.80647467438286,,74799.49856693787,0.0537478655753051,0.0011326406129013153,0.0019677179099540035,5.778222835275548e-07,0.0008244570895764954,,261.81572863336146,-0.09718759313842953,-0.34310393326381255,3.4347535613869154e-08,0.0025053629294325757,-0.01956545495422634,3.4224635130653385e-07,0.0020222248710669885,-0.0025593772442383173
1977-10-23 18:00:00,,,4.117746556298973,,,,,,179.5899469903175,2.894539540335977e-08,2.7059243314144525e-09,0.0,0.0,2.0273522482622231e-07,,4.071799323403623,0.07394806449935282,,,,,,1.495463302436136e-08,1.8102375889670918e-06,276.8679733727811,3.835505987765521e-07,6.673387775318863e-09,,275.138619868713,5.992151488213849e-08,,275.4723861062315,6.656035692734126e-07,,,,1.25844790682902e-08,,0.0,,,,,,,1.8368767210717736e-06,,,,,,,,,
1977-10-24 00:00:00,0.8182109516753248,-0.2417846600684894,,0.2514965181519999,-0.30358286863248024,272.35825930262456,276.6444214589497,0.7969682505850256,,,,,,,0.0,,,271.4597473144531,271.4596862792969,271.4599609375,271.4599609375,0.12228808882673817,,,,,,0.009239828798192493,,,102001.83468934911,,,1.8284023668639053,125.48122410520294,0.09351865779718704,,271.450485861513,,74682.26023946005,0.12257926986062315,3.566685512926452e-05,0.013007982242742234,0.0004037682121322,1.4446190828402366e-05,,262.43474086784045,0.0960162514765587,-0.1378552024886453,2.050467274736316e-08,1.9395125243873418e-05,0.0005102668649147777,2.02009584949305e-07,0.013185370316695885,-0.006379884375622992
1977-10-24 18:00:00,,,4.656887377154898,,,,,,370.4499361905185,1.5000443486772346e-05,3.0485659661377677e-06,3.5753969610090086e-06,1.2685825838845157e-06,2.2820983473493956e-07,,4.542737829967363,0.3853153025610207,,,,,,8.149127635730089e-06,7.999419460635213e-05,1344.9145710059172,2.012494400408141e-05,2.4601684872215316e-06,,277.3373517820821,1.4042140111415344e-05,,277.61595379530326,3.559296653115538e-05,,,,1.1724656855566261e-05,,0.0,,,,,,,9.499534347353602e-05,,,,,,,,,
1977-10-25 00:00:00,1.1674584143260527,0.787747620125494,,0.44240128711835874,0.22615253854785444,274.306412646051,277.0801026835244,0.7919219213829943,,,,,,,0.0009196636944832886,,,271.460205078125,271.45997619628906,271.4596405029297,271.4599609375,0.42238843705527174,,,,,,0.1787735978527182,,,101575.01294378698,,,2.7810650887573964,125.36738812147513,0.09330544951399403,,275.0970679288785,,74377.3893075074,0.45628199968817673,0.0012483921276747122,0.12889735511030187,0.005233143913675342,0.0038575843946468194,,265.39089947762574,0.20478266089625613,0.11666016571620512,9.354092195366933e-08,0.007782258698165681,-0.0015385676417830427,-1.3880518274712404e-06,0.5331259903734957,-0.07593877040422879
1977-10-25 18:00:00,,,6.4225704599414355,,,,,,322.6328185493424,0.00017305273981489374,2.602179198575443e-05,6.613117703319302e-05,1.147587800167016e-05,1.3489262695140454e-07,,5.787375867719481,0.5240663304572275,,,,,,9.923309264098399e-05,0.0002950964922336325,1902.918432924169,4.790106115961921e-05,2.3023969322972044e-05,,277.0268395779401,7.205628431760348e-05,,277.40608531342457,0.00017989275907605813,,,,0.00016536268256825103,,1.2766334955641152e-08,,,,,,,0.00046817458083655737,,,,,,,,,
1977-10-26 00:00:00,0.8051702228523571,0.5107897809271277,,0.18973179540690585,0.026469219365768883,276.36768733820264,278.72365448178624,0.7996759023186724,,,,,,,0.05228753625993898,,,271.4599914550781,271.46009826660156,271.4599609375,271.4599609375,0.5425031111966929,,,,,,0.3578264486022602,,,101125.07008136094,,,2.9822485207100593,121.89799093212602,0.0943414135092109,,275.8257290089624,,73991.20698502219,0.6315713260300766,0.021832708776349852,0.18362322321696173,0.01689328526604105,0.08768747544147559,,265.8651342448398,0.029575996850369244,0.08929977790843806,1.640701318606073e-06,0.4118981784617407,-0.20505445313876902,3.3420073171559524e-06,1.8154843237454943,-0.012150844526008741
1977-10-26 18:00:00,,,5.372870924910145,,,,,,397.19651483029736,1.068844200944054e-07,8.186743906065381e-10,0.0,0.0,1.1772017226108079e-07,,5.133636531039808,0.19837202264007026,,,,,,6.487926198913545e-10,1.760854347217718e-05,696.7082100591716,4.28100882549963e-06,0.0,,275.58370122965977,1.5637181567017142e-06,,275.8465973442123,7.899334797492394e-06,,,,0.0,,0.0,,,,,,,1.7728325883312337e-05,,,,,,,,,
1977-10-27 00:00:00,-1.912214516182623,-0.3309784104838174,,-1.0314387485120424,-0.38452292899408286,268.14611039923494,275.92098367002586,0.7958730952979545,,,,,,,0.013415139102371486,,,271.4601287841797,271.45989990234375,271.460205078125,271.4599609375,0.2883441631610577,,,,,,0.14394428320890348,,,101771.70673076923,,,0.6923076923076923,124.65952477088341,0.09454233124411318,,271.5130389512643,,74502.99322762575,0.32626098993967273,0.0019290235620983958,0.07920787743562778,0.0027933515740569525,0.001214823073889377,,261.4393005371094,-0.8695747443204801,-0.17456901461415036,3.2931192430699266e-07,0.03422675048105815,-0.03096570806390435,1.7289199367628472e-07,0.1291315523830391,-0.030126105751511614
1977-10-27 18:00:00,,,5.820292162471975,,,,,,340.764886839777,2.9026844797755136e-06,2.735167653602961e-07,0.0,0.0,3.044345910721541e-07,,5.733366131077151,0.2727628628883136,,,,,,3.063819817537387e-06,1.0341648343046742e-05,967.0133136094674,2.4843277663168824e-06,5.305066881095164e-07,,276.54337640344744,1.4248023019034482e-06,,276.9173930692955,8.111830646469748e-06,,,,3.063819817537387e-06,,1.9217758665423422e-07,,,,,,,1.3249005968048727e-05,,,,,,,,,
1977-10-28 00:00:00,-0.774438654882668,-0.8292398565619655,,-0.43836071082120814,-0.5303719086054515,275.3604829325478,278.11629039154957,0.7895870501473106,,,,,,,0.0,,,271.4601233557484,271.46036229586815,271.460205078125,271.4599609375,0.26418859718819343,,,,,,0.07961106159277921,,,101980.40957840237,,,2.088757396449704,126.40534115401951,0.09450518026859803,,274.46972701394344,,74692.8458995932,0.2841959688291553,0.00031176262353298933,0.03717135818752312,0.0004230363834539109,0.0013670159514839128,,264.87648506841714,-0.3835616478553185,-0.2570572689440123,-4.807109019851495e-08,0.000394722882151251,-0.001276738478763569,-9.803400337406759e-09,-0.04277537101824608,-0.0072181263618920685
1977-10-28 18:00:00,,,4.340922908670098,,,,,,250.48892813669124,1.8378080436463891e-06,1.2667364710886804e-07,0.0,0.0,1.599830456461052e-07,,4.238475449691863,0.19678330280371673,,,,,,1.6031974166102664e-06,2.0580884267592573e-05,757.6845414201183,3.1858285855964796e-06,4.963563567787937e-07,,276.8131616355399,2.0538803917416456e-06,,277.13486241447856,8.452397126417894e-06,,,,1.602789618559843e-06,,0.0,,,,,,,2.242426371433326e-05,,,,,,,,,
1977-10-29 00:00:00,0.0260561147385095,0.0023899021938707703,,-0.023393072320159372,-0.3213339303372174,272.0109681800978,277.08105035364275,0.7809826717574215,,,,,,,5.4055064387575405e-06,,,271.45977783203125,271.45985412597656,271.45991227189467,271.4599609375,0.2452089665250952,,,,,,0.0759963537814349,,,101798.16863905326,,,2.4319526627218937,127.84376571023253,0.09405599402252739,,273.91693982005825,,74591.48111593934,0.255786016006188,0.0004098768064961631,0.06589873002417738,0.0017691730747561483,0.0008526215186485877,,264.2238730707112,-0.0602212826881183,-0.16390221499832425,-1.4550299731675795e-08,0.001589447556107619,-0.00036865999624573973,6.139788848276322e-10,0.025114065443975684,0.021418242412205985
1977-10-29 18:00:00,,,4.523468880963748,,,,,,561.6444305419922,3.5850408338230745e-07,1.1037550205309715e-07,0.0,0.0,1.858606669857558e-07,,4.3920760295800205,0.20764611599713387,,,,,,2.137997005818158e-06,9.041610201434976e-06,896.4434171597633,2.548605556318746e-06,6.386558332386807e-07,,277.363734860392,1.4346500737427253e-06,,277.7412268283099,3.882105181203086e-06,,,,2.137997005818158e-06,,4.272456088009671e-07,,,,,,,9.417048925478782e-06,,,,,,,,,
1977-10-30 00:00:00,0.4099628798355012,-0.37034950594930255,,0.11231351886275252,-0.39638166032599276,274.7244588637493,278.0824039617234,0.7829786658992429,,,,,,,0.0,,,271.4601070545393,271.45997619628906,271.4601593017578,271.4599609375,0.23911750387157915,,,,,,0.11060617661335059,,,101620.85003698224,,,2.4142011834319526,126.42029585076507,0.09369975152100332,,275.24302655282105,,74453.61580066568,0.30666738617393746,0.00040012774382822613,0.042491804013447564,9.560408676869771e-05,0.00041935711922730216,,265.64764169546277,0.05418432499530047,-0.18770055375860992,-7.094239630984741e-09,0.0015169426319382247,-0.0006424372674092739,-5.404263261751101e-08,0.052976887254319954,-0.020462979579112937
1977-10-30 18:00:00,,,3.790517784434663,,,,,,612.4066786125525,2.4476590064855723e-06,2.3172848676083357e-07,0.0,0.0,1.0661218317106577e-07,,3.726022658263438,0.13786225629276072,,,,,,2.9530089635115405e-07,6.0667344451656e-06,484.83616863905326,1.8044182005718616e-06,4.0581761225617144e-08,,276.8260548608543,5.920290858787898e-07,,277.1471330089682,4.265832125082524e-06,,,,2.9468093309882125e-07,,1.1512028747761743e-06,,,,,,,8.4910607902256e-06,,,,,,,,,
1977-10-31 00:00:00,-0.9014187592726487,-0.1671573142328206,,-0.34289862277239735,-0.49193869822124053,273.5980121680265,278.07943960336536,0.7883038072896427,,,,,,,0.0,,,271.4598083496094,271.46009826660156,271.4602966308594,271.4599609375,0.17217466817099666,,,,,,0.09323869513336723,,,101931.33894230769,,,1.7692307692307692,124.78618897206684,0.09337622174144497,,274.2934751792772,,74684.43777736687,0.2174646501710429,0.0006997260821641549,0.0629941571053371,0.0008419533453044102,0.001331250343097032,,265.0658172968577,-0.24714494174754126,-0.2734080771722737,-3.93233017482934e-09,0.0024371003751372973,-0.00034173353183904344,1.6829934142173141e-07,0.0054611239207566845,-0.013492542258381137
1977-10-31 18:00:00,,,3.123214317849402,,,,,,926.118497973811,0.0,0.0,0.0,0.0,1.2376596059389883e-07,,2.9759428571667192,0.13225144606370193,,,,,,1.6779677402338333e-06,2.6319286174322728e-06,615.5373520710059,1.7473319842970583e-07,3.459146962716029e-07,,277.62238235022187,4.806919519365186e-07,,277.90094680334687,7.983225469405835e-07,,,,1.6779677402338333e-06,,3.634913433232956e-07,,,,,,,2.6583583397272777e-06,,,,,,,,,
1977-11-01 00:00:00,0.2689621829422268,0.041682153058475294,,-0.0218289900108202,-0.3194317507320607,274.9453090690297,278.4770262227256,0.7897903143301518,,,,,,,0.0,,,271.46002197265625,271.4600830078125,271.4600372314453,271.4599609375,0.1749187221188517,,,,,,0.08008363261025332,,,102194.45414201183,,,2.260355029585799,124.07088294396034,0.09318611607749082,,275.42312667214657,,74833.03302977071,0.22043243860385034,0.001465187975640833,0.02730641306306307,0.0002671303833730122,0.002228076641376202,,266.1697406655938,-0.0015307717774746686,-0.09823970646547849,3.726086779029147e-09,0.005040614548075212,-0.0013571166427883172,-2.541093646718145e-07,0.06394280208902951,-0.006756449592184033
1977-11-01 18:00:00,,,4.035892215000807,,,,,,505.4884607374054,1.4840129255895784e-07,1.4107608230861686e-09,0.0,0.0,8.216720098008253e-08,,3.993722312196472,0.1252296944341716,,,,,,5.1743166311781786e-08,6.758051334753545e-06,476.717825443787,2.906608158314722e-06,1.634248964951412e-08,,277.5537716115015,1.729986790192903e-07,,277.8846919494268,2.952656273305769e-06,,,,5.1743166311781786e-08,,0.0,,,,,,,6.902940879912066e-06,,,,,,,,,
1977-11-02 00:00:00,0.35643858599239553,-0.3409702933046239,,-0.01562711049819134,-0.4594112825111525,273.72693123902087,277.8281755616679,0.8005772941916652,,,,,,,0.0,,,271.46006774902344,271.45997619628906,271.4601593017578,271.4599609375,0.12065034223026072,,,,,,0.035996341141017935,,,102116.52366863906,,,1.970414201183432,122.33093749277691,0.09299141979781833,,274.61820026826575,,74844.03529493343,0.1264881382327108,0.00014340859898448696,0.025279249899077625,7.362020086254593e-05,3.510537232167622e-05,,265.95663930678506,-0.014348009986990302,-0.20359998059695994,2.361164421642016e-08,0.0007628016711141055,-0.0004817356945142238,-1.156118397649857e-07,0.033252360583035025,-0.020252706031122152
1977-11-02 18:00:00,,,4.31187591891317,,,,,,373.09273630165194,7.6013556598911625e-06,3.7369731615280966e-06,0.0,0.0,4.428491689858561e-08,,4.077121634102432,0.3256924420418824,,,,,,1.6766583778449065e-05,5.952123354172565e-05,1232.8132396449705,8.930865476822712e-06,3.6917185995000353e-06,,278.5666662814349,1.0924226433567747e-05,,278.84647599620934,1.7371976516655915e-05,,,,1.6766583778449065e-05,,2.0948255203179356e-06,,,,,,,6.711915047211054e-05,,,,,,,,,
1977-11-03 00:00:00,1.023419813291561,0.7738579236544095,,0.3931562526691595,0.0807080127783781,277.58915033284023,280.6189961630917,0.8192987770018493,,,,,,,0.03392543454142012,,,271.45989990234375,271.46044921875,271.4598083496094,271.4599609375,0.37114761379608036,,,,,,0.16878017448109284,,,101756.98206360947,,,2.7455621301775146,119.91317676792484,0.09290649199626855,,276.6327781902968,,74514.35930565829,0.4660871533908435,0.0028782906616933246,0.10961264986875495,0.003064578806860207,0.005457003441082655,,267.1752926075952,0.1471301574678816,0.002621825630142844,1.5724626307433593e-07,0.021829407363193186,-0.0002678988512451127,1.6744380827838851e-07,0.47634385482093994,-0.03100403455587534
1977-11-03 18:00:00,,,6.2548150000487555,,,,,,486.69235870541905,0.0002234100237400574,5.0032808935853854e-05,3.572950172706468e-05,1.0857567984676925e-05,5.856704586130407e-09,,5.693828825414533,0.5573251938678809,,,,,,0.00015366324306239742,0.00023502746277306912,1955.196234437841,2.433103922556138e-05,3.5904744673057424e-05,,277.9072713456916,8.54953682634252e-05,,278.14845916928624,0.00016978806292516945,,,,0.0001893914662874662,,1.2213110747421986e-06,,,,,,,0.00045845917696078146,,,,,,,,,
1977-11-04 00:00:00,0.4762031510031435,0.5163265826434074,,0.165668871275772,-0.01660177693564511,277.5764593541975,279.50693272697856,0.8370382771689511,,,,,,,0.16953891551000833,,,271.4599914550781,271.45965576171875,271.45985412597656,271.4599609375,0.586644657308886,,,,,,0.4829147067251643,,,101572.39441568048,,,2.9526627218934913,115.98508412739228,0.0947744465438572,,277.00304959088385,,74311.33295580621,0.7528530228772813,0.04507274790229579,0.12870571775273723,0.0077610354451738165,0.08261648200665182,,267.4616868961492,0.1599216969055537,0.06437865940071422,-3.1920202963671387e-07,0.8000794795931444,-0.15579652504102717,-3.650084450653583e-07,1.0159648984846985,0.10319317127825946
1977-11-04 18:00:00,,,6.3446432598949185,,,,,,361.25348495855565,0.00011985629973326914,1.735279898671709e-05,1.913370818076049e-05,2.6741853127112754e-06,3.418707168769896e-08,,5.869386966411884,0.4243512576853735,,,,,,4.572760776655208e-05,0.00015436580195229434,1557.6014671551404,2.1560922176880245e-05,1.0912852174431615e-05,,276.2052399223373,4.21339590873944e-05,,276.5171172915126,0.0001339446863479163,,,,6.486061056690103e-05,,1.916143844818928e-06,,,,,,,0.00027421875112860865,,,,,,,,,
1977-11-05 00:00:00,-0.21619626897326588,0.44442552645530925,,-0.2334967675293691,-0.10350172618437095,274.74882696930473,277.30967576969306,0.8371548811359518,,,,,,,0.024388826810396634,,,271.46009826660156,271.4599151611328,271.4596862792969,271.4599609375,0.46439444006988284,,,,,,0.25780067218125924,,,101478.43306213018,,,2.9526627218934913,121.0150628625994,0.09578695240810778,,274.26958768043295,,74202.84455898669,0.5379585067592781,0.007756967621906413,0.12515575823390626,0.007682529426890718,0.027336978348049188,,264.22686261961445,-0.28120648085012945,-0.0442533785774863,1.0585666955490018e-06,0.11012061711568827,-0.029598445229276397,2.5445147460194295e-06,1.017545634195947,-0.07380209096084685
1977-11-05 18:00:00,,,6.977924166346443,,,,,,561.5794521363314,1.6236710830553044e-05,1.2398603752519958e-06,1.3263769359630946e-08,0.0,2.2683302120521896e-07,,6.748010697449453,0.21738555727625739,,,,,,2.634058535628065e-07,1.5258260027191343e-05,864.0336538461538,2.6217777524474107e-06,2.9822471193396126e-08,,274.39546998153776,2.460521177427303e-06,,274.87442206207817,1.2409140372417382e-05,,,,2.713055630936425e-07,,5.292557400359204e-06,,,,,,,3.147760086511014e-05,,,,,,,,,
1977-11-06 00:00:00,0.3738212359727487,-0.5732478474724222,,-0.08466078967032348,-0.29523142978284483,271.85586394360786,276.1988959679237,0.8329475370384533,,,,,,,0.0024653666118192954,,,271.4600067138672,271.4598846435547,271.4602355957031,271.4599609375,0.34215568226470044,,,,,,0.048242693116678996,,,101521.04105029585,,,2.165680473372781,124.96943601348697,0.09630474395300509,,271.5610496927295,,74259.13385262575,0.34885943711862055,0.0002997034400172487,0.04649443316036427,7.42194215221518e-05,0.00014550093363022664,,262.184923160711,-0.23822052521113107,-0.1393449715608676,8.850571105718033e-08,0.006353513728937454,-0.003469056168780524,8.136026176194159e-07,0.160103879031345,-0.037748411562315815
1977-11-06 18:00:00,,,4.901321473206289,,,,,,434.3872336832682,4.2553395914608205e-06,1.532505073490933e-06,1.1329731997653577e-06,4.308551726256602e-07,5.6329156114022696e-08,,4.830452670712443,0.2988633375901442,,,,,,6.87860525571383e-06,6.681715948341867e-05,1034.4600591715975,9.941278830082458e-06,1.2884324295280952e-06,,276.3780308108358,9.877353730286367e-06,,276.6002247827293,2.5506732026500813e-05,,,,8.008316071075801e-06,,5.085489674080053e-08,,,,,,,7.107166143564078e-05,,,,,,,,,
1977-11-07 00:00:00,-0.6489295903042224,0.42920501415546125,,-0.3999763635488657,-0.12322173598249989,271.29168944951346,276.10635719073593,0.8276257881751428,,,,,,,0.0,,,271.45997619628906,271.46002197265625,271.4600830078125,271.4599609375,0.34177285026946275,,,,,,0.22568182409162352,,,101752.10336538461,,,2.8816568047337277,126.46700905342779,0.09636384918844912,,272.88981664533446,,74469.32604474852,0.37446196174204965,0.0015022825207230608,0.12723445205276931,0.006893609402447763,0.005755046415611132,,262.9612666925735,-0.3723207338321844,-0.08924854436569665,1.0318118369705513e-07,0.009692767435221895,-0.0023259966463379605,9.650012172383846e-08,0.41979501248728596,-0.08709530788060477
1977-11-07 18:00:00,,,4.738582543367465,,,,,,449.96422572335797,5.972103254329523e-06,1.2877490922544129e-06,2.2737937566091323e-06,0.0,1.563305041605342e-07,,4.577686552465314,0.3295930038542437,,,,,,7.422056776532055e-06,6.9877187881244e-05,1129.2185650887575,1.5959011379783676e-05,1.9521623320833466e-06,,276.7547369059726,1.019345232720911e-05,,277.06408908099115,2.840611003559722e-05,,,,9.695982791968351e-06,,2.9840897878951574e-07,,,,,,,7.577743050614758e-05,,,,,,,,,
1977-11-08 00:00:00,-0.46107708067583614,0.5670096831914235,,-0.29239284357375644,0.047248716185078816,273.9372694929676,277.1974678716716,0.8214211322852141,,,,,,,0.0,,,271.4605255126953,271.4603271484375,271.4601287841797,271.4599609375,0.3202464257603919,,,,,,0.2029013549082378,,,101777.81444156804,,,2.8165680473372783,126.71585335816152,0.09643190711207644,,273.42146969405854,,74473.04881656804,0.3605297191740846,0.0015774393928121534,0.11715085748390201,0.006169776239338711,0.003533470560107711,,264.3377921200363,-0.3070671431411653,0.0055080165524454515,2.5430542805036475e-08,0.012483088695030857,-0.0029832237570948856,-5.860461821757566e-07,0.3075947056155233,-0.07093919699008648
1977-11-08 18:00:00,,,4.517179393204006,,,,,,542.7392770867599,1.740111754490779e-05,8.154927736379692e-08,2.366578834649374e-07,3.3786068477574187e-07,1.8201234196615817e-07,,4.30636064540705,0.31168017867048814,,,,,,1.620668807678674e-05,7.77495859642706e-05,1143.75,1.467636527394402e-05,3.0947904262317e-06,,275.47543569711536,1.216373411861397e-05,,275.86136712971523,4.035287354824811e-05,,,,1.6442990514653676e-05,,0.0,,,,,,,9.516763263905542e-05,,,,,,,,,
1977-11-09 00:00:00,-0.010333456231292183,0.2582634807338376,,-0.11271758897770086,-0.17411930603388498,273.7004901050816,276.82003946699336,0.8170909553589906,,,,,,,0.0047816891642011835,,,271.4601135253906,271.4599914550781,271.4602966308594,271.4599609375,0.3716033393814719,,,,,,0.2027479544193787,,,101895.09217825443,,,2.6863905325443787,126.37956914958164,0.09670668664063223,,273.2983892316649,,74499.3949473003,0.42343571216981174,0.005500996606589774,0.08985687505301246,0.00461686715571838,0.011839894853400056,,263.86163609973073,-0.042390473495573684,-0.0727687806067382,-4.612888404035241e-07,0.06327223895564014,4.204525750064285e-05,6.931879731258873e-07,0.35689240217225393,-0.0031978420957305726
1977-11-09 18:00:00,,,4.466668131083426,,,,,,357.6624852394571,7.660232881117149e-06,3.8333016739794487e-07,3.3909785588817483e-07,3.526626518492163e-08,8.889768241984582e-08,,4.2606343503534445,0.28572859002288276,,,,,,2.3375777803229158e-05,6.314080495100755e-05,1044.694526627219,1.1350496633518377e-05,4.47136234249589e-06,,274.85727452385356,1.4449298910840729e-05,,275.16280134754066,2.5727427922762356e-05,,,,2.371621202435014e-05,,0.0,,,,,,,7.07813973962908e-05,,,,,,,,,
1977-11-10 00:00:00,0.420116040833603,0.10623615874341254,,0.009584742890307184,-0.24475507341193023,271.9510457416963,276.0002455852441,0.8170771577654505,,,,,,,0.00357019548585429,,,271.4598846435547,271.4599914550781,271.4600067138672,271.4599609375,0.3348374216756701,,,,,,0.0824873884754068,,,101894.26849112425,,,2.7337278106508878,125.54409392768815,0.09709076627471744,,271.81759544237127,,74448.97919748521,0.3476837361961625,0.003976641322028708,0.046439419397573886,0.0014868741910133137,0.008094381298539201,,262.99908004851034,-0.005089062910813551,-0.11682270546636637,-2.002371519875641e-08,0.03384357067954743,0.0018930121286380925,1.9280159688890861e-07,0.18238396191066672,0.02163703554480739
1977-11-10 18:00:00,,,4.493999441699869,,,,,,457.10955927922174,1.250780545748197e-05,2.69845480749593e-06,3.60202507154476e-06,6.331230056356396e-07,-1.4627361850098007e-07,,4.333053797659789,0.29867806519276996,,,,,,1.970109854929546e-05,7.540340254292686e-05,1122.2662721893491,1.1511720143831693e-05,4.164654122301813e-06,,274.88511477137456,1.2966831760293633e-05,,275.19158529247755,3.1156123742549374e-05,,,,2.330374082870032e-05,,0.0,,,,,,,8.791120800040883e-05,,,,,,,,,
1977-11-11 00:00:00,-0.1641801518096021,0.15081418054343682,,-0.1706155235245383,-0.22399530467197035,270.6868761954223,275.4570580657417,0.8135885836104669,,,,,,,0.0006239583506386661,,,271.45947265625,271.4600830078125,271.4599914550781,271.4599609375,0.3349791873734136,,,,,,0.1885324512007674,,,101892.33894230769,,,2.5857988165680474,125.62938423833903,0.09735493406036197,,272.5298751740766,,74491.50570913461,0.3873367876588703,0.0028157262407110992,0.08056444542333704,0.0030960557023449057,0.010012067986663277,,263.20064856173724,-0.14974794444247816,-0.14483485137217145,2.322962051932562e-07,0.018061169491272788,-0.004237367137825701,1.1827317517686127e-06,0.2512746955303905,-0.05390057655481192
1977-11-11 18:00:00,,,5.180893717432869,,,,,,599.0342250939572,1.6749742821123475e-05,6.814360530418757e-07,1.094146416737483e-05,2.367741610171527e-06,9.680678288709957e-08,,4.952537384258925,0.33728785768768493,,,,,,2.4981752655209875e-05,7.900895451652933e-05,1182.5687869822484,1.125800362705479e-05,5.345196413570607e-06,,275.27695948132396,1.3412808525491748e-05,,275.54151835244085,3.507310116784813e-05,,,,3.592502435988928e-05,,0.0,,,,,,,9.57453391961092e-05,,,,,,,,,
1977-11-12 00:00:00,0.09506588997925527,0.7258049154422692,,-0.09509726529996071,0.008186419334637342,272.87451343423515,276.10583568324705,0.8099077784803492,,,,,,,0.010394260022767197,,,271.4593963623047,271.4598846435547,271.4598388671875,271.4599609375,0.3614229674081831,,,,,,0.15303919922433706,,,101701.04262204142,,,2.798816568047337,126.25394507413785,0.09783573263495632,,272.7330534444053,,74345.85193232249,0.3971741085309954,0.003418538697372527,0.08579254271231795,0.0030841150227383044,0.005544538328633506,,263.86510047686875,-0.10069720702763846,0.016031905391512537,1.7859634982742997e-07,0.053502189809698945,-0.004768692530118502,1.995257829032155e-06,0.3606027116392607,-0.01612945597552689
1977-11-12 18:00:00,,,4.492467349802954,,,,,,991.5761030481217,4.132277161411985e-05,5.992934019607905e-06,1.2611231860324477e-05,2.3023396201387666e-06,6.157971208036144e-08,,4.363074500179855,0.3420068864991679,,,,,,2.5684928752966888e-05,6.153280213034364e-05,1180.8664940828403,1.0005380274981436e-05,4.7070255293648626e-06,,274.06021461261093,1.6770816060918324e-05,,274.40929959088385,3.971825160923794e-05,,,,3.829721868390868e-05,,0.0,,,,,,,0.00010284340593236437,,,,,,,,,
1977-11-13 00:00:00,-0.738714692155285,-0.16505467680078992,,-0.34824309828718736,-0.31448862538535216,271.15155634231115,274.2139264168824,0.8105594455843141,,,,,,,0.0025344769630206406,,,271.4597930908203,271.4597930908203,271.46026611328125,271.4599609375,0.24953871506911057,,,,,,0.25949882191313794,,,101699.59060650888,,,2.7633136094674557,123.94377957857571,0.0988311824008558,,271.95798226079995,,74276.4570081361,0.4081213360916845,0.01040889807706754,0.04944858889607988,0.001744462188178971,0.014802199143629808,,263.5110508845403,-0.32338730400130594,-0.13245979286509857,8.979879739262389e-07,0.13099859993127808,-0.03964919698308911,2.2491727932476846e-06,0.2672646435448823,-0.03960150868229612
1977-11-13 18:00:00,,,4.680412789068279,,,,,,698.9635184151786,1.4557729105977616e-06,1.0015189471329457e-06,0.0,0.0,1.3884862753309133e-09,,4.5217568888466735,0.1145593767335429,,,,,,0.0,8.115754325008956e-06,418.40902366863907,1.3896104323088066e-06,0.0,,273.02764143181975,4.611837749297802e-07,,273.3773683626976,5.122185987833689e-06,,,,0.0,,0.0,,,,,,,9.58349665946509e-06,,,,,,,,,
1977-11-14 00:00:00,-1.3640491553312222,-0.23180233091997676,,-0.6877835459963104,-0.44464932955228365,267.2120671921228,274.6310587324334,0.8067658099197071,,,,,,,0.01096526828743297,,,271.4599914550781,271.46034240722656,271.4602355957031,271.4599609375,0.1656425521218565,,,,,,0.10264208189834505,,,102090.84180843196,,,0.4319526627218935,126.75170302532128,0.09902410394341282,,268.4196445984248,,74668.95423446746,0.1966624965329142,0.0013469718617095045,0.051799390442977995,0.000683860665947728,0.0010060050783778083,,260.0388894165761,-0.5891127050275633,-0.22038705814519577,4.16402930482332e-07,0.03160829915797349,-0.015135428961917493,-2.5791358188918886e-07,0.007674580142342832,-0.0066069710184131145
1977-11-14 18:00:00,,,3.8918419755422153,,,,,,795.7441223144531,2.732202851560694e-06,9.245202000412716e-09,1.966468328554955e-06,3.732619641800604e-07,1.6296143091101882e-07,,3.8338039598521396,0.20254128360183987,,,,,,3.422593929358488e-06,1.1340378833240305e-05,723.6738165680473,1.1971958819225696e-06,6.242726857845599e-07,,273.61646681565503,2.166829430139982e-06,,273.93697325576693,5.371648179003473e-06,,,,5.388709567707671e-06,,1.8270575364269095e-08,,,,,,,1.4075822026066526e-05,,,,,,,,,
1977-11-15 00:00:00,-0.31733840174928923,0.12853376399835892,,-0.22428124896168003,-0.32643490853394275,269.9455836369441,274.7218301987507,0.8004047754248218,,,,,,,0.0004002949189857618,,,271.45953369140625,271.46009826660156,271.4601135253906,271.4599609375,0.26603563297429733,,,,,,0.11404021675064718,,,102024.78735207101,,,2.1242603550295858,127.66981045875323,0.09902334495409,,270.6860282943094,,74639.17628975592,0.29467358109513686,0.0016857632518520018,0.04523001644322758,0.0006181685882207205,0.003974101952547152,,262.8346441144774,-0.12593439239016652,-0.1861560584525385,5.998132088581188e-08,0.006188341851770525,-0.003781311412358425,3.8064365997116945e-08,0.02675410029450817,-0.029267865172504674
1977-11-15 18:00:00,,,3.7546049829065447,,,,,,1258.1629381681744,1.3553829499955712e-06,2.7631899926084035e-07,2.6385291595254423e-08,0.0,1.3874628516182733e-07,,3.649736822004149,0.19417107034717085,,,,,,1.2983143682310567e-05,2.5286124302790715e-05,830.7659023668639,2.2054490076719657e-06,2.706610768504397e-06,,274.7558059240939,4.510026006303596e-06,,275.10331048909023,6.550537234932713e-06,,,,1.3010300828154976e-05,,7.502588625313967e-08,,,,,,,2.6633180457459398e-05,,,,,,,,,
1977-11-16 00:00:00,-0.13024022593300724,0.2070683191513874,,-0.14549318573178624,-0.3402338592258431,270.83660608776927,274.7270348904401,0.795987828948794,,,,,,,0.0,,,271.45994567871094,271.4603271484375,271.4598083496094,271.4599609375,0.23510796360715608,,,,,,0.07450929901303624,,,101857.05473372781,,,2.6449704142011834,127.35506840993666,0.09906589632203593,,271.18249322112496,,74486.9349112426,0.25861778484999076,0.00202295060693865,0.049865162424390486,0.00041975777530105864,0.00396018620778823,,264.24591082510864,-0.04768213823702208,-0.16774379572219397,-1.1028649804052158e-08,0.005427749904655141,0.0011277691676066471,-2.536819882679885e-07,0.07332025053938465,0.00963759598647349
1977-11-16 18:00:00,,,4.525430797825198,,,,,,1139.9290627872242,1.1439699701656252e-07,0.0,0.0,0.0,2.141691362533509e-07,,4.397007281963642,0.17176611183663093,,,,,,4.525632547908986e-06,6.055602660545936e-06,711.6664201183432,1.662348799363396e-07,1.1363347782891177e-06,,273.4551416882396,1.2589166679325893e-06,,273.90296204696745,2.0404120345087447e-06,,,,4.525632547908986e-06,,0.0,,,,,,,6.209684194192378e-06,,,,,,,,,
1977-11-17 00:00:00,0.1632781903419269,-0.5985532173743615,,0.04369419143044737,-0.5084472238664797,270.36959387423724,274.1490377392289,0.7920891508548218,,,,,,,0.0,,,271.46058654785156,271.46014404296875,271.4600372314453,271.4599609375,0.2654366577870747,,,,,,0.10689404730260725,,,101763.34652366865,,,2.3136094674556213,128.83512110964082,0.09922800966973841,,271.3005449644913,,74364.37922984468,0.30526939389356494,0.0018889269179846407,0.04085774867817451,0.0004892659610545142,0.0032869372847517567,,263.2686708890475,0.050633975034634744,-0.2552328335462943,2.2145383362727206e-08,0.00691009814211735,-0.003244849572167594,-1.5915601897279363e-07,0.08934622826660879,-0.048041632189553166
1977-11-17 18:00:00,,,4.443166382919402,,,,,,705.7893364015689,9.15021674167475e-07,0.0,9.157490977168789e-07,4.3026138559953704e-08,4.5180112621526526e-08,,4.239236492729751,0.13609991130038832,,,,,,4.343666444868731e-06,6.8712428476683484e-06,481.87721893491124,4.6261382349849454e-07,1.0187346378021693e-06,,272.7880715815979,1.2188973511464498e-06,,273.15374015492097,2.394303591293696e-06,,,,5.259184089638072e-06,,3.6769882726246086e-07,,,,,,,7.788149210122916e-06,,,,,,,,,
1977-11-18 00:00:00,0.3739399204592733,-0.053199294050769695,,0.11154582796717537,-0.3981831172514244,267.6637198544113,273.54697431756193,0.786582501682304,,,,,,,0.0,,,271.45977783203125,271.460205078125,271.4595642089844,271.4599609375,0.1537982105503421,,,,,,0.03311915651580991,,,101811.86446005917,,,2.3846153846153846,128.88132580638637,0.09927679377900073,,269.31892683943346,,74404.02034023669,0.161648812378652,0.0008797631461239426,0.012618894814155422,2.06276157198573e-05,0.0006275882382364668,,261.7032827343461,0.008583478673675357,-0.18776987889814659,7.453876337987187e-08,0.0033941323023024923,0.0009280073583214241,5.126447664741178e-07,0.02230957600139302,-0.00796207097860483
1977-11-18 18:00:00,,,3.629189491624663,,,,,,2793.3631906164696,0.0,0.0,0.0,0.0,5.2845635339094204e-08,,3.525985332988423,0.05066387469951923,,,,,,1.5068248178831924e-06,2.160602243694328e-06,227.2906804733728,9.092381058712683e-08,3.501607557020244e-07,,272.8139625865327,4.261103872011399e-07,,273.16052462786615,6.549346905488235e-07,,,,1.5068248178831924e-06,,6.506583218038434e-08,,,,,,,2.160602243694328e-06,,,,,,,,,
1977-11-19 00:00:00,-0.45482133831498184,-0.7307846024191591,,-0.22466851409370378,-0.6691729810816296,265.87894362951874,272.97562819260816,0.7825066436677289,,,,,,,0.01353450075409116,,,271.4599304199219,271.4600830078125,271.4596862792969,271.4599609375,0.08571990425064718,,,,,,0.029195661375508507,,,101861.84800295858,,,0.6804733727810651,129.1747799483982,0.09942525942650067,,268.88895222139075,,74478.48504530326,0.11684268748266458,0.0005011389241416074,0.00546192417483358,2.1725716675526998e-05,0.0011170065614598743,,261.50994647325143,-0.10285803340595855,-0.33457846331173147,4.446827425943831e-08,0.0020077155679794987,-0.00032745398713286813,-2.5087760171726258e-08,0.0033532345127424545,-0.002806718532855694
1977-11-19 18:00:00,,,3.7191723592182586,,,,,,3845.304912976982,0.0,0.0,0.0,0.0,2.075705853615992e-08,,3.623391230430829,0.04825379862587833,,,,,,5.509770480838753e-06,9.201643382303814e-06,212.4541420118343,6.358288008080432e-07,1.067835727386926e-06,,274.1192143005732,1.3560938411915796e-06,,274.4028219189164,2.7536287815613155e-06,,,,5.507918857258452e-06,,0.0,,,,,,,9.201643382303814e-06,,,,,,,,,
1977-11-20 00:00:00,-0.3206435491347454,0.09751576643723708,,-0.20427882177589912,-0.3814326291958961,267.0919408854648,273.90206060465977,0.7819658256846772,,,,,,,0.3877936368863258,,,271.46014404296875,271.4601745605469,271.4602508544922,271.4599609375,0.11098051353319156,,,,,,0.11717485958302515,,,101918.78966346153,,,1.863905325443787,127.48852809928579,0.09944315633830234,,270.3615498740292,,74557.6449704142,0.4988660643086631,0.007706997662606324,0.036798285309379626,0.0007443230533035549,0.007111972605688332,,262.3797228209366,-0.10566510533440042,-0.1984233686909873,2.1365278005426385e-07,0.22528409674278385,0.08694713530764425,-1.150489055975919e-07,0.10390075680265236,-0.014752836622430023
1977-11-20 18:00:00,,,4.450751688353408,,,,,,1102.2070947312216,1.824303866314465e-07,2.3277553580921782e-08,0.0,0.0,2.2434486098429594e-07,,4.272575147053193,0.1847814977521727,,,,,,1.1215195853329269e-05,1.4326276158440042e-05,715.1686390532544,5.71823794637206e-07,2.611318283532498e-06,,274.5298761672522,2.9620025637587148e-06,,274.94699837046966,4.003408568850636e-06,,,,1.1215195853329269e-05,,0.0,,,,,,,1.4492834108115654e-05,,,,,,,,,
1977-11-21 00:00:00,0.25551634004130164,-0.006622246736605492,,0.01250929522091115,-0.36754862091245033,271.5071713599933,275.1532278568787,0.7834471894439156,,,,,,,0.005419669066660503,,,271.46022033691406,271.4601593017578,271.46026611328125,271.4599609375,0.20837718354174373,,,,,,0.08253686667899408,,,101762.88914571005,,,2.544378698224852,126.37048538478874,0.09953624115893121,,271.1806507900622,,74414.15118805473,0.2417694633529031,0.001853615574582794,0.035670278588817564,0.0002853306087516469,0.0034549419696514425,,263.9291919053659,-0.013095951644626595,-0.16000441827717618,5.034938989862932e-08,0.010861548918889031,0.00048467344962633576,6.482133255825797e-07,0.1562058488292807,-0.016308741456658178
1977-11-21 18:00:00,,,4.996055907751682,,,,,,435.4324399750808,4.1302778488080176e-07,4.9608081755553474e-08,0.0,0.0,1.308159864719092e-07,,4.894488859458788,0.21089118190065642,,,,,,9.987657592141416e-06,1.9912183637449727e-05,779.9526627218935,1.9402480160696267e-06,2.165980769332344e-06,,273.86362940319896,3.302502914293278e-06,,274.1381590352256,5.300911749608418e-06,,,,9.98501241559813e-06,,0.0,,,,,,,2.032509569585676e-05,,,,,,,,,
1977-11-22 00:00:00,-0.3585001702844744,-0.16216793850328795,,-0.17931000297591532,-0.39397423083965594,271.3581488795534,275.77197554548815,0.7864376683912334,,,,,,,0.0,,,271.4606018066406,271.4603981273855,271.46009826660156,271.4599609375,0.33956573698559456,,,,,,0.10429400381957285,,,101902.60780325443,,,2.5976331360946747,125.37543176052839,0.0996819050354365,,271.45121963771845,,74511.95275517751,0.35537339101088117,0.002197719889985034,0.06538899524479046,0.001134389956321942,0.005169117944480399,,264.12151395357574,-0.13029522867597773,-0.20423917939677041,-1.5650896962384897e-08,0.011085002365458023,8.421572002433461e-05,-9.636734626063052e-08,0.2999422266506232,-0.055734396686215375
1977-11-22 18:00:00,,,5.227905228293154,,,,,,1441.8446640203028,5.08832772807962e-07,1.0259978517272769e-07,0.0,0.0,1.0708659161784625e-07,,5.049826825158836,0.22037483531342456,,,,,,5.682147818909595e-06,1.9775472096437534e-05,728.0140532544378,2.220405276710465e-06,1.3721632886920454e-06,,275.187692134338,2.8995102679235696e-06,,275.51950091299926,7.0905720693825266e-06,,,,5.682147818909595e-06,,2.0336447911855032e-07,,,,,,,2.0284977184950247e-05,,,,,,,,,
1977-11-23 00:00:00,0.012843154591216138,0.11750880924202281,,-0.15093614363811425,-0.3477225896169448,270.4100073639458,275.94663577107985,0.7824790202654325,,,,,,,0.33221191767404773,,,271.4593200683594,271.459716796875,271.4601135253906,271.4599609375,0.2447417671158469,,,,,,0.4424231715456268,,,101778.04188239644,,,2.502958579881657,126.13033190845738,0.09972241080018895,,272.5016710631241,,74475.8806397929,0.7836396111362784,0.009508595200439436,0.04947772705321305,0.0014538764953613281,0.009319598858173076,,265.04459972494453,-0.06781615308050573,-0.1378788644745505,-1.4165258839724382e-06,0.31919870102585546,0.02815309138252185,-1.6099472665200396e-07,0.2055045501246343,-0.0164853158081777
1977-11-23 18:00:00,,,4.982079754214315,,,,,,683.1363212022205,2.1894622219384774e-07,3.709377908318706e-08,0.0,0.0,1.2977705291470997e-07,,4.860811143231815,0.32213452581823226,,,,,,1.0781386900230272e-05,5.241179254633435e-05,1141.6150147928995,9.92602497868284e-06,2.7283232592972073e-06,,274.5695875720865,7.842419415536012e-06,,275.0131509092432,1.6595220424719817e-05,,,,1.0781386900230272e-05,,3.6443038099616235e-06,,,,,,,5.2630107783706937e-05,,,,,,,,,
1977-11-24 00:00:00,-0.026691843066695174,-0.4230696886954223,,-0.11199676919970993,-0.5042957892784705,270.5107347838272,275.21342034875994,0.7842161419123588,,,,,,,0.10397943801428439,,,271.4600830078125,271.4598846435547,271.46018981933594,271.4599609375,0.37072293433917347,,,,,,0.16745022203795304,,,101747.08062130178,,,2.63905325443787,125.68957284780649,0.0997884231206228,,272.2217474040195,,74402.35001386834,0.4917406342791382,0.0038264601893678923,0.06721380457988825,0.002575642963838295,0.007597500050561668,,264.2272777670234,-0.07899178273579073,-0.2673768376457621,8.6058562858438e-08,0.06263848028239413,-0.004437286120194655,9.055427804633358e-07,0.28075640614436576,0.00391741088156164
1977-11-24 18:00:00,,,5.057479243306719,,,,,,358.43873545665616,7.295837769141564e-07,1.2217133620081567e-07,0.0,0.0,7.913845984579324e-08,,4.972363663848335,0.2863661184818787,,,,,,5.0766228218755774e-06,2.6801634116991033e-05,970.1179733727811,5.85496601973765e-06,1.2593465091208735e-06,,274.7945953910873,3.334200946536995e-06,,275.117135493713,1.047820558209391e-05,,,,5.0766228218755774e-06,,1.871627727909201e-07,,,,,,,2.7534436192032852e-05,,,,,,,,,
1977-11-25 00:00:00,0.28177849357650125,-0.3476055303268884,,-0.05995623458772016,-0.475633113341924,269.4028788910815,273.8621977856879,0.7827864684296783,,,,,,,0.0,,,271.4599304199219,271.46006774902344,271.45994567871094,271.4599609375,0.30091380861935,,,,,,0.06567734938401443,,,101687.72762573964,,,2.6863905325443787,125.66148945283608,0.09984274869839821,,271.4914056902101,,74375.32220784023,0.304184787377671,0.0007088353647988223,0.06972377643970078,0.0020958657800798585,0.0014169794567943325,,263.38096979807113,-0.03643978594322882,-0.19750264974740836,4.3228412670629774e-08,0.0035204913277046743,-0.0007692327469410981,6.59434267591145e-07,0.2530388726863856,-0.02893839855871257
1977-11-25 18:00:00,,,4.920178825333274,,,,,,487.46157587790975,1.183261863402361e-07,1.0496838922066801e-08,0.0,0.0,2.046543901604352e-08,,4.797814307128184,0.2476617937257304,,,,,,2.923333389166544e-07,2.3050244743302025e-05,750.2858727810651,5.185978828802617e-06,3.424125927439808e-08,,275.1673894577478,2.7013424585556845e-06,,275.63083915033286,1.254867343507575e-05,,,,2.923333389166544e-07,,0.0,,,,,,,2.316473680135061e-05,,,,,,,,,
1977-11-26 00:00:00,0.9424828467284434,-0.27548046224921413,,0.19912015474759615,-0.1726868872106428,267.75120932674974,275.09072496764054,0.7817950566139447,,,,,,,0.0,,,271.45997619628906,271.4599609375,271.4599609375,271.4599609375,0.3066068570289386,,,,,,0.11673379931929549,,,101627.77718195267,,,1.0118343195266273,125.104097625913,0.09980737528152014,,271.2626795119788,,74409.21417344674,0.31849444688424555,0.0002799415024074577,0.0883969639885355,0.0011671054998093104,0.00025332608871911404,,263.3202040632801,0.11640271526821971,-0.035810645162706545,7.165996475763807e-08,0.002381646406982155,-0.0020689005197505276,4.93135992106954e-07,0.26401649014307904,-0.09727022069445729
1977-11-26 18:00:00,,,4.724880923886271,,,,,,690.5129736649362,3.769993782043457e-06,8.579299471082066e-07,0.0,0.0,-7.65080612460041e-08,,4.661646346016043,0.19313383384569158,,,,,,5.787292381021133e-10,1.3972087019293971e-05,552.4130917159763,3.6038656735561303e-06,1.0233429882581726e-10,,275.03981659116124,1.2656728896869005e-06,,275.3068515393861,8.871150616358017e-06,,,,5.787292381021133e-10,,0.0,,,,,,,1.7739127020864093e-05,,,,,,,,,
1977-11-27 00:00:00,0.44672992525721444,-0.24317506079137677,,0.10621228867028593,-0.37308081790540343,265.852857239853,274.76308102579515,0.7859429466653858,,,,,,,0.0,,,271.4598846435547,271.4599914550781,271.4596252441406,271.4599609375,0.1989999804976424,,,,,,0.06428861900194156,,,101781.50896819527,,,1.1242603550295858,124.09009059928579,0.09976006118503548,,270.3171228713538,,74570.04162814349,0.21774499656180657,0.0003050241244615182,0.04527801874826646,0.0011449452688002727,0.0009026442759135771,,264.1123401709562,0.02666340177581155,-0.17078512519068972,8.459216948221823e-09,0.0037456376872613707,-0.0015409617910723714,3.594189597095346e-07,0.06774787009644086,-0.044409990310668945
1977-11-27 18:00:00,,,4.447889531152488,,,,,,1634.2538455696993,0.0,0.0,0.0,0.0,1.1670428820570225e-07,,4.243785971015162,0.10039362258459689,,,,,,1.217960517787369e-06,7.734892989051413e-06,346.6823224852071,1.0505539073041205e-06,1.708453399895211e-07,,275.8658757858728,5.931257319873606e-07,,276.20263960798815,3.3125766282956274e-06,,,,1.2187871354571461e-06,,0.0,,,,,,,7.72534831035772e-06,,,,,,,,,
1977-11-28 00:00:00,0.5655268776346241,0.07841443169046436,,0.1755526503162271,-0.2443196618345362,271.5977477124457,276.39735548030694,0.7850848302333313,,,,,,,0.021952521871532914,,,271.45953369140625,271.45965576171875,271.4601745605469,271.4599609375,0.15011813372549926,,,,,,0.07788898535734097,,,101775.75600961539,,,1.9881656804733727,125.81817861703726,0.09966516212598812,,272.42257076466575,,74540.14762851331,0.19051934417182878,0.0006447191069112022,0.028808076715027258,0.0006032512032774073,0.0008826453304855076,,265.02632782163,0.045249073815768995,-0.13444722756831604,7.304789134392174e-08,0.009836394173098652,5.875225867745439e-05,8.044109681738987e-07,0.08719100003935308,-0.024237257489085902
1977-11-28 18:00:00,,,5.022074263124071,,,,,,1476.864566594904,2.453373689975964e-07,2.14217969122723e-08,0.0,0.0,1.3672816619862867e-07,,4.900282952912461,0.3136190380570451,,,,,,5.736991145907069e-06,2.799703348317795e-05,1052.2181952662722,3.4359630924710157e-06,1.4036629326950164e-06,,276.2926668246117,3.2306753495741173e-06,,276.6247991979475,1.0921404911921574e-05,,,,5.736991145907069e-06,,5.972808634741067e-07,,,,,,,2.8245106956662512e-05,,,,,,,,,
1977-11-29 00:00:00,1.0496767822807358,0.05596675534220137,,0.386310642287576,-0.2065855060103377,273.7831222263314,276.8041414339867,0.7933157544869643,,,,,,,0.7212181778172769,,,271.45973205566406,271.4600372314453,271.4601287841797,271.4599609375,0.31547681819757767,,,,,,0.2564019197542992,,,101633.36131656804,,,2.57396449704142,123.59586907561714,0.099679405167258,,274.01145790596684,,74416.22718657544,0.8200384332583501,0.008905177912537074,0.053522279276650334,0.001601958415917391,0.005544797908624954,,266.9019682393272,0.22046654605301175,-0.06874495039324789,-1.061361169145641e-06,0.28513967951197594,0.07830638998358913,6.02581893705581e-08,0.18820857437404656,-0.02216477401157808
1977-11-29 18:00:00,,,5.452585858000806,,,,,,2155.417770385742,6.955227202917697e-06,1.296092419934696e-06,2.662612665334397e-06,5.981818767341637e-08,1.1630658070300568e-07,,5.358910588823127,0.23315402600892196,,,,,,8.132595282334547e-06,2.2759451668643388e-05,771.5388313609468,2.8568788393009344e-06,1.8961837834860445e-06,,274.62443226470043,3.989807952790571e-06,,274.8999095668454,1.0831557082001274e-05,,,,1.0794216006465212e-05,,1.0351733078618021e-07,,,,,,,2.9717853083413027e-05,,,,,,,,,
1977-11-30 00:00:00,0.5334912813626803,0.6005835279205142,,0.17513148742314627,-0.14061234265389527,272.8680199617465,276.85561899038464,0.7989935903154182,,,,,,,0.2740666316105769,,,271.46055603027344,271.46022033691406,271.4599609375,271.4599609375,0.22843039247411243,,,,,,0.04329266068498058,,,101880.3537352071,,,2.4615384615384617,124.70813331378282,0.09987958084196734,,271.9655156784509,,74515.56349389793,0.4416169372536022,0.003179901903691514,0.028937306819957567,0.0009328627727440828,0.004762141662236502,,264.190846279528,0.03739144604586991,-0.0700622423160711,1.601467493107989e-07,0.06185944686979937,0.025690378286440434,2.2926619937698516e-07,0.1271082572060356,0.01963463183161775
1977-11-30 18:00:00,,,5.461734991807204,,,,,,405.25583873075595,3.7601735641265057e-07,4.487294020384726e-08,0.0,0.0,-5.087602500233402e-08,,5.372128221410266,0.2322098771495932,,,,,,1.1210743139481404e-05,3.585713149527826e-05,736.3576183431952,4.283885454990455e-06,3.1677311694128274e-06,,272.7425602117234,5.6316469900706815e-06,,273.1218680658284,1.0892837005254079e-05,,,,1.1210743139481404e-05,,0.0,,,,,,,3.623459818800525e-05,,,,,,,,,
1977-12-01 00:00:00,0.9885818154148801,0.062214490224623824,,0.29410597558557633,-0.23445154788226066,268.298890695064,272.75175665680473,0.7991666571628413,,,,,,,0.0,,,271.4597473144531,271.46022033691406,271.46031188964844,271.4599609375,0.21651264619545119,,,,,,0.04070313583464312,,,101938.44933431952,,,2.6923076923076925,123.4111427442562,0.10025965673683664,,269.8689123751849,,74474.00792806952,0.2194338465583395,0.0016779984242817354,0.03612748546713203,0.001662519556530834,0.00821834767358543,,262.24802899783884,0.13977066440695135,-0.09412833572139401,7.94011154577147e-08,0.008929021026906089,0.0029467813141599913,1.6216621610209257e-06,0.17131575160472484,0.024327722174176097
1977-12-01 18:00:00,,,4.946958541870117,,,,,,345.68145751953125,5.3600975747644545e-06,5.0639976146658495e-08,2.4676851972320376e-06,1.3094174967715022e-07,1.680927031491635e-08,,4.877743546073959,0.22087395120654585,,,,,,3.596866977285351e-06,2.1444313977597028e-05,679.5059171597633,6.78053533537148e-06,9.338244707626704e-07,,273.0294962324334,4.839174140839887e-06,,273.3397512943787,1.1421607796257064e-05,,,,6.0649489509988814e-06,,0.0,,,,,,,2.6783117881188027e-05,,,,,,,,,
1977-12-02 00:00:00,0.13772269818909774,-0.08143075119108843,,-0.04699685587685489,-0.4219139990721934,267.37213152823364,273.39683252819896,0.7977602534745571,,,,,,,0.0,,,271.45973205566406,271.4600830078125,271.4598388671875,271.4599609375,0.2135282437476886,,,,,,0.08827985955413277,,,102042.19840976331,,,1.8224852071005917,123.19008135372366,0.09872825046968178,,269.4201958108936,,74635.13285872781,0.22541745879946376,0.0006095093382886175,0.05243064383783284,0.0009857550175232294,0.0016141586755154401,,264.2510929446249,-0.05461232020304753,-0.20723702357365534,2.39214543032752e-08,0.002877991347568187,-0.00044614795220674144,3.162174232127751e-08,0.16291538215953216,-0.033554464754973645
1977-12-02 18:00:00,,,4.068427018159945,,,,,,625.6479785625751,0.0,0.0,0.0,0.0,1.0250591886155418e-08,,3.9479847970093496,0.06337363339034763,,,,,,2.8215431726741546e-09,2.101140879315032e-06,212.69212278106508,1.98381352265911e-07,7.053750299176301e-10,,272.9845729128144,7.154513701532014e-08,,273.31457736224115,6.494349276525735e-07,,,,2.8215431726741546e-09,,0.0,,,,,,,2.101140879315032e-06,,,,,,,,,
1977-12-03 00:00:00,0.24826377665502786,-0.5902957408385869,,0.10033132338664941,-0.5573434773281482,266.7502572324854,274.9284769092086,0.795155291373913,,,,,,,0.0,,,271.45945739746094,271.4602508544922,271.46009826660156,271.4599609375,0.12489354963133321,,,,,,0.04081130168847078,,,102193.37980769231,,,0.39644970414201186,122.928316375913,0.09875147441435142,,268.2793022923216,,74798.89859929733,0.13530500965005549,5.2107861761510724e-05,0.018562271750184912,0.0002582171964927538,9.13185480783677e-06,,264.1854691364356,0.027488436924635307,-0.25737717871129867,-2.021391159650672e-08,-0.0004085784339891559,0.00023169242418729342,1.675917276356248e-08,-0.009862933285842986,-0.010698756522680881
1977-12-03 18:00:00,,,5.826730756364631,,,,,,702.2559716090683,2.3986516002367236e-07,4.509909763193783e-10,0.0,0.0,1.3060479870772287e-07,,5.789284074094874,0.10086447811691013,,,,,,4.744256389211621e-06,1.1079454210382947e-05,408.90236686390534,7.372355011440593e-07,1.2360689555399516e-06,,273.7313282983543,1.4223444920319778e-06,,274.0062869822485,3.396439746286742e-06,,,,4.744256389211621e-06,,0.0,,,,,,,1.1288775847508357e-05,,,,,,,,,
1977-12-04 00:00:00,1.2366989530049837,0.6640348829461272,,0.44366050683535063,0.016954139844905694,268.95838783760746,274.43403435882027,0.7996792031463081,,,,,,,0.0,,,271.4595184326172,271.4599914550781,271.4600067138672,271.4599609375,0.14773406079534948,,,,,,0.08100259092432507,,,101838.13100961539,,,2.378698224852071,126.7745164498775,0.09882339217959071,,269.795540894277,,74511.08575258875,0.1832809899685651,0.0009094455538416755,0.044899429010017915,0.00034413958442281687,0.0018590554683166143,,263.2906181741748,0.21915466122373323,-0.004190437539794741,-2.376933189655913e-08,0.004362086558038749,0.0023593620353064243,-6.481631419252185e-07,0.19306097087070082,0.00765156287413377
1977-12-04 18:00:00,,,4.953067051588431,,,,,,611.7413683865977,7.664928069481482e-06,1.2803756626400017e-06,1.950487053605932e-06,4.64096224519628e-07,5.97465959099981e-08,,4.723205081104527,0.19593458909254807,,,,,,1.4892619477926628e-06,1.828451833781406e-05,613.0159023668639,6.05908547632793e-06,8.743465740299789e-07,,272.1175067608173,1.7347784172853775e-06,,272.60416281434914,1.2218908092679356e-05,,,,3.439611231786965e-06,,5.451047561577791e-07,,,,,,,2.5953678689764802e-05,,,,,,,,,
1977-12-05 00:00:00,0.9945167902658677,-0.2513898025602984,,0.3205988618749133,-0.29476392621824726,268.5621513050689,273.4851536496856,0.7992797197674858,,,,,,,0.00682248448479105,,,271.46063232421875,271.4601135253906,271.45997619628906,271.4599609375,0.23482689490685096,,,,,,0.09974652352417715,,,101556.94979659763,,,2.0532544378698225,125.31908005934496,0.09909040970209787,,268.6291487654285,,74220.46498243343,0.2562107785919009,0.0017397897483329096,0.06774550217848557,0.0019440453433426175,0.004150571202385355,,262.60263196956475,0.15461029103521765,-0.12426484512859548,2.06637465324082e-08,0.029613370726094445,-0.001756895135140278,-3.0944139707679225e-07,0.26381733008390346,-0.04027771914499046
1977-12-05 18:00:00,,,5.889879068679358,,,,,,514.0041971012038,1.7523192442380464e-06,7.552667879141293e-08,3.78596403542355e-07,1.0849081376600548e-07,5.72050264199573e-08,,5.689574066703842,0.3058283879206731,,,,,,4.800431121735883e-05,7.471777278290698e-05,1144.8228550295858,5.819145920713978e-06,1.0323065977830152e-05,,272.0187136858878,1.3561114757018681e-05,,272.3786953356139,2.2949992552311462e-05,,,,4.8376928419756465e-05,,1.0861893950482092e-07,,,,,,,7.646182585044726e-05,,,,,,,,,
1977-12-06 00:00:00,1.1589785242927144,0.8289860099025027,,0.4702766181449213,0.19955728745319434,266.6356003439638,271.689016850037,0.8027022551502702,,,,,,,0.0,,,271.4593811035156,271.45936584472656,271.4597473144531,271.4599609375,0.3052250788762019,,,,,,0.07746995553462463,,,101369.53735207101,,,2.6508875739644973,121.61452199721478,0.10001903737085105,,268.81607001490846,,74032.75411427514,0.31565586067515716,0.005136986455973789,0.060855940285348194,0.0021684240307328264,0.014067700628698224,,260.90943421132465,0.20127492331894192,0.11904035411642853,-1.4451695908344567e-07,0.03712614024879091,0.015392689684615333,1.4000466526017563e-06,0.27706200461944885,0.049102532793078905
1977-12-06 18:00:00,,,4.847873828820223,,,,,,473.31171086404174,4.9337171591245214e-06,5.1202076162106894e-08,3.829091434648051e-06,3.167667795391478e-08,8.044300890891378e-08,,4.597425748610638,0.2549035788993158,,,,,,1.9294623087143755e-05,3.9101793215825004e-05,878.2459319526628,4.4348589061985355e-06,3.962761022635465e-06,,270.80289951301893,6.55289585068381e-06,,271.17324774928346,1.561628467232518e-05,,,,2.3123692478653946e-05,,4.517438011409263e-07,,,,,,,4.4035664676914556e-05,,,,,,,,,
1977-12-07 00:00:00,0.7621036901981872,-0.37641451908991885,,0.32136634962093197,-0.457862983793902,265.9317710018722,270.3632934389735,0.8017283815603989,,,,,,,0.0,,,271.45997619628906,271.4603576660156,271.4598083496094,271.4599609375,0.26870546961677144,,,,,,0.0824601212902182,,,101620.22429733728,,,2.4142011834319526,120.48217177532128,0.10071935879408254,,267.33524110331336,,74152.11311945267,0.27850522374260356,0.0023279415785208255,0.058734510071884245,0.0009005083840274246,0.008274191230006472,,261.1504372139654,0.10266780394774216,-0.19271698223768607,5.925452698658623e-08,0.011016506441323274,2.3243386717237664e-05,2.138564961042101e-07,0.1911113524889386,-0.010799295098118528
1977-12-07 18:00:00,,,3.5546323223226874,,,,,,931.5820489698841,2.3232089609084044e-07,0.0,2.3124629312013027e-07,5.8356452094027276e-08,3.46449403813489e-08,,3.2901980157434587,0.17682534844212278,,,,,,8.343019076352995e-06,2.0522602211088824e-05,569.0920857988166,3.279985848968551e-06,2.0933045438055457e-06,,269.8685742440308,3.4497731183407576e-06,,270.2727222329766,7.3241852444304515e-06,,,,8.574339765063404e-06,,1.207950177806369e-07,,,,,,,2.0759257339161528e-05,,,,,,,,,
1977-12-08 00:00:00,-0.4365538647894323,-0.7109540961903228,,-0.1384345229560807,-0.5400183299589439,264.92821082843125,270.2570593117257,0.8005948638069559,,,,,,,0.009640163218481301,,,271.46022033691406,271.45960998535156,271.45982360839844,271.4599609375,0.1895507270767844,,,,,,0.09481630946052146,,,101849.14016272189,,,1.2011834319526626,120.83597632413785,0.10105739119490223,,266.26866718721107,,74340.81689164201,0.2205662473419009,0.0012009242582603319,0.051724495972401995,0.0007192369043474366,0.0021450787606323964,,261.219028811483,-0.060994981308660566,-0.19193508039564777,1.3827490858828714e-07,0.008264035941239381,-0.0028229676760160006,-5.5791811575663976e-08,0.044025903909340414,-0.041979264578170326
1977-12-08 18:00:00,,,5.699646915909806,,,,,,926.773278647975,1.9236495332605034e-06,2.5931685148964266e-08,1.5571823663260104e-06,9.333615648675952e-08,7.11962247106175e-08,,5.697908418418388,0.10043380105283839,,,,,,7.728280047693197e-06,1.8481804421667517e-05,413.97707100591714,1.8825831674259794e-06,1.7230239140211479e-06,,270.10506534012114,2.8521395646608794e-06,,270.4235853387054,6.96997406214652e-06,,,,9.28620085913754e-06,,0.0,,,,,,,2.040154129795774e-05,,,,,,,,,
1977-12-09 00:00:00,1.3216368037568043,-0.6578995687721749,,0.45793515831761106,-0.4801544155594865,264.91819104076137,270.62351086859167,0.8011403133177898,,,,,,,0.0,,,271.4606628417969,271.4601745605469,271.46026611328125,271.4599609375,0.14770905082747782,,,,,,0.1235897809090699,,,101696.19461908285,,,1.6863905325443787,121.26131840993666,0.10137077478262094,,265.82790577905416,,74274.9609606139,0.19082461024177144,0.001953601837158203,0.04608082065920858,0.0007474380132009292,0.005079641850036982,,261.3685552834054,0.1548350566237636,-0.21233190728362494,1.0690343337713537e-07,0.010507363538566166,-0.0065297734807934285,-1.9942314884785188e-07,0.06396279477420644,-0.04227215686493371
1977-12-09 18:00:00,,,5.413716575803136,,,,,,1689.6473402004797,2.8440497330659946e-06,0.0,2.8437852154116657e-06,0.0,1.0697028661934113e-08,,5.297227013040576,0.061305932039339865,,,,,,9.945687457654603e-06,1.1758603287871773e-05,244.9116124260355,3.329092449337773e-07,1.666439179132676e-06,,270.28845747547035,2.1661130281595083e-06,,270.5491179517035,5.267604568300868e-06,,,,1.2790045794650649e-05,,0.0,,,,,,,1.460331431507359e-05,,,,,,,,,
1977-12-10 00:00:00,0.7194757285202749,-0.14487566186126166,,0.21851067359630877,-0.3766176630054,261.6850420709192,270.5755952011199,0.7986185145095961,,,,,,,0.0,,,271.4598693847656,271.4596405029297,271.4598693847656,271.4599609375,0.08828310994706916,,,,,,0.08030068662745007,,,101576.49768860947,,,1.301775147928994,122.42711445283608,0.10165608422996024,,265.6774114123463,,74286.44374075443,0.12480010083441198,0.0011477738442505605,0.029406124318139795,0.00015344140092296714,0.003593760834643121,,262.1596419656065,0.06759995186822654,-0.17859649093898797,-2.0786302288878468e-08,0.005950284412887757,-0.0037897443674372497,-9.046654463552776e-07,0.07401973233122885,-0.05446091523537269
1977-12-10 18:00:00,,,4.943975584041437,,,,,,1418.3558460310394,0.0,0.0,0.0,0.0,1.4554343955934369e-07,,4.777784273469236,0.15001989962786613,,,,,,4.0921762850157606e-06,6.656895375110694e-06,577.0961538461538,6.181915351272335e-07,9.961183783570691e-07,,270.4457081450513,1.2578255326084836e-06,,270.93644949106067,2.295263772885475e-06,,,,4.0921762850157606e-06,,0.0,,,,,,,6.656895375110694e-06,,,,,,,,,
1977-12-11 00:00:00,0.45888474142763036,-0.5378141628919973,,0.1073954091269589,-0.43369644774487737,267.3192136866101,271.95419428898737,0.7971676588058472,,,,,,,0.0,,,271.4602966308594,271.46002197265625,271.4596252441406,271.4599609375,0.18460760173007582,,,,,,0.0766529331545858,,,101668.79410133135,,,1.8224852071005917,128.168516080055,0.1019698797598393,,266.68336224979197,,74280.99715698964,0.21276683920233913,0.000901038830096905,0.024890515931259245,0.00020452222880527112,0.0015669602614182692,,260.7165252866124,0.012474804940308339,-0.17350234646768964,4.9374886170423486e-08,0.0025194100374300804,-0.001793081965848539,1.1039128636055455e-07,0.02569764733490859,-0.023749743340283454
1977-12-11 18:00:00,,,5.0961792003473585,,,,,,919.472191704644,0.0,0.0,0.0,0.0,1.6013342575158046e-07,,4.948250341344867,0.12177967319827109,,,,,,8.167335267603044e-06,9.176866895348363e-06,536.9741124260355,1.236943792573799e-07,1.7701962290430915e-06,,270.9834229960244,1.7345414535533747e-06,,271.34059061806585,2.0768603629614476e-06,,,,8.174918107027132e-06,,5.273063000313629e-07,,,,,,,9.176866895348363e-06,,,,,,,,,
1977-12-12 00:00:00,0.6330211120244313,0.5978666057248088,,0.20629207904522234,-0.12914916044156227,267.51581234903733,272.54524402505547,0.7994318131864424,,,,,,,0.0,,,271.46055603027344,271.46006774902344,271.4600372314453,271.4599609375,0.18729468351285133,,,,,,0.10170939970298631,,,101721.8823964497,,,2.5562130177514795,126.35241031082424,0.10225303356464092,,266.95496056912214,,74310.97538369083,0.2401367729232156,0.0019171421344463641,0.03891177831035791,0.00012498212283884984,0.002704778366540311,,261.1498371553139,0.04538289682399592,-0.08677139014182006,-2.677436024369052e-10,0.007188604900767729,0.0022300075761665255,-1.2664605013353849e-06,0.1732785941581049,-0.04194441561162825
1977-12-12 18:00:00,,,4.497079014072757,,,,,,1283.1392800242631,0.0,0.0,0.0,0.0,1.37665638625732e-08,,4.3840089493249295,0.03774311133390348,,,,,,3.15161763563664e-08,9.293001167167573e-07,169.94045857988166,2.3241044633839963e-08,3.124855888577608e-08,,269.37637157553047,2.9397451941519095e-08,,269.84636340620955,4.950695886061742e-07,,,,3.15161763563664e-08,,1.0149928151503116e-06,,,,,,,9.447578671415882e-07,,,,,,,,,
1977-12-13 00:00:00,-0.6087078568498059,-0.3942832551764313,,-0.334503540625939,-0.536706219058065,260.8855026515983,270.58539504553437,0.7971012511196927,,,,,,,0.0026449395354682876,,,271.4599151611328,271.46022033691406,271.45953369140625,271.4599609375,0.06513029019508136,,,,,,0.051721697022928996,,,101915.31545857988,,,0.4319526627218935,123.59517565845738,0.10222092464830748,,264.77365283853203,,74461.37162536982,0.09954653406989646,0.0001374828744922164,0.014412400285167807,7.22251347536166e-05,6.170667840178902e-05,,262.92684548282057,-0.16927553210738142,-0.2762825531367014,-4.2712702939300436e-08,0.0008050758245582941,-0.0005365530106090229,4.030339664899463e-08,0.0032153820850440032,-0.015953172946117332
1977-12-13 18:00:00,,,6.78534857620149,,,,,,999.3839324951172,2.8994165845876617e-07,8.908958042029446e-09,2.8981215502383442e-08,9.128097830527634e-09,1.9637767556732205e-07,,6.7075082733786315,0.22506659693971892,,,,,,2.2274590808258958e-05,2.6367825163892036e-05,919.3635355029586,6.565328180437258e-07,4.0292431264234015e-06,,270.5536802393445,4.639948260854687e-06,,270.95084367560213,7.206122198048428e-06,,,,2.2305010338506754e-05,,1.8568450485813547e-07,,,,,,,2.6661439760196842e-05,,,,,,,,,
1977-12-14 00:00:00,1.3267288377299111,1.0754802805432202,,0.5830251253568209,0.21315600603995238,266.07215773001224,270.7292297182704,0.7952253952534241,,,,,,,0.0,,,271.4600830078125,271.45947265625,271.45989990234375,271.4599609375,0.24618304551705805,,,,,,0.08402310884915866,,,101611.35817307692,,,2.8757396449704142,122.27534855046922,0.10242249697623168,,267.41321089705065,,74193.47714034763,0.2792056834203957,0.00368404670579899,0.043091075401202106,0.00038994839910924786,0.0054781535673423636,,260.5508105035364,0.2319720182898482,0.09949339494197326,-3.636471951964515e-08,0.028304071806852717,0.004430271134044997,1.478275682325282e-07,0.3094125828711239,-0.02342906329758774
1977-12-14 18:00:00,,,6.158133969504452,,,,,,569.0692993994472,0.0,0.0,1.8329278134724356e-10,2.749418628335925e-10,1.384489796180669e-07,,6.0675287754578,0.2683591221916605,,,,,,1.3418583827611257e-05,3.801837298997055e-05,926.8587278106509,4.639165729460632e-06,2.6559005298558073e-06,,271.48740445650543,5.298266573065131e-06,,271.86548140486315,1.3419994588434343e-05,,,,1.3418760172714143e-05,,1.9815334355866414e-07,,,,,,,3.801982783706936e-05,,,,,,,,,
1977-12-15 00:00:00,0.4041908817178399,0.9257404902982994,,0.20844326922174036,0.08301569018843612,265.0639759492592,270.20102325981185,0.796288212375528,,,,,,,0.0,,,271.4593048095703,271.459716796875,271.4598846435547,271.4599609375,0.3116551687026165,,,,,,0.16174749791974852,,,101566.83394970415,,,2.8402366863905324,130.24120931230354,0.10285287778053058,,267.3625252627762,,74210.9631102071,0.33565011109120746,0.002009789619220079,0.08147105419763416,0.0011965650073169957,0.0032542076336561573,,260.70303588506033,0.05331232491329577,0.01757463759924533,-1.4013671958557269e-08,0.009107200337140601,0.0003201133356644557,-7.331990237353293e-07,0.29790707154353785,-0.055066598590309095
1977-12-15 18:00:00,,,5.207196980538453,,,,,,657.1242973081527,2.088697527992655e-06,6.088383561937061e-09,1.4906010684177014e-06,4.7508472874319765e-07,1.5655959255638783e-07,,4.9641433527483745,0.33241696329511833,,,,,,2.222107006953313e-05,3.5693395067248825e-05,1161.0510355029585,3.234610049682256e-06,4.455447196960449e-06,,271.4857777251294,5.854767631496904e-06,,271.9375101123336,1.2251355591610338e-05,,,,2.371171522422655e-05,,1.716339332464884e-06,,,,,,,3.778211463837934e-05,,,,,,,,,
1977-12-16 00:00:00,0.11394860758583926,0.39185626125899997,,-0.09742693364972899,-0.23985794451109757,269.7946218456742,273.5316386025333,0.7919556861798439,,,,,,,0.0006508262905143421,,,271.4597473144531,271.46034240722656,271.4599151611328,271.4599609375,0.3646692580725314,,,,,,0.14098967602972448,,,101920.92954881657,,,2.727810650887574,126.76383782561714,0.1032513556395762,,268.2137907129773,,74446.24096246302,0.3909630878833977,0.003268721541004068,0.08616035235069276,0.0010692635936849922,0.006150804327789848,,261.87046154857387,-0.046970848148391094,-0.08490610404832828,1.3067586508995615e-07,0.015178595541441846,0.003699326347669906,4.5008419395683434e-07,0.34632466039510124,-0.04282096645535802
1977-12-16 18:00:00,,,5.762285757346971,,,,,,658.1064758300781,0.0,0.0,0.0,0.0,3.248650495227448e-08,,5.735629713746923,0.10778772478272929,,,,,,2.6384086111152667e-08,3.7892594845337276e-06,325.4815088757396,1.1069567863052413e-06,5.81249991464897e-09,,269.2568307007558,2.445755030452852e-07,,269.670182177301,2.123172995606823e-06,,,,2.6384086111152667e-08,,3.4809696691981436e-07,,,,,,,3.814664200918209e-06,,,,,,,,,
1977-12-17 00:00:00,-0.41581758239565514,-1.621446716714893,,-0.24431423322688897,-0.9711407204351482,262.78242817715073,269.8661625427607,0.7925570519012812,,,,,,,0.0,,,271.4599914550781,271.4606628417969,271.46031188964844,271.4599609375,0.11429492115269047,,,,,,0.04691860943856324,,,102544.57100591715,,,0.6272189349112426,122.7361011392266,0.10339231321797568,,264.20770344931697,,74705.08915033285,0.12622783593172152,0.00045542674657155776,0.01766814282659948,0.00015133795653574566,0.00044978299789880154,,259.896491417518,-0.11192983071479572,-0.3828927158604007,3.4598638221346664e-08,0.000820606054198107,-0.0028594288115318003,-1.8434409264298762e-07,-0.01150786030221973,-0.04581498006391808
1977-12-17 18:00:00,,,4.55412949330708,,,,,,284.7979990641276,0.0,0.0,0.0,0.0,-1.1504483708874846e-08,,4.423868963704306,0.01300267778204743,,,,,,1.5461711301165218e-08,9.819701280907767e-09,64.42150517751479,0.0,3.4424966440905305e-09,,269.1270049507096,1.862838887747311e-09,,269.42201467660755,4.9098506404538834e-09,,,,1.5461711301165218e-08,,3.3591503343550414e-08,,,,,,,9.819701280907767e-09,,,,,,,,,
1977-12-18 00:00:00,0.8869136550722743,-0.31566429138183594,,0.27440346486469697,-0.4985284692436986,260.73014253695334,269.0907685770791,0.7913948925289177,,,,,,,0.004152207684940135,,,271.4595031738281,271.45948791503906,271.4599914550781,271.4599609375,0.026199115098580805,,,,,,0.0023249056212295443,,,102071.6701183432,,,1.3076923076923077,124.22734096910827,0.10332294046526125,,263.9579447909925,,74538.88641826923,0.03091399063020063,9.614141029719065e-05,0.0038472576254218287,1.6697941447150777e-05,3.0513169497427857e-05,,259.75805591831545,0.09078416916040274,-0.25929365214511485,7.147188098423015e-09,0.0004535553577878187,0.00024067958370512408,2.705568605971925e-08,0.0055600001170856535,0.0028275115823251963
1977-12-18 18:00:00,,,5.091149443000026,,,,,,1302.7535619903028,2.558789486010399e-06,6.313809088965845e-09,0.0,4.897103507137863e-07,1.8408043726332549e-07,,4.980726913587581,0.14008678910294933,,,,,,9.659391183119555e-06,1.0032493334550123e-05,619.946375739645,4.943518089295844e-08,1.9276724059200852e-06,,270.44860027245517,1.9978908215754132e-06,,270.7527188634026,3.392769563832932e-06,,,,9.659391183119555e-06,,0.0,,,,,,,1.2585749992957482e-05,,,,,,,,,
1977-12-19 00:00:00,-0.1753927151832355,0.5613586437067336,,-0.2077955155682987,-0.2611541973768607,266.1316870514458,270.83603907477925,0.793095443023027,,,,,,,0.051549426197300297,,,271.4596710205078,271.45947265625,271.4601287841797,271.4599609375,0.16241148096569896,,,,,,0.20995208920811761,,,102098.96394230769,,,2.5680473372781063,124.44923446023253,0.10337614025589982,,266.6584565653603,,74541.92097355769,0.32701047637758873,0.003749390325602695,0.02006928031966531,2.916448215055748e-05,0.0027628114237587833,,261.06384791989296,-0.08760592535402648,-0.146059792422684,-3.454530981115132e-07,0.05096771848972159,0.0179560465707868,4.1434015882733285e-07,0.0636418310142833,0.023074553188311277
1977-12-19 18:00:00,,,6.559966155057828,,,,,,2035.5757696312594,9.13219647647361e-08,4.509888236691966e-09,8.489087929387064e-08,2.3122218343809512e-08,1.4875824265762803e-07,,6.212223876862836,0.13935734675480768,,,,,,5.7267631299396945e-06,7.728588651623246e-06,567.4256656804733,1.7927959561347961e-07,1.3882327361925114e-06,,268.29586945482964,1.5004984373171654e-06,,268.7178881944284,1.9967115136998644e-06,,,,5.809601242020285e-06,,0.0,,,,,,,7.824608560144548e-06,,,,,,,,,
1977-12-20 00:00:00,0.621620472718978,0.35185757473375673,,0.13440046931159566,-0.3435013675125393,263.3620160345495,268.9654694506402,0.79397379893523,,,,,,,0.08434372399685651,,,271.4602813720703,271.4591369628906,271.45997619628906,271.4599609375,0.17764914247411243,,,,,,0.036542452298677884,,,102127.19230769231,,,1.982248520710059,134.5576308210926,0.10393806604238656,,264.96298118455877,,74497.81007303995,0.2678831202038646,0.0009125717998256345,0.011328296548516087,0.00012711378244253306,0.0018194751626641088,,259.0870617748012,0.04351553585402359,-0.16145511491764228,3.3657331386107134e-09,0.008447161560172778,0.0014588113367204835,2.823536150028637e-07,0.02264531737072228,0.011567825749075625
1977-12-20 18:00:00,,,5.967043030191455,,,,,,346.9693173495206,2.976187322972089e-06,1.675664232327388e-07,1.2611320032875919e-06,5.3401912435801074e-08,2.5207882188990306e-07,,5.836271811166458,0.16423251360831176,,,,,,2.0379013211064085e-05,2.092365506132679e-05,717.489275147929,6.446309012950524e-08,4.165568912523033e-06,,269.35451286361064,4.2219662807396885e-06,,269.83034556010773,5.6058344756357766e-06,,,,2.1642040924207698e-05,,1.3765333407729335e-06,,,,,,,2.39026087981004e-05,,,,,,,,,
1977-12-21 00:00:00,0.3248053838515423,0.42572417626014125,,0.014872652539134732,-0.3163824645725228,265.9802576550365,270.60337107280304,0.7854685839816663,,,,,,,0.003212087958522097,,,271.4598693847656,271.4600830078125,271.45982360839844,271.4599609375,0.17101174980931028,,,,,,0.03373469967813887,,,102143.12185650888,,,2.3254437869822486,132.17202939366447,0.1041786825868505,,265.71753128322626,,74519.6293223003,0.18228357078055657,0.0030127361681334367,0.010108202872191661,1.323258383034249e-05,0.0035612681913658006,,260.5177413669564,-0.008445743625686014,-0.15125024671385273,5.73047317947487e-09,0.013019697186065226,0.014089676876657109,2.988249676738805e-07,0.022205600844277345,0.022595577338743494
1977-12-21 18:00:00,,,5.171164219196026,,,,,,2135.504063868261,1.6624603927488157e-06,9.736729532303895e-08,1.0471041562289176e-06,2.888443235021371e-08,1.3969509801916922e-07,,5.01735607688949,0.11589005148622411,,,,,,7.94721249292588e-06,1.1003802161244951e-05,493.2651627218935,4.056378229129949e-07,2.0473446013659417e-06,,268.0574075371556,1.8661500081508118e-06,,268.4702667597483,4.191127930872539e-06,,,,8.993908851104374e-06,,4.0426012679669984e-07,,,,,,,1.2666912826560657e-05,,,,,,,,,
1977-12-22 00:00:00,0.7686387632020126,-0.09170325691178,,0.3111773327257506,-0.40092796122534036,262.92206054326346,268.2425413413866,0.782418344147812,,,,,,,0.0772171471951276,,,271.46095275878906,271.46063232421875,271.45994567871094,271.4599609375,0.14735096587231877,,,,,,0.029054991592316937,,,102035.47670118343,,,1.9763313609467457,128.42043453419703,0.10439145917723165,,264.4440508960972,,74374.92820821005,0.22634345963156435,0.0018872622202133992,0.017474654158191567,0.00010929093558407394,0.0029692226613061666,,258.58758915105517,0.08739402872570873,-0.16931546651400053,4.9615336186665844e-08,0.008669441268288877,0.0035785676900451707,2.9636462843844654e-07,0.0429725816263955,0.008898250383914575
1977-12-22 18:00:00,,,5.998468032250037,,,,,,645.947817863302,8.126202772354939e-06,6.313809088965845e-09,1.06306338804008e-06,1.511057100352451e-07,8.008182649817538e-08,,5.854934980178021,0.24203762077015534,,,,,,8.336626566373385e-06,1.86805894388955e-05,824.5403106508876,1.316289444999582e-06,1.8214685677071294e-06,,267.28652899928346,3.582186247470111e-06,,267.7989296094906,9.805978049893351e-06,,,,9.399105811260156e-06,,1.5554878001029675e-07,,,,,,,2.6800135183616502e-05,,,,,,,,,
1977-12-23 00:00:00,1.3232056995820718,-0.8021012029704258,,0.5773687080518733,-0.4476626413108329,264.810166127583,268.464844923753,0.7870270757985538,,,,,,,0.013091059126092132,,,271.46006774902344,271.45977783203125,271.4599609375,271.4599609375,0.2378335986617049,,,,,,0.03170519044413369,,,101920.07562869822,,,2.076923076923077,123.74839773685974,0.10516731555645283,,264.5447198991945,,74205.23139330621,0.25090920713526255,0.000975416962211654,0.020142414160734097,0.00027203983103735207,0.0016932402842143584,,258.46517113679965,0.2485744611046018,-0.1637858498025928,-2.6116683905580516e-08,0.007079186509607894,-0.0037040782530279553,6.847838546044728e-09,0.05754650047340998,-0.010731836042460606
1977-12-23 18:00:00,,,4.909946802805162,,,,,,3878.6400913145485,2.1443564510909764e-07,0.0,2.158464059321838e-07,0.0,-5.886485963231834e-08,,4.664853702635455,0.03617732482549001,,,,,,1.4995619483821138e-08,1.787808696193808e-07,126.26738165680473,2.4925966984068853e-08,1.4418364811093497e-08,,267.49256048258945,2.4560446983214313e-09,,267.83209598699267,3.330125721424994e-07,,,,2.3054366810081978e-07,,0.0,,,,,,,3.9321789242459475e-07,,,,,,,,,
1977-12-24 00:00:00,-0.22014885964478262,-0.1921403027145115,,-0.1965379207091924,-0.32911431577784067,258.9630594648553,267.8530751967571,0.7896123715406339,,,,,,,0.48313199556790865,,,271.45985412597656,271.460205078125,271.460205078125,271.4599609375,0.058514025084365755,,,,,,0.3265287862021542,,,101924.80676775148,,,0.47928994082840237,123.33172336555796,0.10523333634145161,,262.6095838377462,,74369.35385077662,0.7757456440192002,0.006005369187070927,0.008315588595599112,1.3696018760726297e-05,0.002315814678485577,,258.17129886785204,-0.1072400900033804,-0.20018526788293964,-3.274771183062367e-07,0.12569655562040105,-0.057599906385297606,-2.7711158353124456e-07,-0.004139320384821243,-0.006478955054424218
1977-12-24 18:00:00,,,4.03628907648064,,,,,,1234.6355791278913,3.4459596554908526e-06,9.48725631956518e-07,0.0,0.0,6.614942784722862e-08,,3.922109581662353,0.08151940340121117,,,,,,1.7109442744734725e-06,2.379071783031938e-06,366.8897928994083,2.019358082459523e-07,2.9874789203412434e-07,,268.881946992592,3.2863907582132067e-07,,269.2506283190123,1.821666955947876e-06,,,,1.7109222313356117e-06,,0.0,,,,,,,5.825384128728562e-06,,,,,,,,,
1977-12-25 00:00:00,0.3065103779177694,0.16128920944484734,,0.015089616267638798,-0.32145016574295315,262.1418971676798,268.26636076255664,0.7865321512758379,,,,,,,0.002147967998798077,,,271.46018981933594,271.4605712890625,271.45985412597656,271.4599609375,0.1141803448016827,,,,,,0.057861237836307325,,,101947.83663091715,,,2.3550295857988166,136.23708718203935,0.10546801922589365,,264.317633995643,,74423.72291050295,0.14406725640833026,0.0014929672670082228,0.02130777031712278,0.00011297302133232884,0.0013897376653005384,,258.5834042701496,-0.010251745669799443,-0.1639172029213087,-1.1649200998965828e-08,0.005583238086701762,9.2372871362246e-06,-7.611878675039439e-08,0.0175354773476279,0.010284823778818345
1977-12-25 18:00:00,,,5.5332529474292285,,,,,,1009.8964414796629,1.0160034930212258e-05,6.876839049292739e-08,9.360221716073844e-06,5.263129811315142e-07,2.8118244574267204e-07,,5.513927736225918,0.2999830979567308,,,,,,3.515968661336504e-05,3.8933956764153474e-05,1216.3014053254437,1.0312771832449197e-06,8.06913308843353e-06,,270.2521282850638,8.101338112848045e-06,,270.53998425726354,1.2223691453595134e-05,,,,4.451470614890375e-05,,1.6832884026349648e-06,,,,,,,4.9104440141711715e-05,,,,,,,,,
1977-12-26 00:00:00,0.02689228960748255,1.004048240255322,,-0.14629858344264285,0.10777036678156204,267.4848129001595,271.04479321361293,0.7874214321198548,,,,,,,0.0,,,271.46067810058594,271.45985412597656,271.4600372314453,271.4599609375,0.34835923776118716,,,,,,0.11745502539640347,,,101537.37185650888,,,2.739644970414201,137.10314210067838,0.10636711402757633,,266.9754573664016,,74099.31041974852,0.38494728584966714,0.010419416709764468,0.03656805916122759,0.00016269881344405858,0.010228061111721061,,261.2560227975338,-0.02606173979460135,0.07088844240064451,-3.1422338029645253e-07,0.08010692709296413,0.04962102131995224,-2.251776278338577e-07,0.23242551948411594,-0.00028882788483207747
1977-12-26 18:00:00,,,5.44621842852711,,,,,,1111.9491123223454,0.00010920364475814548,2.4529758113375782e-05,9.513531739895161e-06,9.015037198743877e-07,8.813775385269818e-08,,5.191912363266804,0.43535618528106507,,,,,,0.0001243569794491198,0.00016581342065122705,1670.832100591716,1.326190120369725e-05,2.783475190224732e-05,,270.13475099823177,4.646239372400137e-05,,270.4121436847032,0.00010942372344654693,,,,0.00013386832891836673,,4.4915979430520326e-06,,,,,,,0.00027503857951192463,,,,,,,,,
1977-12-27 00:00:00,-1.3774834525655713,0.8129580176088231,,-0.5848018939678485,0.1073638645149547,267.9468526445197,271.5590809477857,0.7951634586210081,,,,,,,0.5113575952292899,,,271.4608459472656,271.45997619628906,271.46009826660156,271.4599609375,0.490545148680196,,,,,,0.8984248768648452,,,101422.81832470415,,,2.8461538461538463,127.53627357257189,0.1088775770198664,,268.46169529299766,,73921.92018768491,0.9856858063026293,0.17886437299336203,0.044592569565631936,0.015955005171736317,0.3449020302515565,,261.28806670600846,-0.3711625386977337,0.06674582013011685,-1.866557298175792e-05,3.1816451747036543,1.1707895106950101,-1.4921893798277752e-06,0.11286380410899777,0.17047976883205437
1977-12-27 18:00:00,,,5.500222177900506,,,,,,723.5882579948328,3.977485838726427e-05,9.99510817273834e-06,3.3553844020211483e-06,5.995953929494824e-07,2.821550384052263e-07,,5.298112446034448,0.3075258153430104,,,,,,2.4877841303334435e-05,2.7317355370380468e-05,1210.4330621301774,1.515245296545988e-06,5.255381648357098e-06,,267.3991574620354,9.03958223275179e-06,,267.7956873425365,4.460508301413271e-05,,,,2.8234261732835035e-05,,2.154826941574819e-06,,,,,,,6.712426448009423e-05,,,,,,,,,
1977-12-28 00:00:00,-1.199113354880429,0.8569221891595061,,-0.6008763059356509,-0.10858197184004022,264.2450704179572,266.9111945699658,0.8057163527025979,,,,,,,0.0031269118630674465,,,271.45973205566406,271.46031188964844,271.459716796875,271.4599609375,0.27811806814293183,,,,,,0.16935790143080454,,,101755.27403846153,,,3.1124260355029585,121.41354659041004,0.11170684656447913,,262.23078421869224,,74002.43363997781,0.3704477427582416,0.007131025706677554,0.011311412562985393,5.605217267775677e-05,0.00592568075868505,,258.1603761932554,-0.4318309197059044,-0.08934719604853342,-1.65811690437117e-07,0.04477514478945609,0.028772613473137365,6.795193333200802e-08,0.0018344669652408396,0.02897623155029083
1977-12-28 18:00:00,,,5.781825635560166,,,,,,557.3261760015907,1.0641848326787442e-06,7.278093043163684e-08,4.09382400957085e-07,9.175387249719462e-08,1.826897863599681e-07,,5.638110567126754,0.24883094200721154,,,,,,3.078006781064547e-05,3.18071016898522e-05,995.6723372781065,1.4359382196114615e-07,6.0782850494046185e-06,,265.61098078439926,6.340664519360785e-06,,265.98660991600985,7.726803157456529e-06,,,,3.1188218551274585e-05,,3.5247418302050707e-06,,,,,,,3.28698454523933e-05,,,,,,,,,
1977-12-29 00:00:00,-1.0930235089635003,0.5310854545006385,,-0.5076280063426001,-0.30231094924655894,261.8813749234352,265.2020913750462,0.8046678622093426,,,,,,,0.0,,,271.4595031738281,271.4595184326172,271.45970153808594,271.4599609375,0.35864835741692747,,,,,,0.13246093995968353,,,101580.64127218934,,,2.7159763313609466,121.3798927442562,0.11276966015968097,,261.4950865796332,,73824.68440273669,0.3976853907813687,0.009253097018888275,0.030397494163738905,6.452696563224116e-05,0.008151624329696745,,256.96149268517127,-0.355462649870201,-0.19890003091484837,-8.587730433151247e-08,0.05489614821650837,0.052615302278709836,-6.411423164105716e-07,0.05255077823379336,0.0743561581041686
1977-12-29 18:00:00,,,4.994376301060061,,,,,,284.7561043566606,1.1856518906249097e-05,1.5332655617471276e-06,4.058009421331642e-06,5.22511917546656e-08,-5.141708824388165e-08,,4.879088226507402,0.3793860441128883,,,,,,2.3629097543524568e-05,3.074365254689956e-05,1510.9290233363768,1.3451824879505225e-06,5.386350951956574e-06,,265.14232802532126,7.025148036211906e-06,,265.4660423323953,1.3482949790164565e-05,,,,2.7686886533477602e-05,,4.0965408263121835e-06,,,,,,,4.260383061403353e-05,,,,,,,,,
1977-12-30 00:00:00,0.3060591771052434,-0.4728465616350343,,0.045582026419554944,-0.5443486433762771,261.2704890324519,265.55286908572947,0.7979266110961959,,,,,,,0.0,,,271.4597930908203,271.46014404296875,271.4596862792969,271.4599609375,0.48009477423492974,,,,,,0.14538501987795857,,,101790.14996301776,,,2.6094674556213016,124.09466715254023,0.11308156809157874,,260.4969160091242,,73969.10533006657,0.4947451980861686,0.005544074627920786,0.055117093599759616,0.00033364634542070197,0.011555056600175665,,254.9843751805774,0.011238800350730941,-0.26441671157024316,3.3966177489302677e-07,0.030455324071398854,0.007635454895228324,5.574143687059921e-07,0.1725252413758512,-0.015038652180214605
1977-12-30 18:00:00,,,7.237662845814722,,,,,,299.7293920595784,1.071990858873672e-06,1.6207768190541915e-07,4.639639656924637e-07,1.905663710462271e-08,3.6594557979546446e-08,,7.1733747008284166,0.31924582938470786,,,,,,1.4741657048287477e-05,2.984164734563884e-05,1017.3757396449704,2.702224184070113e-06,3.104599622579721e-06,,265.70581587390785,5.149277004264516e-06,,266.0206344875358,1.0847207709882386e-05,,,,1.5205356496325611e-05,,6.041935915072289e-06,,,,,,,3.091461912414731e-05,,,,,,,,,
1977-12-31 00:00:00,2.0751925643379168,0.20655573895697057,,0.7286778512085683,-0.09823570025743113,260.8528921815771,265.11795368984605,0.795920095500156,,,,,,,0.0,,,271.4596252441406,271.4601287841797,271.4599304199219,271.4599609375,0.34758131038507767,,,,,,0.055069060015255175,,,101873.4600591716,,,2.485207100591716,125.96536796614969,0.11349557842728654,,260.76769468770226,,74193.73511464497,0.3515247593264608,0.001486290136032556,0.04553696671886557,0.0005165952197193394,0.0067952624439487795,,255.2311237041767,0.5728405259064668,-0.019207689536393745,1.7235115646300617e-07,0.009782610545758042,-0.000527896449939739,1.1846504034939465e-06,0.18241468262472935,-0.01749098195126776
1977-12-31 18:00:00,,,7.378681453727406,,,,,,298.43736845871496,5.793157061176187e-07,5.8968149169662294e-08,0.0,0.0,3.1177164628011997e-07,,7.256383207422742,0.19479478463618713,,,,,,1.9487368284597905e-05,2.6693005533613396e-05,696.4245562130177,1.781669682299597e-06,4.990875015597371e-06,,266.1056695520525,5.503686574789194e-06,,266.5295188948953,8.028551671631944e-06,,,,1.9487368284597905e-05,,2.049108052394799e-06,,,,,,,2.7302895071943836e-05,,,,,,,,,
1978-01-01 00:00:00,1.3463763964952096,0.563885722639998,,0.36420715490036465,-0.0014060940262833996,262.77183352137456,266.412557116627,0.7959876906942334,,,,,,,0.0,,,271.4595031738281,271.4604187011719,271.4600372314453,271.4599609375,0.2284621740939349,,,,,,0.02968529695589867,,,101732.59670857988,,,2.5976331360946747,129.29289200461122,0.11379800886797482,,260.87807342709874,,74206.11270340237,0.2299684603538739,0.0011995304265671229,0.03543397801867604,0.0007258364434778338,0.0100577540651581,,256.3983061299522,0.19488824930416762,0.022887748021345872,1.1449406539488132e-07,0.006019919581667206,0.0024685151654587696,1.0647346195351531e-06,0.13181183018622447,0.020712138985741067
1978-01-01 18:00:00,,,6.499342038081243,,,,,,326.2620792253643,3.6577942103323854e-06,1.226700621949145e-07,2.9639864461661795e-06,8.026457573535175e-07,9.382362950203345e-08,,6.265833358087483,0.4251614181247689,,,,,,4.407075735238882e-05,7.313437010409564e-05,1482.2551775147929,5.466433671804575e-06,9.097511599049765e-06,,266.9149389323398,1.4224040085042017e-05,,267.2716922195705,2.251785887768988e-05,,,,4.7035823912310176e-05,,2.9898650900146665e-06,,,,,,,7.678700622016862e-05,,,,,,,,,
1978-01-02 00:00:00,1.0403393457627155,0.5331817152937488,,0.2887192731778297,0.024179390901644553,262.94424275956914,267.3470499614287,0.8023315615202549,,,,,,,0.0,,,271.4604187011719,271.4602813720703,271.45985412597656,271.4599609375,0.4326691034982896,,,,,,0.08084657206337832,,,101656.88424556213,,,2.911242603550296,127.97378142768815,0.11462854069365552,,262.3861598629923,,73996.87504622781,0.4514614308374168,0.007474391418095877,0.06284011750531619,0.0009509374404094628,0.015997892300758137,,257.7537991676105,0.18306389750813593,0.028548599347560363,3.261403763596487e-07,0.04040197788566535,0.02726068960491722,2.525483596292958e-06,0.32045221609432323,0.039834556142253986
1978-01-02 18:00:00,,,5.804172109570024,,,,,,381.6879880722255,7.320570169821294e-06,2.5764019531611157e-07,5.894158718854012e-06,7.982481513503035e-07,9.181577195316972e-08,,5.4030340352707364,0.42781193298701,,,,,,6.281782889507225e-05,7.8870523610764e-05,1493.6409023668639,6.424406400093665e-06,1.3553267399940264e-05,,265.77409155128976,1.686361767131196e-05,,266.16490010820195,2.2673174827056523e-05,,,,6.871181126882339e-05,,2.184871738478982e-06,,,,,,,8.618778730990619e-05,,,,,,,,,
1978-01-03 00:00:00,1.0657841609074519,0.7670144019042247,,0.3676349425456933,0.15106240673178045,260.20425478241145,265.6182859522351,0.8005519724456516,,,,,,,0.00034201356786242603,,,271.4606018066406,271.459716796875,271.4600524902344,271.4599609375,0.40956856089936206,,,,,,0.23990599502473187,,,101674.93398668639,,,3.0118343195266273,127.42792343952247,0.11563902634840745,,261.574736104209,,73900.1067631287,0.46095483542899407,0.018004919650286614,0.05764264891133506,0.0006730260228264262,0.01958099906966531,,257.39876687315086,0.19469209218166283,0.10310553023095667,3.978956012694529e-07,0.13072267791928624,0.06668754843388788,1.1719413344147643e-06,0.15425630531841394,0.05268211477606959
1978-01-03 18:00:00,,,4.934765635157478,,,,,,564.7050517474034,2.414495105574117e-06,5.862785822893741e-08,1.951875771291157e-06,1.0332032024155001e-07,1.4240936925166326e-07,,4.866750350365272,0.2419076050526997,,,,,,2.818920555904772e-05,3.111371274530535e-05,914.8835059171597,5.290821503252673e-07,5.370986884867652e-06,,263.0689632257766,5.934144970933361e-06,,263.5098853478065,8.150891086758946e-06,,,,3.0140993157787434e-05,,8.890217930607542e-07,,,,,,,3.3529287964634645e-05,,,,,,,,,
1978-01-04 00:00:00,-0.02711041580290484,-0.36904976635994996,,-0.09662695890347633,-0.5415582600429919,259.11439143976514,263.3414850178555,0.8009191836125752,,,,,,,0.0,,,271.4598846435547,271.46075439453125,271.4601135253906,271.4599609375,0.2616933788773576,,,,,,0.09460259612495377,,,102216.94674556213,,,3.0710059171597632,128.0056092753213,0.1165615595304049,,258.29793923282057,,74251.58099112425,0.2791912372295673,0.004291037836018399,0.0293118403508113,7.835894646729238e-05,0.007932832255165959,,254.8901366284613,-0.05155909202507967,-0.21667361964840862,2.526832177815546e-07,0.019803379886899387,0.0012431002976979024,5.233731067783514e-07,0.05492117615229279,-0.012785567687107967
1978-01-04 18:00:00,,,5.202731059147761,,,,,,1091.5807569971626,2.2582533444173236e-06,5.278814881599161e-09,6.066491970649132e-07,2.8567906667494915e-07,1.9745598176904795e-07,,4.926061291666426,0.14997800567446376,,,,,,1.21517646947556e-05,1.2960659681692632e-05,673.9552514792899,1.3871608886140338e-07,2.483611364336409e-06,,263.7119548729891,2.68655151305114e-06,,264.08788755518447,4.414182442885179e-06,,,,1.2756011189793695e-05,,0.0,,,,,,,1.5219552277107916e-05,,,,,,,,,
1978-01-05 00:00:00,0.9703291718071029,-0.29846273794682066,,0.38877980948905266,-0.4595487188305375,260.0293679322011,264.0554136919552,0.7966414464295969,,,,,,,0.005337325778938609,,,271.4595947265625,271.4602966308594,271.4600372314453,271.4599609375,0.18979062413322856,,,,,,0.06077535053682045,,,102166.8411612426,,,2.5502958579881656,129.8035937427769,0.1138400015746348,,258.3653217744545,,74246.81090514053,0.21519650792229106,0.003848820748413808,0.013878342667980307,1.577583290416108e-05,0.0032822422727325257,,255.74366381041398,0.13820440635173278,-0.1978549378863453,9.941240986492265e-08,0.012312821753201841,0.007936300235916172,3.217215613705194e-07,0.015658875188883946,0.0030665044953837196
1978-01-05 18:00:00,,,6.170399592472957,,,,,,524.9544006347656,0.0,0.0,0.0,0.0,8.762029442039302e-08,,5.972778579892491,0.037630972777598005,,,,,,5.876920985046929e-07,3.7949466141017936e-06,124.62795857988165,4.3595264825595203e-07,4.3256558235404054e-08,,262.28891876040126,5.125525523219588e-07,,262.631368512938,8.287944296407981e-07,,,,5.86978451916452e-07,,0.0,,,,,,,3.7949466141017936e-06,,,,,,,,,
1978-01-06 00:00:00,0.9797098961102186,-0.8379575966377936,,0.30685238019954525,-0.5026780698426376,255.48388626730653,263.04358506061624,0.7932427613692876,,,,,,,0.002228765092657868,,,271.45945739746094,271.45994567871094,271.46006774902344,271.4599609375,0.06598803277551775,,,,,,0.03518767046505177,,,102141.39534023669,,,0.7337278106508875,130.44463479307277,0.1139339441378441,,255.8900764059033,,74298.54021819527,0.07720252042691383,0.0006235054964144554,0.010739433694873336,3.8021767633201105e-05,0.0006057863404764931,,252.85976784610185,0.15842900297345494,-0.2647849257881119,3.771852121892325e-09,0.0005085059171597633,-0.0009631820287577499,-1.1138776427454497e-07,-0.0010788652538900544,-0.008229222876080395
1978-01-06 18:00:00,,,5.022209054619603,,,,,,814.850953726933,1.674022018556764e-06,6.718507323127526e-09,1.3916315125114114e-07,2.2579406073989248e-08,1.973133538950396e-07,,4.9437266016852925,0.2623493262296598,,,,,,2.0632112519980887e-05,2.8396675572592833e-05,1051.2836538461538,1.4834921564576189e-06,4.180503138423672e-06,,265.3199418649166,5.803407120281422e-06,,265.5863446117153,6.328144017055895e-06,,,,2.0767986421754374e-05,,0.0,,,,,,,3.0095672466345794e-05,,,,,,,,,
1978-01-07 00:00:00,0.921257718780337,0.23129756634051984,,0.3616635192780805,-0.20028402114055566,261.44247960197856,266.1989672959909,0.7893945454845767,,,,,,,0.0,,,271.4601593017578,271.4596862792969,271.460205078125,271.4599609375,0.29914196849574703,,,,,,0.09907730373405141,,,101892.68435650888,,,2.9822485207100593,131.65319156082424,0.11394477031640048,,261.1927766517775,,74136.08207747781,0.34179497893745375,0.006337126331216485,0.010686118221847264,0.00012189749429917195,0.005856767913998937,,258.2430854210487,0.1458470578024373,-0.12188288798699012,-2.149189796543972e-09,0.01956617174747251,0.01633763414691891,1.7635285242642525e-07,0.017519135116296408,0.015242244717637462
1978-01-07 18:00:00,,,5.013138872631909,,,,,,684.645230102539,5.420098996021339e-06,1.584109436918998e-08,4.570468290317694e-06,2.5015517231628034e-08,1.6577251758543532e-07,,4.9375283732216735,0.1932421802769046,,,,,,1.6816709873944345e-05,2.027342658071123e-05,796.1937869822485,5.090587149710345e-07,3.4272229883092394e-06,,262.95408856092826,4.2886908590440916e-06,,263.3095884605272,5.8797425066931e-06,,,,2.1389250219220945e-05,,0.0,,,,,,,2.570124067498382e-05,,,,,,,,,
1978-01-08 00:00:00,0.8077863038644283,-0.44287314781775844,,0.26097309518847944,-0.4567476870745597,260.15596847985626,264.27264043142105,0.7889977139834117,,,,,,,0.0,,,271.4602813720703,271.4590606689453,271.45985412597656,271.4599609375,0.20449233196190827,,,,,,0.04819095769577478,,,102150.39312130178,,,2.562130177514793,131.89646541437455,0.11437060282780574,,258.5531069964347,,74162.97942862425,0.22068073340421598,0.002777720344137158,0.0062291523408607614,2.2507630861722508e-05,0.00467900834845368,,255.35373448479106,0.1002214127743738,-0.23410709087665266,1.324328151152651e-08,0.007705022582902088,-0.0014506298277152361,1.2646222457127127e-08,0.008772519112636264,-0.0029102870698511246
1978-01-08 18:00:00,,,5.594874269158177,,,,,,2414.0808859298477,1.5837498582326448e-06,1.36688120178217e-07,6.018327714423456e-07,4.115040529761794e-08,1.2526199293595645e-07,,5.516998307944755,0.17630871654262203,,,,,,1.7590820789337158e-05,2.1659102312911897e-05,759.1079881656805,7.721435653387442e-07,3.6812481090161927e-06,,263.6280337903627,4.381536555713451e-06,,263.92862787190273,5.639516390286959e-06,,,,1.819317157451923e-05,,0.0,,,,,,,2.3251278160591804e-05,,,,,,,,,
1978-01-09 00:00:00,-0.5822700071616991,0.44133454949192746,,-0.25915780152089496,-0.3640426658314361,258.7655351627508,264.4798685107711,0.7857938274829346,,,,,,,0.20742382523576183,,,271.45948791503906,271.4603271484375,271.45997619628906,271.4599609375,0.21628620215421598,,,,,,0.13853364301151072,,,102147.35539940829,,,2.9526627218934913,153.00679332123707,0.11555966118470484,,258.9008864002115,,74183.21988258135,0.48078981659116127,0.008285159396852185,0.014479462211654031,2.7564767549729205e-05,0.007034843489968565,,255.8841096776477,-0.12420660363146539,-0.22666972910864114,-3.024523070074491e-07,0.09098874605618991,0.037138131948617786,-8.868413952182009e-08,0.021356909034343865,0.017487404261820414
1978-01-09 18:00:00,,,4.62728671914727,,,,,,830.9901849287975,3.898461189495741e-06,9.854109241412236e-08,3.052401472125533e-06,2.361205819795823e-07,3.659377656753048e-07,,4.52256002369717,0.2511544312245747,,,,,,1.0247325756140714e-05,1.0231851473362488e-05,1047.514423076923,0.0,1.6832332947903132e-06,,262.7498065113316,2.108828423643959e-06,,263.1560060399524,3.035902183436783e-06,,,,1.3302328318533812e-05,,1.9434001847837097e-06,,,,,,,1.4128196521623601e-05,,,,,,,,,
1978-01-10 00:00:00,0.7037566314787554,-1.0911731550679404,,0.3498176202266174,-0.7394296713834684,260.6391002045581,264.7988946677665,0.7674988356567699,,,,,,,0.001193706805889423,,,271.4593963623047,271.45909118652344,271.4598846435547,271.4599609375,0.21778093146149224,,,,,,0.22873078295465052,,,102389.63979289941,,,2.42603550295858,152.3189746021519,0.1157683271686927,,258.8445124880097,,74169.15271357249,0.3344576683270155,0.005673086854833117,0.0007081455027563332,0.0,0.0031209358802208533,,256.36730758396124,0.10882062460543841,-0.33447035953138,3.374382056510792e-07,0.01860478078075423,-0.0009871240286432074,2.473324065055733e-07,0.00043737619823208576,-0.0001924918115844388
1978-01-10 18:00:00,,,6.2323708054582045,,,,,,3110.554248046875,1.4278662980660885e-06,8.647963845518214e-07,0.0,0.0,9.191281342336125e-08,,6.152893201839289,0.032182862772744084,,,,,,6.184512308451551e-08,5.7161645137170364e-08,68.59763313609467,0.0,2.4275522205163035e-08,,261.8463477862657,2.962597728480954e-08,,262.22429769843285,1.4457322613022032e-06,,,,6.184512308451551e-08,,8.921529519090638e-09,,,,,,,1.4805714406910732e-06,,,,,,,,,
1978-01-11 00:00:00,1.192096806136814,-1.2642502530792055,,0.358883186204899,-0.6893747544147559,255.167215471437,262.2449961103631,0.7709637171418003,,,,,,,0.0030271428576587925,,,271.4600067138672,271.4595489501953,271.4598846435547,271.4599609375,0.017801408936991493,,,,,,0.010335414367314626,,,102629.26220414201,,,0.3905325443786982,137.11415217472955,0.11520726864154522,,255.4543408275356,,74422.24704142012,0.028367984929733726,0.000185147897731623,0.0001506530321561373,0.0,0.00014318234821748452,,252.26809511805428,0.2030917321436504,-0.30272491161639875,-5.894333953996648e-08,0.001360701386039779,-0.002614410318566497,-1.107740490893646e-07,-0.0005781920916075714,-0.0013412094107393682
1978-01-11 18:00:00,,,5.585082556369037,,,,,,3160.6901988636364,0.0,0.0,0.0,0.0,-2.3950041497688322e-08,,5.389838816851554,0.010197385528383876,,,,,,8.238020033393738e-09,5.6430432923446744e-09,15.111593934911243,0.0,3.561602778644604e-09,,262.9524904510679,5.920864324796305e-10,,263.4193326509916,2.594955214547247e-09,,,,8.238020033393738e-09,,9.90408516803084e-09,,,,,,,5.6430432923446744e-09,,,,,,,,,
1978-01-12 00:00:00,0.9498875409188355,0.10492060170371152,,0.29231487928762945,-0.24369463271643282,255.6334994163739,264.8198464297684,0.7719776842015735,,,,,,,0.004230296118019601,,,271.4594268798828,271.45960998535156,271.4598693847656,271.4599609375,0.01776154647917437,,,,,,0.14614516038161057,,,102148.96301775148,,,0.6804733727810651,155.8350596230411,0.11569208630814269,,256.8013881705922,,74469.04733727811,0.1662023420164571,0.0013982699467585636,0.0007716579550116725,0.0,0.0004105088273449057,,253.5143054307565,0.1006306512115975,-0.14976761009566178,-2.0924872686375572e-07,0.029194126234902345,-0.021034692166119636,-2.562637531185473e-07,0.0048566997387396865,0.0011172214820540163
1978-01-12 18:00:00,,,4.89270962131094,,,,,,822.8832895914713,0.0,0.0,0.0,0.0,3.295614679248464e-07,,4.747762630324392,0.06917305669840976,,,,,,1.7415621929620145e-06,5.459975032411384e-06,268.01904585798815,6.382755891105833e-07,3.8652917777998207e-07,,265.77421344102487,7.78249514526164e-07,,266.0845688137077,1.4994954745445025e-06,,,,1.7383438948343492e-06,,4.366966041587514e-06,,,,,,,5.447630875209379e-06,,,,,,,,,
1978-01-13 00:00:00,0.07778944207366402,0.1616001580593854,,-0.08454465583936703,-0.28641419721072947,261.3537736700837,269.5692126934345,0.752033170158341,,,,,,,0.0,,,271.4595947265625,271.4601593017578,271.45985412597656,271.4599609375,0.14339433478180474,,,,,,0.07652047964242789,,,101554.23668639053,,,2.3905325443786984,156.49920130622456,0.11528133514346434,,259.5366344564765,,74138.23354289941,0.16084704878767567,0.001198091450527575,0.04352109107745469,0.00018903912877190043,0.0013418761936165172,,255.95571104873568,-0.040464831527168225,-0.14302434864834215,-3.714933932072861e-08,0.005455490872649663,-0.0019831428161034216,-9.623273673946777e-07,0.13875701700436424,-0.044321238641908185
1978-01-13 18:00:00,,,7.040538669337888,,,,,,722.0343646709736,2.297688518050154e-06,0.0,2.2976003454987115e-06,1.9902749174445337e-06,3.4883230078593277e-07,,6.792000488416683,0.14173997506587463,,,,,,1.1038057197480512e-05,1.380120861459766e-05,534.5924556213017,6.570783857057786e-07,2.3300258012918325e-06,,266.73628406411797,2.6737003636783396e-06,,267.1243781817735,5.155625427968404e-06,,,,1.3330102672238322e-05,,1.1123353119432574e-06,,,,,,,1.6098632614993485e-05,,,,,,,,,
1978-01-14 00:00:00,0.647017902171118,0.551201566436587,,0.09277918776111489,-0.0868533207820012,263.67785084741354,268.1267731796355,0.7380887389888425,,,,,,,0.0,,,271.4605407714844,271.4603271484375,271.45970153808594,271.4599609375,0.19965728218033468,,,,,,0.06979956993689904,,,101145.95164571005,,,2.5384615384615383,152.04536519248106,0.11504215037328958,,261.2553452711839,,73834.41078032544,0.21436503935142381,0.0015539304744562454,0.026167491483970507,0.00011736542515500763,0.0061115513186482985,,257.70030862480934,0.014169574136564717,-0.07548410229428985,-8.54094581042703e-08,0.008921939007574197,-0.001496094571062799,-2.8182608116770813e-07,0.15767567538650784,-0.04717137369178456
1978-01-14 18:00:00,,,6.99130179614005,,,,,,545.4135607038226,3.860326560996693e-06,0.0,3.84617486649011e-06,1.604161803891673e-07,1.3105282104490105e-07,,6.893722799402722,0.18672198233519785,,,,,,1.3870864930237539e-05,2.0483189080593854e-05,707.144600591716,1.2261605650715573e-06,4.110714563956628e-06,,266.13800193290035,3.984561685979719e-06,,266.6868250920222,8.383446191189557e-06,,,,1.7717216141830535e-05,,2.814667607993769e-07,,,,,,,2.434144358663164e-05,,,,,,,,,
1978-01-15 00:00:00,0.17364117097572462,0.5125062479775333,,-0.24623028343245829,-0.27193430048474193,261.1873371191984,267.937967424562,0.7505854749115262,,,,,,,0.0003174494004108497,,,271.4600067138672,271.45965576171875,271.4599151611328,271.4599609375,0.24252445740107248,,,,,,0.0486683140139608,,,101431.48946005917,,,2.5384615384615383,139.6760280992858,0.11525211108506785,,261.3977841710198,,74004.45189996302,0.24901160968125924,0.0018386897250745424,0.023469010753744454,0.0005716995374690851,0.011015581661427515,,257.72343679574817,-0.11514362428315292,-0.15325429453652287,1.6404480054959402e-07,0.022661220159701255,-0.003915207978536391,4.245370582363309e-08,0.16550958996567017,-0.014902935578272892
1978-01-15 18:00:00,,,7.190602477485611,,,,,,461.70390951753865,4.1474163884947286e-07,0.0,4.0237543850960816e-07,9.570854919901966e-08,1.2362047339501632e-07,,7.093956253232335,0.19261756310096154,,,,,,1.8230556736331014e-05,3.0463969213722727e-05,586.7788461538462,2.557048078119402e-06,4.2868171923259305e-06,,267.6929975882084,5.64502717475214e-06,,268.16193376349275,1.042261278840917e-05,,,,1.8632976261116345e-05,,1.5106052160263062e-06,,,,,,,3.08794382761216e-05,,,,,,,,,
1978-01-16 00:00:00,-0.10531423218856902,0.5527436352340427,,-0.2558314362926596,-0.1846887769078362,263.2078154975846,268.6357889570428,0.7654928145323985,,,,,,,0.0,,,271.4607791324868,271.4607130162991,271.45994567871094,271.4599609375,0.20246553138868342,,,,,,0.056504469651442304,,,101691.04160502959,,,2.2366863905325443,138.4106804661497,0.11565932155360836,,262.602598111305,,74234.32165310651,0.2089437450882951,0.0016496816330407499,0.04608881120851054,0.000713382246931629,0.01189345862033099,,258.1018256012505,-0.1908046000102568,-0.09099181022869765,4.335848998864589e-07,0.020843505626544356,-0.004196778204314102,6.250397180973073e-07,0.24354760886649407,-0.0186839502238663
1978-01-16 18:00:00,,,8.015327086815468,,,,,,392.2104843803074,4.948023155596129e-07,2.9229889651374704e-08,8.353247092320369e-08,1.3563762688954201e-08,2.90690382481718e-07,,7.935265072704067,0.26441693729197485,,,,,,2.6824999843123398e-05,4.152274696079232e-05,775.6900887573964,3.3425552957862085e-06,6.624139272249662e-06,,268.71363460382764,8.213581770834838e-06,,269.1769246660041,1.3703381168771777e-05,,,,2.6909557319957124e-05,,2.4561676576998108e-06,,,,,,,4.201192827619745e-05,,,,,,,,,
1978-01-17 00:00:00,0.7588997564372226,0.4505113511395878,,0.11613033226961215,-0.23473540424595218,263.7853045040334,269.3078405617257,0.7587488529950204,,,,,,,0.0,,,271.46083068847656,271.4598693847656,271.4597473144531,271.4599609375,0.22349638628536428,,,,,,0.03278779701368343,,,101342.6588387574,,,2.526627218934911,137.27363812147513,0.11600556176089676,,263.4631269105087,,74006.16172799557,0.2247081508297892,0.001115728412154158,0.032291164059610765,0.0008085183137972679,0.0106658935546875,,259.37124841453056,-0.00142859848293327,-0.10867897046388254,9.474967270207828e-08,0.008649205300490615,0.0010079099581791805,2.047506136235577e-08,0.18673841487726517,-0.007012573924995738
1978-01-17 18:00:00,,,8.481400049649752,,,,,,206.35232204861111,1.1301737212570462e-06,4.80306197023956e-08,5.131532278286635e-07,0.0,1.7595475744669596e-07,,8.358331070849175,0.25131523538623335,,,,,,2.9026580280100805e-05,3.553574254526894e-05,847.862426035503,1.0525102357892594e-06,6.728711918260924e-06,,268.95093811757465,7.4035405407290485e-06,,269.3905481643225,9.926862617921547e-06,,,,2.953762838826377e-05,,1.1093429559786644e-06,,,,,,,3.666567379200952e-05,,,,,,,,,
1978-01-18 00:00:00,1.4402963593161318,0.5101552545671633,,0.46214851401966706,-0.20394145243266631,263.5440673828125,268.806550426596,0.7559055509651906,,,,,,,0.0,,,271.46080017089844,271.4603271484375,271.4603576660156,271.4599609375,0.2841764371070636,,,,,,0.035668999485715606,,,101167.71172337278,,,2.6745562130177514,134.8839145637828,0.11655158545138568,,263.64286975747734,,73822.76756656804,0.2866424018814719,0.0027795261179907084,0.026345157058986688,0.000478949067155285,0.01163261458718565,,259.93061756382326,0.26841018009467943,-0.08026393348648703,2.451715180643465e-08,0.019574791489213088,0.00811065041278241,4.748998591455923e-07,0.1458283373149189,0.02835171250901984
1978-01-18 18:00:00,,,8.323090818506726,,,,,,253.5185135022729,4.021963380144898e-07,1.9843301587027205e-08,0.0,0.0,1.0400957730323208e-07,,8.095145552821414,0.22664448213295119,,,,,,1.8464037652551776e-05,2.3596121009284928e-05,834.1294378698225,7.290464754288013e-07,4.050514754458997e-06,,267.7134596243412,4.980073878045618e-06,,268.10714333438307,6.8624696787997815e-06,,,,1.846236237407436e-05,,9.989399000032414e-07,,,,,,,2.3985314651353826e-05,,,,,,,,,
1978-01-19 00:00:00,1.7646602653187407,0.5513919965755305,,0.5640695729904627,-0.07931773055939985,259.69648065510586,267.4359106481428,0.756457296701578,,,,,,,0.0,,,271.45936584472656,271.46067810058594,271.45989990234375,271.4599609375,0.24041883479914017,,,,,,0.025407599274223373,,,101184.87481508875,,,2.668639053254438,133.33868065106094,0.11710405349731445,,262.6835653993505,,73802.4214358358,0.2426513130142844,0.00236960134562656,0.021414361081499883,0.0003718003718810674,0.006107804337902182,,259.20710862740964,0.32729100158228674,-0.024515343841011002,4.472380459925832e-08,0.01277947849070532,0.007734255553856933,1.253429966241317e-06,0.09639956302714903,0.02131530060570621
1978-01-19 18:00:00,,,5.528320042691993,,,,,,458.60990229739417,1.1872296282172909e-07,2.570643183395002e-08,1.5578298835006692e-08,2.540902168484482e-09,1.3495462865826327e-07,,5.368801646684048,0.1330124894542807,,,,,,2.039968967437744e-05,2.5826974733341374e-05,490.24112426035504,8.040262088620451e-07,4.9790158074283034e-06,,266.92071451943303,5.56346756466747e-06,,267.3764664689465,7.737494079318978e-06,,,,2.0415031698328502e-05,,3.163162729091193e-07,,,,,,,2.5945831332686386e-05,,,,,,,,,
1978-01-20 00:00:00,-0.10485555998672395,-0.220919411563309,,-0.1344755725747735,-0.5075096830108462,260.4565613876433,266.71826235077083,0.757352477347357,,,,,,,0.0,,,271.45953369140625,271.4598083496094,271.4599914550781,271.4599609375,0.1580408762192585,,,,,,0.030470898870885724,,,101706.64552514793,,,2.1775147928994083,154.58473602836654,0.1180860756416998,,261.7313501482179,,74205.02054826183,0.16298851600060096,0.0012447142742089267,0.018285040319318602,0.000573285232634234,0.010305370804826183,,258.39091627132257,-0.056183914813769636,-0.21114150730110484,1.0328013026265747e-07,0.008818586902505548,0.0002889035809674912,7.293287309206273e-07,0.07079419692063472,0.0015941861818528035
1978-01-20 18:00:00,,,6.329108226934128,,,,,,3191.6522973183473,1.3786439712230976e-06,4.677484969239263e-08,1.1987829878485414e-06,5.615268938640166e-07,4.190742348171991e-07,,6.117960314778887,0.10847057816544933,,,,,,2.0262228666677983e-05,2.1065039747565457e-05,413.51331360946745,9.14638674647145e-08,4.044849668028792e-06,,266.9671972150633,4.252407854125345e-06,,267.2512279262204,4.7679968486876175e-06,,,,2.1461287193749783e-05,,9.362977108306434e-06,,,,,,,2.2422897039785893e-05,,,,,,,,,
1978-01-21 00:00:00,-0.5394457811434593,0.5018836704231578,,-0.26255414048595543,-0.33898400978223814,259.3587259145883,267.60263070552304,0.738662934867588,,,,,,,0.43080951758390346,,,271.4599914550781,271.4598388671875,271.4603271484375,271.4599609375,0.14247844628328402,,,,,,0.4789821466750647,,,101829.21301775148,,,2.100591715976331,157.35966022198016,0.11939783209174343,,262.6152400631876,,74275.54021819527,0.7647453553357421,0.040733320755641574,0.01140991752669656,8.058547973632812e-05,0.04700710673838201,,258.15965252938355,-0.15961148188664362,-0.24449560628134823,-4.791619687357686e-06,1.1521292527443205,0.620442356782023,1.18651408729689e-07,0.03941331083952455,0.03862631360631017
1978-01-21 18:00:00,,,7.017468232374925,,,,,,632.2139815832736,0.00013925831698807033,2.4126478906213886e-05,5.661365548534506e-05,1.1349262217798177e-05,7.255074916219411e-07,,6.1680023546754965,0.523523454835429,,,,,,0.0001613882166394115,0.00020599294696333845,2079.4208579881656,5.893949309044336e-06,3.287553258196137e-05,,269.58041661730886,5.780129566700501e-05,,270.25922416371003,0.00012357850399243055,,,,0.0002180068097876374,,2.490550544134964e-05,,,,,,,0.0003452549671985694,,,,,,,,,
1978-01-22 00:00:00,0.6460560623710677,0.8514433302117522,,0.3545246970724072,0.16310104392689362,268.48359183587974,271.45104158841644,0.788542672727235,,,,,,,0.00355512856026373,,,271.4604187011719,271.4600067138672,271.4600067138672,271.4599609375,0.7505561280844061,,,,,,0.6842801355751309,,,101531.57063609468,,,3.094674556213018,136.13255084336862,0.1270323382086429,,266.67581564999193,,74008.56446468196,0.8689341672073455,0.05459411891959828,0.15764234192977997,0.0043507440555730515,0.07442289273414386,,264.6333707549868,0.14840265420766977,0.08764794592321272,2.229256027091581e-06,0.6400153707470414,0.37292821308564855,-3.582638648432299e-06,0.9186212663674285,0.34690976837242143
1978-01-22 18:00:00,,,5.234149408058302,,,,,,357.32409448242186,6.78953444640312e-07,1.3529621657072263e-09,6.271520706676168e-07,1.1765249293936781e-07,1.4722234525231468e-07,,5.158425393189199,0.2984511697080714,,,,,,2.031680747602113e-05,2.5938601183468067e-05,1114.2932692307693,1.2570237134687998e-06,4.561099956726887e-06,,264.2834338126098,4.591960349731897e-06,,264.5549496080748,7.513028806483252e-06,,,,2.0944067006985817e-05,,4.504504200269485e-06,,,,,,,2.6619910488467244e-05,,,,,,,,,
1978-01-23 00:00:00,0.4642317168105989,-0.0356878021059657,,0.1805291711931398,-0.3442569597232977,259.4225592077131,265.01652057354266,0.7801159225272004,,,,,,,0.0,,,271.4596252441406,271.46026611328125,271.4598693847656,271.4599609375,0.4571475418361686,,,,,,0.05067579280695266,,,101981.85687869822,,,2.591715976331361,136.68171411999583,0.126976162724241,,258.4443307007558,,74192.1718518861,0.46183388614090237,0.003988350636860323,0.036310184636764976,0.0006050160650670881,0.008287644245215421,,255.71265027650009,0.11537406042482726,-0.2566482780953131,7.905816599401541e-08,0.014033609429979145,0.012137497655999814,5.586200411646412e-07,0.03971372906272933,0.0212211012840271
1978-01-23 18:00:00,,,5.568830941555768,,,,,,405.3908207160382,2.924705574498374e-06,7.080531420086967e-08,2.8046586457088856e-07,6.199770292939519e-08,1.838665433450514e-07,,5.435901523341794,0.2525309726331361,,,,,,2.628088702816935e-05,3.2279001185174524e-05,920.4770710059172,1.1099270991319736e-06,6.002390525750155e-06,,263.67504955043455,6.871198761392627e-06,,264.085282636112,8.37096977516039e-06,,,,2.6560482188794738e-05,,1.038931662867055e-06,,,,,,,3.5209768622584594e-05,,,,,,,,,
1978-01-24 00:00:00,0.8598152476654956,-0.14929657433865337,,0.282694421576325,-0.41718190661548865,260.78298435549766,265.5856797257824,0.7866698496440458,,,,,,,0.0,,,271.4606170654297,271.4595642089844,271.46018981933594,271.4599609375,0.31367158607618345,,,,,,0.040227585290310654,,,102190.02218934911,,,2.301775147928994,135.29665957117928,0.1274777107690213,,258.2765639265613,,74350.41512573964,0.3166693512504623,0.004164221724109537,0.028127907295904215,0.0002667276111580211,0.008524516630454882,,255.59040065065645,0.13109379795176038,-0.2474660083387025,3.3848315586553634e-07,0.020514900943012247,0.01257230304098914,5.454131017698075e-07,0.08575562012971506,0.011016430939443012
1978-01-24 18:00:00,,,5.81138402047242,,,,,,334.5200483869798,9.09979306381835e-07,6.291249315061513e-08,3.5959797409864575e-07,3.67162903473222e-08,1.8983502429186713e-07,,5.684829367688422,0.20273170245469674,,,,,,2.229848556969998e-05,2.7695615616070448e-05,700.8505917159763,1.2109507999476597e-06,4.646957978694396e-06,,264.2214656130097,5.326592005216158e-06,,264.5470118776581,7.167502620516444e-06,,,,2.2659111305101384e-05,,2.9531302007697742e-06,,,,,,,2.8600971374285997e-05,,,,,,,,,
1978-01-25 00:00:00,0.8237966842199924,-0.03893708900587093,,0.3664510377060027,-0.3525268960986617,260.05527871035963,265.52065281614045,0.7936321546340129,,,,,,,0.0,,,271.45989990234375,271.4595489501953,271.4596405029297,271.4599609375,0.2318043003420858,,,,,,0.03536364312708025,,,102072.02144970415,,,2.0828402366863905,132.92857062887157,0.1277179097282816,,257.6786360881738,,74317.69092085799,0.23671329656296228,0.00288554761536728,0.02431352604070359,0.000420484317124948,0.006652538592998798,,255.15647590230907,0.15098791009575657,-0.17125244817790194,1.0531035384690918e-07,0.012818043048565205,0.01004847558766339,2.769607580962629e-07,0.04789715828980214,0.0128318593346861
1978-01-25 18:00:00,,,5.7013174147295524,,,,,,452.496318359375,2.030062781283136e-06,1.0279817341347418e-07,1.5965403889763286e-06,5.585180055460281e-07,-2.3129096061140078e-08,,5.5733337176622015,0.2308426354763776,,,,,,3.0307551107463047e-05,3.9361108689618535e-05,833.4881656804733,2.5693150843388934e-06,6.36984963388838e-06,,265.28160664033607,7.3803070734238485e-06,,265.61199319151024,1.0021515851895485e-05,,,,3.190356246113072e-05,,1.115377264968037e-06,,,,,,,4.141473558527478e-05,,,,,,,,,
1978-01-26 00:00:00,1.3245092651547765,0.5028018217820388,,0.40485536699464336,-0.1134448192528719,259.63029109796827,266.5106487387031,0.788562129940507,,,,,,,0.0,,,271.45985412597656,271.46006774902344,271.4601745605469,271.4599609375,0.2346447826137204,,,,,,0.04820314666928624,,,101747.04289940829,,,2.3905325443786984,134.83877310668223,0.12814283935276008,,258.6527803861178,,74063.35768768491,0.2393746460683247,0.004871199116904355,0.034347443890994825,0.00036874466393826277,0.00793533776638776,,256.1507743519439,0.24030813416080363,-0.03226233727833223,3.05949669323046e-07,0.024936314856068,0.024954840967196766,7.977359928190708e-07,0.12554868438540126,0.04910709695703179
1978-01-26 18:00:00,,,6.98145945396649,,,,,,464.7326527721477,6.766361597727037e-07,2.5748107141467947e-08,6.523776865569798e-07,9.968733558287987e-08,6.660775397904217e-08,,6.591162879086105,0.07844082984698594,,,,,,4.791053970889932e-06,6.532924767781997e-06,242.45710059171597,2.3387218191778872e-07,7.852812755037342e-07,,262.98754124387483,1.2800560371410212e-06,,263.4405622313009,1.9265922921649096e-06,,,,5.442979773120767e-06,,2.777325154761591e-07,,,,,,,7.209318453038232e-06,,,,,,,,,
1978-01-27 00:00:00,1.6364269764465693,-0.8944425470024876,,0.4885973112117609,-0.4737478290083846,259.8420274723211,265.21203324357435,0.7918890323159258,,,,,,,0.0,,,271.4597473144531,271.4600372314453,271.46002197265625,271.4599609375,0.09264513726770525,,,,,,0.0368156207383737,,,101890.47633136094,,,0.9349112426035503,135.64364551792482,0.12880006767588958,,256.7287807126017,,74101.0707516642,0.10484783466045673,0.0010724490916235207,0.010465068929999538,0.00011551062736285509,0.0032371204985669377,,254.61609888923238,0.3222913703269507,-0.2071668191774357,-3.334995984828607e-08,0.007770272874212741,-0.0056005021524147165,2.5833854732481135e-07,0.01971138788651697,-0.013062053530879275
1978-01-27 18:00:00,,,5.677608493869827,,,,,,546.8080117744312,7.651173151456393e-08,6.313809088965845e-09,0.0,0.0,2.0243218785135307e-07,,5.631805267559706,0.1919896955320821,,,,,,1.066094319495929e-05,1.8404697525430714e-05,625.6468195266273,1.6891766758360101e-06,2.6980800741522974e-06,,265.6197301198745,3.1082808266024616e-06,,265.97789543197,5.308847279238278e-06,,,,1.066094319495929e-05,,2.824359700171905e-07,,,,,,,1.8479908711811494e-05,,,,,,,,,
1978-01-28 00:00:00,0.35873955382397893,-0.23688925793890417,,0.021904702722673586,-0.5163434496998082,260.5367879472541,266.3012734136638,0.7965285252537248,,,,,,,0.0,,,271.46044206901416,271.4597473144531,271.46002197265625,271.4599609375,0.1951523278591901,,,,,,0.062208186945266274,,,101782.20173816568,,,2.5680473372781063,134.2309236244337,0.1288607924647585,,259.0127259203668,,74265.16898576183,0.20233903693024224,0.0006444496515939927,0.034747377655209875,0.0004894550030048077,0.00461797319220368,,255.91146651950814,-0.007806800173584526,-0.26741040246726494,6.459366450790238e-08,0.0036798059442128776,-0.0006813641703693119,6.007674679204205e-07,0.10860492772560155,-0.03024044262586966
1978-01-28 18:00:00,,,6.123814441748625,,,,,,411.88877321199607,4.621206082888609e-08,2.7059243314144525e-09,1.1638733737457256e-09,0.0,3.0285799546069437e-07,,6.061994999118105,0.22935837965745193,,,,,,2.5521280497488892e-05,3.53454661792552e-05,787.6209319526628,2.262397454335139e-06,5.6731983049381414e-06,,267.365384795962,6.674309454020664e-06,,267.7545087464462,1.0897377891653388e-05,,,,2.5522250395554762e-05,,1.2433294140728267e-07,,,,,,,3.5391844941314154e-05,,,,,,,,,
1978-01-29 00:00:00,0.47944782753667886,0.6803613075843225,,0.10965744560286844,-0.12653459176509338,263.7798289462659,269.0975987361028,0.7917136599326274,,,,,,,0.0,,,271.4602966308594,271.4601135253906,271.4601745605469,271.4599609375,0.2613481149165588,,,,,,0.04802004120053624,,,101474.73187869822,,,2.757396449704142,134.81055102827986,0.12910609273515508,,260.87610061916376,,74066.83475869083,0.26611075316660504,0.0029439756856162167,0.04039660008245674,0.0008087891798753005,0.0077117378189718935,,257.68433799969375,0.02238226818615163,-0.09388823198848928,4.548387847029323e-08,0.015545167633712557,0.011319599192887103,8.819237304575874e-07,0.18508791243216607,0.011760343814037255
1978-01-29 18:00:00,,,5.776385124971175,,,,,,355.2908259800502,5.623259576114677e-07,3.292211524304554e-08,1.5942423918543481e-07,4.5142968642641104e-08,2.720134190528946e-07,,5.566461655162495,0.28803591756425667,,,,,,2.7593247283845258e-05,4.4116959769344894e-05,984.7407544378698,3.1118959012116202e-06,6.017864808528381e-06,,267.01503758176545,7.984024533153285e-06,,267.4810653776812,1.290687442531247e-05,,,,2.775248691175111e-05,,2.3924519677133956e-07,,,,,,,4.468214582409379e-05,,,,,,,,,
1978-01-30 00:00:00,0.6550121758816511,0.04549934454923551,,0.09808130094990927,-0.44552182304788623,262.62250586515347,267.1208579159347,0.7879161901727936,,,,,,,0.0,,,271.45941162109375,271.45982360839844,271.4599609375,271.4599609375,0.3264006665472448,,,,,,0.06340622760840421,,,101530.55935650888,,,2.6568047337278107,136.686128875913,0.12963858722935062,,261.43446973089635,,73995.67018768491,0.333459978272929,0.004013332389515532,0.04487571311360975,0.0010307075003900472,0.011780191455367049,,258.511515148998,0.025716650062764183,-0.18083769894210544,1.0727681593277861e-07,0.016693131930674232,0.00774643958143934,1.3765241274301558e-06,0.21641780078604325,-0.01323813799570298
1978-01-30 18:00:00,,,6.708574052393084,,,,,,524.3133066214767,1.802875180921611e-06,1.1364890802541428e-07,6.162407174265597e-07,1.4142326172992323e-07,9.46425137760327e-08,,6.587265911892321,0.23245591383713943,,,,,,5.051546548245221e-05,7.39899965432974e-05,850.2170857988166,4.5450305092264205e-06,1.1268275729297887e-05,,267.35177792882075,1.4363661320251827e-05,,267.7437475983208,2.007477382231041e-05,,,,5.1131262581729325e-05,,9.814596916796894e-07,,,,,,,7.57846606553659e-05,,,,,,,,,
1978-01-31 00:00:00,0.09025480055950097,0.13818294480002138,,-0.17668339204506056,-0.44622518889297397,263.13640635112336,267.6651168913531,0.7843517784536238,,,,,,,0.0,,,271.4601135253906,271.4599609375,271.4599609375,271.4599609375,0.2401922101805196,,,,,,0.042976153672799555,,,101729.24759615384,,,2.7928994082840237,134.8882368640787,0.13043269321057924,,261.313572629669,,74100.4040772929,0.24557030823263587,0.0039786502454407825,0.03319802368886372,0.0011166623358190412,0.017542731832470414,,258.14323479466185,-0.04915938857039051,-0.16836197418574045,3.9789268442845665e-07,0.02423731650820983,0.010326243694541017,6.462496942316992e-07,0.14749955903248277,0.05090597388747881
1978-01-31 18:00:00,,,6.165977833539071,,,,,,327.48095500900087,3.3309385621336085e-06,3.0253104556947066e-07,7.980938493852785e-07,1.8361244989922765e-07,7.284835681695348e-08,,5.9192589189879286,0.18926983895386465,,,,,,2.8835245843469745e-05,3.342392176566039e-05,737.112426035503,3.5075592042426384e-07,6.086022190793732e-06,,266.11088751617973,6.8001316849296615e-06,,266.6413182365824,8.070786323773085e-06,,,,2.9633383779130744e-05,,1.163480902564596e-06,,,,,,,3.675208289242355e-05,,,,,,,,,
1978-02-01 00:00:00,1.2732465281289005,-0.3289528513801168,,0.3689474241268,-0.44790122353818995,261.63801376071905,267.6242380537225,0.7843278110380003,,,,,,,0.0,,,271.4608612060547,271.4602813720703,271.46018981933594,271.4599609375,0.2116607124283469,,,,,,0.03952649359166975,,,101969.75295857988,,,2.5680473372781063,134.1545090534278,0.13133559706648426,,260.8830162815794,,74210.83277089497,0.21319038345968935,0.005051505636181352,0.008883820482965052,0.00010452538552368887,0.007837622828737519,,258.20141809226493,0.20620974633820663,-0.21968047576543143,3.191703426260391e-07,0.027706936251743388,0.015498731303243684,1.862262623293667e-07,0.01548098481105938,0.021435487177774045
1978-02-01 18:00:00,,,6.5573211929501865,,,,,,297.0413564046224,8.27504906075946e-07,5.953024918511069e-08,3.407318034821008e-07,1.0536895436648081e-07,1.65079407279928e-07,,6.459514730780787,0.1468128452639608,,,,,,2.3815406144723384e-05,2.395824567806086e-05,589.4378698224853,2.074879235946215e-08,4.847925266570593e-06,,265.6645952935755,4.926090233424711e-06,,266.0642052825386,5.344645335124089e-06,,,,2.4157603816873223e-05,,0.0,,,,,,,2.4782923551706168e-05,,,,,,,,,
1978-02-02 00:00:00,0.6318993765926926,0.525462624589367,,0.19641992467394948,-0.240246168960481,260.49268011510725,266.59467437563563,0.7826011794558644,,,,,,,0.0,,,271.46026611328125,271.4608847955628,271.4599914550781,271.4599609375,0.17267549954927885,,,,,,0.031384530152089495,,,102010.36057692308,,,2.455621301775148,134.66648205638637,0.13184836630285138,,259.7158326820509,,74261.10747965977,0.17425383618597448,0.004181337074415218,0.012260166145640718,6.306665183524409e-05,0.0063747654299764235,,257.4769113755085,0.08408350881034805,-0.13813721357718023,1.6817231353450863e-07,0.018646262573717525,0.026500814750610807,4.4810668339390726e-07,0.029133474805596225,0.045615337039591995
1978-02-02 18:00:00,,,6.173194958613469,,,,,,4481.20021226671,3.1861592326643906e-06,0.0,3.183271581604636e-06,3.9301812648773193e-07,1.966422490560148e-07,,6.058125083968484,0.12066505928716716,,,,,,1.875791676651091e-05,1.9069783080964398e-05,529.5036982248521,2.683407610513755e-08,3.895771926676734e-06,,265.11824062731137,4.218417335544112e-06,,265.50536314834505,4.5778306983631745e-06,,,,2.1940505010841867e-05,,0.0,,,,,,,2.225351756846411e-05,,,,,,,,,
1978-02-03 00:00:00,0.5473856389875242,0.7346073128062592,,0.19704104880609455,-0.2422663784591404,261.0933824347321,265.95888875927443,0.7788661242236753,,,,,,,0.1417091866216716,,,271.45928955078125,271.4595947265625,271.4598846435547,271.4599609375,0.15079358343541974,,,,,,0.0511554966311483,,,102016.62444526626,,,2.455621301775148,135.1366188907059,0.1321654404408833,,259.46189221263637,,74280.58129160503,0.29878293129907557,0.004308052084266798,0.008496865718322392,2.10316223505686e-05,0.005330057539178069,,257.1445326043304,0.06844077625218228,-0.12245899967893341,-2.514975219165917e-07,0.042909360751123914,0.03729090161935685,2.887459043358293e-07,0.023833415778243595,0.027223844896759507
1978-02-03 18:00:00,,,5.339645859757824,,,,,,591.3357707056506,8.172906670697342e-08,0.0,8.209691157002421e-08,1.9988648527296338e-08,1.3473647370722322e-07,,5.263199518418171,0.0926674385747966,,,,,,2.813145253785263e-06,2.8241227364399024e-06,373.53476331360946,0.0,5.944372986900736e-07,,263.55461156720946,6.246363975592619e-07,,264.15681024133806,9.283577725732114e-07,,,,2.8951457266271467e-06,,0.0,,,,,,,2.908900644652237e-06,,,,,,,,,
1978-02-04 00:00:00,1.3013399620733317,-0.2097588996210042,,0.4103253437922551,-0.34458470767771704,259.2590063873833,266.0286427334216,0.7759069225491857,,,,,,,0.0,,,271.4595642089844,271.4601287841797,271.4600372314453,271.4599609375,0.09563667252218935,,,,,,0.01874727328148114,,,102102.45155325443,,,1.1242603550295858,138.37265809188932,0.13271022548336955,,258.19384765625,,74214.88408376479,0.09775737333579881,0.0006760450509878305,0.0043867889946029035,2.8892602088183343e-06,0.0007750832822901257,,256.4999614467282,0.23079650359746268,-0.14372817228531695,-1.641226578704474e-08,0.001496902269262341,-0.0006748581823159957,5.498390581759145e-08,0.005743591023175757,-0.0008605060625005756
1978-02-04 18:00:00,,,5.421901245794353,,,,,,481.3872530007664,9.030625830299756e-09,0.0,8.635743680966676e-09,1.312806629217588e-08,1.548331906552669e-07,,5.271972249950883,0.1328526784682415,,,,,,1.6208936476848536e-05,1.8340507907980292e-05,560.7340976331361,3.195263048600868e-07,3.3607188413834433e-06,,265.8336487719293,3.589835216307781e-06,,266.1709547776442,4.5047576963548826e-06,,,,1.6217753731992823e-05,,1.1930779482309634e-07,,,,,,,1.8351264959256325e-05,,,,,,,,,
1978-02-05 00:00:00,1.1637437978439782,0.30612210832403963,,0.4175890409029447,-0.2037311362091606,262.1932427220091,267.4376870781712,0.7718185373311918,,,,,,,0.0,,,271.4601287841797,271.4606475830078,271.4601745605469,271.4599609375,0.14251862475152552,,,,,,0.034822272125785876,,,101770.28901627219,,,2.63905325443787,138.39671966733312,0.13274739056649293,,260.3565399350499,,74163.18692215237,0.14741669604058802,0.0018569111118655233,0.016433490098580805,0.0001897050078803971,0.00430153389654216,,257.7034367668558,0.1414406200837807,-0.09512995333361203,1.5987246938789617e-07,0.008152053186435049,0.001557808700045185,5.11276633506255e-07,0.07788526659181132,0.00491381714329917
1978-02-05 18:00:00,,,5.9529115779865425,,,,,,223.60067443847657,1.9040752268401828e-06,0.0,1.9009781659707516e-06,1.2009790354579157e-07,2.9709426888118594e-07,,5.8944245287652555,0.17323962330112797,,,,,,1.877987173182019e-05,1.9115191944957486e-05,694.3136094674556,4.493975846548758e-08,3.959212077439889e-06,,266.25759987012873,4.043482993481427e-06,,266.6655247253779,5.352801296132556e-06,,,,2.0679373007554274e-05,,0.0,,,,,,,2.1016456671720425e-05,,,,,,,,,
1978-02-06 00:00:00,-0.0960054961887337,0.7186020732631345,,-0.18545586964082436,-0.31066367471006495,262.51602759728064,268.138822295962,0.7711677420774156,,,,,,,0.0,,,271.4593048095703,271.4596862792969,271.4604034423828,271.4599609375,0.19599499222794933,,,,,,0.03377031856740015,,,101870.64848372781,,,2.497041420118343,135.32804825461122,0.13306033963987812,,260.95453160754323,,74242.40983265532,0.20216270311344306,0.0031751993845200396,0.01195201083753236,4.776166035578801e-05,0.005952598075189534,,258.6215230727337,-0.056543717017540567,-0.12149359347552237,-7.597311153097255e-08,0.019489920118096225,0.01168302588506475,8.869917578333933e-08,0.04058528135629845,0.022252763649062996
1978-02-06 18:00:00,,,5.991801109539686,,,,,,2540.8042951167026,1.0024888451988175e-06,2.446016792714949e-07,9.65010000051126e-07,2.84926844595452e-07,1.9625012734418817e-07,,5.879832391908183,0.232413478151581,,,,,,3.731462377062916e-05,3.734874654803756e-05,937.6176035502958,6.322850219729031e-09,7.929467766948e-06,,267.51677618083164,7.784357790410872e-06,,267.83445017436554,8.717972851363864e-06,,,,3.827905513831144e-05,,0.0,,,,,,,3.834439099893062e-05,,,,,,,,,
1978-02-07 00:00:00,-0.154002161421014,0.9040748325325328,,-0.23738825532811633,-0.13674319566354243,263.8147775322728,268.7371194151026,0.7689532891533079,,,,,,,0.1284299771461261,,,271.46038818359375,271.45941162109375,271.4601287841797,271.4599609375,0.2325483694584412,,,,,,0.2877453685512204,,,101725.90125739644,,,2.5088757396449703,134.76476238183017,0.1336550515078934,,262.34720092412283,,74088.26248150888,0.47268888537259496,0.012001069038834274,0.006665833602995562,0.0,0.015419864090236686,,259.50086532683065,-0.08944188067193568,-0.11315221052903396,-1.5298450006083887e-06,0.13945039572365053,0.0585407505373983,-1.0280747286225917e-07,0.019336677867279956,0.02141709087868414
1978-02-07 18:00:00,,,7.918411994121484,,,,,,935.5824732924953,4.416726220994306e-05,1.410895286227119e-05,1.1479052213522104e-05,1.0566653672760055e-06,2.6129966833526766e-07,,7.692503838849491,0.31805844278730583,,,,,,6.905656594496507e-05,7.244362633609208e-05,1325.9622781065088,8.455913006906679e-07,1.3395394446581778e-05,,269.2340429181883,1.8968516905632245e-05,,269.7946004472541,3.9748627053210015e-05,,,,8.053451600159414e-05,,1.0396008787555455e-08,,,,,,,0.00011658492172963521,,,,,,,,,
1978-02-08 00:00:00,0.9184976950199646,1.4295142529278817,,0.27982549836649695,0.4994375522320087,266.4866816052318,270.38231248121997,0.780226616464423,,,,,,,0.15729780027852255,,,271.46043395996094,271.46022033691406,271.4598693847656,271.4599609375,0.35357449322762574,,,,,,0.2751548907460546,,,101384.60207100592,,,2.911242603550296,130.798416227984,0.1355124874227851,,266.2256638566418,,73857.69586723374,0.5386131355572029,0.03528038751796858,0.023282429170326368,0.0012628228001340606,0.049135061410757214,,262.40917535364275,0.160944097140837,0.1835046237742407,7.69043757687681e-06,0.8976989403579207,0.4070323779118198,-4.399507223854404e-07,0.0983292619152182,0.10527381671250925
1978-02-08 18:00:00,,,7.509849277473766,,,,,,633.3934803624308,8.26375195260584e-07,0.0,8.245566363870745e-07,6.44012315738836e-07,1.6429337244770165e-07,,7.336102536444128,0.14741922412398298,,,,,,1.240543712525678e-05,1.3050507511612932e-05,570.7721893491124,1.479921168124182e-07,2.9529207909600974e-06,,266.4943319467398,2.6168731542734e-06,,266.86862417367786,3.771514758555847e-06,,,,1.3229762308696319e-05,,1.2752127464441858e-08,,,,,,,1.386848427134858e-05,,,,,,,,,
1978-02-09 00:00:00,2.345167961346327,0.40217417654906507,,0.9040336721747585,-0.21543900642169297,261.2234074519231,266.8125687999838,0.7782215874576004,,,,,,,0.04457340579061113,,,271.4600067138672,271.46031188964844,271.46014404296875,271.4599609375,0.16072299212393676,,,,,,0.07272365953795304,,,101516.65717455621,,,2.6923076923076925,133.14040957117928,0.13628417641453489,,260.6500416592028,,73902.63574796598,0.22333495010285687,0.0018590695759248452,0.019518248428254437,0.00013224471955609743,0.0033212695601423817,,257.84154821994036,0.7396060912566778,-0.11757901258017184,1.3573496973075897e-07,0.01872646736631035,0.004755611142926139,4.791589152014859e-07,0.09339261793988872,0.014406946989206167
1978-02-09 18:00:00,,,6.566942587406678,,,,,,253.71304000051398,3.5314209009768693e-06,1.7292566112512668e-07,1.9060480876787174e-06,9.27244594111245e-08,2.296073567594082e-07,,6.334107094262478,0.23136838653383876,,,,,,2.0627968410063072e-05,2.1075796798841487e-05,755.2699704142012,8.55387408925584e-08,4.800025527999246e-06,,266.49364963508924,4.958229128425643e-06,,266.959007579194,5.9566510146891575e-06,,,,2.253408262715537e-05,,9.648436432450833e-09,,,,,,,2.4598995609396308e-05,,,,,,,,,
1978-02-10 00:00:00,1.5318519434279945,0.8421250236104931,,0.46421218623776406,0.026432754020013754,262.6865935015255,268.5041427160861,0.7757349405768355,,,,,,,0.0012748311962601701,,,271.4593811035156,271.45947265625,271.45994567871094,271.4599609375,0.17391371868065827,,,,,,0.054914034329927884,,,101719.8411612426,,,2.662721893491124,133.70034392768815,0.13675664021418646,,261.64204235189766,,74132.52785225592,0.18143548909023668,0.0019496460638102695,0.010252597063956176,6.647681343484912e-05,0.00437672180536936,,259.38374635594835,0.3305251295044577,0.06224744207054906,-3.8735761443916266e-08,0.009256588403940112,0.004252106480344513,2.0822411381189033e-07,0.024490896624805043,0.012910141086084603
1978-02-10 18:00:00,,,6.489253343209713,,,,,,2455.6079746680925,8.54243232301001e-07,1.9618048272012957e-08,6.439847618165101e-07,9.775580562783416e-08,3.0044508179957625e-07,,6.248869495278985,0.2729035326715052,,,,,,2.4879384322984685e-05,2.695805222325071e-05,1008.5399408284023,7.037051330656695e-07,5.7626714015148095e-06,,267.98685523038785,5.526324877372155e-06,,268.4099215896877,7.62236277027243e-06,,,,2.552242674065765e-05,,0.0,,,,,,,2.7817822772370286e-05,,,,,,,,,
1978-02-11 00:00:00,1.223141038206202,0.42127700105926696,,0.38346335168420914,-0.13673242873694064,265.38844181941107,270.1069633890186,0.7758170803623087,,,,,,,0.3966627854567308,,,271.4591827392578,271.459716796875,271.4595947265625,271.4599609375,0.2404552211422892,,,,,,0.19785846055612055,,,101737.68694526626,,,2.5976331360946747,139.51203494100176,0.13746580146473542,,263.8221607095391,,74167.98927514793,0.6808831949205794,0.003831994408788435,0.014402761967224483,0.00029514527179785735,0.004440804204997226,,260.7713438857942,0.172951121302046,-0.0796340005637626,-2.165221012977211e-07,0.07416698905314215,0.010216235533114192,9.199834574935627e-07,0.046257563041434926,0.019521985180984587
1978-02-11 18:00:00,,,5.981590496717826,,,,,,2716.8256283119076,3.578086223828017e-06,9.245202000412716e-09,3.017970090787086e-06,3.489566492963825e-08,2.3488824356680725e-07,,5.853387471486831,0.16507147614067122,,,,,,1.3236198904951649e-05,1.5503027029996792e-05,591.6434911242603,2.5740874236857396e-07,3.18492481694419e-06,,266.52099519086306,3.4244455529387885e-06,,266.9941873042541,6.092811477254834e-06,,,,1.625434534084162e-05,,2.569775234841736e-07,,,,,,,1.909367784240542e-05,,,,,,,,,
1978-02-12 00:00:00,0.17560222445155035,0.14276194149220484,,-0.09240852446245724,-0.3326850868541108,263.69142773870885,267.4480485182542,0.7712968344519124,,,,,,,0.23970672787999261,,,271.4601745605469,271.45957946777344,271.4600830078125,271.4599609375,0.21111916084966717,,,,,,0.036029883390347635,,,101742.45673076923,,,2.201183431952663,139.52213571762897,0.13794752831995136,,262.74892186272075,,74149.2903799926,0.4538678953633506,0.0028819529967900564,0.016949896276349852,8.852524164865708e-05,0.005507881119406435,,259.2536548862796,-0.06752747755784255,-0.17188112834501548,2.2714952536143594e-07,0.05334233389759213,-0.0037819498918465607,3.3555147234631493e-07,0.09530377134366633,-0.008715183777216624
1978-02-12 18:00:00,,,6.861566656439967,,,,,,1000.3078045022899,8.874457087037126e-07,5.2765761254101815e-08,5.227419927980773e-07,0.0,3.640013438227212e-07,,6.661300845400116,0.2433310965814534,,,,,,2.573236558564316e-05,2.850265897942718e-05,956.7248520710059,3.758988745466492e-07,5.493083825478187e-06,,268.84297171146915,6.027343357808492e-06,,269.4825855683998,7.604618044294549e-06,,,,2.6254876125493697e-05,,6.297948362426998e-08,,,,,,,2.939302540389744e-05,,,,,,,,,
1978-02-13 00:00:00,1.2057415155264049,0.5618602820402067,,0.32936798185991817,-0.06548154706785665,267.4603739179803,270.93597412109375,0.7731426206566173,,,,,,,0.10565555730514978,,,271.4605407714844,271.4606170654297,271.4599151611328,271.4599609375,0.2916060227614183,,,,,,0.21125287840352255,,,101672.07969674557,,,2.78698224852071,136.08609189366447,0.1387580499141174,,264.9574995774489,,74153.00892196746,0.40713437774477623,0.003629856561062604,0.024329020941000184,0.00027138100573297086,0.008119616988142567,,261.70203675038715,0.16289447045185157,0.0017979977398934449,6.927847171673474e-08,0.03594094901350837,0.00408053338615852,3.3552393995049085e-07,0.13122790472130097,0.01294281285190018
1978-02-13 18:00:00,,,5.992900447732598,,,,,,590.129310939623,3.7699717389055965e-06,3.114364732652021e-07,2.9015823228824774e-06,9.207088037355412e-07,1.5086036173078459e-07,,5.8780787484885675,0.16072786771334135,,,,,,1.3611593542719733e-05,1.5536003564236432e-05,666.4822485207101,1.8262188639161148e-07,2.4836885153189214e-06,,268.73398088985647,3.3358541818765493e-06,,269.1712487576276,5.6731983049381414e-06,,,,1.651348446953226e-05,,0.0,,,,,,,1.9307937142411632e-05,,,,,,,,,
1978-02-14 00:00:00,0.9817835057275535,0.05178467338607156,,0.2986301275400015,-0.2879906942153118,265.7017364501953,269.9596457396739,0.7733133639809648,,,,,,,0.004608447735126202,,,271.4600067138672,271.45994567871094,271.4598846435547,271.4599609375,0.1847803239991679,,,,,,0.037279433752658096,,,101719.44101331361,,,2.5088757396449703,134.64322946762897,0.1391294665590546,,263.83321692111224,,74207.44847910503,0.1961927244649131,0.0015121493819197254,0.017136635864980123,0.00048431983360877406,0.0025235576742499537,,260.2175906028973,0.11535705405579516,-0.1358851201435518,2.2455297180412878e-07,0.021823516025995977,-0.001954327673601681,3.524281851914243e-07,0.07944865395127625,0.004940436436579778
1978-02-14 18:00:00,,,5.544558028497639,,,,,,2351.9240831824823,3.1383504220367185e-07,5.321626788413031e-08,2.2941740152574855e-08,6.691039506808893e-09,2.0811689030633932e-07,,5.476717570829674,0.14716406827847633,,,,,,1.7590424012855666e-05,2.3940082132463626e-05,561.0343934911242,1.2694422662610838e-06,3.884221322437715e-06,,270.59568633130317,4.758937119026861e-06,,271.1182204026442,6.243101591189232e-06,,,,1.76129080134736e-05,,0.0,,,,,,,2.4226466579550117e-05,,,,,,,,,
1978-02-15 00:00:00,0.5798827797703489,0.2056362840550891,,0.11575180821164825,-0.31293290606617225,267.60466806987336,272.376292392347,0.7757695803980855,,,,,,,0.3956358418662167,,,271.460693359375,271.4605712890625,271.4598693847656,271.4599609375,0.14870565741725222,,,,,,0.25128363434379625,,,101779.86741863906,,,2.1301775147928996,133.70059818064672,0.13968409589056432,,266.1894480688332,,74300.59908931213,0.502757236096986,0.0024275130774142474,0.013185309235160873,0.00034874289698854705,0.006306258884407359,,262.3774487196341,0.046846312178662544,-0.11881401694032567,-4.370945430713425e-08,0.06876368753297926,0.005384152413472621,5.129564002592987e-07,0.037497719968861996,0.009464044564750774
1978-02-15 18:00:00,,,6.287316514190132,,,,,,2005.4769280789167,4.879160392919236e-06,1.1496460781647609e-07,3.849481337169218e-06,2.650246464994532e-06,-9.164902767009438e-09,,5.994871159277019,0.3605147141676683,,,,,,0.00017541699860928328,0.00019580690113045053,1423.2433431952663,2.7112728921619393e-06,3.8643340034597724e-05,,273.69605647882764,4.192190410117426e-05,,273.971645016642,5.481105584364671e-05,,,,0.0001792673175856912,,0.0,,,,,,,0.00020068901530384312,,,,,,,,,
1978-02-16 00:00:00,0.5670436091676971,0.8980384634796684,,0.13557491076768502,0.14945704556075778,271.1773469462197,274.9185668223003,0.7855840399420473,,,,,,,0.9560302210277354,,,271.4601593017578,271.4596862792969,271.4600830078125,271.4599609375,0.3788665229752219,,,,,,0.9239049913615165,,,101668.30038831361,,,2.6804733727810652,129.7661492161497,0.14117625197009928,,271.99224997977535,,74277.30133598374,0.9946787671224605,0.12209433255463663,0.02790521894270752,0.009764496391341531,0.23019033198702266,,265.5209997052977,0.12633439387090106,0.12423898482463769,-7.892672259073992e-06,3.883017507177838,1.4133699892540654,-8.52905661584093e-07,0.28922236461699363,0.08586111107080646
1978-02-16 18:00:00,,,6.512805363130287,,,,,,1410.9110987736628,6.57955923024014e-05,3.522846120349049e-05,3.835038673242874e-05,5.643913996290173e-06,6.290603520006999e-08,,6.201790764487002,0.5152790137296598,,,,,,0.00028210702027089496,0.0003589881947760046,1942.45525147929,2.927908442429537e-05,6.784604498620569e-05,,274.0634158884985,8.482450740577201e-05,,274.34684581869453,0.0001251902982328065,,,,0.00032045255751299436,,0.0,,,,,,,0.00042479489681988776,,,,,,,,,
1978-02-17 00:00:00,0.7271441171860554,0.9297567909285867,,0.21986449540719477,0.33872914137924914,273.1098473904401,275.22595287074705,0.8086197122314273,,,,,,,0.6486525938091193,,,271.4600372314453,271.4599151611328,271.4603576660156,271.4599609375,0.45369417991863903,,,,,,0.9628316365050141,,,101557.21495931952,,,2.9763313609467454,125.50322854307277,0.1441980198290221,,273.1520447138499,,74191.49639423077,0.9974637211427181,0.3072427557064937,0.05314803264550203,0.04690353122688609,0.7474976446501602,,267.15181501941566,0.2967572861169217,0.37931453053062486,-2.821794395560961e-05,7.214742525089422,4.417672106852899,-6.77509421066618e-06,0.7945074537788248,0.37972354324611685
1978-02-17 18:00:00,,,6.923936742297291,,,,,,529.6131575544911,0.00029370594306810365,8.390447091774122e-05,1.4441517683175894e-05,1.993338913607174e-06,-8.149874390078124e-09,,6.799614274290186,0.5226342917899408,,,,,,0.00020948281654944786,0.00023287658155317137,1808.0843195266273,8.443491698722162e-06,6.184189100942669e-05,,268.99608824238976,8.333769775706635e-05,,269.5280098096859,0.00018030775369271725,,,,0.00022392283529924924,,0.0,,,,,,,0.0005266200861281898,,,,,,,,,
1978-02-18 00:00:00,0.33392538826846513,0.6468458401380911,,-0.032942692909015,-0.17088979235767612,267.95597270536706,272.00474692801754,0.8275769120137367,,,,,,,0.25218904935396635,,,271.45916748046875,271.4606628417969,271.4596710205078,271.4599609375,0.5250325471151774,,,,,,0.6502474641658851,,,101873.73076923077,,,3.0,127.0072503625994,0.1483507692461183,,266.567525017191,,74213.10029123521,0.8309179872450744,0.13305865646582427,0.04686448136730307,0.0022109556480272284,0.23141424346869513,,261.7397013105584,0.08727726569542518,-0.17151463525535088,-1.012382821521595e-05,3.1567067154765835,1.9082658175136564,-5.383697853660619e-06,0.43401673507805055,0.2383744279308432
1978-02-18 18:00:00,,,6.891296206141365,,,,,,2324.803927447345,4.7043803528215755e-06,1.6698365777554597e-07,3.156070349484506e-06,3.5345620481220225e-07,1.0835509455367405e-07,,6.5815188503829685,0.18822835888382952,,,,,,3.916853983726727e-05,4.052586809417905e-05,749.7381656804733,1.2945108247931892e-07,7.558327454787034e-06,,266.3256085638464,8.224559253489477e-06,,266.84056217712765,1.0222417010358099e-05,,,,4.23247644887168e-05,,0.0,,,,,,,4.5229873713656996e-05,,,,,,,,,
1978-02-19 00:00:00,1.7211643196421968,0.14343319277791583,,0.52325852523894,-0.3048984933887008,261.1424770919529,268.2051380766919,0.8282365470948304,,,,,,,0.2780508007523576,,,271.46002197265625,271.4596710205078,271.4601135253906,271.4599609375,0.21229083721454328,,,,,,0.1214921037120932,,,101817.56434911242,,,2.5798816568047336,127.16819248538046,0.1502597487184423,,260.7299431795199,,74005.70730861687,0.505162433671528,0.011800416122526813,0.012288133068197577,0.00012753771606987044,0.012430044320913462,,258.7127855289617,0.44795838192369813,-0.09467911720275879,7.205051039318008e-07,0.14309597556402123,0.05617539150386872,3.6956138630568454e-07,0.048284106066770104,0.04462133398687346
1978-02-19 18:00:00,,,5.971212353226701,,,,,,332.6042759821965,5.691934972119754e-06,5.005996608169826e-08,1.4519043399032052e-06,9.172700742292687e-08,6.492641040974037e-08,,5.801134261859239,0.2017413257847171,,,,,,1.8605554597617605e-05,2.25380503919703e-05,843.7329881656805,8.267829933110073e-07,3.897535377705591e-06,,264.6240256947173,4.464308538380459e-06,,265.09941055929875,6.504356861114502e-06,,,,2.0057227484573274e-05,,0.0,,,,,,,2.8225973512999406e-05,,,,,,,,,
1978-02-20 00:00:00,1.3690933588693832,0.25391714671659754,,0.4269056038038265,-0.2650821053770167,259.2637965636846,265.8456066966762,0.8250892465636575,,,,,,,0.0,,,271.4598846435547,271.4599151611328,271.4599609375,271.4599609375,0.2313108726366032,,,,,,0.033304067758413464,,,101954.15347633135,,,2.3136094674556213,129.6366188907059,0.15077434630083614,,259.32552757488907,,74027.63443047338,0.23566179444803995,0.004207814233542899,0.00894817374867095,0.00011431747639672996,0.0045578634950536245,,257.9185086763822,0.2975146163850141,-0.09843649666690261,3.930567019789882e-07,0.02005645909247446,0.013559363151421032,1.9735824068754735e-07,0.013518154043869595,0.019170514335470085
1978-02-20 18:00:00,,,6.126826117024619,,,,,,631.5028593148758,8.068229319781241e-07,0.0,0.0,0.0,1.947567898510768e-07,,5.941956017849713,0.14145791318995007,,,,,,8.73660481364064e-07,3.1505044571746736e-06,572.2403846153846,3.3845447180186506e-07,1.543990926012485e-07,,263.20982866456524,4.0610899498476784e-07,,263.61735959024827,1.319865944117484e-06,,,,8.73660481364064e-07,,0.0,,,,,,,3.9599174578514325e-06,,,,,,,,,
1978-02-21 00:00:00,0.8504018332125872,-1.1429418134971483,,0.30016755775587095,-0.6469715219982982,260.2239781667495,264.8164446226944,0.8210216778269886,,,,,,,0.004705124352810651,,,271.4596252441406,271.46002197265625,271.4599914550781,271.4599609375,0.15060560237726517,,,,,,0.035650084004599666,,,102166.13387573964,,,1.6153846153846154,132.29638220431536,0.15109572325937848,,256.5851853049013,,74058.72150055473,0.16780731381749261,0.0008740735477244361,0.01068553134534486,6.945863277954462e-05,0.0007641865656926081,,255.82327189247988,0.1312701215405436,-0.21035488963832516,-2.6335371637540543e-08,0.002551472474429646,-0.003071655888529219,2.173677806848572e-08,-0.004065005031563121,-0.010048609160812648
1978-02-21 18:00:00,,,3.908551312057224,,,,,,1149.2854987250435,9.258338332881588e-06,4.737952051783454e-07,4.466821456096581e-06,3.345287267184822e-08,-2.6975343773312336e-08,,3.8542306324433997,0.07492598132974297,,,,,,9.159452816438393e-06,1.2476063338962532e-05,297.7507396449704,4.894844085507139e-07,2.107037418692775e-06,,262.78449253782014,3.2013689977882883e-06,,263.11497479500855,5.701237176296979e-06,,,,1.3626097927432088e-05,,0.0,,,,,,,2.17392952484492e-05,,,,,,,,,
1978-02-22 00:00:00,0.1343255353397166,-0.49718078071549093,,0.07610800139297395,-0.4033950546084071,257.1613004786023,265.3665029311321,0.817101097671238,,,,,,,0.0014618755092282267,,,271.4607238769531,271.46006774902344,271.4603271484375,271.4599609375,0.04983664969720784,,,,,,0.05666256515232063,,,102239.99926035503,,,1.4497041420118344,134.71176219691893,0.15130925319603913,,256.230305688621,,74257.93821653107,0.0803081805889423,0.003372846975834412,0.011077564848950628,0.00018128135500574958,0.008481223202316014,,254.69611778485,0.020270407552549826,-0.17602528834484032,1.3635449168980453e-07,0.018679963046538135,-0.0051440857571257645,-7.195896786787773e-08,0.008587701565767887,0.002240882448014423
1978-02-22 18:00:00,,,5.376779883570925,,,,,,2193.483486380628,1.7141157309331837e-07,0.0,1.7193509761751052e-07,6.646212719424942e-08,-6.405944669393261e-08,,5.308015208272539,0.05244689580251479,,,,,,1.1085934892914e-05,1.2288167631837744e-05,201.41937869822485,1.4673565795435708e-07,1.6496423080828064e-06,,263.8504519490801,2.0639651273129256e-06,,264.2200528658353,3.3207105461662338e-06,,,,1.1258312230984841e-05,,0.0,,,,,,,1.244634918912628e-05,,,,,,,,,
1978-02-23 00:00:00,0.3690259245020398,-0.9649352858052451,,0.06321320166954628,-0.6581071029753375,258.7507772050666,266.0048035390278,0.8132047677886557,,,,,,,0.4200322980711446,,,271.4609069824219,271.4607391357422,271.4600664808376,271.4599609375,0.11160305406920304,,,,,,0.14500255697577663,,,102492.7474112426,,,0.7869822485207101,134.82159947502544,0.15209424566235064,,257.6786676892162,,74504.65812222633,0.5135309343507304,0.004683658216126572,0.009571662315955529,4.4322930849515476e-05,0.007180027707794009,,255.15561527049047,-0.0010540231445131923,-0.3299111134907198,-8.707723943926476e-07,0.10331130168847079,-0.011205544838538537,1.7294708537606017e-07,0.01607405224583558,-0.008519091549709704
1978-02-23 18:00:00,,,4.489946912731645,,,,,,2337.4752155650744,3.817673089236198e-06,5.802442733000016e-08,3.5944863183963934e-06,8.34685458234076e-07,3.84495289308796e-08,,4.4438012027176175,0.03256379076715052,,,,,,1.7842266862914407e-07,2.420873838592563e-07,108.8701923076923,1.3765422957976894e-08,3.58404200413876e-08,,264.99246405426567,3.850729529850582e-08,,265.25320741551866,1.1348799311903102e-06,,,,3.773234123308983e-06,,0.0,,,,,,,4.059794915498361e-06,,,,,,,,,
1978-02-24 00:00:00,0.22857977511614738,-0.8048317249004657,,0.053023964695676544,-0.5642589309511805,258.75045929857964,267.0481025650656,0.8084121219505219,,,,,,,0.015022164971165403,,,271.45982360839844,271.46026611328125,271.4598083496094,271.4599609375,0.03748028094951923,,,,,,0.011180403669910318,,,102450.06915680473,,,0.3727810650887574,135.56443416437455,0.15211681783552,,257.4802094408746,,74666.79595044379,0.05752247466138129,0.00011463295778579261,0.0006458406617655556,0.0,4.504365328500962e-05,,255.2089794994106,0.009450130914089947,-0.2728874556411653,1.6232610311801406e-08,0.000711386005815047,-0.00021349766550684822,-5.0291829378176725e-08,-0.0004884822172878762,0.00038524226494927026
1978-02-24 18:00:00,,,4.238796725075626,,,,,,1163.4322947184244,1.8061165554592242e-09,0.0,1.0724503205284565e-09,0.0,1.1628898816939564e-07,,4.140725965330587,0.06568394045857988,,,,,,7.769269262545208e-07,7.820795097294643e-07,259.4585798816568,0.0,1.0219336481842064e-07,,266.4515616512863,9.511131793260574e-08,,266.8741868600338,1.2197363680812733e-07,,,,7.778306949068103e-07,,0.0,,,,,,,7.834351627078987e-07,,,,,,,,,
1978-02-25 00:00:00,0.12381346550213515,-0.215036719508425,,0.07217698407596385,-0.4209711029684755,260.47083819688424,268.5085214468149,0.8032472324089186,,,,,,,0.0016657586633806397,,,271.4596710205078,271.4600067138672,271.46006774902344,271.4599609375,0.06522292639376849,,,,,,0.010255486302121856,,,102489.83321005917,,,1.4378698224852071,135.7870673004692,0.15189677300537832,,260.3580689740604,,74691.2473881287,0.07474820289386094,0.00028245265667255107,0.0013143268562632905,0.0,8.22875626693816e-05,,257.0084533691406,0.006102167995723747,-0.22846862973546136,7.092592180892549e-08,0.0008919873741040689,0.0003812460327994894,1.1875965844394385e-07,-0.0007816102774538232,0.0022267113114602466
1978-02-25 18:00:00,,,5.176006170419546,,,,,,1320.2328412605054,4.7523682639443665e-06,9.195074527221319e-07,9.336095501685284e-07,1.3573475446574083e-07,1.4250963969712734e-07,,5.097366316078682,0.061772544003097264,,,,,,1.719337199213942e-07,2.1149013081245875e-07,233.56397928994082,1.2645700439458062e-08,5.722364146240364e-08,,267.30082034500396,1.0814363434469912e-07,,267.6478325657591,1.7018184153991337e-06,,,,1.106609606883935e-06,,0.0,,,,,,,5.000706255083254e-06,,,,,,,,,
1978-02-26 00:00:00,0.35451390193058896,-1.347940580379328,,0.19918338504768687,-0.7159176380676631,263.0266387758876,269.570210564066,0.7981900495184949,,,,,,,0.027355216663970044,,,271.46058654785156,271.4599609375,271.4599914550781,271.4599609375,0.058406581540079515,,,,,,0.08092801246417344,,,102513.91826923077,,,0.9585798816568047,136.21097632413785,0.15186506192359697,,261.83683731711125,,74732.17682137575,0.14214627418292344,0.0010138545515974598,0.000645928128936587,0.0,0.0008884181637735762,,258.2382168741621,0.05536915211987919,-0.38062611416246767,-7.145017285255396e-09,0.000675684043630605,-0.005944062266829451,7.131566316054338e-08,8.231199748770019e-05,-0.00043986592243409016
1978-02-26 18:00:00,,,4.6973609303581645,,,,,,3087.8226278204666,3.0583476085634623e-08,0.0,0.0,0.0,5.876531032466512e-08,,4.585687135098248,0.04930909286589312,,,,,,7.042782546500482e-07,6.971803642588959e-07,179.13202662721895,0.0,2.7866934883523977e-07,,268.0323461950178,7.01274877116525e-08,,268.46338567790195,2.839624573140455e-07,,,,7.042782546500482e-07,,0.0,,,,,,,7.277597072561817e-07,,,,,,,,,
1978-02-27 00:00:00,0.1976109736064482,-0.8563001452113045,,0.13563661744608682,-0.7299649729531192,263.2897904977291,270.09010468432183,0.7927514603857458,,,,,,,0.3022164790588018,,,271.4600524902344,271.4595184326172,271.45997619628906,271.4599609375,0.1051177978515625,,,,,,0.04841676971616124,,,102386.38942307692,,,1.0355029585798816,136.97202477088342,0.15178432972473505,,262.08586030316775,,74690.69501201923,0.37279560156827846,0.0018326234535352719,0.005303083792240662,0.0,0.004071816890197393,,258.0070593117257,0.025916927664942996,-0.3963682242399137,-7.410078483754935e-08,0.02103372154812144,-0.001251050111281096,1.5509416181842118e-07,0.020741428453860993,-0.000550721017037623
1978-02-27 18:00:00,,,4.6780759427674425,,,,,,393.3190542192601,3.03886698547905e-07,3.5525616478814177e-09,3.0385914462557914e-07,0.0,3.425021322282891e-07,,4.598931374634511,0.18201098921736317,,,,,,9.833840576149304e-06,1.0102502340395774e-05,722.5558431952662,5.2131332192547925e-08,2.1390440548665423e-06,,268.42947134886975,2.1129119149326573e-06,,268.87657797548195,2.7249727023423775e-06,,,,1.013931438062318e-05,,0.0,,,,,,,1.0406344952667959e-05,,,,,,,,,
1978-02-28 00:00:00,0.713927545491055,-0.5287336936363807,,0.2850367867735011,-0.5487837255353758,265.81416049934705,270.27628818489393,0.7913771038930092,,,,,,,1.9103817685821352e-05,,,271.4594268798828,271.4595489501953,271.46014404296875,271.4599609375,0.21647824620354106,,,,,,0.061429808125693416,,,102168.14164201183,,,2.4319526627218937,137.5362583137828,0.15175883163361858,,265.01643236148993,,74500.76333672338,0.2344789222852718,0.0038492665488339033,0.011864205083903477,1.6871905891147593e-05,0.0063435932588295114,,260.3545506945729,0.09201263288069053,-0.3139757517526841,-8.240861531633597e-08,0.010142540776073662,0.00520909417795359,-1.4173431968118046e-07,0.025322383434991158,0.007061927320336449
1978-02-28 18:00:00,,,4.92215216935739,,,,,,844.2793466942942,6.602953061373276e-09,0.0,1.079769331146274e-09,0.0,2.962119924228512e-07,,4.865554183192507,0.19248700565134985,,,,,,2.0160830232518666e-05,2.136614901074291e-05,762.4460059171597,3.61653496704158e-07,4.488842550819442e-06,,270.69203465930104,4.456350965612739e-06,,271.18974277112613,5.122163944695829e-06,,,,2.0161800130584536e-05,,0.0,,,,,,,2.1395422297821946e-05,,,,,,,,,
1978-03-01 00:00:00,0.7674411334229644,-0.2884086800750191,,0.2508573024230596,-0.5307832526032036,267.03762862527157,272.5759884986652,0.7890739814769587,,,,,,,0.055994022527389976,,,271.45933532714844,271.46026611328125,271.4599914550781,271.4599609375,0.2051873743181398,,,,,,0.3594757621810281,,,102085.42418639053,,,2.6153846153846154,137.14965513330944,0.15183259749553613,,267.1250260934322,,74497.29491031804,0.4375855033919656,0.008825883357482548,0.02223458374745747,8.173630787776067e-05,0.009521552091519508,,262.4548059045916,0.07433813880886551,-0.255123324648163,6.573434738124054e-07,0.16859630155845506,0.026622594886641267,4.996972483343075e-07,0.09006775624653292,0.01604741176909949
1978-03-01 18:00:00,,,5.610067141831979,,,,,,992.8473765055338,7.037106438501347e-07,2.344645912477956e-07,1.3236215437305044e-08,1.3551363423907546e-09,3.3782348698060187e-07,,5.517020321456639,0.21441018369776257,,,,,,1.613028656096148e-05,1.9519551265874556e-05,753.3579881656805,6.333269046608513e-07,3.7982971710566234e-06,,270.2522182126017,4.298059192634898e-06,,270.6826108672915,5.024953706730047e-06,,,,1.6143512443677913e-05,,0.0,,,,,,,2.0220170359639728e-05,,,,,,,,,
1978-03-02 00:00:00,0.9100835845315245,0.02160694754335302,,0.30645868764121154,-0.3801772382837781,267.5702232947716,272.46880381206086,0.786912944895276,,,,,,,0.011096209463988536,,,271.46063232421875,271.4604034423828,271.4601135253906,271.4599609375,0.21875505616678995,,,,,,0.06619235608704696,,,101889.89996301776,,,2.4911242603550297,137.56408745579466,0.15207190767547787,,266.4384713257558,,74362.05612056213,0.2491711498012204,0.0025781710472332657,0.017464722401997042,0.000232205588436691,0.007384983040171968,,262.015209581725,0.1104254362851205,-0.20376238738291363,-3.310039019681921e-07,0.015491665940257837,0.005757803571294751,8.161137701623891e-07,0.08779319827637729,0.01391414760132513
1978-03-02 18:00:00,,,6.492699301454443,,,,,,227.23046359209948,3.911510727109289e-06,5.506375837608202e-08,3.6180283896316438e-06,1.357691968686482e-07,2.2449554447890617e-07,,6.295552874457907,0.2324146519045858,,,,,,2.742951085581582e-05,3.423211137218588e-05,882.9389792899408,1.3148070439784485e-06,6.025072914608837e-06,,271.00279001089245,6.99596292168431e-06,,271.5069519584701,1.0647100104382757e-05,,,,3.1047847849377514e-05,,0.0,,,,,,,3.814485651501537e-05,,,,,,,,,
1978-03-03 00:00:00,1.4936191344402245,0.07887529339310685,,0.42655818420049,-0.28391809858514006,266.19140191614275,272.1718046651084,0.8025028952480068,,,,,,,2.7262247525728664e-05,,,271.4594421386719,271.4601745605469,271.46018981933594,271.4599609375,0.2376400197046043,,,,,,0.020968736276118713,,,101619.8737056213,,,2.562130177514793,135.73205620579466,0.15274952995706592,,266.9989253839797,,74158.22746394231,0.2383957360623151,0.002453648832422742,0.012242469561875925,0.00019049503394132536,0.006490944405279216,,262.387439705211,0.3245629146254274,-0.15075656507142196,3.4831917423482147e-07,0.014512671288598835,0.004126759719919171,1.8214167318907538e-07,0.043928250890864426,0.019786249030623915
1978-03-03 18:00:00,,,7.044550974693524,,,,,,1418.0827866341303,3.0743784805726722e-06,6.762559156446062e-08,2.753584695285594e-06,5.404756972070277e-07,2.445076730380595e-07,,6.88003976246309,0.157162728394277,,,,,,1.3627155998049404e-05,1.751327303034314e-05,638.3960798816568,7.683796995490261e-07,3.5167842574373505e-06,,271.0977480736004,3.975501956318962e-06,,271.5175655748717,4.9910293175623965e-06,,,,1.638087295216216e-05,,0.0,,,,,,,2.058538106771616e-05,,,,,,,,,
1978-03-04 00:00:00,1.149184497855824,0.4386197660096298,,0.34045200799343855,-0.1951894872992702,265.75122404380664,272.30534904525126,0.7997037422727551,,,,,,,0.22681684324727255,,,271.4605712890625,271.4595031738281,271.4596862792969,271.4599609375,0.1754435702893861,,,,,,0.11084733771149223,,,101398.02773668639,,,2.4437869822485205,136.19565180490707,0.1530620134793795,,266.57461249898876,,74000.59599204881,0.3576386581511187,0.003560619241387181,0.012423001802884616,6.411766864844328e-05,0.003915436874479937,,262.0886805607722,0.22499738677718936,-0.1391758664825259,-3.074037145596609e-07,0.05422540809936786,0.025828750648386998,2.0003587919557413e-07,0.04330577510304008,0.047359907150973934
1978-03-04 18:00:00,,,7.056118530634592,,,,,,1736.9951713248474,1.5486682043273068e-06,8.67679902523227e-08,8.959323167800903e-07,1.5973559850771752e-07,2.446635948723463e-07,,6.945463270830685,0.252338928583811,,,,,,4.167590268264861e-05,4.168710059668185e-05,1027.1153846153845,4.093350426530873e-09,8.03456944826792e-06,,271.3927409155129,8.376568732177012e-06,,271.8179255378317,1.0631030656882291e-05,,,,4.2571118597448224e-05,,0.0,,,,,,,4.32450214081262e-05,,,,,,,,,
1978-03-05 00:00:00,0.9700620752819896,0.5454732003296621,,0.23118389287643884,-0.1197774424355411,266.8592472414999,272.83552659615964,0.8003266951036171,,,,,,,0.0025384665946283284,,,271.4607238769531,271.45945739746094,271.4602813720703,271.4599609375,0.2909589237009985,,,,,,0.11707576592528597,,,101594.38517011834,,,2.5562130177514795,135.71252495579466,0.15371905558208038,,268.55618412536984,,74068.09661612425,0.35745809687929747,0.010210364120502642,0.010404856530474384,2.8457867323294194e-05,0.012942161785780325,,262.3039996807392,0.17825685415042222,-0.03428585007345888,3.175522277741996e-07,0.07328266874451697,0.06140681935926161,5.492716787858954e-07,0.08353048245582355,0.028110857237372878
1978-03-05 18:00:00,,,6.688939229976496,,,,,,3683.296412640307,1.6062173264971852e-06,4.026179130260761e-08,1.4264886019497934e-06,3.124945438825167e-07,4.8801715142360875e-08,,6.531730369703304,0.1768697704789201,,,,,,2.565054145790416e-05,2.6034444746886483e-05,694.0299556213017,7.482956455656762e-08,5.306929526244395e-06,,271.96483715892543,5.397394564024796e-06,,272.34774879591,6.15351827892326e-06,,,,2.7075850751978404e-05,,0.0,,,,,,,2.7633013104546e-05,,,,,,,,,
1978-03-06 00:00:00,1.8396702489909336,0.19801526380008494,,0.6541384409165242,-0.25041263061162283,266.1665055314465,271.8536327294344,0.8004793493000008,,,,,,,0.5980103622526812,,,271.4597625732422,271.4596405029297,271.45973205566406,271.4599609375,0.20245668309680104,,,,,,0.5858008029192863,,,101499.47041420119,,,2.4911242603550297,136.3252976998775,0.15406316836204756,,268.4853289903268,,74025.78198964497,0.9104522484294056,0.018517174704286914,0.005507745686367418,0.0,0.01688197166746766,,263.0921632665149,0.5379601709941435,-0.14909655666915622,-1.7842307332737822e-06,0.5180033988942055,0.16155781925341786,2.760005577194598e-07,0.018738442119872252,0.020142205853081314
1978-03-06 18:00:00,,,7.400942740355723,,,,,,551.9358129367023,2.482244689789044e-06,9.415175258760621e-09,2.4050826857075887e-06,6.209772366743821e-07,-2.3675013528847462e-08,,7.082218903761643,0.1843438684587648,,,,,,2.8701752600585214e-05,2.8724324773754593e-05,746.2267011834319,2.4560446983214313e-09,6.685066505296696e-06,,268.93393729847566,6.603506895212026e-06,,269.3514123499041,7.579136176927555e-06,,,,3.110665894118992e-05,,4.89419656833248e-08,,,,,,,3.1204265955637194e-05,,,,,,,,,
1978-03-07 00:00:00,2.3620461966159074,-0.33183314532217895,,0.85925615186522,-0.47041986679889747,261.4639660536185,269.0917687952166,0.8002236891074999,,,,,,,2.820534113596177e-05,,,271.4607391357422,271.4603271484375,271.45994567871094,271.4599609375,0.22457903799926035,,,,,,0.06829156819179918,,,101404.22448224852,,,2.260355029585799,136.91611223390117,0.15490652964665338,,264.4713321663219,,73826.95693879438,0.2314521744406435,0.005883764233109514,0.006366210576345229,0.0,0.008197039542113536,,259.80288985212877,0.6525265923618565,-0.1799653609828836,1.8242108180103603e-07,0.04171632709582309,0.008493136019396358,1.059074559543122e-07,0.023320722847556305,0.019469258612429603
1978-03-07 18:00:00,,,4.92659398931018,,,,,,4795.699058469662,0.0,0.0,0.0,0.0,-1.2178244918223867e-07,,4.785290153774284,0.03146849863627959,,,,,,1.4750165699501714e-07,1.4310267329568693e-07,94.55843195266272,0.0,4.2944165641034144e-08,,269.2250546788323,3.967041524468795e-08,,269.625753278563,5.225498041898541e-08,,,,1.4750165699501714e-07,,0.0,,,,,,,1.5687274597805632e-07,,,,,,,,,
1978-03-08 00:00:00,1.1081228481947318,0.06668710426466,,0.4365821307932837,-0.29819674745819275,260.66052535017565,270.1469516189846,0.7969636162357218,,,,,,,0.1773837840063332,,,271.45936584472656,271.4600067138672,271.4602355957031,271.4599609375,0.029260037213387574,,,,,,0.259918483756703,,,101712.92603550295,,,0.38461538461538464,136.03246763330944,0.15485679750611797,,263.3307778623682,,74165.38884522929,0.4336487358138406,0.003901653741238385,6.695647211469842e-05,0.0,0.0014010308056893433,,260.15207649546966,0.29517944994762807,-0.09725247120716163,3.86806196950241e-07,0.07612237986728285,-0.00828552492976894,4.5049838268748464e-08,0.00040945384121698344,-0.000488998072177789
1978-03-08 18:00:00,,,5.0958529985868015,,,,,,829.447592276114,0.0,0.0,0.0,0.0,4.2457532159331085e-08,,4.9548495591744866,0.0445404052734375,,,,,,9.590004895918468e-08,1.7075027895749673e-07,151.12573964497042,6.235194304329756e-09,4.305575902645405e-08,,269.1819392097067,4.5003476910866226e-08,,269.54175337390785,9.265075266890271e-08,,,,9.590004895918468e-08,,0.0,,,,,,,1.7075027895749673e-07,,,,,,,,,
1978-03-09 00:00:00,0.705411154842941,-1.0716735286825507,,0.2910234970453928,-0.6163217725133049,263.61277626534184,270.6679457263834,0.7938105950694112,,,,,,,0.0027676418688170304,,,271.46022033691406,271.4607823788238,271.45970153808594,271.4599609375,0.03476990468403291,,,,,,0.00801743276020479,,,101985.80695266272,,,0.5443786982248521,136.3458459617118,0.15472226171098516,,263.4726100221894,,74376.50577847633,0.04116162181605954,0.0001489142694416836,0.0012073488630486664,0.0,0.00012631952409913554,,260.49194606803576,0.09790986423661723,-0.2653017044067383,7.445360420233179e-09,0.0019266252686991495,-0.0005885932660667149,3.184508583195867e-08,0.0004244886955918645,-0.0021973722697009703
1978-03-09 18:00:00,,,5.274151999569503,,,,,,4035.1744622978376,8.782537202157918e-08,0.0,8.793834310311537e-08,0.0,7.252085261830795e-08,,5.095391578222873,0.09089091825767381,,,,,,2.877731647717177e-06,2.8906158617967685e-06,386.7059911242604,0.0,3.5610138135548877e-07,,270.47965335281646,3.8880788715633413e-07,,270.8279054178994,7.38401032058445e-07,,,,2.965562530523221e-06,,0.0,,,,,,,2.947068337858076e-06,,,,,,,,,
1978-03-10 00:00:00,0.24649410134941868,-0.006659626255373983,,0.0929932453223234,-0.43734275095561553,264.52073208961264,271.5849241900021,0.7948579816423225,,,,,,,0.44598280325443784,,,271.4594421386719,271.4598693847656,271.4599151611328,271.4599609375,0.0754888410398946,,,,,,0.3765193781203772,,,101916.27181952662,,,2.088757396449704,136.9341179661497,0.15442250607281746,,266.4184836664143,,74389.12604012575,0.7820834009605047,0.012797525082301546,0.0018773502146703957,0.0,0.01091651239338711,,260.92122501170144,-0.003308089879842905,-0.2546330909051839,-2.4467458522784906e-06,0.3566162160572943,0.06973078388847499,1.0683701335577868e-07,0.002086678354521475,0.0049431364151191785
1978-03-10 18:00:00,,,6.654367599261583,,,,,,3291.10571652367,4.773626666097246e-05,6.586754110437879e-06,2.930538188776321e-05,2.675441771569337e-06,3.099550944165533e-07,,6.42081534368752,0.2563879250069342,,,,,,7.494684507155559e-05,8.016754184248885e-05,1033.7836538461538,9.346621100013778e-07,1.639066010537232e-05,,273.74445221127843,2.1011078146082408e-05,,274.06894435543984,3.2924688779390774e-05,,,,0.00010425081619849571,,0.0,,,,,,,0.0001278879374442016,,,,,,,,,
1978-03-11 00:00:00,0.9080178018152361,1.1062584374783306,,0.311939758661936,0.16145692633453912,271.23630139954696,276.24980804623937,0.7971595377611691,,,,,,,0.48521035098465237,,,271.4594268798828,271.46038818359375,271.46014404296875,271.4599609375,0.3174485426682692,,,,,,0.36511122122318784,,,101379.13128698224,,,2.5562130177514795,136.0039913019485,0.1380659109036598,,271.2921372814291,,74040.19112888313,0.8603495729745493,0.03467768122105909,0.022816900670881102,0.00014716633678187984,0.052358707093451855,,264.19532550157174,0.35283663957076666,0.12257089558437731,-1.423565991851088e-06,0.7462985272238241,0.43024884737454927,-3.2840099271122344e-07,0.14830242811575445,0.16871588869907578
1978-03-11 18:00:00,,,8.022823440958057,,,,,,815.1479928281885,0.00023737302898655277,5.772392425311388e-05,0.00010858599603528807,2.455839214945686e-05,9.927404289286771e-08,,7.5737975193904,0.5958004562107063,,,,,,0.000233443707404052,0.0002630492286569268,2150.592000746868,6.021920745894754e-06,5.0164494641433806e-05,,273.9853270039756,8.6939899173714e-05,,274.53048001802887,0.00018864005980406994,,,,0.0003420301443020973,,2.817664097046711e-07,,,,,,,0.0005004289587573893,,,,,,,,,
1978-03-12 00:00:00,0.9158004106149166,1.7202774646014152,,0.3737728638056467,0.7266477155967577,272.40125107624124,274.3024815666605,0.8284619842055281,,,,,,,0.2484166974852071,,,271.46080017089844,271.46009826660156,271.4599609375,271.4599609375,0.565932597634355,,,,,,0.6731510500936113,,,100885.83145340237,,,2.9585798816568047,128.4452126407059,0.14225579154561963,,273.0053468963804,,73690.17051127959,0.8257748713860145,0.1134298890939302,0.0697530816860523,0.004603594717894785,0.2058963616607303,,266.4434362106775,0.430419555077186,0.5878244892379941,-4.117701549810418e-06,1.557909072856226,1.8893186305401592,-1.254995916997628e-07,0.35339066544933434,0.5557546148506495
1978-03-12 18:00:00,,,4.387574652948323,,,,,,985.3043413919116,1.0227464888928205e-07,0.0,1.0216167780774584e-07,0.0,1.5014707571144916e-07,,4.135622814562193,0.16476494602903108,,,,,,2.0903204540176505e-06,2.077965275246716e-06,759.2274408284023,0.0,6.178663988437879e-07,,266.99469942171896,5.013849476032708e-07,,267.54447765463203,7.621910885946285e-07,,,,2.1925951029069324e-06,,0.0,,,,,,,2.1909501337440762e-06,,,,,,,,,
1978-03-13 00:00:00,0.9369515244072005,0.14603909938293097,,0.3459218267858381,-0.254418485968776,263.52214330187917,267.5099824984398,0.8341604182000696,,,,,,,0.013955562072392751,,,271.460205078125,271.4600524902344,271.4603981273855,271.4599609375,0.21436729656874076,,,,,,0.0802781144542807,,,101455.70950443787,,,1.9881656804733727,130.69137573242188,0.14557640933426175,,262.9090094030256,,73756.09220136834,0.27428540111293453,0.0008287316948704465,0.0010713261260083442,0.0,0.0001176310008799536,,260.54214071239943,0.24363425215320475,-0.03143926767202524,6.829675560136541e-09,0.0022871518182463546,-0.001037003064649345,8.419079877434525e-08,0.001224471537186902,-0.0002920816503685607
1978-03-13 18:00:00,,,5.074381376864642,,,,,,1647.2911346435546,1.4229065920474261e-05,8.883825420627932e-07,1.3193523390053291e-05,2.6825617050983497e-06,8.642831819852505e-08,,4.882539340024869,0.1984489486062315,,,,,,8.581151094662367e-06,8.941997261442376e-06,804.3568786982248,1.0439630090837648e-07,1.5510516186084974e-06,,267.39922364364713,3.2723919879755326e-06,,267.89537292119314,1.1478611350764889e-05,,,,2.177377071606337e-05,,0.0,,,,,,,2.316442819742056e-05,,,,,,,,,
1978-03-14 00:00:00,0.23142300554986536,-1.4797804792957192,,0.14914521663146613,-0.8354987251688037,261.23360474716276,266.7414279012285,0.8318597399271451,,,,,,,0.11383968556421042,,,271.4598693847656,271.45989990234375,271.46026611328125,271.4599609375,0.1820658847425111,,,,,,0.36083560018144417,,,101839.18823964497,,,2.5088757396449703,131.3725425223627,0.14580191098726714,,263.6057854827339,,74123.72970599112,0.5054056743192955,0.010223975548377404,0.0021416590763972355,5.778520417636669e-06,0.008057125926723141,,260.80099297698433,0.025962728367754692,-0.3642514132889065,1.72964581040412e-08,0.015311922371034792,-0.06744385435736391,6.705580120623806e-08,0.0005919685554222243,-0.0030311581254358123
1978-03-14 18:00:00,,,4.342518180079714,,,,,,264.53704951359674,0.0,0.0,0.0,0.0,2.7956134249103538e-08,,4.216377146850676,0.05800326194988906,,,,,,3.8298161028052225e-07,3.790923741442212e-07,222.2651627218935,0.0,8.480339559048591e-08,,267.3002703965768,8.764007189393749e-08,,267.62183772882764,1.2849565022266827e-07,,,,3.8298161028052225e-07,,0.0,,,,,,,3.790923741442212e-07,,,,,,,,,
1978-03-15 00:00:00,0.2888778483373879,-0.8250930210542397,,0.08009644796157024,-0.670104653172239,260.49440480971475,268.4540582239275,0.8274148215908976,,,,,,,0.0017954837641067053,,,271.46055603027344,271.45965576171875,271.4597473144531,271.4599609375,0.05745791824611687,,,,,,0.007924164540668917,,,101797.11871301776,,,1.0414201183431953,134.258359830055,0.145964061014751,,261.039188543015,,74174.76167252219,0.06427381165634245,0.00015262457040640025,0.00039222677783853205,0.0,6.692085040391549e-05,,257.7250543176775,0.019205943014494766,-0.29190552164111616,-4.433161965333261e-08,0.00010180308968490044,-0.00028480254609644765,1.2189806465998246e-08,9.152580317131867e-05,-0.000458275147068959
1978-03-15 18:00:00,,,4.271620163550744,,,,,,1136.7938282213713,1.8394723005548737e-07,7.335956280048077e-08,1.570794003955006e-07,0.0,8.243697110085456e-08,,4.211885322480512,0.14532290125739644,,,,,,5.233768351684661e-06,6.074339327727549e-06,577.3949704142012,2.5985001988664884e-07,1.0223442016268623e-06,,268.16112486709505,1.1570057308180093e-06,,268.6785282834747,1.6607961358403313e-06,,,,5.391134312872351e-06,,0.0,,,,,,,6.259259211241141e-06,,,,,,,,,
1978-03-16 00:00:00,0.338323468992696,-0.47063597842786437,,0.204756657752765,-0.5173129019652598,263.5825628698225,268.7200004081049,0.8212129530116651,,,,,,,0.0005855588517950837,,,271.45985412597656,271.45977783203125,271.46002197265625,271.4599609375,0.1785330687754253,,,,,,0.07223303078194342,,,101535.32137573964,,,2.230769230769231,137.06743897206684,0.1458350723311746,,264.39251085992396,,74045.85262573964,0.21787076871070635,0.0029188697860085752,0.010951533120059403,0.0001474943386732474,0.004169114242643999,,259.86116343842457,0.06794331235998481,-0.22735879548202606,4.3915898841185794e-08,0.004398490192049001,-8.092487792996965e-05,1.0847048198503922e-07,-0.0001714247218250523,0.0029579851357541846
1978-03-16 18:00:00,,,4.475163499279135,,,,,,1222.2843099454553,0.0,0.0,0.0,0.0,1.1033622695053184e-07,,4.416810645154242,0.10369277141503329,,,,,,4.880615240018043e-06,5.178197601137782e-06,380.25221893491124,5.431635823299193e-08,1.1953222152044081e-06,,269.807646260459,1.1007902184887045e-06,,270.14692678959415,1.2803646410710714e-06,,,,4.880615240018043e-06,,0.0,,,,,,,5.178197601137782e-06,,,,,,,,,
1978-03-17 00:00:00,-0.08370401168010644,-0.4980281400962694,,-0.10532892667330228,-0.643500948798727,263.5409770717282,270.2391988539837,0.8150464567912401,,,,,,,0.0,,,271.4604034423828,271.4593505859375,271.46018981933594,271.4599609375,0.13865038629114276,,,,,,0.06509534847101517,,,101520.65680473374,,,1.8757396449704142,137.66976423094258,0.14578489439021905,,265.37192539914827,,74092.76095599112,0.1759482840814534,0.0023083715043829742,0.013920473629200953,2.9759558700245513e-05,0.003391051433495516,,260.10127727801984,-0.053731888356293445,-0.31786374086459007,-5.752967835711205e-08,0.0077919985908882685,-0.0005242616246790575,-3.218260241022124e-07,0.02980397765100355,-0.0013512267163519323
1978-03-17 18:00:00,,,6.057245271445732,,,,,,2167.06388632667,1.3171568424744014e-05,1.5314470028736182e-06,1.2153748577163065e-05,8.770854339091735e-07,2.1890810952238056e-07,,5.826989049389518,0.22076443102232804,,,,,,5.176769205804407e-05,5.5186494567690515e-05,935.6076183431952,7.721270329853487e-07,9.924063139413235e-06,,272.7171211016954,1.1115516783923086e-05,,273.182457376514,1.8097636615030863e-05,,,,6.392104385872564e-05,,0.0,,,,,,,6.83584156826403e-05,,,,,,,,,
1978-03-18 00:00:00,-0.7136341580272426,1.0756665009718676,,-0.442696153764894,-0.03251612962350337,268.5490294687847,273.29483582987586,0.8099325031218444,,,,,,,0.20382627227602626,,,271.46018981933594,271.4595642089844,271.46002197265625,271.4599609375,0.2829335229636649,,,,,,0.49653765682638046,,,101246.88590976331,,,2.6508875739644973,137.79719119100176,0.14605940305269682,,270.027393408781,,73949.36561575443,0.654724609878289,0.032547276032077334,0.022504727515948595,0.0002899219298503808,0.05286311701810836,,263.08422797389284,-0.1683017667934034,-0.08211648252588757,-5.803062007404291e-06,0.6718691769441777,0.2654670819027257,2.7922369931003398e-08,0.2255381187616941,0.0946129620427916
1978-03-18 18:00:00,,,5.572510109850641,,,,,,623.8340539266896,1.8115734031214516e-05,7.225674461330888e-06,3.728706984830326e-07,5.547568951485425e-08,1.701629122105405e-07,,5.102705317841479,0.2130645210220969,,,,,,4.147107784564678e-05,6.162097468178653e-05,844.9400887573964,4.070926700118026e-06,9.33782588800735e-06,,271.0215463130432,1.2414078035298184e-05,,271.465055567273,3.5067325865728615e-05,,,,4.184069718129536e-05,,0.0,,,,,,,7.974819318782649e-05,,,,,,,,,
1978-03-19 00:00:00,0.41417821060270954,-0.05785057248448479,,0.14307117462158203,-0.34148436326246995,267.7507880397097,272.5971651698005,0.8200295779126636,,,,,,,0.0,,,271.460205078125,271.4595184326172,271.4599609375,271.4599609375,0.38554526786127036,,,,,,0.17341758231439533,,,101388.81619822486,,,2.5680473372781063,136.23360483745145,0.14901362650493194,,266.9260560887805,,73960.42700628698,0.4410655004738351,0.0035111692530163646,0.07376446244279308,0.0013747694929675943,0.012675178121532914,,262.09081597864275,0.05497642945961134,-0.1970071059006911,2.3910075932577217e-07,0.01949741032261115,0.0038681427931644505,1.4444923347975375e-06,0.4279226397974251,0.005762445856128218
1978-03-19 18:00:00,,,5.888844670628655,,,,,,594.0263898694838,7.619783723142726e-06,1.2366641202621912e-06,4.9867088625416955e-08,2.2614192900925698e-08,3.683993857375969e-08,,5.768323802383693,0.23438917532475037,,,,,,5.1341289599266275e-05,8.725308807643913e-05,875.2204142011834,6.753488405216375e-06,1.1386118344301302e-05,,270.97617452948754,1.808374943817861e-05,,271.3902452457586,2.5350313920241137e-05,,,,5.1391195263382953e-05,,7.053804115430843e-10,,,,,,,9.482393603353105e-05,,,,,,,,,
1978-03-20 00:00:00,1.3604127048740726,0.16668763809655546,,0.4372924827259673,-0.24037027641160955,264.06116011580065,271.0554962158203,0.8143909506543854,,,,,,,0.0,,,271.46018981933594,271.4599609375,271.460162539013,271.4599609375,0.27038511016665123,,,,,,0.0558560162606324,,,101388.45710059171,,,2.5976331360946747,136.63275886851656,0.1498138156868297,,265.8808173907579,,73933.87573964497,0.27611194136580064,0.003995167433157475,0.043032584105723005,0.0010411302013510078,0.016358685916697487,,260.9402856770352,0.3380607140840158,-0.0832117993450729,1.827203916639266e-07,0.02175805672380478,0.013468883432135863,7.402822761052459e-07,0.17566804389452792,0.07662538615380518
1978-03-20 18:00:00,,,6.305612818023862,,,,,,405.5323481968471,5.827268817015654e-07,3.274232589986903e-07,1.4322253285780462e-07,3.195373264290172e-06,-1.3867431668462728e-08,,6.083662529668865,0.15983933668870193,,,,,,3.5262848498553213e-05,4.762710904228617e-05,569.9419378698225,2.1736517813078752e-06,7.821478434568327e-06,,269.86784416966185,1.0110746473955685e-05,,270.5198308278823,1.1888305111044257e-05,,,,3.540604072209646e-05,,0.0,,,,,,,4.820605001506015e-05,,,,,,,,,
1978-03-21 00:00:00,1.0196557242489426,-0.14006024422730215,,0.39430161199626135,-0.30752192164313863,262.31925287190273,270.58477376904005,0.8139743173616172,,,,,,,0.0,,,271.4597473144531,271.4605407714844,271.45989990234375,271.4599609375,0.18562849597818049,,,,,,0.04268343773113906,,,101494.0073964497,,,2.3846153846153846,136.73395154603134,0.150431836145164,,264.60954943775425,,74016.19466531066,0.19089539657683063,0.002227470014222275,0.02290854369394878,0.0008025000081259824,0.015296710313424557,,260.55230324649244,0.15735555823738054,-0.1428208594491496,1.6022998691170018e-07,0.014292870845215825,0.0030944898680469696,8.786839058281049e-07,0.1281715121186344,0.018336475600857705
1978-03-21 18:00:00,,,6.446691479203263,,,,,,1514.8105860238124,6.774242019512244e-07,6.276094657782267e-08,3.4573559577648456e-07,9.720059409296725e-08,4.3146923761649506e-08,,6.235264535486346,0.15196805874976885,,,,,,1.9605960366288585e-05,2.119932654341297e-05,607.9027366863905,2.902971040567703e-07,4.031888302966688e-06,,270.0680567273021,4.427143807947283e-06,,270.50430541631033,4.798416378935414e-06,,,,1.9951596767944698e-05,,0.0,,,,,,,2.185356687511918e-05,,,,,,,,,
1978-03-22 00:00:00,1.2381495244404268,1.1995858412522535,,0.35317534384642835,0.08895087383202548,262.7512599787063,271.2308879604001,0.8104386336704683,,,,,,,0.0,,,271.4591064453125,271.46018981933594,271.4598083496094,271.4599609375,0.1941732372757951,,,,,,0.07190889437523114,,,101396.88313609468,,,2.473372781065089,138.21097632413785,0.15083179530307386,,265.6160551895051,,73946.26183431952,0.2290339723846616,0.00383653866468802,0.01212671945786335,1.9296386538172614e-05,0.006125884648610854,,260.76345915484006,0.27297386650503036,0.08409930086700168,9.250653586997898e-08,0.03134457740557969,0.021473585501225037,-5.7717201096066355e-08,0.11122485966636585,0.05348799646606107
1978-03-22 18:00:00,,,6.426893420473358,,,,,,580.9664296796245,1.7650822210594042e-06,0.0,1.7653467387137328e-06,1.4118905339015305e-07,9.778311199538916e-09,,6.163232605838211,0.14496445514746673,,,,,,1.1515820167473788e-05,1.3434146282940927e-05,594.8187869822485,4.6583212162615984e-07,2.564652960681351e-06,,269.30779325045074,2.9989468628132835e-06,,269.82102722529123,4.268962250658746e-06,,,,1.3280814215981748e-05,,0.0,,,,,,,1.5199096245173167e-05,,,,,,,,,
1978-03-23 00:00:00,1.3798177312817095,-0.053981295704136234,,0.44029468897531726,-0.3276856213631715,263.396204389764,270.4677657629611,0.8067282328944234,,,,,,,0.0,,,271.4594268798828,271.459228515625,271.45997619628906,271.4599609375,0.17664973693486502,,,,,,0.020469891249075445,,,101377.74519230769,,,2.1183431952662723,136.95824888330944,0.15121776253514035,,266.0462111975314,,73904.98111593934,0.17944688063401443,0.0013975476372171435,0.007013129059379623,4.4027729147284696e-05,0.006228565464358358,,261.27591186162283,0.3347268591265707,-0.13659437732583674,8.572735071985448e-08,0.0064344178077891554,0.0010922892189986959,2.7514029412734264e-07,0.025421000245583834,0.004724235775379034
1978-03-23 18:00:00,,,6.573117148946729,,,,,,414.4937906572896,8.037368926776231e-07,0.0,8.036046338504588e-07,2.3630588210722398e-08,2.132030699048026e-07,,6.393906345028849,0.13370482314973187,,,,,,5.404668799518833e-06,9.156190432035006e-06,535.1024408284023,7.602457816784198e-07,1.2334899084102472e-06,,271.60135339138776,2.1644928575267452e-06,,272.0149723030406,2.4449477005287035e-06,,,,6.207259449027699e-06,,0.0,,,,,,,9.95997141098835e-06,,,,,,,,,
1978-03-24 00:00:00,0.9032244710527229,0.8142254902766302,,0.30294420027873925,-0.010353726042798285,265.68566623665174,272.79682019476354,0.807275786555025,,,,,,,0.0,,,271.45989990234375,271.4604050591147,271.4601287841797,271.4599609375,0.16886333036704881,,,,,,0.015633848291882396,,,101451.55750739644,,,2.4615384615384617,136.85187869100176,0.15125984553049301,,267.1978612595056,,74109.8116216716,0.17013603977903108,0.0016873799837552584,0.009740321593877126,7.401203968115812e-05,0.0025492560934032914,,262.29568427272096,0.11313538650083824,-0.05834898299719455,1.1861930195222879e-07,0.008539577680171506,0.0056311703147056665,2.2475596671626412e-07,0.04723790409957877,0.027464684517778587
1978-03-24 18:00:00,,,7.036938469790848,,,,,,1560.0608254457131,1.1897122366188545e-05,2.2383263477912315e-06,3.834062162235644e-06,6.634516079397596e-07,3.552908386009437e-07,,6.768760094275842,0.23612082216161243,,,,,,3.382585634141279e-05,3.3844416663491514e-05,990.2159763313609,8.186743906065381e-10,6.985459366493677e-06,,272.6470604168593,7.914235958686242e-06,,273.10871002377843,1.455720007066896e-05,,,,3.766017199973383e-05,,0.0,,,,,,,4.574669712393947e-05,,,,,,,,,
1978-03-25 00:00:00,-0.39487625438080737,0.8345156505968444,,-0.28607729624008993,-0.09176161726550942,266.28720652563334,273.83340399928346,0.8088301300297122,,,,,,,0.01763365254599667,,,271.4595642089844,271.46009826660156,271.45977783203125,271.4599609375,0.26496589254345415,,,,,,0.19029208753235946,,,101506.68324704142,,,2.5976331360946747,136.32231600609052,0.1516926443788427,,269.1164477647409,,74046.49981508875,0.39821987436015227,0.013946113292112004,0.013775844554628311,6.183541032689563e-06,0.013004257834169286,,263.3565044515937,-0.1228676801602516,-0.0985268812913161,-1.2266872001752621e-06,0.19012582319314708,0.0813557269159648,-3.8184647478670235e-07,0.12278011141444099,0.04762600514398524
1978-03-25 18:00:00,,,5.615789182087373,,,,,,365.9652486165365,7.770702066506154e-07,3.55252720547851e-08,3.539521754140685e-07,9.248887337523805e-08,-7.140340652735628e-11,,5.394109646949542,0.17920030221431213,,,,,,1.9629061574766622e-05,1.9641405731968626e-05,731.0931952662722,6.549395124852305e-09,4.508571159204788e-06,,270.02512373162443,4.3636816140462665e-06,,270.5460503933698,5.053653872224706e-06,,,,1.9985631372801652e-05,,0.0,,,,,,,2.041344459240253e-05,,,,,,,,,
1978-03-26 00:00:00,1.234297419440817,0.02797254302797938,,0.4619890867605717,-0.24530292826996752,263.3042966402494,270.7552882087301,0.8063131701311416,,,,,,,0.0,,,271.4591827392578,271.4599914550781,271.4600524902344,271.4599609375,0.19073630790033283,,,,,,0.01943464109883506,,,101525.14829881657,,,2.0532544378698225,137.56998150165265,0.15217385771711903,,266.3821579972668,,74010.86060003698,0.1934633875739645,0.0018285773914946608,0.005624827548596986,3.4089712701605624e-06,0.004813267634465144,,261.56973004764353,0.31210856007401055,-0.13256057197525656,9.793329163531625e-08,0.0073570838195827,0.001319081715401813,2.514981031321408e-07,0.017716778651673412,0.005654047160635333
1978-03-26 18:00:00,,,5.212700211790186,,,,,,574.7802198543105,4.144881427640746e-07,7.105037189755567e-09,3.5486145485082323e-07,0.0,8.625819963628989e-09,,5.015293234198756,0.12688911031689165,,,,,,7.517194959538928e-06,7.880069095002124e-06,486.7015532544379,1.0647524434786577e-07,1.677835481406669e-06,,269.8171448115061,1.7344422594330015e-06,,270.26937008468354,2.546842105289888e-06,,,,7.872045392820821e-06,,0.0,,,,,,,8.291217702380299e-06,,,,,,,,,
1978-03-27 00:00:00,0.975430415226863,-0.5446536498662282,,0.36206457036486744,-0.3939831863493609,263.05914938661476,270.15097000754093,0.8054961650329229,,,,,,,0.0013875114847217086,,,271.4599151611328,271.46002197265625,271.46022033691406,271.4599609375,0.1493257601585614,,,,,,0.04289706077801406,,,101803.65088757397,,,1.6745562130177514,137.36038460816152,0.15233567198352702,,266.4419520451472,,74206.25013868343,0.1718681380593565,0.0012124840324447,0.00656161787947254,6.010546486758621e-06,0.003968887780545026,,261.5606699384881,0.23262558321981036,-0.22508717147556281,1.0122137868187264e-07,0.006887088689578356,-0.0018334374625301926,-4.331936718608093e-08,0.014675531933117195,-0.007876185975836579
1978-03-27 18:00:00,,,5.090988102749255,,,,,,962.6593051022046,3.7256760533744766e-07,8.881318013696275e-09,3.3109895223696557e-07,9.090038975314981e-08,2.2148387386055786e-07,,4.937682783815283,0.14730040420441937,,,,,,1.721868853597246e-05,1.7472978174333743e-05,640.7248520710059,5.67369703093224e-08,3.4549091694623054e-06,,271.3937066433698,3.6310338409694694e-06,,271.8479755108173,4.28221017651304e-06,,,,1.7549688294089053e-05,,0.0,,,,,,,1.7849342710167697e-05,,,,,,,,,
1978-03-28 00:00:00,0.34567625282784187,0.15833371066482815,,0.1495766780785555,-0.2299321078689846,263.81814322386975,271.21145349987864,0.8034144491838986,,,,,,,0.029786013992580438,,,271.4596405029297,271.4601287841797,271.4598083496094,271.4599609375,0.17211056319919563,,,,,,0.07933035404724482,,,101767.73853550295,,,2.3254437869822486,137.63590235964082,0.1524889257532605,,267.77792873043984,,74234.38191105769,0.23670851126225037,0.002951675618188621,0.00642975124381703,6.991025258803509e-06,0.003853160248705621,,262.0547058286046,0.050875423927984297,-0.1391689424684062,1.090982485942807e-08,0.016827221925386927,0.005355129347695314,9.635861726414369e-08,0.024132972603840147,0.007400077122908372
1978-03-28 18:00:00,,,5.925386383688662,,,,,,2287.311786490427,8.61024803663852e-06,1.0657512731629716e-07,7.550193536916428e-06,2.495812241142318e-06,1.8574445616569612e-07,,5.734520139073479,0.23275973528799926,,,,,,2.8963096043061928e-05,2.922285237961267e-05,867.1967455621302,4.681135863947445e-08,7.507628237707375e-06,,272.1142440886187,6.742907699043229e-06,,272.5343078071549,1.3502347751482e-05,,,,3.651093096422726e-05,,0.0,,,,,,,3.78531817148423e-05,,,,,,,,,
1978-03-29 00:00:00,0.48514574942504163,0.4461323269725551,,0.14062471220479209,-0.18543702187622793,266.9949969229614,272.6100592077131,0.8049974878864176,,,,,,,0.059937065169656065,,,271.45985412597656,271.459716796875,271.4600067138672,271.4599609375,0.23753040923169377,,,,,,0.4081998746070636,,,101293.24519230769,,,2.5562130177514795,137.62808985964082,0.15294714933316383,,269.00360342172473,,73889.80263036242,0.49842580160974753,0.012496484223027857,0.00817577655498798,1.6755209519312932e-06,0.017155122474805842,,262.65410916480795,0.0796851000842258,-0.15251628604866344,-9.800147252452157e-07,0.25577100173614303,0.007774753529115542,3.654649468261429e-07,0.03681449189688459,0.01939451917124218
1978-03-29 18:00:00,,,6.502231462467352,,,,,,1330.5471022566394,0.00024434712511547924,4.732917399096066e-05,8.892016650656977e-05,1.2697023752878403e-05,-7.519347006978588e-09,,6.1475868055806355,0.35692564834504437,,,,,,8.36320177337827e-05,9.234170236531093e-05,1279.5306952662722,2.723639092501804e-06,2.0673024583850387e-05,,273.28516293136323,5.0251476863432216e-05,,273.6597192527274,0.00014323278291690985,,,,0.00017254821647553754,,0.0,,,,,,,0.0003366604359192256,,,,,,,,,
1978-03-30 00:00:00,-0.4007878501034347,0.3198936225394525,,-0.2893614176462388,-0.09680126122469028,268.9773042216103,274.2372796775321,0.8140343695702638,,,,,,,0.14889955238477717,,,271.4598693847656,271.4600067138672,271.4600830078125,271.4599609375,0.4054007445566753,,,,,,0.6127724774490447,,,100929.37185650888,,,2.8224852071005917,135.54622040697808,0.15471048467963405,,272.26088836489345,,73648.3411381287,0.725226251683997,0.057280685262170415,0.03674025225216115,0.0014994017471223187,0.08713993032258996,,264.43102973170534,-0.16668632326746832,0.0019821923159988675,1.6186312295650766e-06,0.8036340816971466,0.4079589793491646,1.6412898531657528e-07,0.3403834619320145,0.14380337672649757
1978-03-30 18:00:00,,,5.5250619628725675,,,,,,455.0443438905658,9.128239733227611e-06,1.5928233648545642e-08,9.085828735983584e-06,1.4279324274796706e-06,9.734265824170926e-08,,5.3697666416506795,0.1912408411150148,,,,,,2.0860214910563633e-05,3.0327478104089138e-05,717.9885355029586,1.6979939309802986e-06,5.354939480505046e-06,,269.75174013397395,7.128486266502967e-06,,270.28615592640534,1.078376755911923e-05,,,,2.9947630752473187e-05,,0.0,,,,,,,3.9448399515546994e-05,,,,,,,,,
1978-03-31 00:00:00,0.6264763612013596,-0.28030635337152426,,0.10829852177546574,-0.4400363786686102,265.48030767497227,270.4967523157244,0.8186447458154351,,,,,,,0.0006730937393459342,,,271.4595031738281,271.45997619628906,271.46044921875,271.4599609375,0.23566423224274224,,,,,,0.026430209007488905,,,101206.85946745562,,,2.301775147928994,136.73767288478874,0.15645556478105352,,266.1672298273391,,73757.58780972633,0.2427267943613628,0.0024697964008037862,0.012608635355029586,0.0006083087808281712,0.005940002802561021,,261.73098745853946,0.027843334265714566,-0.20318972676463382,3.4056459099761095e-07,0.03957696473804584,-0.002526325586984849,-7.717890238538164e-08,0.03609501299332585,0.010585754624837955
1978-03-31 18:00:00,,,6.04482225835676,,,,,,846.2051302887672,6.162682713488855e-07,3.6116992536733845e-08,4.780054445097432e-07,8.890273038452193e-08,1.9766832456459739e-07,,5.890320191016564,0.1757218400402182,,,,,,2.246072306435489e-05,2.2710515902592586e-05,690.8443047337278,1.8158379236798315e-08,5.243268944102632e-06,,270.45105495114296,5.398981669950767e-06,,270.9316984097633,5.944769763382229e-06,,,,2.2939059155932545e-05,,0.0,,,,,,,2.3337246398248617e-05,,,,,,,,,
1978-04-01 00:00:00,0.7828494754768688,-0.18041681255814593,,0.24356507972852717,-0.4203937011357595,264.76536081528525,272.0181673490084,0.8144317907694529,,,,,,,0.0,,,271.4600830078125,271.4601593017578,271.4598693847656,271.4599609375,0.17599306727302144,,,,,,0.025171765208949703,,,101303.65569526626,,,2.526627218934911,138.5106249927769,0.14404914506088348,,266.5611418774848,,73848.89298261834,0.18337443876548631,0.0027160729176899387,0.006763659082779125,7.075130851311091e-07,0.004694109132303994,,261.61203779412443,0.09065490925805808,-0.23810272668240337,4.3008395340830944e-08,0.011964820545805981,0.0036816015817533582,-2.886156044203303e-08,0.039936528388826185,0.005373696162855837
1978-04-01 18:00:00,,,5.556648395470614,,,,,,227.14540007620147,2.1157141488332016e-07,1.4229189913124728e-08,1.7402230723369755e-07,1.3797626604695291e-08,8.608506736380032e-08,,5.34684397341937,0.14903358594905694,,,,,,3.7105875255088127e-06,3.6992463310794717e-06,586.0251479289941,0.0,7.657620769280654e-07,,270.5645025129149,7.885326383381906e-07,,271.0481513209597,9.460611676676034e-07,,,,3.8850148754007016e-06,,0.0,,,,,,,3.909174154496052e-06,,,,,,,,,
1978-04-02 00:00:00,0.06318978868292634,0.14224422048534868,,-0.05444791895398021,-0.3473164090038051,262.03229409844215,270.8468264969143,0.8121532416907993,,,,,,,0.0,,,271.4606628417969,271.4600372314453,271.4601287841797,271.4599609375,0.14557291064742048,,,,,,0.009991030721269415,,,101526.67714497041,,,2.2781065088757395,138.01705065845738,0.14409671027279464,,266.2627111130212,,74063.13768953402,0.14607121394230768,0.000761104053294165,0.005997471555450259,0.0,0.0006282061514769785,,260.9815009303347,-0.0653963653293587,-0.22474010738395375,-3.6532828044773154e-11,0.0013110905563832155,0.0004981100206544413,4.7189340332230915e-07,0.0162866674763145,0.004910740207814606
1978-04-02 18:00:00,,,6.266898251144139,,,,,,1030.8122903924238,1.463388814728641e-06,6.098113540758395e-09,4.5859095083891285e-07,5.044503214620274e-08,2.4804039801451645e-07,,6.141795350249702,0.26390933426174185,,,,,,1.8635048316075252e-05,1.8629052582577135e-05,1006.9896449704142,1.4107608230861686e-09,5.046280442610295e-06,,272.92082494250417,4.318327857897832e-06,,273.31024531076645,7.042595179828666e-06,,,,1.9094735913022734e-05,,0.0,,,,,,,2.0088793257989828e-05,,,,,,,,,
1978-04-03 00:00:00,-0.6398790573932716,0.06008576500345264,,-0.36543912718281946,-0.45043125378309623,267.2177291960406,275.03097588352904,0.8072474373162851,,,,,,,0.009128502840121117,,,271.46009826660156,271.45948791503906,271.4600830078125,271.4599609375,0.29865287464751294,,,,,,0.23675085665911613,,,101578.93639053254,,,2.562130177514793,138.96904307709644,0.14412190646109496,,270.687233828934,,74133.80061945267,0.4422145143768491,0.011544323531833626,0.006207787778955945,8.465314405204277e-06,0.013377195279273762,,263.31441529403776,-0.32954882446830797,-0.27105908704227244,-1.2568348829948602e-06,0.1545030718019023,0.010296615270467905,-4.937858341438089e-07,0.05079524474736501,0.013157187018697784
1978-04-03 18:00:00,,,6.977554857378175,,,,,,1226.624167994449,5.772991998661199e-05,1.5016402718583507e-05,7.897527260187816e-06,1.723365582657989e-06,3.541488630611714e-07,,6.607182604321362,0.2920069948455991,,,,,,3.621110020304573e-05,4.166633596081705e-05,1162.066198224852,9.494420339369915e-07,9.283798157110722e-06,,275.0594817392925,2.0270583015927196e-05,,275.66467068463385,3.672228057003586e-05,,,,4.410593820041453e-05,,0.0,,,,,,,9.938228059802536e-05,,,,,,,,,
1978-04-04 00:00:00,0.3378112499530499,0.49450641835229636,,0.08952290348752716,-0.056149302149665424,270.9268566786185,276.79769554363907,0.8080313639527947,,,,,,,0.0970880632569804,,,271.4599304199219,271.4597930908203,271.4600372314453,271.4599609375,0.3939662233612241,,,,,,0.37368313941729847,,,101496.69156804733,,,2.63905325443787,138.89463941585382,0.1445687649518075,,273.0148217917899,,74125.30813147189,0.5668084861258783,0.022923724812637332,0.030579855247605977,0.0006976762466882107,0.02832243428427792,,264.97110599314675,0.05450408416386892,-0.042447140936315415,3.582067593392095e-07,0.4813865163272588,0.15138857773802733,5.794172251001882e-07,0.34060931577451925,0.08864672444540368
1978-04-04 18:00:00,,,5.3928269662800625,,,,,,1373.5815880185082,9.176646463969756e-06,1.4156764428291095e-06,2.449697996737689e-06,9.283467510042811e-08,1.1521858824816527e-07,,5.26378612969754,0.16252271663507767,,,,,,1.369152196060271e-05,1.4166154805019762e-05,613.0784023668639,2.1311925646997767e-08,3.3681253357046455e-06,,273.0420523197693,4.35431328045546e-06,,273.36798926359097,6.114546011185505e-06,,,,1.6141219957340397e-05,,0.0,,,,,,,2.335082497117082e-05,,,,,,,,,
1978-04-05 00:00:00,0.9681127085488224,-0.4481265276846801,,0.35056835942014436,-0.45023472915739704,267.35253030449684,273.7182681292472,0.8083581607017292,,,,,,,0.08836545323479104,,,271.4600372314453,271.45973205566406,271.4601593017578,271.4599609375,0.19431517110068416,,,,,,0.02171140591773761,,,101693.5599112426,,,2.331360946745562,139.93744636851656,0.14525755199454946,,269.29751930011093,,74220.94422614644,0.282017812397353,0.002752448217479845,0.011294912304398576,4.686230033107058e-05,0.004339387430947208,,263.21419583834137,0.25161789895514763,-0.22471524977825097,3.199345280589211e-07,0.044320308734055264,0.00523624564769,-1.356774939709073e-07,0.037054131964783694,0.014354716435339324
1978-04-05 18:00:00,,,5.840512309554061,,,,,,463.56363351004467,8.630549766608243e-06,2.6703057204477886e-07,7.6139202484717735e-06,3.081917233721039e-06,2.6698387029908663e-07,,5.620294994151099,0.1790262256148299,,,,,,1.727247379235262e-05,2.2749047307573127e-05,709.7662721893491,1.0298223361461121e-06,4.194434401551647e-06,,273.46544245432113,5.494737060817741e-06,,273.93196774093354,8.973100128963853e-06,,,,2.4887143507511658e-05,,0.0,,,,,,,3.138740034498407e-05,,,,,,,,,
1978-04-06 00:00:00,1.521144725867277,0.101734178306083,,0.5275844314394618,-0.28814052265776685,265.91574873162443,273.11744121122643,0.8068824325792888,,,,,,,0.0006684354071081037,,,271.45936584472656,271.4606170654297,271.46038818359375,271.4599609375,0.20012579020663832,,,,,,0.028583052595691567,,,101643.73224852071,,,2.337278106508876,140.31424925313195,0.14529984096098228,,270.0393103424614,,74189.97938239644,0.20706122584596892,0.003299143187393098,0.011612525353064904,0.00011568591439512354,0.005966051090398484,,263.4606663630559,0.3568316927322975,-0.13917811241375624,1.9719053847514115e-07,0.023849583003592825,0.012478427759550109,1.195447585550991e-07,0.030652999645099044,0.040873682446028355
1978-04-06 18:00:00,,,5.124731899013181,,,,,,1636.7622344970703,7.013421086870002e-06,3.129243850708008e-06,2.0596005860165025e-07,5.107257272717515e-08,-2.769346787393115e-09,,4.79341303244145,0.050417115702431584,,,,,,5.333888283848057e-07,5.318623410879507e-07,177.44452662721895,0.0,3.061902064543504e-07,,272.40339832193047,1.96219747059444e-07,,272.91292034803763,3.463197389297937e-06,,,,7.354031653093869e-07,,0.0,,,,,,,7.5434262935931865e-06,,,,,,,,,
1978-04-07 00:00:00,1.2330414867965427,-0.8539018743842312,,0.4267511875671748,-0.5885442587045523,262.84436549801796,272.76547638481185,0.8071681070609911,,,,,,,0.007790198692908654,,,271.45982360839844,271.4603576660156,271.45960998535156,271.4599609375,0.057317880483774036,,,,,,0.023679022252912352,,,101517.37167159763,,,0.757396449704142,140.47422059188932,0.14536606207401795,,267.4470741226828,,74096.0859606139,0.07860289805034208,0.0012424768075435118,0.0008636818835015833,0.0,0.0007715902384921643,,261.95459778915495,0.307041863012596,-0.28981237016485994,1.7941537402369104e-07,0.02678368900649073,0.0010504643460349924,-5.289803084451705e-08,0.0008961255248834396,-0.0014825875942523663
1978-04-07 18:00:00,,,4.883232641502245,,,,,,2621.4787677965664,1.9360350213459963e-07,0.0,0.0,0.0,-1.7369572867463017e-09,,4.82224915295663,0.029047136476053993,,,,,,1.2275479050606666e-07,1.1917278060369943e-07,128.02255917159763,0.0,5.0167426378769283e-08,,273.0650927300989,4.669459889361844e-08,,273.4548670300365,2.2820020700700184e-07,,,,1.2275479050606666e-07,,0.0,,,,,,,3.172365739148044e-07,,,,,,,,,
1978-04-08 00:00:00,-1.3848041049122104,-1.1587379500710753,,-0.5534811245619192,-0.8577841019489356,265.4256230642104,273.0221481774686,0.8071381939938788,,,,,,,0.01566865458290958,,,271.46080017089844,271.4601287841797,271.4600067138672,271.4599609375,0.047623673839681954,,,,,,0.06034304827628051,,,101923.02847633135,,,0.5621301775147929,140.17653660520293,0.14520453842433953,,268.7537547455737,,74372.46144600592,0.10805669479821561,0.0010025868049034705,0.0008195194266956939,0.0,0.0007796301644229324,,261.99155529857387,-0.42442935176149627,-0.433170132383087,4.9256058871338266e-08,0.010966630626370657,-0.004751485833049526,3.262553958223734e-08,-0.000349827353241881,-0.001343984994486239
1978-04-08 18:00:00,,,4.598191487013236,,,,,,225.36811319986978,0.0,0.0,0.0,0.0,-6.510495659743695e-08,,4.556723075505545,0.03496185844466531,,,,,,1.3502868520613958e-07,1.3294354213412696e-07,100.91457100591715,0.0,6.920994209819997e-08,,273.53181520721614,6.354003373158754e-08,,273.9000823794032,8.041198921979531e-08,,,,1.3502868520613958e-07,,0.0,,,,,,,1.3294354213412696e-07,,,,,,,,,
1978-04-09 00:00:00,-1.0261789130035943,-0.633605415299094,,-0.4921317862335747,-0.6417314258552868,264.15291202703173,272.6542362009985,0.8035382995238671,,,,,,,0.0,,,271.46002197265625,271.4593200683594,271.4598388671875,271.4599609375,0.032989592241817675,,,,,,0.0006573496485602926,,,101827.52773668639,,,0.5621301775147929,141.13837554751063,0.14516111520620492,,268.7983224180323,,74409.18585891272,0.033612313355214495,2.373428739739593e-05,0.0006784123076489691,0.0,0.0,,262.3728349674383,-0.3971761726063384,-0.32550272292639376,-3.83075377704328e-08,9.1552734375e-05,0.0002686501254696818,-1.203934368530196e-07,-0.00029253958415835214,-0.0005572489600562485
1978-04-09 18:00:00,,,4.719511432760566,,,,,,1433.095654296875,0.0,0.0,0.0,0.0,3.4263178634873353e-08,,4.533754636550091,0.14778272640070267,,,,,,7.638828994254389e-06,1.0427925184633605e-05,635.1778846153846,5.905356632887259e-07,1.5891559377929868e-06,,275.2478221464439,2.1309432017027275e-06,,275.556622115818,2.4232462313048235e-06,,,,7.646081186610566e-06,,0.0,,,,,,,1.039968792503402e-05,,,,,,,,,
1978-04-10 00:00:00,-0.5787887403950889,-0.3654743172007905,,-0.3065037416988576,-0.5701596694585134,267.41004582692887,275.377002783781,0.812336463194627,,,,,,,0.160286717160919,,,271.45985412597656,271.4605712890625,271.4600372314453,271.4599609375,0.17283485909185467,,,,,,0.24111541206314718,,,101795.54031065089,,,2.1775147928994083,140.09214773685974,0.1447539780972272,,272.5050235725719,,74359.66632766272,0.3717963766064164,0.004751357806504831,0.01253897419053979,6.208053001990684e-05,0.0037933214176335984,,264.42785951512803,-0.18626578178631484,-0.2960949169813529,2.332821620294835e-08,0.04756037582216223,0.009150893449474722,1.2484530444028264e-07,0.043494879141361756,0.0175481197705283
1978-04-10 18:00:00,,,5.200745548722306,,,,,,2030.4288502774498,1.4411539015685313e-05,8.572410990500592e-07,7.235704089057516e-06,3.11465129344421e-06,7.45457753014872e-08,,5.093170572314742,0.11057141546666975,,,,,,3.231700355484641e-06,4.922409029401971e-06,536.1105769230769,2.0263567787303022e-07,8.182192342521171e-07,,275.5616724138429,1.4656702794972256e-06,,275.9857316778962,7.529671375568097e-06,,,,1.0463965715035884e-05,,0.0,,,,,,,1.933077383323534e-05,,,,,,,,,
1978-04-11 00:00:00,-0.9266962130394207,-0.9373948023869441,,-0.4641421842857225,-0.6552591718865569,269.7002914699577,276.7139601848535,0.8116400852005863,,,,,,,0.09946473251433062,,,271.45957946777344,271.46031188964844,271.4599304199219,271.4599609375,0.1564145962867511,,,,,,0.12575698039940827,,,101867.38091715977,,,1.9171597633136095,142.02863072502544,0.1445806689516327,,273.0844649817111,,74398.84527551776,0.2982445891792252,0.004232925776193833,0.015294337822831293,0.00020691628992204836,0.0036036587325778938,,264.53702089208116,-0.42537341597517564,-0.42711521464692065,9.284626174003117e-08,0.06394209098489335,-0.022769377429104416,6.224786133068674e-07,0.05702186768224254,-0.013785776654644125
1978-04-11 18:00:00,,,4.868939851162701,,,,,,2150.1972009277342,1.4395756128977036e-05,8.212887411992226e-07,9.213425439490369e-07,2.1767254213433295e-08,3.114720296645785e-07,,4.705767349378597,0.12045540894276997,,,,,,1.528416071417769e-06,3.941136704394098e-06,502.56102071005915,9.890273764464982e-08,2.4645192515567913e-07,,277.4152129585221,1.5843064474636281e-06,,277.9600224240997,7.837680140895957e-06,,,,2.4528060791760505e-06,,0.0,,,,,,,1.8340596080531736e-05,,,,,,,,,
1978-04-12 00:00:00,-1.0795552857528776,-1.3432489824012892,,-0.5041098848602475,-0.8499897951205101,272.11551571456636,278.7087075498682,0.8160304109725727,,,,,,,0.12428184373844305,,,271.4606475830078,271.45989990234375,271.45985412597656,271.4599609375,0.1592635656954974,,,,,,0.2946921805658284,,,101884.35392011834,,,2.0828402366863905,141.61932968952246,0.14505246122913248,,274.170729507356,,74469.9453125,0.4317939352001664,0.0027278781642575234,0.015628035957291283,6.440052619347206e-05,0.001698917185766457,,265.682951526529,-0.43931437949457114,-0.4649529372446636,-1.3519229738320052e-08,0.00980302369629843,-0.006912762662891806,3.351327980308485e-07,0.06721618114667531,-0.046476265382484575
1978-04-12 18:00:00,,,4.646005054902748,,,,,,1797.4946716308593,1.0608436440575052e-05,1.0587759977261696e-06,2.0495709582898744e-07,0.0,3.353539074942629e-07,,4.5081682205200195,0.19842384834966717,,,,,,2.513358578879452e-06,3.0689558686589346e-06,827.2144970414201,1.184172864959261e-09,6.341672992917913e-07,,277.0764196271727,9.534979713033642e-07,,277.5549399471847,4.37142977700431e-06,,,,2.7186353002074204e-06,,0.0,,,,,,,1.3661455120560686e-05,,,,,,,,,
1978-04-13 00:00:00,-1.253384962589783,-0.8673642683311327,,-0.6146543547951964,-0.765094136345316,271.4024230234722,277.47153856627335,0.8087838334444712,,,,,,,0.1497906566371579,,,271.4604034423828,271.4599914550781,271.45977783203125,271.4599609375,0.24118222569572856,,,,,,0.4363514633088775,,,101622.58542899408,,,2.3076923076923075,145.73087739662307,0.14462577943971172,,275.0432643551798,,74279.64178069527,0.5614263499982258,0.00840727223288998,0.014944752797531928,0.00021917403802363831,0.006679049610386233,,265.9968992154274,-0.5258327517989119,-0.49193056659585627,1.6372226359124278e-07,0.055697993550328374,-8.121406185556445e-05,-7.470223529831941e-08,0.04532645746360164,-0.015057389552776631
1978-04-13 18:00:00,,,5.389413280599921,,,,,,2132.9440892146185,2.137377593644272e-05,7.885932569673076e-07,1.3676510583719558e-05,2.765190407369264e-06,1.8189173973972783e-07,,5.224687723013071,0.14226066995654585,,,,,,1.8379039312960834e-05,1.8922975782811993e-05,573.2795857988166,3.3668482114048396e-08,5.613902264092801e-06,,277.6804358126849,7.565778035383958e-06,,278.0068893884061,1.6290496086933202e-05,,,,3.2054381610373775e-05,,0.0,,,,,,,4.029763344476914e-05,,,,,,,,,
1978-04-14 00:00:00,-1.073108035431811,-0.8705935506425666,,-0.4950741536518526,-0.7422520112709181,272.1528147861097,277.6131729035688,0.8077543039293684,,,,,,,0.4235980694110577,,,271.4599151611328,271.4598693847656,271.45957946777344,271.4599609375,0.14377481133274778,,,,,,0.3727062157625277,,,101361.55177514793,,,1.8520710059171597,145.4015967013568,0.1443479300956049,,274.90454616208046,,74131.11274963018,0.5929541051740477,0.015240505602232803,0.020883729471962834,3.741549316947982e-05,0.020214554826183433,,266.9520110181098,-0.49770022285055127,-0.3725897884933201,-5.884381424781684e-07,-0.0056090982707999865,-0.0758545568003457,-1.162459728371396e-07,0.017886557522610095,-0.04131507062347683
1978-04-14 18:00:00,,,4.4643857831785665,,,,,,1893.2977363832536,2.342136301232513e-05,4.580784478836511e-06,0.0,0.0,2.8232854200987224e-07,,4.368918655892096,0.11891770221777921,,,,,,1.2748648781748214e-07,1.1886155905102837e-06,448.80399408284023,1.451843721274088e-07,7.537857645891121e-08,,277.30981652976493,5.233784884038056e-07,,277.76780845145504,2.4113076678394565e-05,,,,1.2637537589969016e-07,,0.0,,,,,,,2.4604638652688653e-05,,,,,,,,,
1978-04-15 00:00:00,-1.2556286817471656,-0.08722591964450814,,-0.763332919961602,-0.3997594618938378,273.67598006570125,278.55872376571745,0.801104588974157,,,,,,,0.12239580323710245,,,271.45973205566406,271.460205078125,271.4599304199219,271.4599609375,0.24136262250369822,,,,,,0.07727398392716808,,,101356.26775147929,,,1.6153846153846154,148.77812221910827,0.14371236823719635,,274.7513649844559,,74168.16413184171,0.3607765209817013,0.004287364214835082,0.019461768411272812,2.6930101524443317e-05,0.004731663585414548,,265.48199444832886,-0.7212506469184831,-0.21043562465870874,5.106518644623916e-07,0.05669135031615489,-0.04497649542678743,-2.359421111346421e-07,0.0032379532001427644,-0.013586842449459098
1978-04-15 18:00:00,,,5.502306593945746,,,,,,1197.124291613211,0.00011113409459943602,1.885834530260436e-05,0.0,0.0,2.8589812573906554e-07,,5.224030590621678,0.12901179748174002,,,,,,1.5757881523765757e-07,3.117362599401079e-06,557.4630177514792,1.980928626991588e-06,2.9658353143542475e-08,,277.6933015902367,6.432711152282692e-07,,278.23764561760356,6.711271387585522e-05,,,,1.5757881523765757e-07,,0.0,,,,,,,0.00011425575561071995,,,,,,,,,
1978-04-16 00:00:00,-1.546758781523394,-0.7592444053063025,,-0.7968962065566926,-0.5011681663919483,275.5709751287156,279.5670028776812,0.7952736845383277,,,,,,,0.4655922432622966,,,271.4597473144531,271.46018981933594,271.4600067138672,271.4599609375,0.17218189126641087,,,,,,0.43396104440181216,,,101050.78439349112,,,2.0118343195266273,150.07504344691893,0.14288625491441354,,275.83501447869475,,73967.39723557692,0.7057334403314534,0.04394305528268306,0.03296526697694707,0.0013898138463849853,0.0582994088618713,,266.9293320334169,-0.6727687226244684,-0.1844744146222899,2.9320585969890626e-06,0.4683929725685129,0.11493358880105103,3.811850084388662e-07,0.1002289970245587,-0.05748881496621307
1978-04-16 18:00:00,,,4.2695919014293064,,,,,,619.2508087158203,1.0074044649417583e-05,2.4684787501950238e-06,0.0,0.0,1.8914009499695625e-07,,4.139319182853021,0.11351157645502034,,,,,,7.753363760882581e-08,5.876766683081904e-06,357.8420857988166,2.6655884889455942e-06,1.2862033172119297e-07,,277.5880249745747,5.23772509493066e-07,,278.02990650425295,8.669477948070277e-06,,,,7.753363760882581e-08,,0.0,,,,,,,1.595120810898098e-05,,,,,,,,,
1978-04-17 00:00:00,-1.1037119013317944,0.6571342592408671,,-0.7097404186542218,-0.01153660949165299,274.5074069231925,278.66955638637205,0.7951604977867307,,,,,,,0.08087469699114737,,,271.4601593017578,271.4600830078125,271.46006774902344,271.4599609375,0.20818820930796966,,,,,,0.1035830706534301,,,101224.95303254438,,,1.3905325443786982,147.5920090534278,0.14178394283768694,,275.03145612908537,,74129.95049001479,0.3125402687569342,0.003098075911843565,0.03350069395889192,5.4202136203382144e-05,0.0013214977535270375,,266.4294456165923,-0.6554709835165351,0.15143170441396137,4.7700946708692007e-08,0.04808684353247911,-0.013422842914536154,-8.476440571406966e-08,0.012097839773053953,-0.004031176397786338
1978-04-17 18:00:00,,,5.062396500942975,,,,,,872.2834792364212,2.4751974986149715e-05,2.0703620459201068e-05,3.651864606247851e-06,1.0042743393655358e-06,2.0062805173406103e-07,,4.807815060813046,0.4284732976608728,,,,,,1.7500003061350986e-05,6.750243655323276e-05,1457.603550295858,1.4292417898685974e-05,5.099746073491475e-06,,278.89452691614275,1.3496484276811046e-05,,279.24795008552144,4.251407095666468e-05,,,,2.1155460699070133e-05,,4.5820519592635024e-07,,,,,,,9.224647600975262e-05,,,,,,,,,
1978-04-18 00:00:00,-0.6885961385873648,0.6366384438509066,,-0.44319541073409763,-0.14335671825521795,276.94178040634245,279.2952469142936,0.7998704504684584,,,,,,,0.576451310193574,,,271.46006774902344,271.460162539013,271.4598846435547,271.4599609375,0.48350033624725935,,,,,,0.24320836369769328,,,101086.4288091716,,,2.775147928994083,146.5675083137828,0.1411432063085793,,277.1459137504623,,73968.54202107988,0.799127725101787,0.00984741651284999,0.0637578293570929,0.00446230419994106,0.014924134023090792,,268.1192937546228,-0.45607101846728804,-0.09030337023311819,3.0939231665264924e-07,0.14287441164894393,0.04681674122104983,1.4716362203168269e-06,0.2722858025212965,0.07549725199592185
1978-04-18 18:00:00,,,5.113823772182126,,,,,,783.6414052498441,1.2443351322377222e-05,5.179255671755096e-06,2.763019158289983e-06,0.0,-1.4715320751010357e-07,,4.7787289760521885,0.28840501773992233,,,,,,7.130486681263828e-07,3.179043707762949e-05,1140.090976331361,7.952326500909569e-06,1.9402094405783705e-07,,276.32467524963016,5.703221058704444e-06,,276.74011302699705,2.3922359449623606e-05,,,,3.4763791857386484e-06,,7.994605239326432e-07,,,,,,,4.42321131215293e-05,,,,,,,,,
1978-04-19 00:00:00,-0.6147674357397317,0.2811126765414808,,-0.5800089695044524,-0.05830581935905141,271.1888923419298,276.38469772790313,0.8027674675693174,,,,,,,0.02250856478538739,,,271.45994567871094,271.4598388671875,271.4599151611328,271.4599609375,0.4695342475845969,,,,,,0.06059599204881657,,,101062.7174556213,,,1.7100591715976332,146.2617113463272,0.140510911772237,,274.15197040625577,,73877.98922892012,0.48990175145617604,0.00196756554778511,0.05974366678994083,0.0020087033333863026,0.0020663808788773576,,266.859391161676,-0.55114655240753,0.03844929305759407,4.542951651892939e-07,0.04282076462149929,0.0105408140741972,8.820104392069067e-07,0.1353982634092929,0.0053321119596266885
1978-04-19 18:00:00,,,5.278396888597477,,,,,,833.9789978631652,1.8921565021988907e-05,7.025236208763348e-06,4.930653162961881e-06,4.54287028171607e-07,3.64722820675998e-08,,4.961236897304919,0.24779776849690274,,,,,,1.2997559894471478e-05,4.375792113986947e-05,853.9759615384615,8.48224353508131e-06,3.498598668702255e-06,,277.2126450397559,1.0692464882100123e-05,,277.6580673308062,2.4377682505274665e-05,,,,1.7929976508462217e-05,,1.057903089466885e-05,,,,,,,6.268662813852525e-05,,,,,,,,,
1978-04-20 00:00:00,-0.4701907479551417,-0.1553003491734612,,-0.3156017438899836,-0.32306575775146484,274.13859774798334,278.9024362056213,0.8061255071995527,,,,,,,0.07434587647928995,,,271.4598846435547,271.4599914550781,271.4598693847656,271.4599609375,0.24724285419170672,,,,,,0.05403385500936113,,,101267.63480029585,,,2.4023668639053253,147.63893028123843,0.14012537905450403,,274.944107958551,,74032.88260447486,0.316729716169951,0.003219785069572855,0.02308005202836101,0.002646451871070636,0.00409207541561691,,266.3688268717929,-0.3274651815199993,-0.15299632281241332,1.3514695180712279e-07,0.038596943285338275,0.008203739024830993,4.6688227049080576e-07,0.10687145447777309,0.016747258824004223
1978-04-20 18:00:00,,,5.270546286769167,,,,,,347.7647399902344,3.615921065652159e-05,2.8214996030344767e-06,1.178664215923061e-05,1.9632279872894287e-06,1.3188131690196163e-07,,5.050767097247423,0.1852159669413369,,,,,,7.202925943058623e-06,1.0914990358804104e-05,733.8224852071006,6.318885899154393e-07,1.3548043176267273e-06,,276.4760409925111,8.050286205562614e-06,,276.8962590144231,1.342779785923704e-05,,,,1.89904277846658e-05,,0.0,,,,,,,4.7077617701694106e-05,,,,,,,,,
1978-04-21 00:00:00,-0.921118448471882,0.45059223852214025,,-0.5410572819455841,-0.13535026121421678,272.1199113292807,276.8233086399778,0.8068867526816194,,,,,,,0.019451570228712092,,,271.4604187011719,271.4599609375,271.45994567871094,271.4599609375,0.22394710743921042,,,,,,0.07004416200536243,,,101490.63406065089,,,2.36094674556213,148.73476053271773,0.13973283203395867,,274.4572294336804,,74163.61173261834,0.2563264384072208,0.0034956621700490014,0.012969180677064072,0.00025249938287678556,0.003234778635600615,,266.0136472261869,-0.5217989633774617,-0.0065053115935015254,2.459505567834823e-07,0.040943755186076784,0.017962342874093956,2.208724727743228e-07,0.031535772247151775,0.02504768264452381
1978-04-21 18:00:00,,,5.512643915661694,,,,,,51.60384623209635,0.0,0.0,0.0,0.0,-1.522553328647879e-09,,5.241131037650024,0.17065339398807322,,,,,,9.998216255176703e-07,1.0248185438517282e-06,723.9556213017752,1.184172864959261e-09,3.1422630790069966e-07,,275.28918664695243,2.5278794959452025e-07,,275.6634823951496,3.640961519183492e-07,,,,9.998216255176703e-07,,0.0,,,,,,,1.0248185438517282e-06,,,,,,,,,
1978-04-22 00:00:00,-0.7446890949497561,-0.2356021869817429,,-0.46670381557306595,-0.3040445429333568,272.06713668552374,276.9445653610681,0.8052672563925297,,,,,,,0.0,,,271.4599151611328,271.45994567871094,271.4602603348049,271.4599609375,0.19488182293592826,,,,,,0.001557999108670026,,,101526.03698224852,,,1.8698224852071006,149.94717732265858,0.13931895713128986,,273.62648777707795,,74180.25582470415,0.1952160716762204,0.00015844395880163067,0.00527044442983774,2.831198583693194e-06,5.373632061410938e-06,,265.9003798806456,-0.42516074660261705,-0.11707731957971697,3.0676282216593644e-08,-0.00011581217748878976,1.4110910568452445e-05,7.377487360003829e-08,0.002136483546015779,-0.002907418993097791
1978-04-22 18:00:00,,,6.004424298303367,,,,,,983.2012317798756,2.066579443463207e-05,9.291513255361974e-07,0.0,0.0,1.807874840127646e-07,,5.683195390644864,0.14541201619706914,,,,,,5.464356106061202e-07,7.097435751433909e-07,636.5617603550296,1.548151568283696e-08,2.037860541301366e-07,,276.30548538117716,1.1974714211458285e-06,,276.8005616678994,1.0755552342657507e-05,,,,5.464356106061202e-07,,0.0,,,,,,,2.1374878093335754e-05,,,,,,,,,
1978-04-23 00:00:00,-0.9327861345731295,-0.7118795552902674,,-0.6612174017189523,-0.5160521896633171,273.03409761507834,278.0831924528765,0.8010775753732263,,,,,,,0.09935846272304918,,,271.4607849121094,271.4599304199219,271.46022033691406,271.4599609375,0.23596787311621673,,,,,,0.11659863714635725,,,101422.31767751479,,,2.165680473372781,150.72986038478874,0.1387509255719608,,274.7292739597298,,74155.10463664941,0.3200595110831176,0.004903037167159763,0.025592781382904956,0.0007260649867311738,0.0028768347565239,,265.5204744959724,-0.6659144621628982,-0.297774563174276,2.0695331615096883e-06,0.09765533581243473,-0.007689929925478422,1.342059423066896e-06,0.1451686626443496,-0.037401952334409634
1978-04-23 18:00:00,,,5.282182845843614,,,,,,794.7194755404603,1.3034245186656183e-07,4.2618340509530354e-08,1.4396924415283654e-09,0.0,2.1991219705476332e-07,,5.096001692777555,0.1636774187257304,,,,,,4.5513458682235175e-06,1.1776722747193286e-05,661.6494082840237,1.5319870597512059e-06,9.088110200752168e-07,,278.7720304410133,2.1943282446212316e-06,,279.1610620261649,3.172205926398554e-06,,,,4.555633258537428e-06,,1.6291421898723353e-06,,,,,,,1.1873051259644639e-05,,,,,,,,,
1978-04-24 00:00:00,-0.820199424698508,0.5503930255506165,,-0.6198741585545285,-0.10459417986446584,277.2226923654771,280.15864228920117,0.8002549783717952,,,,,,,0.3746189817169009,,,271.4600372314453,271.45997619628906,271.4600372314453,271.4599609375,0.1830649291269878,,,,,,0.2633728388498521,,,101302.59375,,,2.4792899408284024,151.6598714794633,0.1379770894022383,,277.31894218851124,,74139.70423446746,0.442865495851054,0.00580505506526789,0.016959557166466348,0.0004060733953171228,0.0032218334942879763,,267.16592614890556,-0.6057244814359225,0.05251269368730353,3.158797154522683e-07,0.12257194517587777,0.021204710249188383,3.835577455751554e-07,0.05657122442884558,0.00962421705825089
1978-04-24 18:00:00,,,5.532001156778731,,,,,,1509.6703664565227,0.00029890212786973583,2.9618526704212617e-05,2.419207928448739e-05,6.585938514337032e-07,-3.6623850166894074e-08,,5.059692704465967,0.28887108797152367,,,,,,2.9888775574385062e-05,5.347462448142689e-05,1182.633875739645,6.191234087802955e-06,5.906998846657883e-06,,279.784406492696,3.06575961366913e-05,,280.1234715930104,0.00018474300937539726,,,,5.407887097646499e-05,,1.0897510150480552e-05,,,,,,,0.0003523716996059214,,,,,,,,,
1978-04-25 00:00:00,-0.2522053182477782,-0.20041567334056606,,-0.1674396300456933,-0.3474476436186119,277.72739748982985,280.5968140370747,0.8128316804502137,,,,,,,0.81919407068625,,,271.45997619628906,271.4597473144531,271.45994567871094,271.4599609375,0.34570538221731695,,,,,,0.7366536210274556,,,101305.61945266272,,,2.739644970414201,148.47796504455206,0.1375521118118918,,279.17543454142015,,74151.1775147929,0.9483000226980131,0.04333589126813341,0.050860329940308924,0.009809968034191244,0.09052221701871714,,268.47013683431953,-0.12221727427646253,-0.19321871085985173,4.868367349332165e-07,0.6142496364356498,0.3954307225328931,-2.028057027949825e-06,0.3317469067474794,0.1711774231458204
1978-04-25 18:00:00,,,4.676755278773562,,,,,,1058.3627623608832,4.392835868180856e-05,1.4636202676761786e-06,2.3428593161543446e-05,2.12612677608016e-06,5.740822583385991e-08,,4.3510809960449945,0.3169795831985022,,,,,,1.9573909643839098e-05,3.0936662262008034e-05,1152.9031065088757,3.6143251424710424e-06,3.967533361982312e-06,,278.5545964889978,7.429771874783307e-06,,279.0228220922707,2.9777986763497078e-05,,,,4.3001400648489507e-05,,0.0,,,,,,,7.489253077986678e-05,,,,,,,,,
1978-04-26 00:00:00,0.4189035314074635,-0.3131493449916501,,0.10105244788897813,-0.49088590949244754,276.20040911612426,279.2997714612611,0.8195273717479593,,,,,,,0.07788681842871671,,,271.45977783203125,271.46026611328125,271.4598083496094,271.4599609375,0.36404039732803256,,,,,,0.18469103123750208,,,101355.52533284023,,,2.5207100591715976,147.58794100609052,0.13819711166020682,,278.044569026789,,74147.45513590977,0.47428927301655155,0.009584558318980788,0.03756017228946663,0.0006943426188632581,0.01245774037739229,,267.72902819390833,0.015504368663539547,-0.271005049259705,4.4814442473321813e-07,0.11863590616005412,0.07288893863294252,-2.1511579646051107e-07,0.18490933502346454,0.07523996208810947
1978-04-26 18:00:00,,,4.992598759352103,,,,,,621.7737935384115,0.0,0.0,0.0,0.0,1.6837415677879677e-07,,4.727271734610111,0.015937669742742234,,,,,,4.824261269229051e-09,1.4648657049653093e-06,67.66383136094674,1.805994284928903e-07,0.0,,277.5862452038646,6.62850932433055e-08,,277.95023287259613,6.637409241241816e-07,,,,4.824261269229051e-09,,0.0,,,,,,,1.4648657049653093e-06,,,,,,,,,
1978-04-27 00:00:00,-0.6126959084053717,-1.2107334080532457,,-0.29397189123390693,-0.8137398951152373,272.2217476748856,278.7431799533099,0.8181278497509702,,,,,,,0.010425274188701924,,,271.4601593017578,271.4599914550781,271.4599609375,271.4599609375,0.03702594824796598,,,,,,0.027187031401685005,,,101241.12296597633,,,0.11242603550295859,148.37806674573548,0.13795509846252801,,274.55524060853134,,74084.1683848003,0.06328596306975777,0.00010808173721358621,0.008268367609328772,0.0001528890880607289,7.702524845416729e-05,,265.9611729729105,-0.19733096579828205,-0.39066464237912873,9.317076837329866e-08,0.002128798566182067,-0.00044026634981029133,-4.313656951427548e-08,0.015790318363461887,-0.0006939814640925481
1978-04-27 18:00:00,,,4.956022262573242,,,,,,945.248382446289,3.2595849248784533e-06,4.981490838501228e-08,0.0,0.0,8.623955230409081e-08,,4.715496345384587,0.09106707149708765,,,,,,4.0892225045424243e-07,1.2603560848348945e-05,440.1198224852071,2.146670980566352e-06,1.4217272841718777e-07,,278.5314227222691,1.9023007542423947e-06,,278.8894995514458,9.107739615017141e-06,,,,4.0892225045424243e-07,,0.0,,,,,,,1.5864358145809737e-05,,,,,,,,,
1978-04-28 00:00:00,-1.960001048251722,-0.5667910716942781,,-1.0855334863154846,-0.444424459920127,273.1862585304757,280.6334611339682,0.8130350775972626,,,,,,,0.00472423169739853,,,271.4598083496094,271.4597930908203,271.4599151611328,271.4599609375,0.18539239104682878,,,,,,0.11715228740985577,,,101324.05769230769,,,1.6745562130177514,147.79420949721478,0.13738684118146727,,276.6397716815655,,74168.45497411242,0.24425375673192493,0.0007164351333527875,0.04972405969743898,0.0011082711304433246,0.00039433586526904586,,266.27310424443533,-0.9961325177074184,-0.2600551526222003,8.216176015674826e-08,0.004220640638115755,-0.0007530549574180467,-2.3636662989535188e-07,0.10737132796874413,-0.06066689124474159
1978-04-28 18:00:00,,,4.684692659321621,,,,,,658.929682957307,4.5421737185596717e-05,1.4158924655801446e-05,0.0,0.0,1.5511584976900192e-07,,4.595800523927226,0.16381194887781989,,,,,,1.0437288007439947e-06,2.0993912052473374e-06,683.3698224852071,3.3437786899374784e-07,2.461481431620361e-07,,278.84998497596155,1.139612592889007e-05,,279.2286441960984,2.2672249015266373e-05,,,,1.0437288007439947e-06,,0.0,,,,,,,4.75064889919123e-05,,,,,,,,,
1978-04-29 00:00:00,-0.9828556670239691,-0.4808643724791397,,-0.5872978684464856,-0.4953540203839364,275.9913293962648,280.14794344027365,0.8113892018442324,,,,,,,0.05843601565389238,,,271.46046447753906,271.4599609375,271.4601593017578,271.4599609375,0.263882699097402,,,,,,0.10770908333140718,,,101362.01072485207,,,2.36094674556213,148.3502838315343,0.13122070752657378,,277.8938939924071,,74155.69977348374,0.3609153250970784,0.00903464774408284,0.027884270396557522,0.00035086750278811484,0.006005732970830252,,266.8703433606752,-0.5686247503969091,-0.2989563123714289,1.0327176506405133e-06,0.1010373299431673,0.010218044202884979,5.136406846990611e-07,0.12693235505173897,-0.05459454461667665
1978-04-29 18:00:00,,,4.500060724788869,,,,,,472.68025058653296,4.9141648958420614e-05,1.2025810205019437e-05,0.0,0.0,8.600763115513871e-09,,4.251469713696362,0.10254872339011649,,,,,,1.0332410890586983e-07,2.105081090207636e-06,559.7536982248521,1.8892071303531264e-07,1.773271418986677e-08,,278.48866551867604,3.6710641793245395e-06,,278.76065406573593,2.9840060239712868e-05,,,,1.0081274109787842e-07,,0.0,,,,,,,5.124359441226756e-05,,,,,,,,,
1978-04-30 00:00:00,-0.7100281912899582,-0.2395775868342473,,-0.41549098562206743,-0.3486146531866852,275.36024854310165,280.1192504160503,0.823636758256946,,,,,,,0.0026727033084666236,,,271.4602355957031,271.4601135253906,271.46026611328125,271.4599609375,0.1731747960197855,,,,,,0.057037263226932325,,,101255.37222633135,,,2.0414201183431953,144.4786584617118,0.13048112180811414,,277.2680894298666,,74135.49200258875,0.20114153799926035,0.00039750231793646274,0.0314433532353689,5.444831396701068e-05,0.00018588960523436055,,266.71939150116145,-0.3293860847428,-0.18557341987564718,1.914737870951683e-08,0.0014271888683533528,4.5010642308367075e-05,-3.021814982329644e-09,0.05668731765634209,-0.03170286656836786
1978-04-30 18:00:00,,,4.6312268274070245,,,,,,710.8552087522021,0.00014369269094523593,3.243815264052893e-05,0.0,0.0,1.1421382666719435e-07,,4.39899046745526,0.177223973020294,,,,,,2.081172551805451e-06,8.03304847175553e-06,819.3435650887574,1.2659098534189032e-06,3.0792817010505666e-07,,279.56898056120565,8.431676576828816e-06,,279.91548978365387,8.324564561335998e-05,,,,2.081172551805451e-06,,8.749582711056139e-07,,,,,,,0.0001517301480445636,,,,,,,,,
1978-05-01 00:00:00,-0.9822339278001052,-0.4497730040691308,,-0.5881528346496221,-0.4328292022795367,277.3459400425296,281.1664302306768,0.8287023238881805,,,,,,,0.12585151266064165,,,271.4595184326172,271.4601593017578,271.46006774902344,271.4599609375,0.3314561110276442,,,,,,0.19499712159647745,,,101410.40014792899,,,2.5384615384615383,144.50075535520293,0.12987173802753876,,279.1932076899963,,74201.57666882397,0.49583326712162534,0.03624874318139793,0.0553008818668458,0.0015377885491184935,0.03336609609028291,,267.46918446918914,-0.5640989563168859,-0.24132970663217398,2.2996073043161242e-08,0.3025878646524489,0.10839535644244866,1.3189638007160817e-07,0.2861160117273147,-0.08063119790963168
1978-05-01 18:00:00,,,5.29940637328921,,,,,,641.7111986685491,0.00015621354594033145,4.718360110852845e-05,0.0,0.0,1.1004038823605928e-07,,5.078267074900971,0.2398325000288924,,,,,,4.483505356064915e-07,1.8610095484016916e-05,926.9870562130177,4.098238147927459e-06,1.3334858479231773e-07,,278.93845633783286,1.763274683754825e-05,,279.42722442446376,6.74350727239304e-05,,,,4.483505356064915e-07,,0.0,,,,,,,0.00017480843165922446,,,,,,,,,
1978-05-02 00:00:00,-1.1239959558791663,-0.7978928413616835,,-0.7016080032438922,-0.5589409777398645,276.5649579290808,280.9458282290126,0.8312015561662482,,,,,,,0.05428761138013129,,,271.46043395996094,271.4597930908203,271.45997619628906,271.4599609375,0.3325959154840052,,,,,,0.14280953491933246,,,101384.24445266272,,,2.1893491124260356,141.8241188907059,0.12927298574052618,,278.4866444965791,,74225.93301590237,0.39157357300526996,0.009695741551867603,0.0699878527278104,0.002846683976212902,0.009404357368424094,,268.075926560622,-0.6353074925891041,-0.3608858006945729,1.4221382250915661e-06,0.1125121991309894,0.05359411005966762,1.8144669438321034e-06,0.30393466750192927,-0.11323898043152848
1978-05-02 18:00:00,,,4.963847414276303,,,,,,1740.736997630498,3.490398621418067e-05,6.709842992252147e-06,0.0,0.0,4.8892460110770905e-08,,4.7816547077788405,0.12103244397767196,,,,,,1.6423928711188615e-07,5.7822457079351305e-06,542.9293639053254,1.3490124831538229e-06,2.255650187605584e-08,,279.4874737079327,4.6868119719465806e-06,,279.8287389631102,1.9534716944722736e-05,,,,1.6423928711188615e-07,,0.0,,,,,,,4.069956802052154e-05,,,,,,,,,
1978-05-03 00:00:00,-1.3099805899625698,-1.3750604652088774,,-0.6851745752187876,-0.7554938694429115,277.7400971361871,281.8492554433247,0.8343384488094487,,,,,,,0.06922172230376294,,,271.4606607640107,271.45947265625,271.459716796875,271.4599609375,0.17942918405024963,,,,,,0.25903257110415123,,,101348.8411612426,,,1.8461538461538463,142.49340513330944,0.12876842995367108,,278.5208790796043,,74213.7942862426,0.36806474493805474,0.00612440617126826,0.04185792821398854,0.0013763664742193278,0.005942790465947439,,267.4679188925839,-0.6315305754983214,-0.5458915755593565,5.639798172195745e-07,0.036930002218398914,-0.001264994820723167,7.888038884059626e-07,0.14220975564252694,-0.06287488112082848
1978-05-03 18:00:00,,,4.823032621801252,,,,,,1252.405926856769,5.2908204010957795e-05,5.499046494269512e-07,1.448353190393843e-05,5.33152966809696e-06,3.042495465717215e-07,,4.518845321158685,0.30352015749237243,,,,,,3.12673975024703e-05,3.1718576448203546e-05,1145.0155325443786,2.783152809333519e-08,5.610794181654439e-06,,279.6936786358173,8.850981145215457e-06,,280.09630408653845,4.651031550571058e-05,,,,4.574885735144982e-05,,0.0,,,,,,,8.460544270171216e-05,,,,,,,,,
1978-05-04 00:00:00,-1.7884298019860623,-0.9548184998642059,,-0.8890064002494135,-0.7088258788430479,276.1369181074334,280.0898336376664,0.8448209117150166,,,,,,,0.5064821864020895,,,271.4601745605469,271.460693359375,271.4598388671875,271.4599609375,0.3181542390902367,,,,,,0.37358732257016314,,,101489.47096893491,,,2.603550295857988,143.81200720431536,0.12882260599079923,,279.34359253651996,,74260.98314996302,0.7429114146565897,0.022737639817028973,0.010784081418959963,4.328267108759231e-05,0.03747955863997781,,268.8299908158342,-0.8287056804408689,-0.5001545742418639,9.227988225602154e-07,0.11370459109323978,0.08437688321360116,-1.1551651503331409e-07,0.014076585247671816,-0.012988317294939029
1978-05-04 18:00:00,,,4.201580950494349,,,,,,2207.7978181700773,1.4075381163309311e-05,5.603861614797243e-07,6.4145751606077835e-06,1.1910734003817541e-06,1.5443656485928663e-07,,4.125860998616416,0.3015457243609005,,,,,,4.875677577137242e-05,5.160175131622856e-05,1172.071375739645,7.710193653078474e-07,7.946992061547274e-06,,279.31328153892383,1.0040693381834312e-05,,279.65660537629435,1.907044437510022e-05,,,,5.517265147711398e-05,,6.644800580905739e-09,,,,,,,6.564658069046292e-05,,,,,,,,,
1978-05-05 00:00:00,-0.9411348421898114,-0.7056728679047534,,-0.5244318550155007,-0.6250253259782961,277.3946468195266,281.18281365569527,0.8422624042048257,,,,,,,0.07783923628767567,,,271.46026611328125,271.4603576660156,271.4602813720703,271.4599609375,0.36259631997734837,,,,,,0.27181067833533656,,,101407.33450443787,,,2.3254437869822486,146.3349361983982,0.12969284791212815,,278.3830003004808,,74217.48560003698,0.5330409958253245,0.010529828494822485,0.016862608748830398,0.00020817680471747584,0.0189688868776581,,269.4602978949011,-0.47490462466809874,-0.40328916854406954,-9.32533332710182e-08,0.00036620987942938266,-0.05567705243296877,1.3281309153311528e-07,0.004722365966209998,-0.06035653973472189
1978-05-05 18:00:00,,,3.7490831691132493,,,,,,1481.4271424075207,7.880796518551527e-06,1.0806483012684703e-06,8.206274470634009e-07,5.480805797689765e-07,3.687580118762445e-07,,3.6339445904161805,0.2087944075906065,,,,,,1.2445026600854637e-05,1.691131902164256e-05,902.1309171597633,5.08678470842937e-07,2.389503698024524e-06,,280.08703829974115,3.737876930180386e-06,,280.37827784069896,8.514184041841496e-06,,,,1.3265163588100637e-05,,0.0,,,,,,,2.4794430069669463e-05,,,,,,,,,
1978-05-06 00:00:00,-0.5223836447360247,0.29894036513108474,,-0.37156782771003316,-0.22618954562576565,278.35000375600964,281.88718680658286,0.8313667135831166,,,,,,,0.09900236411912906,,,271.46063232421875,271.4601287841797,271.4602813720703,271.4599609375,0.2474135901095599,,,,,,0.19280780137643305,,,101068.9336168639,,,2.301775147928994,148.60356600609052,0.1284901743104472,,278.25126115245934,,73995.96035965237,0.43507615216737666,0.004374084784652541,0.06301250272243113,0.0003623228806715745,0.0036280536087307,,268.027437469663,-0.39049126551701474,-0.1408278127393779,-2.9691618046800455e-07,0.025944839567827754,-0.010908415684333215,-7.293165415389733e-07,0.1609891099709268,-0.06793864485780163
1978-05-06 18:00:00,,,4.189463643632697,,,,,,1091.4703067709331,7.390270571736894e-06,6.913279111568744e-07,4.29902909070077e-06,4.2080901254563643e-07,3.475367881446531e-07,,4.0118284507616035,0.2532713399130917,,,,,,3.0939087007172712e-06,5.015210639795608e-06,996.5029585798817,3.2266056352465817e-07,5.40150560923582e-07,,280.3678448016827,2.059732844843667e-06,,280.8783934102256,4.038302856084158e-06,,,,7.391901763938588e-06,,3.539521754140685e-07,,,,,,,1.2404819917396681e-05,,,,,,,,,
1978-05-07 00:00:00,-0.9418257030509632,0.6436682177718575,,-0.5775636300532776,-0.0602714775582037,279.1159046782544,281.8171112241124,0.8229348003511598,,,,,,,0.04425310665333765,,,271.4600372314453,271.46038818359375,271.46019687472716,271.4599609375,0.3636875491170488,,,,,,0.2646062726805196,,,101047.58210059171,,,2.272189349112426,149.33336445283607,0.1275366326055583,,280.0170537282729,,73963.89221985947,0.5737828148099092,0.004885966282857295,0.07635482975155027,0.001248895769288554,0.007294502484022513,,268.7437968056583,-0.5204581706481572,0.011918502446462417,8.925356392951175e-08,0.02581409025474413,-0.013063339439369518,-7.330850193817058e-08,0.1847835380650131,-0.09290781176301854
1978-05-07 18:00:00,,,4.845489987254848,,,,,,653.382320585705,2.6539893898032825e-05,6.324121144396314e-07,8.783352798258764e-06,4.3411480163681436e-07,1.4231337181680984e-07,,4.491818518328244,0.3654685838688055,,,,,,1.067130346975383e-05,3.241655036542542e-05,1514.2725591715975,3.819028742214632e-06,1.4334046364535946e-06,,281.35245238535504,5.629012835096325e-06,,281.73596408099115,2.5156819256099722e-05,,,,1.945333367974095e-05,,2.446832388815795e-06,,,,,,,5.893735490607087e-05,,,,,,,,,
1978-05-08 00:00:00,-1.3646406704152123,0.6154668965988611,,-0.8911755353036012,0.1745225790689683,279.8864486062315,282.71949686806585,0.8126455972180564,,,,,,,0.12720999633066754,,,271.4605712890625,271.4602813720703,271.4603271484375,271.4599609375,0.37149489693035037,,,,,,0.4318178177180221,,,101071.64903846153,,,2.5857988165680474,150.27326829898993,0.12630813643777158,,280.34191966762205,,74019.18269230769,0.6150135221565969,0.008513065811798401,0.07591192397845567,0.0012524932093874238,0.007257224540033284,,269.28807293592826,-0.8510001933080911,0.2416834651365788,-5.883101997146185e-07,0.12554130077185716,0.011072880770327777,-1.0383980639400125e-06,0.14936451763796382,-0.06275015117148676
1978-05-08 18:00:00,,,5.347264888018546,,,,,,644.926503612377,3.466115900750696e-05,4.837587034913915e-06,4.3329093935926993e-07,5.0787734055131144e-08,1.8859144904514356e-07,,5.2303886357143785,0.2884669557830991,,,,,,4.706141048458201e-07,1.2577020910364637e-05,1215.198224852071,4.327773342471151e-06,1.1442937287529544e-07,,279.26857780140534,4.41332276050861e-06,,279.6337471685466,2.5520575117077347e-05,,,,9.051849238971281e-07,,0.0,,,,,,,4.726780589515641e-05,,,,,,,,,
1978-05-09 00:00:00,-1.8045308265460314,-0.8091480153552174,,-0.8316983217318382,-0.4619074657823912,278.72734259430473,281.77395467363164,0.8089406282238706,,,,,,,0.09554656440689718,,,271.4598693847656,271.46026611328125,271.4598846435547,271.4599609375,0.36654970067492604,,,,,,0.18881604798446747,,,101408.08524408285,,,2.3254437869822486,149.4367760652621,0.12533049611650274,,278.92791061852813,,74251.73370469674,0.5175430650103661,0.007480587479630871,0.08444923444242236,0.0027990510477822208,0.0048745172263602535,,267.81400854347726,-0.7343314639209996,-0.24088286789211297,-4.02401356417796e-07,0.10935730273703102,-0.0258284489784015,-3.057779308915491e-08,0.021522946611664,-0.15223694411960578
1978-05-09 18:00:00,,,4.5937947098320056,,,,,,529.2336589466441,8.485867426945613e-05,8.677589822803024e-06,1.064324255525713e-05,2.651954808178738e-07,1.4605494489578687e-07,,4.315024370272484,0.25401893028846156,,,,,,1.3544141540865926e-05,1.7738377554176828e-05,951.5954142011834,5.948754060550554e-07,2.728653906365118e-06,,280.71139544424926,1.5000178969118017e-05,,281.1617381078957,4.1375498799882694e-05,,,,2.418894915891117e-05,,3.4461360005937384e-06,,,,,,,0.00010259687547853008,,,,,,,,,
1978-05-10 00:00:00,-0.6299738404313489,0.32954301777676015,,-0.48100299383761613,-0.1566303806192071,279.8177613026997,282.20158070220043,0.8148038076931203,,,,,,,0.19062705858219306,,,271.45997619628906,271.460205078125,271.45997619628906,271.4599609375,0.42949199182747383,,,,,,0.1562937900159486,,,101330.89792899408,,,2.603550295857988,147.6489617161497,0.12435704293335684,,280.4005712023854,,74203.30230676776,0.5794116671268756,0.024234049418974207,0.06944010018773333,0.0007005824139837682,0.015788557966785317,,268.48092813886836,-0.4453480060283954,-0.01507166574692585,-6.831822828692797e-09,0.49899597280829616,0.011345234495648266,-1.3692731405580803e-06,-0.0010501364984455898,0.046971787715099265
1978-05-10 18:00:00,,,4.1024170147596735,,,,,,1132.7851049884473,8.261768070198376e-06,5.608788256109113e-06,3.902517126862114e-07,0.0,2.623958946770531e-07,,4.0551913560494866,0.23180890506541235,,,,,,6.960120779522777e-07,1.6202147190387432e-06,897.9064349112426,4.881783526324661e-07,2.4662551486633234e-07,,280.13088971200074,2.731833629001527e-07,,280.62466918223004,4.345892801792664e-06,,,,1.0863133876986758e-06,,3.8392533212018437e-07,,,,,,,9.865097745635805e-06,,,,,,,,,
1978-05-11 00:00:00,-1.1106921935222558,-0.417367895679361,,-0.6748399170192741,-0.37339638252935464,279.5557709643121,282.12768988073225,0.821426922047632,,,,,,,0.09238636987449149,,,271.4601745605469,271.45960998535156,271.46009826660156,271.4599609375,0.33634967678750055,,,,,,0.17578215288692678,,,101281.2851331361,,,2.337278106508876,147.64762110964082,0.12355802186142058,,280.21779366216714,,74170.03936298077,0.47199008840869167,0.008469563814669635,0.04024537400707269,0.0002700725250695584,0.007208773370325212,,268.5251045904216,-0.6457170114009338,-0.2358772119826819,-1.8924250840567625e-06,0.19180705842137344,-0.03648744144383267,-1.5688764231731376e-07,0.010041804003292286,-0.04910216423181387
1978-05-11 18:00:00,,,4.905959422771748,,,,,,616.7296303304037,3.6999054209015074e-05,1.2819892203314064e-05,3.991527317543707e-06,0.0,1.0494488228068373e-07,,4.80289634727162,0.26602073534000553,,,,,,1.7739904041473683e-06,3.7286298338478134e-06,1093.9631939047188,7.569420663915442e-07,2.754193636968996e-07,,279.7077723395895,1.8786925535935622e-06,,280.0602521727071,2.3937613301023222e-05,,,,5.7660440016075e-06,,2.547701787666456e-06,,,,,,,4.071411649150961e-05,,,,,,,,,
1978-05-12 00:00:00,-1.711164773568599,-0.06157044405062523,,-0.950511588147406,-0.28600599638809115,277.89382772050664,280.83679271449705,0.8237544996498605,,,,,,,0.08535784659301035,,,271.45985412597656,271.46009826660156,271.4603729248047,271.4599609375,0.39453506258112436,,,,,,0.19483055576638003,,,101276.17788461539,,,2.5976331360946747,146.0613137871556,0.12276103510659121,,279.6479304387019,,74152.04202107988,0.5342902918539104,0.008619586313033157,0.0692258292613496,0.0009380176927916397,0.005171939466126572,,268.34475689950074,-0.8662350445809449,-0.06718533984302769,-2.1325134308512748e-07,0.18434036909271936,-0.03142437462270613,-1.693560504878061e-06,0.22939837649023745,-0.16058118985249445
1978-05-12 18:00:00,,,5.098570084430762,,,,,,488.3006337483724,0.00011030985758854792,3.753699494536812e-05,0.0,0.0,1.0255706044824617e-07,,4.965144191267928,0.4428189068856324,,,,,,1.0092615993065242e-06,6.893912010644314e-05,1716.6763493464543,2.1222119147960955e-05,2.2544068168606277e-07,,279.58088711168637,4.667493365925445e-05,,279.9888533191568,7.340594156253972e-05,,,,1.0092615993065242e-06,,3.0183227809928577e-06,,,,,,,0.00017925585515400362,,,,,,,,,
1978-05-13 00:00:00,-1.369467283847064,0.2004906806720079,,-0.8228896891577004,-0.15267092236400356,279.1520750508506,281.69618360530694,0.8304711569695783,,,,,,,0.03361876899674094,,,271.4599151611328,271.45977783203125,271.45989990234375,271.4599609375,0.4350697456007636,,,,,,0.25938316209781803,,,101375.54437869822,,,2.9881656804733727,145.06491955638637,0.1215525407057542,,279.6995697924371,,74238.44281619822,0.5736993679765766,0.004777128001720732,0.09645240818089723,0.002917735534306814,0.006537324578098997,,268.04784280449684,-0.7198570748052654,-0.029299250721226078,1.2208832462818344e-07,0.04202622610430878,-0.014368381373275667,1.0390747710511353e-07,0.40058890450194745,-0.14008182322485208
1978-05-13 18:00:00,,,5.194203472701756,,,,,,388.10449389345155,1.207386424555581e-05,4.305774290886151e-06,0.0,0.0,-9.792448729607304e-09,,5.090097624874679,0.3515809188933062,,,,,,1.5314194489512922e-06,4.0873444291966905e-05,1358.710703020265,8.594002244035167e-06,4.5178926511276405e-07,,280.53197086492236,7.341158460583207e-06,,280.9577997873521,2.1413144980661967e-05,,,,1.5314194489512922e-06,,3.2621198857324363e-06,,,,,,,5.297353987157698e-05,,,,,,,,,
1978-05-14 00:00:00,-0.9825368181488218,0.17533644839856752,,-0.6975493685028257,-0.20748104005170293,280.1237706291605,282.58841935558434,0.8320003874908538,,,,,,,0.007214021400587093,,,271.45982360839844,271.46014404296875,271.46018981933594,271.4599609375,0.4010775896704056,,,,,,0.2443437745585244,,,101079.53661242603,,,2.57396449704142,143.20596060668223,0.12023817434818787,,280.5330052121856,,74075.83008968196,0.5188995483138504,0.00128396446182883,0.1282435950035086,0.0043524567192122785,0.002746717464289016,,268.69948239298265,-0.6752693187555617,-0.1413732731836082,2.045495560965859e-08,0.010917234470097887,-0.004909816600338242,4.3565162165454155e-07,0.39676569483501933,-0.17204179707363512
1978-05-14 18:00:00,,,4.669031188332823,,,,,,367.35366911577756,3.233432946120493e-05,7.873941102676842e-06,0.0,0.0,2.303171016691947e-08,,4.4487042455278205,0.509569152859012,,,,,,9.425932310036654e-06,0.00016501210850371412,1856.0836387498844,3.790705514377391e-05,1.8255575697802934e-06,,282.2846419656065,3.6350192402946876e-05,,282.6261195797892,6.165994694952429e-05,,,,9.425932310036654e-06,,4.722610027832392e-06,,,,,,,0.00019735838534563956,,,,,,,,,
1978-05-15 00:00:00,-0.761320785657894,0.3408543174788797,,-0.5639789626443175,0.024479832169572276,280.82377814117973,283.85965670072113,0.8306679348268452,,,,,,,0.005301052296655418,,,271.46006774902344,271.4593200683594,271.45994567871094,271.4599609375,0.4667583879898991,,,,,,0.31977970642451,,,100651.92307692308,,,2.502958579881657,145.13546319543963,0.11915988470675677,,282.26452853411615,,73769.45992048817,0.5979680531829067,0.00434079216943004,0.16391559434536646,0.014377955148911334,0.020846846541004067,,269.6041469235392,-0.5089157149636534,0.09554222490660538,-3.137404117016838e-07,0.03150390379312352,-0.005941811397936217,-6.784331060383888e-07,0.4463084407106659,-0.0005419377744550536
1978-05-15 18:00:00,,,3.781086334815392,,,,,,405.3823240381726,5.3711367782051045e-05,6.849177666669766e-06,1.1708694868362867e-08,2.9268465142630965e-08,-3.304279819385771e-08,,3.663832376694538,0.48212099209780523,,,,,,1.0578590031911636e-05,0.00012492604509613218,1749.39926833655,2.5668175968192737e-05,1.9058717425758317e-06,,282.2957106370192,2.5615007919672677e-05,,282.64093703772187,6.219797585842877e-05,,,,1.0590140636150654e-05,,9.995504949219834e-06,,,,,,,0.0001786400580547265,,,,,,,,,
1978-05-16 00:00:00,-1.2851210881972455,0.06827079050639677,,-0.8215753848736103,-0.22127326987904206,282.2538441313794,284.49443243805473,0.8345045383865312,,,,,,,0.0240855922360392,,,271.4590759277344,271.46038818359375,271.4602508544922,271.4599609375,0.5110521967903044,,,,,,0.3280900582759338,,,100600.33783284023,,,2.497041420118343,142.856016080055,0.11836123889719946,,282.86922730214496,,73745.89342178254,0.5950188238239853,0.010961917795918706,0.1609839358802378,0.017020953477487055,0.034251918454142015,,270.10767757257764,-0.7507280767316649,-0.1506361650997365,-6.278127297716347e-08,0.08241215294504954,-0.0007624051274632562,-5.505004168912416e-07,0.590117524802332,0.12232623862091606
1978-05-16 18:00:00,,,4.760852904009396,,,,,,552.8805005677353,5.2378551494440385e-05,1.4675880324911084e-05,3.5269020577154215e-10,1.058081380565535e-09,9.40565677781964e-08,,4.627583881807045,0.5138372838849852,,,,,,1.4625842401967245e-05,0.00019273814365003235,1800.8520710059172,5.617808308121721e-05,3.2607532111850716e-06,,282.7447098049186,5.358351758245886e-05,,283.14819769323225,8.854217077853412e-05,,,,1.4625842401967245e-05,,4.937795139628755e-06,,,,,,,0.00024512039839163336,,,,,,,,,
1978-05-17 00:00:00,-1.243691585473055,0.22322132742616552,,-0.6771046113685744,-0.14909950233775482,281.7454061113166,284.2283639399963,0.8333764009221771,,,,,,,0.044336443116678996,,,271.4600830078125,271.46031188964844,271.4600067138672,271.4599609375,0.4750575680704512,,,,,,0.30538145889191937,,,100684.38905325443,,,2.485207100591716,142.91463294396033,0.11743819219826242,,282.74998699842826,,73779.29576553254,0.6133320888824011,0.005782262457017346,0.12867107390034835,0.014426914192515718,0.01351310233392659,,270.6085414547892,-0.6107616763143144,-0.042823074837408125,-1.789314797893442e-07,0.04669039300780677,-0.002719067698399696,-4.860711664225928e-07,0.3953388888366829,0.0136735372289398
1978-05-17 18:00:00,,,4.195745310134436,,,,,,554.8288133000754,1.8668113022866333e-05,1.0240470340266031e-05,0.0,0.0,4.160921039409693e-08,,4.034483774173895,0.41348158255131284,,,,,,5.511644147556914e-06,4.324969455335267e-05,1532.5055473372781,1.438491090514956e-05,1.1057416583306691e-06,,283.7200284878883,9.51813875570805e-06,,284.213815181213,2.6598572731018066e-05,,,,5.511644147556914e-06,,4.003915561021432e-06,,,,,,,6.194897657315406e-05,,,,,,,,,
1978-05-18 00:00:00,-0.6965008007704153,-0.16723054964866865,,-0.34119796188625356,-0.34478436419244346,282.4437812037722,286.158952882304,0.8372008102179984,,,,,,,0.016102807761649407,,,271.45997619628906,271.4600067138672,271.46006774902344,271.4599609375,0.45921912560096156,,,,,,0.22943061061159392,,,100563.1974852071,,,2.2544378698224854,140.49150979307277,0.11623557502701437,,284.32373046875,,73727.50991586539,0.5687409149339566,0.0027297460115872896,0.17109251048790633,0.011944945747330344,0.007457213994313979,,271.025600094767,-0.28716189480392185,-0.24354149180756518,-5.042923707549444e-08,0.014152876724152875,-0.003644864344914284,4.097270671593042e-07,0.5538949100576209,-0.1698246453640729
1978-05-18 18:00:00,,,5.146956251923149,,,,,,450.68786938159496,4.158279246832492e-05,1.6847922957155127e-05,3.6822028524247855e-08,2.1715246185043154e-08,1.0250714318134502e-07,,5.001107689896984,0.4128450472679364,,,,,,1.4059862794255365e-05,0.0001010411589808718,1523.1952662721894,2.7118702611979648e-05,2.9832301055185895e-06,,284.55539102949336,2.424211720743123e-05,,284.93407625277365,7.296463794256809e-05,,,,1.409641031682844e-05,,9.591806922438582e-06,,,,,,,0.00014265437097944452,,,,,,,,,
1978-05-19 00:00:00,-0.3335457468879293,0.6095011389467138,,-0.3148380426260141,-0.04007582128400633,281.87830528846155,286.855259280233,0.8399636431558598,,,,,,,0.002365631464670396,,,271.4600372314453,271.45941162109375,271.4601593017578,271.4599609375,0.43551852435049926,,,,,,0.12878887469951922,,,100273.1900887574,,,2.21301775147929,140.9182387131911,0.11488633466190135,,284.48998734513685,,73543.84446653107,0.4723963991424741,0.001220505618484768,0.09706400202438456,0.007055948471881934,0.0018339608547955574,,271.2074285202478,-0.31600017096163957,0.10405548366569203,-1.0816899794546512e-07,0.007500608764401466,0.0025323161375901755,2.4377077352255583e-06,0.5326670975060638,0.03517175567220654
1978-05-19 18:00:00,,,6.998078148745926,,,,,,178.7735855008927,4.954927066374107e-05,8.527961003004447e-06,0.0,0.0,2.1050467984902413e-07,,6.501204140792937,0.4226334250184911,,,,,,1.37474233582175e-06,0.0001626314496147562,1619.488740960522,3.124658878032978e-05,2.0877193637500853e-07,,282.3715256911058,3.603012604120921e-05,,282.83548677884613,8.205831403563008e-05,,,,1.3721853318299062e-06,,1.3402404164421487e-05,,,,,,,0.00021217349012927895,,,,,,,,,
1978-05-20 00:00:00,-0.8988288506953674,-0.6638154193494447,,-0.7873880961942955,-0.3977208504310021,281.25107190735946,284.3955005894046,0.8433694895907972,,,,,,,0.016165513258713942,,,271.46026611328125,271.4597473144531,271.45994567871094,271.4599609375,0.5684520260557621,,,,,,0.07692858453333025,,,100547.98187869822,,,2.378698224852071,138.84889699721478,0.11388683319091797,,282.27909318370934,,73661.84090698964,0.584733605428913,0.0030184017835989505,0.08415509581141527,0.009559112187673354,0.0021601739014394184,,269.56385938655694,-0.7766160174939759,-0.23858578247431467,8.015934666019407e-07,0.03966499078864185,0.002766907413506649,1.028944388532752e-06,0.09715706639035919,0.08817162527840518
1978-05-20 18:00:00,,,6.069692527048686,,,,,,238.77659606933594,6.140160137379663e-05,7.171867161812867e-06,2.4185110897531172e-08,4.9044259619959715e-09,1.3031706673929403e-07,,5.802198381818963,0.2896821512978458,,,,,,9.329482560327067e-07,5.205566361105654e-05,1061.4848372781064,1.3486608951049443e-05,1.8465536585926305e-07,,282.17653678578034,1.5143106675006934e-05,,282.7114893444896,3.5020550327188165e-05,,,,9.569697655164277e-07,,1.985667901631643e-06,,,,,,,0.00011344633158847425,,,,,,,,,
1978-05-21 00:00:00,-1.4200555248373359,0.07679284676997619,,-1.0801882659189799,-0.15656098811584113,280.7103408723188,284.5737636949889,0.8459523619984733,,,,,,,0.004758089957152598,,,271.46014404296875,271.46034240722656,271.46018981933594,271.4599609375,0.3516117976262019,,,,,,0.09052633251664201,,,100736.17566568048,,,2.1183431952662723,135.93987332857571,0.11259356335070006,,282.4083634777182,,73824.25644877959,0.3601332444411058,0.0014866992566712508,0.06951618868669567,0.007654855942585059,0.0007377545509112657,,270.1500858103735,-1.036767970880813,-0.019009499860233103,6.82554785341311e-07,0.02246455445791975,-0.0012126635517594377,8.766096982190154e-07,0.20460282839261568,0.03447069501030375
1978-05-21 18:00:00,,,5.970323003960784,,,,,,345.5959747314453,0.00032320742071027586,0.00010215178043884638,5.595915063598452e-06,3.526928965842693e-10,2.3971950094912687e-08,,5.6624419929007805,0.474501028568787,,,,,,1.430908251090868e-06,5.8839571546520707e-05,1800.8893286688087,1.5924668170996673e-05,4.4446956564688824e-07,,282.0809203379253,5.6730748633661214e-05,,282.4525789339867,0.00014910613291362334,,,,7.02744052254942e-06,,6.399299266070304e-06,,,,,,,0.0003820333255113229,,,,,,,,,
1978-05-22 00:00:00,-1.6264168778820152,0.08017968285013233,,-1.1084438865706765,-0.027968305102466832,280.39784520617604,283.4058238373706,0.8500104447793678,,,,,,,0.08272566033538277,,,271.46067810058594,271.4598846435547,271.46014404296875,271.4599609375,0.5182921279816938,,,,,,0.11752183902898483,,,100872.37389053254,,,2.378698224852071,137.73702569543963,0.11175131092410116,,282.3863287028476,,73907.73601608728,0.5570875540287537,0.027388984635031435,0.0857523103773638,0.0041449620173527645,0.017269789114506287,,269.914760251017,-1.0469678224191157,0.12864199192566278,3.0618117393418794e-06,0.40829124676405326,0.20914855150136677,-8.028447483363148e-07,0.136721182151659,0.177529856650787
1978-05-22 18:00:00,,,5.521989054933807,,,,,,1018.0889613586064,0.0006141140616151708,0.0001766103259205113,7.76659102129513e-06,1.3647788375087039e-06,4.7783038023371555e-08,,5.159815257822974,0.3459786860900518,,,,,,1.0946787585168196e-06,8.34027691000312e-05,1383.057041326218,1.9427410949616742e-05,2.0160550560207056e-07,,281.91444821329515,0.0001218385950348081,,282.3046773876664,0.0002603746024814583,,,,8.862443576903033e-06,,7.434709537664109e-07,,,,,,,0.0006975140091935558,,,,,,,,,
1978-05-23 00:00:00,-1.7144891693747255,-0.3412592848377115,,-1.1764251043105267,-0.22564186005902714,280.83458389191935,283.0580982456546,0.8476497675540179,,,,,,,0.252932486449473,,,271.4594421386719,271.45997619628906,271.4595947265625,271.4599609375,0.3982707961082194,,,,,,0.5695944116313076,,,100804.12315088758,,,2.2189349112426036,141.8115911540195,0.11127362166636089,,282.25084365754435,,73896.28494822486,0.7586700073360692,0.08661141480214497,0.0913118549950487,0.009221488907492373,0.0976076746833395,,269.75878617326185,-1.1616922468828732,-0.08045720771924984,5.887788252012264e-06,0.9677974091479059,0.6380817882893001,-4.145019197252375e-06,0.21601892364095654,0.07517169530575092
1978-05-23 18:00:00,,,4.883563103760488,,,,,,637.6820109192754,5.760731605383066e-06,8.336590746274361e-07,5.678780729601369e-07,1.2449964263735437e-07,2.3761439709195274e-07,,4.781884120060847,0.4245195558085244,,,,,,9.908996654685433e-07,1.0219110539678991e-05,1745.1874701144427,3.1892893582406127e-06,1.692024373708392e-07,,280.9557267589682,1.7620292464656943e-06,,281.2915299093935,7.455011267633833e-06,,,,1.5584939330287234e-06,,2.4157212551176195e-08,,,,,,,1.596862218789095e-05,,,,,,,,,
1978-05-24 00:00:00,-1.5216369798197549,-0.006180847890278292,,-1.1135921083258453,-0.0021874636588011974,280.20118632119085,282.4042535364275,0.8453485288563565,,,,,,,0.273842625364044,,,271.46009826660156,271.46026611328125,271.4599914550781,271.4599609375,0.499333940314118,,,,,,0.45793865136140904,,,100903.30695266272,,,1.982248520710059,141.1304243640787,0.11190367591451611,,280.9056909324149,,73972.96595321746,0.771961722912862,0.010999431271524824,0.08858133349898299,0.0036679894261106233,0.019717425284301034,,269.77279897836536,-1.0861800097854886,0.09477298217412283,2.7478307797456405e-07,0.033681158468829187,-0.013355745013648942,3.167554996521956e-07,0.35056556047067133,-0.26391954252705774
1978-05-24 18:00:00,,,4.202633688435752,,,,,,341.8383422851563,5.361745299319543e-07,4.824622914459578e-08,0.0,0.0,2.070189563075269e-07,,4.102534785073185,0.334897103394277,,,,,,2.5964336546920463e-07,2.735553408515524e-05,1242.8468934911243,2.239648936062875e-06,1.396914977117403e-07,,281.6500959227071,2.1468583472381682e-06,,282.0652751132581,1.3416952635409564e-05,,,,2.5964336546920463e-07,,1.6312197556157084e-07,,,,,,,2.7890829644964998e-05,,,,,,,,,
1978-05-25 00:00:00,-0.9932113681319197,0.5330530990510297,,-0.7831666596542449,0.07041191349368124,280.8824975730399,283.0368897928994,0.8370111429479701,,,,,,,0.007429055208285179,,,271.4597473144531,271.4600372314453,271.46002197265625,271.4599609375,0.4940657155621334,,,,,,0.2957408837312777,,,100897.95728550295,,,2.088757396449704,142.72898205638637,0.11068199654302653,,281.85983294424926,,73990.70691568048,0.595447186733315,0.000875791854406955,0.19924983150772088,0.012117374578171228,0.0014371138352614183,,269.98093391734466,-0.7598770468898074,0.14819400268193533,-2.4504312257155516e-08,0.002587346621074703,-0.0025012755446885463,-2.781442485711146e-06,0.39696541622545595,-0.30409523439125197
1978-05-25 18:00:00,,,4.435951746427095,,,,,,321.6188753568209,5.873667417898686e-05,1.8188123695949126e-05,9.992860461524604e-09,3.914658934947037e-09,1.577959769424497e-07,,4.279303753869773,0.5946552344327848,,,,,,1.690568148913468e-06,0.00010716174481183115,2127.6408677862946,3.0968712984457524e-05,3.933969929197131e-07,,283.2075267543454,2.6696135659189618e-05,,283.5247000970784,8.344659085809832e-05,,,,1.7010661933196368e-06,,2.519177967274683e-06,,,,,,,0.00016589065980629104,,,,,,,,,
1978-05-26 00:00:00,-0.8881078133216271,0.5124120881571572,,-0.602254579758503,0.263383420966786,281.8825322438979,283.98817001433065,0.8306836588142892,,,,,,,0.01205952209833811,,,271.4598846435547,271.46031188964844,271.45970153808594,271.4599609375,0.5925575934584527,,,,,,0.41789755554829816,,,100787.57766272189,,,2.378698224852071,144.18844026644555,0.10941669362536549,,283.5810633552145,,73910.69186852811,0.7340495025617837,0.0037525779793773275,0.21859577309185937,0.013457597360103088,0.006939069759210891,,270.85500213803624,-0.5824878794201732,0.26629267923930694,-6.054528832529291e-08,0.03519187080976967,-0.011614604197310273,2.7643662006676904e-07,0.8346141965387488,-0.49263291105010804
1978-05-26 18:00:00,,,4.554438037985175,,,,,,430.6153910258818,0.0003306185000041533,7.858916499910976e-05,1.83548731453849e-08,1.5555911273116895e-08,1.0465604169741128e-07,,4.375684788946569,0.4756702671389608,,,,,,2.2076808753803638e-06,6.616768046949037e-05,1762.5148255839151,1.418744847619322e-05,4.534810759435744e-07,,282.4139093703772,7.237441088320941e-05,,282.8200076853735,0.00013663306744140987,,,,2.2265498013891412e-06,,2.844027689928134e-06,,,,,,,0.0003967849460579234,,,,,,,,,
1978-05-27 00:00:00,-0.4756164381489951,0.026163259201501247,,-0.30486556058804665,-0.23561020010321804,282.03560697115387,283.917288334412,0.8304182827119997,,,,,,,0.30862851114668083,,,271.4607238769531,271.4595642089844,271.45997619628906,271.4599609375,0.47662181495385764,,,,,,0.28520719380773735,,,100840.11002218934,,,2.378698224852071,141.39040957117928,0.10832695707061588,,282.85410936344306,,73918.69938054733,0.6723479632310261,0.017284966488552215,0.12867189736584939,0.003364822568272698,0.017061910685702893,,270.24145796736315,-0.26925909730809683,-0.13055644514998035,-1.8646076773486194e-06,0.30979280639637863,0.046317966732047716,1.377285046216387e-06,0.8761983128159841,-0.23323595171144024
1978-05-27 18:00:00,,,5.7537211976813145,,,,,,315.61950940970917,0.00022366025744105232,5.9441701900324174e-05,2.1768127672771026e-05,2.8103788399837426e-06,-8.125102768112084e-09,,5.215524075299325,0.49953158226238903,,,,,,1.0417124047081852e-05,0.00015257519377759223,1811.637573964497,4.146494985332151e-05,2.2989615092616107e-06,,282.3102839543269,5.768398208731025e-05,,282.69433160364275,0.00015199854529115577,,,,3.218606731595372e-05,,4.408892089798605e-06,,,,,,,0.00037622804472432336,,,,,,,,,
1978-05-28 00:00:00,-0.7177791200445954,0.6120506884783683,,-0.5888275112626116,0.13902130916979186,281.0597523345044,283.9825475568602,0.8418168122246421,,,,,,,0.055892267170742416,,,271.4599609375,271.4603729248047,271.4599151611328,271.4599609375,0.5246784788881533,,,,,,0.21170973918847077,,,100615.87573964497,,,2.3550295857988166,139.67110483745145,0.1080251868659928,,282.55241078032543,,73749.2434818787,0.5786880010948379,0.008076899150419517,0.11080282026510575,0.012244343052248982,0.008327292267387435,,269.777814695821,-0.5997177891477325,0.2845907437025443,7.81639642572959e-07,0.1050728340826091,0.04460121212890868,2.1287828880863694e-06,0.6030741404499528,0.10039994949419823
1978-05-28 18:00:00,,,5.018721016201042,,,,,,751.0799192770934,9.152804606059599e-05,2.3572226247843906e-05,9.75491512103899e-08,6.225533210314237e-08,3.645649237851695e-08,,4.907228447276459,0.3078863380928717,,,,,,3.648035988740667e-07,1.7089846395176543e-05,1133.633875739645,3.880110277226691e-06,9.235971436433538e-08,,281.38914859929736,2.3726792730523283e-05,,281.8743744799371,5.231171670044668e-05,,,,4.6235619432474733e-07,,3.129684713465222e-07,,,,,,,0.00010862329302454841,,,,,,,,,
1978-05-29 00:00:00,-1.1060899023473616,-0.2618910998282348,,-0.6968002770779401,-0.3060035028401211,280.2762935119268,283.0977010331916,0.8423619369077965,,,,,,,0.03201953052769046,,,271.46043395996094,271.4598846435547,271.45953369140625,271.4599609375,0.3347318750866771,,,,,,0.14590120033399592,,,100582.02662721893,,,2.2840236686390534,137.6785937427769,0.10777818521804358,,281.78835897050664,,73705.18780048077,0.41021465646797384,0.010276283030212201,0.07046805916921671,0.003243248843582424,0.010286681045441937,,269.5132731601331,-0.6312925011448606,-0.1294184069661699,9.91030261373442e-07,0.08442199300732132,-0.006082848684322199,4.114039977957335e-07,0.3665868325349076,-0.09301245776859261
1978-05-29 18:00:00,,,4.705757208829801,,,,,,794.9143621788262,1.1938122602609488e-05,7.92503158545353e-07,0.0,0.0,1.1251124316763089e-07,,4.666039139561399,0.3298247749283469,,,,,,1.6059631415637286e-07,1.997152376457079e-05,1242.9399196805334,5.622322742755597e-06,5.5880732173045e-08,,281.85289588341345,2.8540683392236925e-06,,282.2991791674371,1.5205488755152775e-05,,,,1.6059631415637286e-07,,0.0,,,,,,,3.1899418351212905e-05,,,,,,,,,
1978-05-30 00:00:00,-1.9924485246105308,-0.19429268921620746,,-1.1328734674397305,-0.2471032565867407,280.90104648206363,283.3182423608543,0.8399860255816984,,,,,,,0.007376721624791975,,,271.45989990234375,271.4600067138672,271.4599914550781,271.4599609375,0.4097051220469331,,,,,,0.3110652223846616,,,100679.28531804733,,,2.0,136.401966523842,0.10713979055190227,,282.2956976354475,,73830.18872503698,0.5469537771268357,0.005394951328499168,0.11600040306045106,0.004500580962593034,0.006311777780747273,,269.924996821838,-1.0942443531645825,-0.11173575023222251,5.16908117067124e-07,0.023560229887271068,-0.017579148859667354,1.0034722619078303e-06,0.3372396110782962,-0.2820410361656776
1978-05-30 18:00:00,,,3.873613718698716,,,,,,419.1917869753954,1.654178785854543e-05,2.7965908572518612e-06,0.0,0.0,7.000708662347348e-08,,3.7275130875717255,0.332622279782267,,,,,,2.065367621959314e-06,5.229872227067778e-06,1222.4933431952663,8.628855200385201e-07,4.6594647040381234e-07,,283.31180513822113,1.387334478324687e-06,,283.7185390856139,6.71178278838389e-06,,,,2.066436714145559e-06,,2.533169849031776e-07,,,,,,,2.1769362088491224e-05,,,,,,,,,
1978-05-31 00:00:00,-1.0440474346544615,0.7690880848811223,,-0.6176284135446041,0.08590291943070451,282.1888117141272,284.6433192145895,0.84070288711751,,,,,,,0.0011719161942160342,,,271.4598083496094,271.46002197265625,271.4600067138672,271.4599609375,0.3544419869868713,,,,,,0.13680840667182878,,,100907.47928994083,,,2.224852071005917,137.89618804751063,0.10627030479837452,,283.63171458949705,,73976.22690920858,0.41327283509384244,0.0014658084141337465,0.09308208613353368,0.001619691679463584,0.0005711310008573814,,270.6619562453772,-0.569778278734557,0.25512941349187546,-4.961739264029256e-09,0.005894011925074503,-0.0012513724480860333,-8.178448238060121e-07,0.3383532823146095,-0.12512855558000371
1978-05-31 18:00:00,,,3.889039378194414,,,,,,489.59952576767057,0.0002623937539095004,8.959283490152754e-05,1.4801622649445337e-10,2.8407232857932e-09,5.6025931791317326e-08,,3.6739660296919783,0.4033528164293639,,,,,,1.0677089793442268e-06,2.188462565636494e-05,1544.3800267721774,6.292125529791476e-06,1.6364412238964667e-07,,283.78249092779214,4.040269103981334e-05,,284.23976920765534,0.00016111029675726355,,,,1.0687615391770764e-06,,2.7779864488974127e-07,,,,,,,0.00028427571234618417,,,,,,,,,
1978-06-01 00:00:00,-0.8211225024341832,0.7534573966934837,,-0.49419752380551674,0.13916068599068906,282.1955754206731,284.0884785849667,0.8423174739589353,,,,,,,0.10957228079350037,,,271.4600524902344,271.46006774902344,271.4599914550781,271.4599609375,0.40402259648992467,,,,,,0.18688613353517547,,,100724.74593195267,,,2.4023668639053253,135.56316289958164,0.1055045776818631,,283.71872833071376,,73858.52015532544,0.5539108112718932,0.012010969353850777,0.09044018733871759,0.0024069357200487127,0.013257382184090699,,271.04599378235946,-0.4387889049462313,0.2686280809210602,-2.7028243537040253e-07,0.10285006476882722,0.012437297505210842,1.2892418259964187e-06,0.45170563578429307,-0.10720188836374227
1978-06-01 18:00:00,,,4.085216776153745,,,,,,347.2966823920518,4.4557381663802105e-05,5.850469219614063e-06,4.415429946718484e-09,4.32441589703574e-09,5.429103768522956e-08,,3.9321840218538364,0.31939444457285504,,,,,,2.0084715277485595e-06,1.764041784952378e-05,1446.980142988397,1.7918976982669717e-06,2.667688097826828e-07,,282.9015492095044,5.062382954817552e-06,,283.2804193440274,2.538866898011879e-05,,,,2.0111056827229157e-06,,1.5826697444774694e-07,,,,,,,6.22360664006521e-05,,,,,,,,,
1978-06-02 00:00:00,-1.1453261516503328,0.43137838713516147,,-0.6670757722572462,-0.052054264136320035,281.7982127172707,284.17825443786984,0.8468418756180262,,,,,,,0.10236986148992233,,,271.45957946777344,271.45960998535156,271.45994567871094,271.4599609375,0.43388464963118706,,,,,,0.14999343733407955,,,100760.82451923077,,,2.2071005917159763,132.90786056969998,0.10477742640929814,,283.1826793061206,,73868.19968102811,0.534104503779369,0.005253492727787537,0.051009385356095414,0.001047275475496371,0.014154648639746671,,270.61917962971523,-0.6061572577120989,0.12135169350889308,4.938829580201403e-07,0.035431839305268234,0.029512053048348374,1.193396970987893e-08,0.11874287791506073,-0.03623802598411515
1978-06-02 18:00:00,,,4.359836928237825,,,,,,334.2789890494889,0.00014165661038731682,4.35120960664467e-05,0.0,0.0,5.7733512802818273e-08,,4.212374077746149,0.38550039438100964,,,,,,4.018877340844397e-07,8.665697549927163e-06,1411.4413390752127,3.957647014651778e-06,8.19222885872838e-08,,282.5844741008691,2.79905528006469e-05,,283.0290628467086,5.577777969766651e-05,,,,4.0546561089845807e-07,,1.0018743927309499e-07,,,,,,,0.00015030527961324658,,,,,,,,,
1978-06-03 00:00:00,-1.1099664022231244,0.4366230823584562,,-0.6336652823453824,-0.02006778491319284,281.67282122549926,284.9122365014793,0.8476583552078383,,,,,,,0.1825208494649131,,,271.46051025390625,271.4602813720703,271.4603729248047,271.4599609375,0.38995407435756463,,,,,,0.2834934769032975,,,100830.02884615384,,,2.3846153846153846,131.806228727984,0.10407652657412918,,282.95229723326554,,73911.94843287722,0.6334663661273979,0.013640950461722133,0.06963265496829646,0.0010535745225714508,0.013606077115211262,,270.2292061529216,-0.5626996452286399,0.1446581959019046,-1.668965992205721e-07,0.05827111623714232,0.012552430533622143,-2.404720728342785e-07,0.22653384392078108,-0.047137284772635915
1978-06-03 18:00:00,,,5.927247013566056,,,,,,563.2036924433887,0.00021040721757877509,5.992524017243696e-05,0.0,0.0,1.8213822894878465e-07,,5.850853761977698,0.2516579712636372,,,,,,1.9363174490498368e-07,1.0648907641687337e-05,1027.9101331360946,2.272074391855996e-06,2.663396574424569e-08,,282.6487798747226,3.836652230934279e-05,,283.11251993574336,8.198283833159497e-05,,,,1.9363174490498368e-07,,0.0,,,,,,,0.00022106057793431027,,,,,,,,,
1978-06-04 00:00:00,-1.5816091842199924,-0.9447454757238987,,-0.8232964340751693,-0.5832494419707349,282.71519912629435,285.6233271311021,0.8505986731433304,,,,,,,0.17829949192746858,,,271.46026611328125,271.4603576660156,271.4602508544922,271.4599609375,0.33288511016665123,,,,,,0.1743468335394323,,,100688.68971893491,,,1.6923076923076923,129.1940338315343,0.10343824194733207,,282.83459544887205,,73868.26483912722,0.5202473296216253,0.019516623231786243,0.058668734759268676,0.0015854045484192977,0.014756467920788647,,271.19594090930104,-0.7942775523168801,-0.45648951784393493,6.366784087817609e-07,0.07457514618628124,-0.02059230296569463,8.294569292607216e-07,0.12662797000193032,-0.19761695523233808
1978-06-04 18:00:00,,,5.181609921201447,,,,,,356.15199713456,3.28179338627313e-06,1.2471621646683597e-06,0.0,0.0,-3.626780720846452e-08,,5.023956744628545,0.24117084932045119,,,,,,0.0,1.765201254003852e-05,842.4341715976332,3.100742073454095e-06,0.0,,283.48104515301407,1.6949409563865888e-06,,283.97769652598004,8.64445898659836e-06,,,,0.0,,0.0,,,,,,,2.0941906779475466e-05,,,,,,,,,
1978-06-05 00:00:00,-1.9962549604607758,-0.22885933148085014,,-1.087666251955653,-0.2285438515025483,278.832746336446,285.54797579974115,0.8470891904548781,,,,,,,0.04069365552191198,,,271.46002197265625,271.45989990234375,271.4598846435547,271.4599609375,0.24710660855445635,,,,,,0.019957909217247598,,,100611.7326183432,,,0.6094674556213018,127.32495099129761,0.10242183956168813,,282.38964410364275,,73870.86508413461,0.26618731797799555,0.0013225487703402367,0.04220562996948964,0.0005344780239127796,0.002041777210122735,,271.1949874607064,-0.9695278822317631,0.021907445241713664,-1.2037345353230151e-07,0.0024890796937180695,0.007742227270052983,-1.7153036494094592e-06,-0.20649545432547844,0.012751131015416433
1978-06-05 18:00:00,,,4.872485533268494,,,,,,236.61468395554877,0.00010635514231123163,2.290105678626066e-05,7.328223960595371e-09,4.109753620915512e-09,8.802078449673513e-08,,4.7842242901141825,0.5597393329326923,,,,,,1.817423651909687e-06,0.0003290557297023796,1992.086578295781,9.083818401810685e-05,6.001740253183263e-07,,283.5187395987426,8.449434528689412e-05,,283.94804716392383,0.0001546165646885979,,,,1.8245986932833519e-06,,0.0,,,,,,,0.000435366433047684,,,,,,,,,
1978-06-06 00:00:00,-0.8847260221221743,0.9834593315801677,,-0.6668489106308074,0.35306666447566104,283.23709955159023,286.2286990916235,0.8454674196666514,,,,,,,0.11883490748659394,,,271.4593200683594,271.46006774902344,271.460205078125,271.4599609375,0.5681693316740397,,,,,,0.13097765318740753,,,100865.1488535503,,,2.5384615384615383,130.97251016289525,0.10164379086014787,,284.42094610992973,,73984.85426682692,0.6405046595447867,0.013699187329534948,0.11213057585743934,0.03149278629460984,0.01748869404990292,,271.3339135886649,-0.6623882259842913,0.5185324087650818,-6.952681220494784e-08,0.02536287663515503,-0.09414074124669182,-1.5089604190754643e-07,-0.0678674948991403,0.1516278153340492
1978-06-06 18:00:00,,,3.7748680171176527,,,,,,519.7139190306146,0.00017216008090408595,5.413089278181629e-05,0.0,0.0,5.2612556131614666e-08,,3.6239346780720547,0.39546032064765163,,,,,,8.365646357367025e-07,9.677607632247653e-05,1466.7137573964496,4.023066639194827e-05,2.0196129562410378e-07,,284.19280319665313,7.042976526113656e-05,,284.5964933316383,0.00012656640724317562,,,,8.365646357367025e-07,,5.526820847974021e-07,,,,,,,0.0002689361572265625,,,,,,,,,
1978-06-07 00:00:00,-1.1551875052367442,0.09205475079237356,,-0.5912886004476152,-0.14590538747211884,284.05321687777365,285.64268069295485,0.8465428673304044,,,,,,,0.2043481409197023,,,271.46018981933594,271.45970153808594,271.45997619628906,271.4599609375,0.38125884689434747,,,,,,0.25283912794124447,,,100804.3962647929,,,2.094674556213018,130.56561297354614,0.10102838595237958,,284.61777112610946,,73942.76275887575,0.6184491328233798,0.013115200065296782,0.12156528152922201,0.03849061142058062,0.02226072232398761,,271.6750921666975,-0.5345339182565904,-0.05291837206959019,-2.107249067258641e-07,0.03732734930304777,-0.10963468156622712,5.553574845492399e-07,0.16352596649756798,-0.12270185545351378
1978-06-07 18:00:00,,,4.488637111596102,,,,,,273.8478626499515,0.000865880554244363,0.00025608095191639554,2.4425670416397457e-06,4.2817417598334994e-07,2.8215033150106337e-08,,4.387982137104463,0.6813103489621857,,,,,,1.3869487234121243e-06,0.00022475994550264798,2470.6526324932393,7.386620228107159e-05,1.974555404757607e-07,,285.0334400425296,0.00018176912556033164,,285.3472344212278,0.00047939909985784946,,,,3.829576383680987e-06,,1.983496652552362e-06,,,,,,,0.0010906535492846245,,,,,,,,,
1978-06-08 00:00:00,-1.5004051761514337,-0.14190675521037988,,-0.8432273695454795,-0.2543198512150691,284.55672874676407,286.2168546597633,0.8498749390861692,,,,,,,0.4720863477718195,,,271.460205078125,271.4603729248047,271.46014404296875,271.4599609375,0.6095022659462231,,,,,,0.39919330988674473,,,100519.49630177514,,,1.485207100591716,126.47796504455205,0.10029352628267728,,285.44455696421966,,73783.23065366125,0.8294437584086988,0.1290258030550411,0.18495566179678286,0.06796499399038461,0.20182213416466346,,272.68782720622227,-0.7638143957013914,-0.17998399678066637,2.164903324863394e-06,0.2798218758853935,-0.4561929194884893,-5.34056752683187e-07,0.3134137536647052,0.10490043981540838
1978-06-08 18:00:00,,,6.0925874822943875,,,,,,250.5371314957297,0.0007502200335440551,0.00020189944809005105,5.454160052643725e-05,9.408981137021759e-06,-3.717190952153226e-08,,5.905502646632448,0.7145398382604475,,,,,,0.00011716157021607168,0.0006193109141033007,2540.578111998428,0.00014131555895833574,3.1973659639527815e-05,,284.8704898992234,0.00028398333216559957,,285.144513914571,0.0004867620180632605,,,,0.0001717047578484349,,1.5092098853997225e-05,,,,,,,0.001369535179929825,,,,,,,,,
1978-06-09 00:00:00,-1.828951175396259,0.4765126154972957,,-0.9878959825053018,0.09141340763611201,284.2432536288831,285.6128261949889,0.8595935501290496,,,,,,,0.9135685041105959,,,271.4605255126953,271.46006774902344,271.46009826660156,271.4599609375,0.5745129716202352,,,,,,0.5428840161780634,,,100531.5924556213,,,1.7337278106508875,121.36498427532128,0.10062366124440933,,285.52470587555473,,73780.19390255178,0.9702440754196348,0.051358739294376246,0.14882440805523353,0.04269842565412352,0.13270274903101725,,272.9736230613212,-0.9298786637345715,0.20513153076171875,-4.141208145370674e-06,0.33457503190605775,0.19415097123772435,-1.7391987552745103e-06,0.3964282602248107,0.29135605675228954
1978-06-09 18:00:00,,,5.393857814856535,,,,,,396.7880609275321,0.0002572060336728068,5.237264393349371e-05,5.1964493192864595e-06,1.197974004689053e-05,-2.271958665382227e-08,,5.265711756147576,0.5685502452963203,,,,,,1.5123267850932285e-05,0.0001844093644407374,2131.8597779584356,4.857275965651111e-05,4.100508591127114e-06,,283.87070948132396,5.68524267546524e-05,,284.17003599990755,0.00019302117754016403,,,,2.0320069860424515e-05,,5.226494116190622e-06,,,,,,,0.00044162456805889425,,,,,,,,,
1978-06-10 00:00:00,-1.4164102825187368,0.6177036183825612,,-0.8026943827521872,0.1654049009966427,283.6260863535503,285.63929017196745,0.8557520455862644,,,,,,,0.22473914921585092,,,271.4602966308594,271.4602813720703,271.46026611328125,271.4599609375,0.5900344392119428,,,,,,0.4236151806833829,,,101083.91327662722,,,2.1183431952662723,126.29316937147513,0.1021796768233621,,283.8916723488351,,74137.66475591715,0.7587043568932799,0.016784258401737764,0.14034316067159527,0.023262204503166604,0.04871079484386557,,272.17222676474665,-0.7133569491685495,0.22975071788539547,-3.560570044719928e-07,0.14249927720286437,0.012868208028155671,-2.478245410175454e-07,0.8733727059068059,0.10179564832935672
1978-06-10 18:00:00,,,5.3517245738464,,,,,,272.5092322147254,0.0002918419753306011,7.34285137357091e-05,6.512071959365754e-06,6.119726148582775e-08,7.106278730747869e-08,,5.114052789451103,0.5667921438725037,,,,,,1.0491673939326812e-05,0.000185737595755673,2037.8358394464797,5.0080951148941673e-05,2.896986328638517e-06,,283.0999358589127,8.018958498034958e-05,,283.43563355214496,0.0001724099619148751,,,,1.700319482024605e-05,,1.9918289586637146e-06,,,,,,,0.00047754324399507965,,,,,,,,,
1978-06-11 00:00:00,-0.009028953913400865,1.0707018421246455,,-0.1961606550498827,0.3757650668804462,282.46522657405694,284.8429265671228,0.846847733802344,,,,,,,0.24651501616931482,,,271.460205078125,271.4603576660156,271.4599151611328,271.4599609375,0.6267192481008507,,,,,,0.19512043260699194,,,101183.20377218934,,,2.331360946745562,127.1733237723627,0.10169377693763146,,283.13288184171597,,74199.86991494083,0.6846194175573496,0.0415590230660367,0.1578316032905793,0.02462366770005085,0.061449220194619084,,270.6310038369083,-0.16799673949473004,0.480823262908755,9.965697460471703e-07,0.3819044692684296,0.12515592857225408,3.6720928877933756e-06,0.6792953486978655,0.2444253916571126
1978-06-11 18:00:00,,,6.009512822303546,,,,,,601.3934500429052,0.001016770594218779,0.0002399118694327992,3.167916331770857e-05,3.6122530875121346e-06,-1.1277874224246122e-07,,5.334390138027936,0.691429346557376,,,,,,0.00011041778079151401,0.0005467628153495989,2463.8101357002934,0.0001134766629461706,2.053384421139779e-05,,283.11662987703403,0.00031778259598604867,,283.44136724528477,0.0004852041428274567,,,,0.00014209183010123892,,8.333584613348606e-06,,,,,,,0.0015635101320147968,,,,,,,,,
1978-06-12 00:00:00,-0.23194415188399997,-0.4652827336237981,,-0.2007933509420361,-0.19606589142387434,282.43080563517015,284.72229798446745,0.8497372043908701,,,,,,,0.5832517725476146,,,271.45985412597656,271.4600372314453,271.4600524902344,271.4599609375,0.6144109650256013,,,,,,0.5576874864171948,,,100932.72540680473,,,2.544378698224852,126.4259587575698,0.1020008798181658,,283.67822843472635,,74006.82935003698,0.920417262604956,0.2994336961526093,0.17996559923019786,0.058594923753004804,0.5286429917671271,,271.0279678254438,-0.17522398818879437,-0.12868818023501064,4.035724756120533e-06,3.5406732962813954,1.0654815759884535,-2.3397182378939977e-06,0.9215547629596236,0.2640707111922947
1978-06-12 18:00:00,,,4.715838883755475,,,,,,282.3072629834785,0.00011936694207276113,2.1371703881483812e-05,0.0,0.0,2.0177907916784738e-07,,4.495512437538283,0.4110867652667345,,,,,,5.990791013299008e-08,3.0735893362372586e-05,1602.0843195266273,1.2356016410173044e-05,8.283484005231477e-09,,281.28629172059914,2.3289897738123786e-05,,281.75895519369453,5.489940474019248e-05,,,,5.990791013299008e-08,,0.0,,,,,,,0.00015010988923924915,,,,,,,,,
1978-06-13 00:00:00,-1.7359115499011157,-0.3187806789691632,,-0.8840181418424528,-0.244505870977097,280.5523717756102,283.90090057553624,0.8410375114728713,,,,,,,0.10780803973858173,,,271.45982360839844,271.46026611328125,271.4599304199219,271.4599609375,0.3195948854705991,,,,,,0.13266704491609652,,,101050.06952662722,,,1.3668639053254439,125.67981877975916,0.10173932758308726,,281.1182825212648,,74112.11899038461,0.39942724464913093,0.011159230971477441,0.07980653661242604,0.0019293339294794748,0.010077233850603273,,268.897136891382,-0.7937297369601458,-0.06113671410013233,4.1330503546095525e-07,0.05386604862590734,0.01452563467198575,-1.044211080490705e-06,0.19967606562305484,0.027560670347608757
1978-06-13 18:00:00,,,3.951766064886511,,,,,,140.54616081644093,0.00010381171689231015,1.2028146777632673e-05,5.0427810944749056e-08,1.8837238998102718e-07,6.625982113017221e-08,,3.807047178053997,0.604652901372966,,,,,,2.6219540975502964e-06,1.9705859867073376e-05,2261.5416661381014,5.470247134654479e-06,5.345040733909466e-07,,283.30551382211536,9.968590277891893e-06,,283.64626334828034,5.3347038799489035e-05,,,,2.6714161435175225e-06,,0.0,,,,,,,0.0001235327424382317,,,,,,,,,
1978-06-14 00:00:00,-1.1408244082208217,0.9919176644827488,,-0.7311896544236404,0.38917950695082987,282.35701160318047,284.4524734767936,0.8385141051027196,,,,,,,0.37728681144188847,,,271.4601135253906,271.4605255126953,271.46014404296875,271.4599609375,0.5992510206556532,,,,,,0.24729793826007895,,,101063.85299556213,,,2.455621301775148,126.69038183449288,0.10102974310429139,,283.97297695543637,,74108.02588757397,0.7656673841927883,0.005952399690048604,0.12151576034151591,0.0010171938224657047,0.00431741906341011,,270.86223679040313,-0.693746087113781,0.44069136917238405,-1.071954134661572e-08,0.04290721997530503,0.012545009613444907,-1.0668996689819108e-06,0.025068971532336354,0.07473281925246561
1978-06-14 18:00:00,,,3.4487527136266585,,,,,,315.0982257910734,0.0001294023891877846,2.5586792703210956e-05,6.304811011206292e-09,4.0933719530326904e-10,7.584010443582547e-08,,3.3329691463673607,0.5307981953818417,,,,,,2.975878719042039e-06,3.268417610219245e-05,2049.757920304699,1.0277987760904979e-05,5.36065691938767e-07,,283.77827264007027,2.5622590759096765e-05,,284.11244337093194,6.205434277212831e-05,,,,2.9825357466759764e-06,,0.0,,,,,,,0.00016209765298832098,,,,,,,,,
1978-06-15 00:00:00,-0.8032117821055756,0.5483233307945657,,-0.3700913931491107,0.03580143042570035,283.55368926821376,285.434797117696,0.8481438826527116,,,,,,,0.13961701703494822,,,271.46051025390625,271.46022033691406,271.4599914550781,271.4599609375,0.45767190759263093,,,,,,0.1765107826368343,,,101056.21227810651,,,2.331360946745562,124.48815827680058,0.10031269005769809,,284.3655955297707,,74110.55096616125,0.6190664537868203,0.005271046515970728,0.10567225407831063,0.0010667129381168523,0.006399572248289571,,271.79135655510356,-0.2733203955655973,0.18054519778878025,-1.3940374219870007e-07,0.01174285437652742,0.004789748730567785,2.619396243261631e-07,0.15036404691498792,0.0977817973088936
1978-06-15 18:00:00,,,3.6311514532777687,,,,,,459.49807983037283,8.699297904968262e-05,9.920029245184723e-06,5.247016277538954e-06,4.3768303457801865e-07,1.7522539853023816e-08,,3.395858792863654,0.5159421263141393,,,,,,5.390605277563693e-06,5.9206037486444594e-05,1993.8740971130733,8.820826132621991e-06,8.628538330278453e-07,,284.6388336723373,1.8189644672461517e-05,,284.9381746371117,6.257156295889228e-05,,,,1.0636761872726078e-05,,4.17366149951015e-07,,,,,,,0.00014619504877131227,,,,,,,,,
1978-06-16 00:00:00,-0.8254124173045864,-0.1511360145884858,,-0.40208579520502036,-0.22343396294046436,284.4826010077663,286.1583302514793,0.849179509828782,,,,,,,0.26767717169586724,,,271.4595489501953,271.46002197265625,271.45970153808594,271.4599609375,0.49288397956882,,,,,,0.30323776186129753,,,101048.03809171598,,,1.8284023668639053,121.63530139810234,0.09965387039636014,,284.97004726793637,,74134.11732618343,0.6828313716769924,0.014926881608091703,0.13114437676922103,0.006337831711628028,0.023523003391965606,,272.4194841554179,-0.3124116694433449,-0.1004561249321029,-2.923989570758184e-07,0.03650509070098047,0.023114167890902718,-8.748015151193817e-08,0.15293792860042413,0.19696791597901012
1978-06-16 18:00:00,,,4.064143553288026,,,,,,357.30206589471726,1.6317785491604777e-05,2.3837945253185974e-06,8.011776499295905e-09,6.096606685631197e-09,3.2674019282439015e-08,,3.6800336329894656,0.3581450874283469,,,,,,1.4283016500388377e-06,2.033060648032194e-05,1490.227918365298,3.403438442557521e-06,2.6125251453303725e-07,,284.58981485761836,2.9651767756106584e-06,,284.9293696838018,1.5988284666862714e-05,,,,1.4358376477949717e-06,,0.0,,,,,,,3.6692654592751044e-05,,,,,,,,,
1978-06-17 00:00:00,-0.846022487392087,0.2684593200683594,,-0.4835290795952611,-0.12074581123668061,284.3376031458025,286.8346503443972,0.853866680839358,,,,,,,0.3195250923111594,,,271.46092224121094,271.4598083496094,271.4601593017578,271.4599609375,0.3721583652469886,,,,,,0.15312890047152367,,,101153.24075443787,,,1.8520710059171597,120.56087462295442,0.09894281026174331,,285.1239656527367,,74218.4071052145,0.6423306658467245,0.002098759401816263,0.09947623347329008,0.0006393836094782903,0.0011279681730552537,,272.17041232317865,-0.3841303650444076,0.029067812586677146,2.180528178794799e-08,0.00498146418283677,-5.297349578530125e-05,6.816138619468851e-07,0.15343535334400876,0.1129300552144779
1978-06-17 18:00:00,,,3.71311683767646,,,,,,297.89040361212557,4.63917234240199e-05,1.062880429995836e-05,1.2448751891153098e-06,1.5518369053947855e-08,1.2645494928636027e-08,,3.6165087660388835,0.5862285328819554,,,,,,2.084366051403023e-06,7.327879674335909e-05,2211.358728623249,1.630870371880616e-05,2.439927375880924e-07,,285.3949184079142,1.4506897630070794e-05,,285.7040278869268,4.995874399264183e-05,,,,3.3281941914699487e-06,,1.7081227528273002e-06,,,,,,,0.00011967007930462177,,,,,,,,,
1978-06-18 00:00:00,-0.6787742863039998,0.15965346048569537,,-0.41807640797993134,-0.09759325670772756,285.1768589358358,287.38336867834687,0.8552930517309516,,,,,,,0.7052055985264524,,,271.4599609375,271.4596710205078,271.46043395996094,271.4599609375,0.553485476053678,,,,,,0.35480115540634244,,,100980.8337647929,,,1.3609467455621302,116.92739181969998,0.0982899383680355,,285.7609429895525,,74137.10412814349,0.9105958395455716,0.016134297808965657,0.18225892379703607,0.012358084232849483,0.021473585501225037,,272.9160257373336,-0.3901010321442192,-0.00970742829452605,-5.3971713557274536e-08,-0.04013108466503888,-0.024657616248497598,1.6012195616233101e-07,0.12580799068924944,-0.038918052199324205
1978-06-18 18:00:00,,,4.199130267081176,,,,,,190.11407940204327,0.0004877483350990792,7.976547500790929e-05,6.798315330369938e-05,1.2990373831528883e-05,-3.1873790749428604e-08,,3.9313219059148485,0.9071563859663067,,,,,,8.595748060553737e-05,0.0008645194143711716,3220.135762412167,0.0002707653849787966,1.5572242482879458e-05,,285.3748930981879,0.00029457836287607336,,285.55595732017383,0.0004988762260747196,,,,0.00015394045756413386,,3.234936288122595e-05,,,,,,,0.001352244260798867,,,,,,,,,
1978-06-19 00:00:00,-1.5288738104013295,-0.02959044868424094,,-0.8540257617566712,-0.08854583311363085,284.76783382257764,285.8316440920858,0.857596739509402,,,,,,,0.957164139084562,,,271.45960998535156,271.45989990234375,271.45985412597656,271.4599609375,0.7961322768817286,,,,,,0.7502372851429959,,,100743.77274408285,,,1.698224852071006,120.07217732265856,0.0985848607396233,,285.91321017474115,,73946.00973095415,0.9936780531025498,0.16247297291362867,0.28463726189709404,0.16474381847494451,0.6411709088223199,,273.06669445150703,-0.8314263101160173,-0.0760332254263071,3.0051792156193735e-06,0.05903343900420962,-0.17953275646683733,-1.1382490870427098e-06,0.29293733235646985,0.29989380279236294
1978-06-19 18:00:00,,,3.7426869488326755,,,,,,259.29452749399036,0.00010637136606069711,2.164305490854929e-05,1.8005716730151657e-05,5.324784467911579e-06,6.32976594478937e-08,,3.6165880846554006,0.7272309354071081,,,,,,5.650515916079459e-06,9.987971920506463e-05,2553.0574525009247,2.6478371500263552e-05,1.282343012694071e-06,,285.38600944203034,3.680378633237506e-05,,285.6139703333025,8.858525558522031e-05,,,,2.365722458743485e-05,,1.1876512032288772e-06,,,,,,,0.00020627637638679614,,,,,,,,,
1978-06-20 00:00:00,-0.9974288093973194,0.48834830064039964,,-0.48936839921940006,0.11808176999966774,284.74618909485946,286.6102937777367,0.850558208643332,,,,,,,0.3392964199449889,,,271.46022033691406,271.4600830078125,271.46018981933594,271.4599609375,0.5628577197003647,,,,,,0.4748927823890596,,,100798.5125739645,,,1.485207100591716,120.71571467472957,0.09837114458253397,,285.71888146033655,,73983.74743435651,0.783307476156562,0.016189525306180737,0.12126351359504214,0.0056857724161543085,0.029636270195774778,,272.9133734166975,-0.43782942393827723,0.19087230524367835,3.1115941104193954e-07,0.035032866401432536,-0.03574667738739555,5.572353704617574e-07,-0.04577459527190621,0.025502087801871215
1978-06-20 18:00:00,,,4.220610641163482,,,,,,253.325475297736,5.648765690933318e-05,8.535268303205276e-06,3.556946854619585e-06,6.710316919716152e-07,2.436684838912213e-08,,4.108119648589185,0.7057222226226824,,,,,,4.111827742418594e-06,6.84173842396573e-05,2662.3344654331545,1.3536558701441838e-05,4.895147178652724e-07,,285.3767682137574,2.03391592178119e-05,,285.62144912629435,4.91601310340197e-05,,,,7.670196379430195e-06,,1.6035969484839918e-06,,,,,,,0.00012492252099790134,,,,,,,,,
1978-06-21 00:00:00,-1.4396070954362317,0.40223150986891526,,-0.7585928369555953,0.07799335344303289,285.069074461446,286.6353882558247,0.8421938817881973,,,,,,,0.6780548945025227,,,271.460205078125,271.459716796875,271.4598693847656,271.4599609375,0.6581872997904671,,,,,,0.3984402965908573,,,100754.24759615384,,,1.4615384615384615,120.889253875913,0.097408576829899,,286.03067648622414,,73943.69503513313,0.9626517182976536,0.009421116993459459,0.16152053357228724,0.006113447381194527,0.015227588476715114,,272.86301760701735,-0.6896388770560541,0.13935436158490605,3.320000751476412e-07,0.018409375343802412,-0.016310134582970974,-1.3081730927544586e-06,-0.19684680961292877,0.1804809143557351
1978-06-21 18:00:00,,,4.686877352246166,,,,,,424.3782010050215,6.494507987118331e-05,2.4806465622941417e-05,1.9613984068469888e-07,3.68404552098033e-09,4.59027952952567e-08,,4.554082306179069,0.5151881833048262,,,,,,1.5273028929558027e-06,0.00026890088820598535,2235.708442642844,6.727565675092167e-05,1.4008827419323327e-07,,285.2701654377774,6.388101352037057e-05,,285.55967576969306,0.00011121344989573462,,,,1.7234427336405015e-06,,1.9208720978900525e-06,,,,,,,0.00033383891427305325,,,,,,,,,
1978-06-22 00:00:00,-1.1097592066025592,0.565145763419789,,-0.6156699163673898,0.2010798087486854,285.37150257720043,286.5301289755917,0.8429589945183703,,,,,,,0.8763867377926259,,,271.4601745605469,271.4601745605469,271.4600372314453,271.4599609375,0.5596136125851665,,,,,,0.3353828497936387,,,100345.62851331361,,,1.242603550295858,119.479097625913,0.09648376385841144,,285.6974996532914,,73653.89603365384,0.9588934948458474,0.015179267919142923,0.19109258196763032,0.02479544193786982,0.01351536287209391,,272.82488508055195,-0.5456899383364344,0.35474522156122873,2.9175732201778127e-07,0.022390798108993904,-0.02866220968009452,-3.4957532095860626e-06,-0.19905217864809657,0.32201941159261754
1978-06-22 18:00:00,,,4.828948455449392,,,,,,173.3563206238154,0.000161881453892183,6.190118705027202e-05,0.0,0.0,1.971809638907548e-08,,4.595625651658639,0.7513669708071375,,,,,,3.5403483718104615e-06,0.0004814658644636707,2722.542796840329,0.00020189574484289044,6.701334341037909e-07,,285.610316891642,0.0001675789878213194,,285.8841516618898,0.0002761553730485002,,,,3.5403483718104615e-06,,4.308353338015856e-06,,,,,,,0.0006433153998922314,,,,,,,,,
1978-06-23 00:00:00,-0.7628265584008933,0.8657825007241153,,-0.4858037903464052,0.3380510567208014,285.37562696468194,286.503871579142,0.8487067233175921,,,,,,,0.4690511937104386,,,271.45957946777344,271.4600372314453,271.4600524902344,271.4599609375,0.7425788210693901,,,,,,0.4160349677666779,,,100152.55528846153,,,1.349112426035503,116.82779400165265,0.09573937591011002,,286.0845636672522,,73526.85708672338,0.8601803282308861,0.01141621702427827,0.27447242508008635,0.07856452535595414,0.03297388200929179,,272.9207012469952,-0.4642314064432178,0.3999304404625526,4.4049875483195125e-07,0.056736953557915325,-0.0004194241303663987,-4.164719562867337e-06,-0.44954386829624515,0.6676896987097151
1978-06-23 18:00:00,,,3.976972585599098,,,,,,462.88876967832266,3.283951409469695e-05,7.2713037567025815e-06,5.428591114882182e-07,0.0,5.60055838654747e-08,,3.839457731980544,0.5583741678994083,,,,,,4.187325489591565e-06,2.7628273829905945e-05,2205.8439473710823,3.4717721699257576e-06,5.953548443035261e-07,,285.11489633413464,5.233189719315817e-06,,285.37593755778477,3.7803893258585735e-05,,,,4.730137759411828e-06,,8.211261730574997e-07,,,,,,,6.046238735582702e-05,,,,,,,,,
1978-06-24 00:00:00,-1.4652394232665293,-0.2722044781114928,,-0.8340094978287376,-0.36279461087559806,285.14792754946376,286.5435205944896,0.8573620714379485,,,,,,,0.09233607907267012,,,271.45948791503906,271.46014404296875,271.4599151611328,271.4599609375,0.5580537101176716,,,,,,0.30591746417463883,,,100238.57951183432,,,1.2781065088757397,117.09415864662306,0.09591661825687928,,285.6330017450999,,73572.05378605769,0.6751343890054692,0.004823599728485625,0.07727549913251144,0.0010321676378419414,0.006324277121639816,,272.91388625647187,-0.7763762784427439,-0.33471880579841207,6.239957581019338e-08,0.0046552439060436905,-0.020687924686973617,-2.050090177513703e-06,-0.27784761733557345,-0.031121948061610116
1978-06-24 18:00:00,,,3.1372566843879293,,,,,,188.4520427094409,0.00010097414784177521,1.9343514766918837e-05,1.3129642376532922e-05,1.5507898563464012e-06,-9.901797977212772e-09,,2.9822140135003266,0.7109128875360333,,,,,,4.2114032090768306e-05,0.00022994652705298404,2633.645546004617,3.7862175315089476e-05,1.2615464142793734e-05,,285.54506055843194,5.2649593917575815e-05,,285.85690181213016,0.00011914139668617023,,,,5.524468845164282e-05,,9.55111528994769e-06,,,,,,,0.00033097604725706536,,,,,,,,,
1978-06-25 00:00:00,-0.9062315754636505,0.13037223364474507,,-0.47163733646009093,-0.0024289555803558532,285.57166466346155,287.34141982941935,0.8530105359455538,,,,,,,0.2997458458274669,,,271.4605407714844,271.45985412597656,271.45970153808594,271.4599609375,0.6031606937124885,,,,,,0.34623845036213213,,,100129.1063239645,,,1.2189349112426036,117.2425499188124,0.09518700661743887,,286.0873590051775,,73518.30260724852,0.790434447265941,0.03520838920400373,0.13232457610370713,0.023702587601701183,0.14312407411855355,,272.71634543153664,-0.4587782064133142,0.057377696742672894,-1.9368426956941744e-08,0.11793856283087702,-0.0006003076508200381,-2.583558740061239e-06,-0.3007331317698462,0.10310039047658796
1978-06-25 18:00:00,,,3.9066939156436358,,,,,,317.14344327125326,1.3458041044381949e-05,3.297895898480387e-06,3.490001844936574e-06,7.505412902352373e-07,1.7566796502256743e-07,,3.758319386363735,0.552979057357156,,,,,,7.00811309927314e-05,0.00013540887973717683,2127.1004521296572,2.0020635875724476e-05,2.2618772362816264e-05,,285.12585376987795,4.37187284407531e-05,,285.4034272143121,5.861605412861299e-05,,,,7.357205864945813e-05,,8.00128431009823e-06,,,,,,,0.000148867361644316,,,,,,,,,
1978-06-26 00:00:00,-1.6067391796224921,-0.5087019226254796,,-0.9595350570227268,-0.5064624752518694,283.6944356162167,285.20301954280694,0.8519643883733354,,,,,,,0.47469713560928256,,,271.46014404296875,271.4601135253906,271.4601135253906,271.4599609375,0.5600368881215115,,,,,,0.5130931478484186,,,100310.05824704142,,,1.9349112426035502,120.9578328330136,0.09539901575393225,,285.23412797013685,,73593.20257026626,0.874244905435122,0.04307884887996069,0.057532198976493885,0.0033890989405163646,0.10663466201130764,,272.7601715629623,-0.975916456188676,-0.45192593794602615,5.89488345159069e-07,0.011473471243705975,0.025771256381943383,-1.6426064140168872e-06,-0.23576813195584087,0.0005022671801098705
1978-06-26 18:00:00,,,6.932291313035954,,,,,,213.4866240913346,0.00016431483996690377,2.9777281383085533e-05,7.919129535291322e-06,3.758988745466492e-07,2.0725701957288028e-07,,6.618640871442986,0.8526916525067663,,,,,,5.251446948248959e-06,0.0003356662022291556,3007.8858577570268,0.000100715096885636,1.0913722878377113e-06,,284.5299830690644,9.858043941520375e-05,,284.8567963549371,0.00022637173974302392,,,,1.3170201750196648e-05,,1.4615978097774572e-07,,,,,,,0.0005000313199292788,,,,,,,,,
1978-06-27 00:00:00,-2.2393433836084853,-0.9661421409020057,,-1.240327124059553,-0.6441837965384037,283.4529545349482,284.74902777135725,0.8462353052472221,,,,,,,0.2282205615523299,,,271.46055603027344,271.4600830078125,271.4603761621922,271.4599609375,0.761546738798449,,,,,,0.3864237768410226,,,100683.82174556213,,,1.8698224852071006,122.09485206378282,0.09512688845572387,,284.85898350822856,,73884.08108357988,0.8870565503306643,0.010758569254677677,0.15828679261740142,0.038053523859328774,0.030937443118123614,,272.58650234606137,-1.2220382069694926,-0.6414525410127357,4.504432129541401e-07,-0.10228422619181977,-0.045282522954884365,-1.2997246296393008e-06,-1.0057104099431686,-0.14988640215269913
1978-06-27 18:00:00,,,4.550740727306118,,,,,,595.82470703125,2.2745873095721182e-05,5.470710040549555e-06,0.0,0.0,1.505203613978342e-07,,4.365425939390645,0.23013359837278108,,,,,,0.0,3.2705844506709532e-06,856.8779585798817,6.960726965813947e-07,0.0,,285.20535982572113,5.58850856927725e-06,,285.5933368389423,1.612605427849222e-05,,,,0.0,,0.0,,,,,,,2.600896287951949e-05,,,,,,,,,
1978-06-28 00:00:00,-1.866467859618057,-0.7774166919775969,,-0.8682020853257039,-0.44953678063387,283.9321838017751,287.2021585498336,0.8365939100818521,,,,,,,0.183441162109375,,,271.4601135253906,271.46014404296875,271.45970153808594,271.4599609375,0.2547338361570821,,,,,,0.15499309110923631,,,100593.84282544379,,,0.5443786982248521,121.9539265830136,0.09388347490299383,,284.5343313725037,,73937.79786889793,0.37012955705089684,0.016096329547949796,0.0343179750587178,0.0008550494380251191,0.012745242147050665,,271.0035552075629,-0.8100883438742372,-0.2547519051817042,1.2700185522412298e-06,-0.1955950471776477,-0.06489581786669217,-1.0457556823388392e-07,-0.13771553011335566,-0.01597239914730456
1978-06-28 18:00:00,,,3.79847430618557,,,,,,400.3213195800781,3.313374589886186e-05,4.834831642681325e-06,3.2482547520180427e-06,0.0,8.912789737148431e-08,,3.7745942843736278,0.31004595333302515,,,,,,8.928793421863804e-07,3.308833703486877e-05,1214.6383136094676,5.829572324922099e-06,9.173802899185722e-08,,284.7796666974852,7.01919638898951e-06,,285.1536092363166,2.8143532177400307e-05,,,,4.141156137342283e-06,,0.0,,,,,,,6.621688075319549e-05,,,,,,,,,
1978-06-29 00:00:00,-1.0266670475344686,-0.06513816224047418,,-0.4751820592485236,-0.15881094847910504,285.1083059818787,288.338623046875,0.8406799104086746,,,,,,,0.32926317925989274,,,271.45977783203125,271.45994567871094,271.45997619628906,271.4599609375,0.343883266110392,,,,,,0.11393891283746302,,,100560.12389053254,,,1.1775147928994083,120.00329788478874,0.09311376379791801,,285.29830806213016,,73880.92115846893,0.5791194396611501,0.010446458173221386,0.03783296254778986,0.0031643478122688608,0.014771094689002404,,271.6707713110207,-0.4790366359010956,-0.04926684340076334,4.963975154502681e-07,-0.13352598382171088,-0.019127453925341546,-3.178568116300354e-07,-0.05562759609617425,-0.015001289943266197
1978-06-29 18:00:00,,,3.823004976532163,,,,,,173.0116417117235,0.0002221547992977165,6.396222044024948e-05,1.6694811321574556e-06,9.906048384996561e-08,1.7109760771890946e-08,,3.6318021695289384,0.6972316764515533,,,,,,5.9004366045167463e-05,0.0005289012863791201,2508.273504584499,0.00015057226609901565,1.4286422165187858e-05,,285.7017945058247,0.00016986829994698247,,285.9933359721709,0.0003016562856866058,,,,6.067400147928994e-05,,6.514276273151827e-06,,,,,,,0.00075108624068943,,,,,,,,,
1978-06-30 00:00:00,-1.1528665892471224,0.1897224053828674,,-0.666263704469218,0.02534123849586622,285.45407989321376,286.6658321583765,0.8561385143438035,,,,,,,0.5496448765139608,,,271.4604187011719,271.4606628417969,271.45994567871094,271.4599609375,0.6340719741609322,,,,,,0.4534590681629068,,,100670.26164940829,,,1.1715976331360947,114.6408025075698,0.09259203340880265,,286.2510690181213,,73926.03813794379,0.827274066258288,0.08469801682692307,0.20911941065772618,0.09095430091993344,0.45198808478180474,,272.7916844836354,-0.6640989879179283,0.1090968893124507,-9.517768844300826e-07,-0.5761431801248584,0.1204876152016002,-6.789088847815505e-06,-0.7914487285726874,0.38398175726275474
1978-06-30 18:00:00,,,5.2257219574155185,,,,,,262.7485719037479,6.631034365772495e-05,1.3809408661881847e-05,2.607951194224273e-07,0.0,1.8376896102150168e-08,,5.122294042237412,0.5799549712231878,,,,,,6.703395374427886e-06,0.0002925156136236247,2253.9385244155073,9.16271520084178e-05,2.354614921575467e-06,,285.43959469767015,8.890332554924418e-05,,285.68272842316935,0.00013003634983265895,,,,6.963361120788304e-06,,6.868906275055113e-06,,,,,,,0.00035880162165715144,,,,,,,,,
1978-07-01 00:00:00,-1.8647639257668038,0.4838533401489258,,-1.1060929890920426,0.13446017835267196,284.7593697993713,287.216535398946,0.8594305409482245,,,,,,,0.4407350066718618,,,271.45941162109375,271.45994567871094,271.45982360839844,271.4599609375,0.5999649680445532,,,,,,0.39817248518474,,,100840.18139792899,,,1.349112426035503,114.40575720431536,0.09231396680752907,,285.8415065065644,,74022.87634060651,0.8427937055480551,0.007189178059549903,0.1333402398114021,0.02971581453402367,0.04275264401407637,,272.9838202662722,-1.0306782412105764,0.21792538772673298,1.7641912714389467e-07,-0.0167213047044517,-0.005762484299360647,-3.2432374410805176e-06,-0.33006958707549866,0.25859653843930486
1978-07-01 18:00:00,,,4.189485386278502,,,,,,233.31567689794056,3.3503629752164764e-05,9.13279164119585e-06,5.374048125638059e-08,4.195773522176686e-08,4.367576667719683e-08,,4.017487554155158,0.7647470327524039,,,,,,0.0001051856215888932,0.000281176094472761,2829.5076875404493,4.5526794780640915e-05,2.4762070743289927e-05,,285.26053849620934,7.216478064215394e-05,,285.43664767474115,0.00010500460334078094,,,,0.00010524363912774261,,7.5320630560259845e-06,,,,,,,0.0003146765500130738,,,,,,,,,
1978-07-02 00:00:00,-1.5115437422983744,-0.07934786441058096,,-0.7190585503211389,-0.11499044881064512,285.3260028545673,286.3605798123151,0.8616632907348272,,,,,,,0.943421292939835,,,271.45973205566406,271.4600524902344,271.460205078125,271.4599609375,0.6815071289355938,,,,,,0.6441214943205463,,,100868.6037352071,,,2.165680473372781,119.33807968952247,0.09273529617038705,,285.79964577940086,,74024.97868897929,0.9950522939128988,0.08544454108593026,0.1282600541571541,0.008990078988159901,0.21505839819606593,,273.12032087879066,-0.6079701418001976,-0.10003238881128074,6.726652897598867e-07,-0.19113101338493754,-0.30364352570482966,3.768516267538236e-07,-0.16880279179860855,0.09493980922642545
1978-07-02 18:00:00,,,3.5956550914154954,,,,,,319.3502245118632,7.963912374169163e-05,1.0069051878692131e-05,6.728050624125102e-06,4.1112656424031456e-07,5.242847864200587e-08,,3.5138047799556213,0.8016294646545274,,,,,,6.267767862455379e-06,0.0002078417486049169,2927.1975372133875,5.018534744985005e-05,7.621194483965812e-07,,284.73628912028477,4.740147027200658e-05,,284.9222924949149,0.00011716031315985319,,,,1.2996281392475556e-05,,2.381474485058756e-06,,,,,,,0.00028744675191827966,,,,,,,,,
1978-07-03 00:00:00,-0.7578261674508541,-0.4750204932760205,,-0.3533247885619395,-0.3259678225545488,284.9647354035688,285.8811121833395,0.8511382708182702,,,,,,,0.46653064546043044,,,271.46026611328125,271.4599914550781,271.4600830078125,271.4599609375,0.6465027307617593,,,,,,0.3858452579502523,,,100849.16715976331,,,1.6153846153846154,121.23795025165265,0.09348570242435975,,285.19632662259613,,74001.61575443787,0.9046158582501157,0.01454990539980843,0.13975260933563555,0.01014796375522952,0.02652627617649778,,272.92511672522187,-0.311967708655363,-0.3184346024101303,3.960780595231542e-07,-0.05181242657836373,-0.058453426911280706,2.63990771670181e-07,0.02024900772162443,-0.11075247392146545
1978-07-03 18:00:00,,,4.4236589691342685,,,,,,226.34003651635888,0.00044801954686994383,0.0001379997419887746,0.0,2.7950440489372912e-09,1.2970100314730603e-07,,4.302997007877869,0.8456521143574687,,,,,,3.043413382662824e-07,0.0005705214275174636,3117.665689141087,0.00019865628530287883,7.380455864604409e-08,,284.7931392150518,0.00024317813342844945,,285.0411673100037,0.0004232530158255971,,,,3.042311225769788e-07,,9.250678342474988e-07,,,,,,,0.0010185441485992593,,,,,,,,,
1978-07-04 00:00:00,-1.3209020682340542,-0.5029538284392047,,-0.7285802999191736,-0.2512915289613622,284.318411381287,285.35143103966345,0.836276494539701,,,,,,,0.4745236007419564,,,271.4595947265625,271.46009826660156,271.4597930908203,271.4599609375,0.8562904233057823,,,,,,0.42634447086492233,,,100868.49334319527,,,1.4260355029585798,122.38668823242188,0.09251097955647306,,285.1056579950999,,74044.0560049926,0.8962144068712313,0.08033942047660873,0.24903815003806318,0.07932313095183062,0.14765180779632026,,272.5384918754623,-0.6742863288292518,-0.22542368307621521,2.215292301998865e-06,-0.05287571066230006,-0.3403393954214965,1.8254739608472357e-06,-0.12691135519355007,0.005505093456020017
1978-07-04 18:00:00,,,5.705236039923493,,,,,,153.5514590029685,0.0005480015771628837,0.00017435399032908784,0.0,0.0,1.2451548592064716e-07,,5.107298760724491,0.6167812008829512,,,,,,1.9906933926398584e-08,0.0008966605338824571,2224.832525936104,0.0003064535778655103,9.988512108157549e-09,,283.75623353134245,0.0003051179400562535,,284.10963936529214,0.0005770188111525315,,,,1.9906933926398584e-08,,0.0,,,,,,,0.0014447009069679757,,,,,,,,,
1978-07-05 00:00:00,-2.0183976923925635,-0.6085987598938349,,-1.0294026369173852,-0.40306584510577503,282.0226862980769,283.9521469928809,0.8316196485383976,,,,,,,0.3506922072912814,,,271.4605712890625,271.46063232421875,271.4600067138672,271.4599609375,0.68557486449473,,,,,,0.3870025273610854,,,101007.18897928995,,,1.3668639053254439,120.94729289218519,0.09167381151188055,,283.478567631287,,74140.98737980769,0.7054643800272744,0.08093090170233913,0.24406351179804808,0.14894401956592085,0.29493126502403844,,270.6525301058617,-0.9224642804388464,-0.2483483094435472,2.89215569552475e-06,0.05559289984449127,-0.790301791309605,3.905345450882861e-06,-0.46710052151651776,0.1709594839423366
1978-07-05 18:00:00,,,4.63165050145437,,,,,,135.02684085927112,0.000405921738528641,0.0001014998325934777,0.0,0.0,5.5273081857707e-08,,4.373895938579853,0.6816352076784393,,,,,,1.6148527257541227e-07,0.001050678230601655,2449.5362426035504,0.0002915915652845033,2.5444669571853953e-08,,283.53025321283286,0.0003277183284420939,,284.0098927514793,0.0004995398267486392,,,,1.617814772404157e-07,,1.4460298436633228e-08,,,,,,,0.0014566049067931768,,,,,,,,,
1978-07-06 00:00:00,-1.6369975671260315,-0.15078502293874527,,-0.8392900207338954,-0.1894712730272282,282.29648206360946,284.93335394323225,0.8383487015080875,,,,,,,0.3208156788842918,,,271.4604797363281,271.4596252441406,271.4601745605469,271.4599609375,0.6863798784786428,,,,,,0.3413389307507396,,,101215.88609467456,,,1.3846153846153846,117.34975221171182,0.09111699550109502,,283.57737090883876,,74314.98555380917,0.6945667153984837,0.06839142748590052,0.24621852897328034,0.1429519201876849,0.40485883182322485,,271.34896218565086,-0.8442581334763025,-0.08949564758842514,5.24059302771475e-06,-0.42536802686883146,-0.5551169412375907,1.3396176289127776e-06,-0.6677351223646536,0.19161439929488142
1978-07-06 18:00:00,,,4.015895730644994,,,,,,134.66742451985678,3.311769849449925e-05,3.1279433055742252e-06,0.0,0.0,2.1128324767593267e-08,,3.8474487327259674,0.6039676101955437,,,,,,2.4043139312746963e-07,0.0002447729985389484,2273.515037796201,5.133405945004796e-05,2.761987952746936e-08,,284.2986822184726,4.414711478193836e-05,,284.5745784601516,9.234981424004368e-05,,,,2.4043139312746963e-07,,6.015654983957844e-07,,,,,,,0.0002778782647036942,,,,,,,,,
1978-07-07 00:00:00,-0.6481660019011187,-0.021591412245169195,,-0.3448469511855989,-0.15643272738484942,283.0797733103735,284.7435714450814,0.8546515572705918,,,,,,,0.07649790746925851,,,271.46018981933594,271.4600067138672,271.4602508544922,271.4599609375,0.6103171982400163,,,,,,0.30515763322277184,,,101075.01405325443,,,1.3372781065088757,111.57344858745147,0.09087996228912174,,284.9319483288646,,74168.7708256287,0.6835899582275977,0.009162654538126386,0.18730523485894254,0.03382367918477256,0.00726989881526789,,272.5732631344767,-0.312046000238001,-0.06449072459745689,-7.258288661491942e-08,-0.11396291270058535,-0.050805365192819626,-8.412058356344788e-07,-0.19106710874117339,0.006609490989933352
1978-07-07 18:00:00,,,4.588711558009041,,,,,,88.76041136973004,0.00026579351114803515,7.178056874924157e-05,6.166099399857268e-07,0.0,4.563974110670002e-08,,4.59548327203333,0.8978078425283262,,,,,,8.130346882272753e-06,0.0006279663221370539,3198.9560546875,0.00016798352348733935,1.6593743534483148e-06,,284.7352172129253,0.0001642044479324973,,284.9915374214127,0.0003093745581497102,,,,8.74715796589146e-06,,3.0747752570541653e-06,,,,,,,0.0008938079754981769,,,,,,,,,
1978-07-08 00:00:00,-1.053405067624425,0.5495402262761042,,-0.6490440594374075,0.21031715460782927,284.06543546597635,285.28288964265903,0.8591156954596029,,,,,,,0.66670029733837,,,271.4608459472656,271.4599609375,271.45977783203125,271.4599609375,0.7794940570402428,,,,,,0.4789437739806768,,,101063.04326923077,,,1.4201183431952662,112.22678623538046,0.09106446441108658,,285.5245397443602,,74202.62125554733,0.9364891655346346,0.04568102782917314,0.31212379545326063,0.12785528961723372,0.23389285838110208,,272.8151342628976,-0.5872222403802815,0.21742803246311887,4.849939259172475e-06,-0.48192891566711066,-0.32683216185259395,-4.110681929779873e-06,-0.6377743602504392,0.05806053637047491
1978-07-08 18:00:00,,,3.908950196215387,,,,,,372.4635021503155,1.5975102870422e-05,2.4805804328805595e-06,6.107183603140024e-06,2.334654860242584e-06,1.0555861899236592e-07,,3.757354894333337,0.4765276485646265,,,,,,3.21187916592028e-05,8.239689663317076e-05,1854.9482135659844,1.1796605657543656e-05,6.197758856609728e-06,,284.3343989806768,2.0734921714963293e-05,,284.628610103088,4.023732341958221e-05,,,,3.822623977999716e-05,,4.909315405512703e-06,,,,,,,9.832897129848864e-05,,,,,,,,,
1978-07-09 00:00:00,-1.5098326699973563,0.05974846337673932,,-0.7792743705433501,-0.18988055731417866,284.07642901719674,285.85010054548815,0.855714788098307,,,,,,,0.03951258913299741,,,271.46026611328125,271.4600372314453,271.4596405029297,271.4599609375,0.44629979071885173,,,,,,0.22814713605850406,,,101084.38073224852,,,1.9881656804733727,117.19773205638637,0.09167516584227071,,284.611380131287,,74157.03406989644,0.5055653660960452,0.008349954729249492,0.055161686581091066,0.0017580111351238905,0.033569877669656065,,272.7506067400148,-0.7788180514905579,-0.01646368038019485,8.095209076487426e-07,-0.04652164920547305,0.00021601710799177724,4.1444438476750584e-07,-0.19028691109820936,0.057893388987292904
1978-07-09 18:00:00,,,3.5382229618772247,,,,,,708.8763126170142,7.292861945530367e-06,7.927483884540535e-07,7.053804115430843e-10,0.0,1.1435247998876012e-07,,3.490691156782342,0.30464398085012945,,,,,,7.082212209348848e-07,1.0203239480419272e-05,1289.616124260355,1.5191303995939402e-06,1.3295594139917363e-07,,284.9962280995747,1.9982104470743937e-06,,285.3131038507766,7.656397375129383e-06,,,,7.049560811392654e-07,,2.80664252811635e-07,,,,,,,1.7505161155610394e-05,,,,,,,,,
1978-07-10 00:00:00,-1.186132210951585,0.10769959173258944,,-0.5515342407678006,-0.182492685035841,284.7774188701923,287.3710691914756,0.8474621409495201,,,,,,,0.3426710501225037,,,271.46009826660156,271.4598388671875,271.4597473144531,271.4599609375,0.37329778319897033,,,,,,0.158276058050126,,,101022.1176035503,,,1.3136094674556213,117.77585705638637,0.09100439421523958,,284.95590444711536,,74150.51349852071,0.6886646765223622,0.0036561212229636116,0.03277873538831282,0.0005780931055193116,0.0038670352462936777,,272.1333072820359,-0.491527269577839,-0.013469453394060305,-1.727068872871594e-07,-0.037018762890403796,0.0026116222804467354,-4.973310014383161e-07,-0.11960275039164978,-0.0011640095851830478
1978-07-10 18:00:00,,,3.5728746899486294,,,,,,433.01148580517287,0.0001766942661894849,4.258800364104954e-05,7.521890147903261e-06,2.3408930682571683e-06,3.788655687006301e-08,,3.3911119438487396,0.515353411612426,,,,,,4.08116573765433e-06,0.00011344668427868002,1955.257641346497,3.009337998000828e-05,6.329935022007079e-07,,285.79929473696376,5.352461831809501e-05,,286.02999751525516,0.00011360045720839641,,,,1.1604631969914633e-05,,1.6495210708245724e-06,,,,,,,0.0002901310751424033,,,,,,,,,
1978-07-11 00:00:00,-1.115617452993901,-0.06868754053962302,,-0.4697971626146305,-0.21490527045797314,285.0965019993528,287.4501288600222,0.840455124716787,,,,,,,0.9659659146557192,,,271.45985412597656,271.4599304199219,271.460205078125,271.4599609375,0.4473250578405589,,,,,,0.4025048061588107,,,101030.29530325443,,,1.4615384615384615,116.70371855786566,0.09058572836881558,,285.9805872087648,,74154.11101608728,0.9871260686033576,0.061769954794081004,0.04716777045434043,0.01575284878883136,0.14602400591740242,,272.85092578413924,-0.3754748169487045,-0.02166461944580078,1.2625952241956064e-06,-0.8513808786516359,0.10326879828639285,7.146657389428842e-07,-0.13514596047486074,0.04197595078916945
1978-07-11 18:00:00,,,4.654713342881061,,,,,,247.19579373873196,0.000178279608664428,3.7315064633386375e-05,1.0811409653996575e-05,2.5100631297692744e-06,6.087582753865004e-08,,4.5987399851782085,0.6555969845613784,,,,,,8.552384799754125e-06,9.665941003489518e-05,2429.24415651581,2.1931820014524742e-05,1.5275839429635268e-06,,284.7242554433247,4.8859144103597606e-05,,284.9655024963018,0.00012515220068957196,,,,1.9362956814511992e-05,,5.147692653730776e-07,,,,,,,0.00027493346382858225,,,,,,,,,
1978-07-12 00:00:00,-2.0965579726992276,0.4443435951097477,,-1.202777281315369,0.048333941126716205,284.66504484097635,286.62021397697856,0.8358606128297614,,,,,,,0.5328495544794749,,,271.46038818359375,271.4593963623047,271.4601287841797,271.4599609375,0.6361073730568562,,,,,,0.30064485171401995,,,101220.57858727811,,,1.8284023668639053,118.41449426052839,0.09063824252969414,,284.92106312407543,,74272.54026442308,0.8992348006491125,0.03460326543375409,0.10889303887031487,0.013856199366101147,0.0956931029551128,,272.45697707678437,-1.1374143848757772,0.14640892751118134,-7.622290613438339e-07,-0.4208522209754357,0.08911112706953957,-4.078288591527463e-06,-0.8404998722866442,0.18001415249864025
1978-07-12 18:00:00,,,4.6331615109415445,,,,,,216.8199253420858,5.3513244058958875e-06,3.291635647327942e-06,0.0,0.0,4.9291728062804616e-08,,4.549628229536248,0.4917727137458395,,,,,,8.794058185930436e-08,1.2150971141792614e-05,1636.7672488421379,5.981669976161076e-06,1.9761586986129454e-08,,284.5197320520525,3.884419710678462e-06,,284.84556299694896,1.086753148298997e-05,,,,8.794058185930436e-08,,3.387634201559442e-08,,,,,,,1.7511333234211396e-05,,,,,,,,,
1978-07-13 00:00:00,-1.9468749063254813,0.7427695460573456,,-1.1692070255618123,0.16173496472059623,284.43100354798446,286.2312647351146,0.8347526890991708,,,,,,,0.7912086442377441,,,271.4602966308594,271.46014404296875,271.45960998535156,271.4599609375,0.4600527577058098,,,,,,0.18952264729336168,,,101322.79012573964,,,1.4792899408284024,116.84224019248104,0.09027050232746192,,284.6820754553439,,74350.62680288461,0.8824167205737188,0.001418780718693102,0.057499225858940614,0.0006985692582892243,0.0005312685430402587,,271.86519537028477,-1.1038957573253023,0.24172683016082944,1.7761699624563506e-08,-0.006480111415393254,0.004148106170630843,-1.0114510867144697e-06,-0.0985035497761337,0.1214358207257189
1978-07-13 18:00:00,,,4.176764301999786,,,,,,262.7465780585475,0.0001944566266776542,4.1994734628666084e-05,0.0,0.0,1.728051814988512e-08,,3.990015656285032,0.6806293916420119,,,,,,1.6794218984845827e-07,0.00012025933646591458,2472.115719767012,3.102941978612595e-05,4.213657739886342e-08,,284.6079636071561,5.4226471827580375e-05,,284.81840849204883,0.0001299672225523277,,,,1.6794218984845827e-07,,1.888986698974519e-06,,,,,,,0.00031473421486171745,,,,,,,,,
1978-07-14 00:00:00,-0.0028440486749953774,0.18672699900068476,,-0.04541357029119187,0.007320313764041697,284.76755501109466,286.4245143190644,0.8508776539176174,,,,,,,0.8172112340052452,,,271.4595184326172,271.45945739746094,271.46044921875,271.4599609375,0.558508519964987,,,,,,0.2821372916354362,,,101295.02218934911,,,1.4733727810650887,112.6679613463272,0.08998961984758547,,285.2931551058617,,74337.69896449705,0.9360311842529025,0.01092860703742319,0.15608288808422682,0.00842372059116702,0.02103209636620516,,272.3571228388499,0.029378067106890254,0.06660229496701935,5.340871803935055e-07,-0.0516736112402741,-0.012431012455528304,1.0154107737095928e-06,0.3350223010108316,0.05853858889912712
1978-07-14 18:00:00,,,4.485398444903673,,,,,,225.16795186601448,0.00028766048025097367,5.8295899594323875e-05,1.7343155113903023e-06,2.781485797032802e-07,-4.280460462083155e-09,,4.1311482536722215,0.7826612545893743,,,,,,4.346785548876023e-06,0.000355381839035114,2843.7731269068972,9.241743499979142e-05,1.0181670270022556e-06,,285.84114968565086,0.00011239798527774772,,286.0135721962833,0.00025072576742662847,,,,6.081602541652657e-06,,4.712844917760093e-06,,,,,,,0.0006430253901562107,,,,,,,,,
1978-07-15 00:00:00,0.39853750037018365,0.15964955549973708,,0.06903263520912306,0.06093946716489171,285.9137995793269,286.93579390486315,0.8623084584636801,,,,,,,0.9413455336756961,,,271.4597625732422,271.4606475830078,271.46028414470027,271.4599609375,0.8111046570292592,,,,,,0.5958832005071922,,,100857.53568786982,,,1.3905325443786982,110.03031804011418,0.0898981122575568,,286.4098572138499,,74066.09194711539,0.9919153173294293,0.06815257556075176,0.24837316665247347,0.045807426497781065,0.11289517167051868,,273.0859436396311,0.11162558674106937,0.02628398646969767,1.4778834748437997e-06,-0.13442241440157918,-0.10284667995554456,7.022206655003616e-07,0.9753965908253687,-0.18015626760629508
1978-07-15 18:00:00,,,5.713210839491624,,,,,,234.09566177277875,0.0003954722331120418,9.1760380733648e-05,2.1639572092767298e-05,1.1059130437275361e-05,5.241148346882126e-08,,5.234358262733595,0.92171801582596,,,,,,0.00040072520103680314,0.0032966511172813602,3309.8236192330805,0.0008406649530184444,0.00011804541187173516,,285.3312439325999,0.0009941976579870453,,285.530517578125,0.0013599309257984477,,,,0.0004223669774433565,,4.204296501430534e-05,,,,,,,0.003692143318844689,,,,,,,,,
1978-07-16 00:00:00,-0.875168320695324,0.7568482619065505,,-0.618527147191516,0.3177842585998174,284.31337399454515,285.1899341831546,0.8659897929817967,,,,,,,0.9936703704517974,,,271.4597930908203,271.45960998535156,271.4601070545393,271.4599609375,0.8196209078136634,,,,,,0.8809875863543629,,,100883.98354289941,,,1.982248520710059,116.51915402384199,0.09181616856501652,,285.6433293269231,,74045.4874260355,0.9979780450375122,0.5079429292026356,0.5542571537813844,0.7344606770804398,3.324778790855725,,272.9187420726528,-0.6190008524606919,0.3251201528063893,1.4766195968768874e-05,-0.0071761114357491215,0.08820911836341994,-9.208304026390057e-06,0.8575460840259078,1.1521744396559586
1978-07-16 18:00:00,,,3.358090654632749,,,,,,203.16349819567077,0.00020988505972913032,5.338812720846142e-05,0.0,0.0,-9.121160915317068e-09,,3.144242986419497,0.9342909067340152,,,,,,9.535729179720906e-05,0.0005910123284878509,3334.7110458464313,0.00015977765681475577,2.5754849586261095e-05,,284.39071023252586,0.00018992491022369566,,284.5967981462648,0.0002814869908891486,,,,9.535729179720906e-05,,1.1799206747811222e-05,,,,,,,0.0008009220701810671,,,,,,,,,
1978-07-17 00:00:00,-1.4358776927699703,0.5822068675029912,,-0.8047276333238952,0.280420573152734,284.41611819295485,285.5075105746117,0.8581088164148951,,,,,,,0.9998524245425794,,,271.45977783203125,271.45977783203125,271.4598083496094,271.4599609375,0.6827253311784309,,,,,,0.8946234562693263,,,101063.65957840237,,,2.4023668639053253,119.23478364662306,0.09590293669841699,,284.1885589057877,,74134.82112148669,0.999932230576961,0.171292967631443,0.16350339798355948,0.1367340087890625,0.604421717792573,,273.0940492167275,-0.7511246980294674,0.23310181339816935,-8.30003676575074e-06,1.4183196697009386,-0.23185825488976472,-4.415191691396373e-06,0.22330648482903925,0.62947595004852
1978-07-17 18:00:00,,,3.0513080876959853,,,,,,250.22114626190367,0.00011595342991620126,2.6028713531042698e-05,7.943465159489559e-06,5.602109185337315e-06,1.3707184621798337e-07,,2.9103062371530477,0.7806097064497908,,,,,,2.5541472011769312e-05,0.0006068383828391471,2859.8965493828587,0.00012266494818693083,6.664522300810503e-06,,283.97453136556953,0.0001208408344426804,,284.20816527598004,0.00022525798727823196,,,,3.34864361046334e-05,,2.1644487712510237e-06,,,,,,,0.0007227986902143609,,,,,,,,,
1978-07-18 00:00:00,-0.029162666501378165,0.5118438393406614,,-0.10873354962591589,0.07751591247919748,285.2500895663831,286.3547637758876,0.847482898884271,,,,,,,0.9392961288344931,,,271.4599609375,271.4597473144531,271.460315591573,271.4599609375,0.6233306586433797,,,,,,0.684153700015954,,,100869.45229289941,,,2.106508875739645,120.05736130934496,0.09580119544937765,,283.6234715930104,,73976.22129252959,0.9918233177365636,0.08228458688985667,0.11727427829955236,0.10828033988997782,0.21142443258469626,,272.72595792691385,-0.10062266242574658,0.15060228991085256,-7.525375719077488e-07,0.2190238036347564,0.049491021407426464,-2.453113649834014e-07,0.20298067775703746,0.0830025203834624
1978-07-18 18:00:00,,,3.9926970273079956,,,,,,142.53020021337025,9.993485797791791e-05,4.572170020560541e-05,6.928334574727617e-06,1.0790529291658007e-07,6.523158086275065e-08,,3.8253481656136596,0.8607642393140398,,,,,,4.512439729899345e-06,0.00013392765317507435,3115.561884592271,3.450474090124728e-05,6.427765223225193e-07,,284.32299226839865,3.728547918680462e-05,,284.5479599089312,9.265691218241734e-05,,,,1.1441843396813206e-05,,1.765688407350574e-06,,,,,,,0.0002338648918118812,,,,,,,,,
1978-07-19 00:00:00,0.9282774050560223,0.3974111884303347,,0.4185694279755361,0.21503408773410956,284.3939245099852,285.6289048053809,0.8343202672766511,,,,,,,0.6135042337976264,,,271.4597625732422,271.4596405029297,271.46006774902344,271.4599609375,0.8090308455408678,,,,,,0.5603169864539564,,,100617.5737795858,,,1.8520710059171597,120.59235576200767,0.09435316796838884,,284.22303040634245,,73818.63526257397,0.9649522166985732,0.010319429508978005,0.1940271077035601,0.018327205138799003,0.01775407108523712,,272.7595677121856,0.41176198255380936,0.25688474171260406,2.3956940741520705e-08,0.04136899265477202,-0.022206791759242672,-1.4372143967451869e-06,0.6884286878906059,-0.08919606935343094
1978-07-19 18:00:00,,,3.614208323010326,,,,,,176.61853442671736,0.0002673633352539243,6.981643699329986e-05,1.3733492095089523e-05,9.616318891739704e-07,-3.575671423907177e-08,,3.442734024228429,0.9589271771131888,,,,,,1.8253437513430442e-05,0.0005504116015369279,3424.909617407082,0.00014336539443427995,2.6579670740302497e-06,,284.42140983265534,0.00016358630506273632,,284.60212012296597,0.0003040029498609964,,,,3.1985122071215386e-05,,1.6858239145673943e-05,,,,,,,0.0008177888680539802,,,,,,,,,
1978-07-20 00:00:00,-0.21405887603759766,0.28594824548303727,,-0.19547955101058329,0.10390260233681582,284.8776494313979,285.7688233866494,0.8289604423314156,,,,,,,0.7344020774378579,,,271.45970153808594,271.4597930908203,271.4596405029297,271.4599609375,0.915293295002548,,,,,,0.6344038423525511,,,100573.34153106509,,,1.8757396449704142,127.2267400075698,0.09355520214554826,,284.6911072138499,,73768.50839034763,0.9867225045988546,0.04320785813116242,0.36141738381523353,0.07438804129877034,0.12412782811240111,,272.9932294315135,-0.18735511486346906,0.08395482238227799,7.425149241493348e-07,-0.013806142045195991,-0.1346934000415915,-4.186334151129883e-06,0.6017291231973637,0.09413920069587302
1978-07-20 18:00:00,,,3.2321050519773946,,,,,,109.81013533913878,5.467553463207899e-05,1.8480085056914382e-05,0.0,0.0,2.1529572705033378e-07,,3.2021407460319926,0.826865730862293,,,,,,8.195707541422026e-07,5.986965108332864e-05,3018.34557744314,2.0288768604662293e-05,1.196157099050883e-07,,284.1234614806768,1.5101224713071564e-05,,284.42122781065086,5.769191761694011e-05,,,,8.195707541422026e-07,,9.249335088761601e-08,,,,,,,0.0001145115972190473,,,,,,,,,
1978-07-21 00:00:00,-1.1040531135875093,-0.12433589845014041,,-0.5435862851566111,-0.23482516249256022,284.8459660456731,286.3580560627774,0.8134461348578774,,,,,,,0.20221525113258135,,,271.4601745605469,271.45948791503906,271.4601745605469,271.4599609375,0.842736406791845,,,,,,0.2244471262192585,,,100794.51571745562,,,1.8047337278106508,128.03141595061714,0.0917169695069804,,284.08299625554736,,73957.81573594674,0.8780364097928154,0.005762536634333547,0.1427528697931202,0.004447259846523668,0.008117540348210984,,272.29006939950074,-0.5080274378759622,-0.13302077908487714,1.4629356818653908e-08,-0.03161192539880967,-0.008208529130946956,6.183321462371028e-07,-0.42411070603590745,0.03979745207453621
1978-07-21 18:00:00,,,2.6422451854457516,,,,,,643.3828277587891,1.210379882677067e-05,7.909801154887888e-08,1.6023707989404892e-07,3.5269020577154215e-10,1.2082808226538337e-07,,2.5960128885754465,0.4034060867580436,,,,,,3.0826336357015123e-06,1.3508927628133424e-05,1609.6734467455622,1.6579525710562983e-06,3.382147526776297e-07,,284.7855275171043,2.324060377108275e-06,,285.19637429502586,1.471370634948008e-05,,,,3.24266681657035e-06,,3.228189985780321e-07,,,,,,,2.5606014319425503e-05,,,,,,,,,
1978-07-22 00:00:00,-0.3648675489707811,-0.36982692063912836,,-0.16646678066817966,-0.47896163985574036,285.1360787837463,287.4985611593935,0.8204001865443393,,,,,,,0.1072243233404216,,,271.4600524902344,271.4601745605469,271.46043395996094,271.4599609375,0.41449529454718237,,,,,,0.07136210605237611,,,100731.10207100592,,,1.1952662721893492,122.36535409780649,0.09070654874722633,,284.4680840306028,,73916.84099944527,0.5242026338915853,0.0016778723732671652,0.029153295689312048,0.00010010935145722339,0.0018219947814941406,,272.3802244649131,-0.08577714728180473,-0.28332574268769933,5.614995235896593e-08,-0.008919483811192258,-5.7756548097147747e-05,2.166406638881043e-07,-0.10340665113291092,0.016992486506347826
1978-07-22 18:00:00,,,3.8393067015698676,,,,,,202.9044312245747,9.605447216146796e-05,1.6049983409734872e-05,0.0,0.0,8.357182114648076e-08,,3.703581527845394,0.7375261511807963,,,,,,1.422588344244562e-07,2.9409429930024157e-05,2834.4471153846152,5.592426737031993e-06,1.7252845411359734e-08,,285.1554583487426,1.9725081483287923e-05,,285.43603226701185,6.994014308297423e-05,,,,1.422588344244562e-07,,4.984752534056556e-07,,,,,,,0.00012547005212695526,,,,,,,,,
1978-07-23 00:00:00,-1.0942563164163623,-0.38029180899174253,,-0.5955576642730532,-0.3385457541110248,285.74759615384613,287.6746154424001,0.8235502874357461,,,,,,,0.594451653093276,,,271.46044921875,271.46046447753906,271.4600372314453,271.4599609375,0.7369620916406079,,,,,,0.1756307382423144,,,100750.64792899408,,,1.3609467455621302,119.10833902754023,0.09000240980520756,,285.0132168199889,,73957.2769276997,0.8795657316608542,0.0182201229862472,0.08909615435632023,0.0023318239923059586,0.025493192954881658,,272.5088454026442,-0.5991195475561379,-0.23826106483414328,4.893783259497592e-08,-0.2160744808129305,-0.009496719879511546,1.8503233795908428e-07,-0.39531066149649535,0.06321540139835967
1978-07-23 18:00:00,,,4.277759303708049,,,,,,155.16508384569156,0.00014180720910518128,3.642267024023293e-05,8.971204419107832e-06,1.1648034908362394e-06,2.389480427198101e-08,,4.136259355488614,0.7727460691914756,,,,,,1.2236322171589326e-05,0.0005133216469839035,2905.21925417206,0.00014947187265700843,2.9600627676269712e-06,,285.6986466808432,0.00016130216022920327,,285.89723124306585,0.00026063665130434657,,,,2.120814379855726e-05,,2.629834519335504e-06,,,,,,,0.0006551287285257258,,,,,,,,,
1978-07-24 00:00:00,-1.44351174845498,0.17398781183908676,,-0.7498863773233087,-0.050012712647928996,285.41963006194527,287.6007390671228,0.8381249784717898,,,,,,,0.8523677883768929,,,271.4598846435547,271.4602355957031,271.4601745605469,271.4599609375,0.629287930238529,,,,,,0.5207509049297084,,,100654.82729289941,,,1.3372781065088757,114.62184910520294,0.08959782899484127,,285.5314334666235,,73896.80937962278,0.9714101126208108,0.02509846205453901,0.15101285254549698,0.06208101158795512,0.1444850377697145,,272.8057330430612,-0.7190792997913248,0.007842379914232965,4.646169075455803e-07,-0.1620014380421159,-0.018072027779189793,-1.3019874094043082e-07,-0.42892106186003376,0.2532095280668792
1978-07-24 18:00:00,,,4.70799396447176,,,,,,343.00397134814745,5.5812255165280676e-05,1.3211863280753412e-05,4.9953938588588194e-06,5.760285231841386e-07,2.2141556804984612e-08,,4.5509726055980435,0.6900820841450663,,,,,,5.475184797535281e-06,0.00012539353596388236,2544.37748907868,3.2679040051070896e-05,1.0698416529322517e-06,,285.8738240800666,3.3394119443272695e-05,,286.06506419887205,7.196092082248313e-05,,,,1.0469476499501065e-05,,8.102660701119687e-06,,,,,,,0.0001811993545329077,,,,,,,,,
1978-07-25 00:00:00,-1.6621820235393456,0.4300356531989645,,-0.9375018678473298,0.0592467855419633,285.6810454419379,287.30176359097635,0.851142826164968,,,,,,,0.5430479331834782,,,271.4598693847656,271.460205078125,271.4599304199219,271.4599609375,0.5786230316614325,,,,,,0.40269244422574013,,,100671.70654585799,,,1.2189349112426036,111.02226284410827,0.08953405696259448,,285.90705176359097,,73924.15837647929,0.8724842724010083,0.007937628176537226,0.12133273339042297,0.007331814286271496,0.017549967075031273,,273.02303409012114,-0.8581356579030054,0.17880087632399339,3.271862522136839e-08,-0.019429399064306678,0.0015016730720474876,-1.4542356600499982e-06,-0.2548106266902043,0.21419085720939748
1978-07-25 18:00:00,,,4.050285378856771,,,,,,191.77139354457518,5.479165788232927e-05,7.652242243642638e-06,3.6020030284068993e-06,1.126914092245892e-07,2.033191542280954e-08,,3.893852645828879,0.6541840853775747,,,,,,6.710895552084996e-07,5.567748798570037e-05,2430.105571317955,1.0824613493575147e-05,1.378529622445445e-07,,285.4042362009985,1.6611047397703815e-05,,285.6312840930104,4.051244901312692e-05,,,,4.273569266471637e-06,,1.1723257116312106e-06,,,,,,,0.0001104425514071161,,,,,,,,,
1978-07-26 00:00:00,-1.0451000145906528,0.855176173723661,,-0.6341485525729388,0.295012556942257,286.3069945566753,287.81417864737426,0.8571808098335943,,,,,,,0.8975852211198864,,,271.4602813720703,271.4595642089844,271.46014404296875,271.4599609375,0.49730455734320644,,,,,,0.6496692603156411,,,100673.13258136094,,,1.319526627218935,110.70312915327986,0.08945970986721784,,285.53334469767015,,73912.67238350592,0.9851812215951773,0.033330705920620075,0.1560684169295448,0.005680496170675967,0.04583310464413605,,273.02534548065364,-0.5684110539904713,0.3470364008429488,3.9025497933286214e-07,-0.09855385256942208,-0.023587192304035616,-2.220997599934465e-06,0.02497958008354232,0.1410167058544046
1978-07-26 18:00:00,,,3.7227767515464647,,,,,,134.16381140714566,0.00019214703486515925,3.4036280135431234e-05,1.64473550559501e-05,2.3898894529370866e-07,2.016080571652391e-08,,3.4374741830769375,0.8716466306493833,,,,,,2.3330126464719603e-06,0.00019402724533312032,3070.905284994453,5.391225139002399e-05,6.236968088079486e-07,,286.1202890971709,6.279343163410864e-05,,286.2739416720599,0.0001578121814213235,,,,1.8780048076923078e-05,,5.040736593438323e-06,,,,,,,0.0003861702847719098,,,,,,,,,
1978-07-27 00:00:00,-0.5342274727905996,0.5279007070868679,,-0.3153601031331621,0.21595649606377415,286.47204373150885,287.25935390856137,0.8544065680729567,,,,,,,0.7344933876246985,,,271.45997619628906,271.4593811035156,271.4596862792969,271.4599609375,0.7270299827558755,,,,,,0.6196353227429136,,,100344.14016272189,,,1.21301775147929,110.41957931969998,0.08925992920553896,,286.2468160595414,,73704.70222355769,0.9644766404078557,0.028079380009863417,0.27579030498156887,0.028254307428206636,0.042035260871493604,,273.0968636958557,-0.28675678072596444,0.23114189170521393,5.980155468362483e-07,-0.06158900895767663,-0.05438606308762138,-1.509450362256822e-07,0.8103273978027014,-0.006522979962049856
1978-07-27 18:00:00,,,4.259814821051423,,,,,,69.16094763039132,0.00020040104375083066,4.973919433954905e-05,1.6018924628489115e-05,3.094592037990954e-06,-9.833513760798715e-08,,3.9955018399029796,0.9276440841911813,,,,,,7.416052225778794e-05,0.000655937975428251,3324.570884569157,0.0001647604232838194,2.0987447902295715e-05,,286.0347835382766,0.00015782822887187137,,286.2376643976516,0.00030794863164777586,,,,9.018041678434293e-05,,3.872644266433264e-05,,,,,,,0.0008563285647857122,,,,,,,,,
1978-07-28 00:00:00,-1.3083607543855025,1.1014956108917147,,-0.7954109180608445,0.5636983616112252,286.555141110392,287.95785901673446,0.8588241430429312,,,,,,,0.9041967628270211,,,271.4597930908203,271.46014404296875,271.4600830078125,271.4599609375,0.9144452901986929,,,,,,0.6060853847164727,,,100281.69859467456,,,1.2603550295857988,108.64655786999585,0.08959982098912346,,286.55393485345786,,73655.57084411982,0.9801235244824336,0.04984624840638782,0.3573432985979777,0.05485959024824334,0.17114330368590425,,273.1385768010066,-0.7864888377443573,0.6050217306825536,8.209578896295444e-07,-0.03235809020036776,0.1176862619023704,-2.7417526105088152e-06,-0.37405678224281447,0.7160565325847039
1978-07-28 18:00:00,,,4.439362559798202,,,,,,342.84000852686415,0.00012955369328606058,4.6754994335964586e-05,4.282144047099458e-06,0.0,-5.5905175515858334e-08,,4.1420271608251085,0.8336601694660074,,,,,,0.00018921000717659673,0.0009383211754216037,3169.101979994915,0.00019547138947002393,4.077213403035903e-05,,285.25373145109097,0.00022168805349198235,,285.4132665148854,0.0003595078025316646,,,,0.00019349254800017768,,3.45981156332253e-05,,,,,,,0.0010678826278921912,,,,,,,,,
1978-07-29 00:00:00,-1.5565902439094859,0.31392714822080714,,-0.8376723407993655,0.03651682723908735,285.3644860623151,286.36422892011836,0.8655878622856366,,,,,,,0.9791436167158318,,,271.4600524902344,271.4601745605469,271.4600372314453,271.4599609375,0.7139323131572566,,,,,,0.8560734726268159,,,100402.62296597633,,,2.2189349112426036,117.49036565475916,0.0933272090889293,,285.2429300342086,,73666.44873335799,0.9976205279135845,0.1637746156937272,0.2766453471687793,0.0960189965532432,0.477615196786865,,273.1038274821445,-0.7823812834609895,0.0650418806358202,-2.100001524626856e-07,0.17079879264154377,0.3986483727686504,-3.222253148791176e-06,-1.3407064753876636,1.1013121968410777
1978-07-29 18:00:00,,,3.948883440367569,,,,,,155.30139539368759,4.429533284091385e-05,8.486112105775866e-06,2.803159712334356e-06,6.815669341729237e-08,2.8982903180125905e-07,,3.801660802942761,0.761708180998733,,,,,,1.726120974890579e-06,0.00014399706259281676,2871.3712049856695,4.649285734052489e-05,1.0890081613021489e-06,,285.1614491840791,3.879786243100138e-05,,285.37528458995934,7.021488875327025e-05,,,,4.529754614688941e-06,,5.892064620757244e-06,,,,,,,0.00018831305933296667,,,,,,,,,
1978-07-30 00:00:00,-1.1161153669188009,0.30285727483986397,,-0.6278449910632252,0.03923468053693602,284.6055236455251,286.9322907035873,0.8486917491495256,,,,,,,0.8905831405220652,,,271.4604034423828,271.4598388671875,271.4599914550781,271.4599609375,0.7560861438689147,,,,,,0.48284313523557765,,,100540.40643491125,,,1.5976331360946745,117.65032543656389,0.09244357622586764,,285.13634170441935,,73805.40978642751,0.9935728618379175,0.03429840261546465,0.16706055034635334,0.012189470099274223,0.08746968385537524,,272.7174567047661,-0.5962024383996365,0.08662391414303751,-4.628070077074267e-07,-0.1303278228940343,-0.05415517444441304,9.786790703869695e-07,-0.5643915086102909,0.30420081044089864
1978-07-30 18:00:00,,,2.9675193651188057,,,,,,337.66052453757743,4.822597701168625e-05,7.3538773511288436e-06,1.1891655667999087e-05,3.0699478098626674e-07,1.0355644544903668e-07,,2.826045910987628,0.6722984817430112,,,,,,2.238330756418804e-05,0.00013501686457346177,2537.1463341346152,2.1851009871127337e-05,3.831846826880641e-06,,285.7334547776442,3.1910924869176196e-05,,285.98037340514054,7.34048834919224e-05,,,,3.427029008696065e-05,,9.317865826674467e-06,,,,,,,0.00018325036777421905,,,,,,,,,
1978-07-31 00:00:00,-0.995384820114226,-0.2973001130233855,,-0.4984584729347003,-0.26901274778433804,286.04829072670117,286.90021438147187,0.8377198146645134,,,,,,,0.9738207314846784,,,271.46009826660156,271.4599151611328,271.45989990234375,271.4599609375,0.6560622658249895,,,,,,0.5814514347082059,,,100614.09726331361,,,1.3905325443786982,117.98009152384199,0.09167303841494949,,285.55618412536984,,73855.14527089497,0.9942198826011116,0.041373086332745806,0.16123555896021205,0.018869516089198332,0.08994509980699719,,273.1199523203472,-0.4204704013801891,-0.1872195858927168,1.9042715915897586e-07,-0.22079771933470957,-0.040444553603787396,-3.2206498979888416e-07,-0.17202713045142812,-0.028761524773208348
1978-07-31 18:00:00,,,4.634600701416738,,,,,,58.90560073401095,0.000261903240875896,8.703424380375788e-05,3.54340795934553e-05,1.1987829878485415e-05,-1.2969593567423765e-08,,4.370956714336689,0.9906723527513313,,,,,,0.00019336769566733456,0.0014950869056105493,3564.9644984860392,0.00035350201686757434,5.767754549105492e-05,,285.78899460290313,0.00039686344782304336,,285.9811462763499,0.0005724140842687239,,,,0.00022879472145667442,,5.635407549389721e-05,,,,,,,0.00175699068792371,,,,,,,,,
1978-08-01 00:00:00,-1.3221538588845518,0.04237640538864587,,-0.7225931664190349,-0.019576394346338757,285.5987700513129,286.57140896588385,0.836167621894701,,,,,,,0.9813111223412688,,,271.4602508544922,271.4606082814156,271.45989990234375,271.4599609375,0.933055428710915,,,,,,0.9146976446258951,,,100723.95062869822,,,1.9289940828402368,118.69046273316152,0.09162960673224997,,285.935041258321,,73919.8116447855,0.9999633128121055,0.1335400475640974,0.3348454394151826,0.14188702514576973,0.6196052077606585,,273.15870666503906,-0.6867015150171765,-0.03318238681590063,1.6224264217965641e-06,0.22245917623565042,-0.05264191056144308,6.36206289543908e-07,-0.23603634580352603,0.7504161807912342
1978-08-01 18:00:00,,,2.3970154418042426,,,,,,625.3912563888279,3.26619786623667e-05,6.366554184778202e-06,3.241090732213308e-06,0.0,-1.3764141054793687e-07,,2.262130223787748,0.7833201391457101,,,,,,2.9123614172963703e-05,0.00019637288073816244,2725.457100591716,4.319441036359798e-05,5.656765145662973e-06,,285.42424850915313,4.6726029652815596e-05,,285.6330667529586,7.768186944476246e-05,,,,3.236399952476547e-05,,2.13964583253014e-05,,,,,,,0.00022905068637351313,,,,,,,,,
1978-08-02 00:00:00,-0.45658169695611533,0.20128400085945808,,-0.19858073059623763,-0.09822706992809589,285.16535254484097,286.93187320867236,0.8323493233093848,,,,,,,0.9415698379454528,,,271.4604949951172,271.4596252441406,271.4598083496094,271.4599609375,0.528207914033056,,,,,,0.6076964750092411,,,100724.43823964497,,,1.532544378698225,120.09300295135678,0.09283833814090525,,285.1380911381287,,73920.88997781066,0.9885624396730457,0.06039503602498382,0.06760843978649193,0.015145905624479938,0.11973269958980381,,273.1370217137083,-0.13783939068134016,-0.027524004321126543,2.4559109649288924e-07,-0.0380288560009567,-0.16207196902946608,6.081850268635568e-09,0.04222985449627306,0.024413005134763098
1978-08-02 18:00:00,,,3.132451017932779,,,,,,204.96317747217662,0.00021478533744812012,4.62782453503129e-05,0.0,0.0,9.131173429474753e-08,,3.0939248948407596,0.8708488549706499,,,,,,4.2458169559049885e-06,7.137174267381583e-05,3145.7246035965236,1.6121315003852166e-05,4.771319851720121e-07,,285.2248000647189,5.8979051465354424e-05,,285.48303005963385,9.510834441165754e-05,,,,4.2458169559049885e-06,,1.7037637223153425e-06,,,,,,,0.00028614133331902636,,,,,,,,,
1978-08-03 00:00:00,-0.6853170451327893,0.14212764085397211,,-0.3580587657951039,-0.046862715094752566,286.13849707609097,287.7776326738166,0.8177222888145221,,,,,,,0.943602742528069,,,271.46038818359375,271.4600372314453,271.4596862792969,271.4599609375,0.7737601491121145,,,,,,0.45194927854298134,,,100651.19341715977,,,1.4497041420118344,120.51851839144554,0.09148226687188685,,285.16597517566566,,73888.18283099112,0.9899127352872544,0.035489496927895756,0.19646609519448507,0.01284248306906435,0.046300459248096455,,272.90705898668637,-0.3264330350435697,-0.051573708212587256,3.051120516108404e-07,-0.08909741238024108,0.015375450760478804,-1.8405425982252205e-06,-0.4240228043505426,0.3362265755835722
1978-08-03 18:00:00,,,3.7147913543430304,,,,,,222.45135091747758,8.125206422523634e-05,1.8780268508301683e-05,0.0,0.0,9.068236912070151e-08,,3.3962412614088793,0.6924152261406712,,,,,,1.5316949881745514e-06,2.5467352294037064e-05,2499.0493077385354,1.0267495227283274e-05,2.1111677516494278e-07,,285.4450495793269,1.5873704436262684e-05,,285.6859889284394,5.444143650799813e-05,,,,1.5316949881745514e-06,,4.2562268277597145e-07,,,,,,,0.00010670825793146816,,,,,,,,,
1978-08-04 00:00:00,-1.0479116665541068,0.5695454580544015,,-0.6067153941950149,0.018230432589378582,285.5711893837833,287.0538640671228,0.8169638151247826,,,,,,,0.9588742601800953,,,271.4605407714844,271.4597473144531,271.4601593017578,271.4599609375,0.6072360510612733,,,,,,0.2164664987320378,,,100543.69341715977,,,1.331360946745562,118.46332238552839,0.0901881026093071,,284.6462041188979,,73812.8832285503,0.9849822267272769,0.019328402640496397,0.09621790268860714,0.0024966347147021774,0.01610876846722377,,272.78246817504163,-0.5359333309196156,0.08327918080888556,3.399003046780367e-07,-0.07556175903455746,-0.030095601222924227,4.571909532667353e-07,-0.5077967784813875,0.12759160660427704
1978-08-04 18:00:00,,,5.21480568202995,,,,,,306.0272347715479,2.6681543101925822e-05,3.7756588684736625e-06,3.526936500118329e-08,6.194018411653987e-08,2.4659665993605285e-08,,5.063590585832765,0.6629326474031753,,,,,,3.1781245089141574e-06,3.264077316374468e-05,2573.911707770895,5.90357113872054e-06,5.436691968045996e-07,,285.9110793615939,8.84159076848679e-06,,286.0613298585429,2.226698428901017e-05,,,,3.2116741647381756e-06,,1.4215178743622007e-06,,,,,,,5.9324803923718506e-05,,,,,,,,,
1978-08-05 00:00:00,-2.150740335678913,0.7137570352949334,,-1.236965230230749,0.2602829735659989,285.89995146079883,287.90538756240755,0.8281744030805734,,,,,,,0.9076150948479331,,,271.4593505859375,271.46043395996094,271.4600067138672,271.4599609375,0.5413633393421329,,,,,,0.5157587239022791,,,100636.82803254438,,,1.2958579881656804,114.74588987813193,0.08953978747305785,,285.6234802607249,,73881.56723835059,0.9906224506141166,0.02714276285125659,0.1145970626739708,0.0019624811657787075,0.028296344713776334,,273.0011676133737,-1.140075260365503,0.31048143262693867,-6.315620005931209e-08,-0.13450421913135688,-0.06175333578911053,-2.2010400356757924e-06,-0.3332882266072832,0.3455177102700846
1978-08-05 18:00:00,,,4.243689108177049,,,,,,323.02615681484605,1.6399036497759394e-05,3.6904896945643003e-06,0.0,0.0,1.7806495938493325e-08,,3.9823365634715064,0.7865367828036202,,,,,,2.523370572095792e-05,9.897849603235233e-05,2850.719426081731,1.8264498287901656e-05,6.528472053934131e-06,,285.82376947346523,2.3398798240089004e-05,,285.94447606555104,3.89082583721316e-05,,,,2.523370572095792e-05,,1.6684065291867454e-06,,,,,,,0.00011537085029965309,,,,,,,,,
1978-08-06 00:00:00,-1.0827447394647542,0.20516704243315748,,-0.5865283774200981,0.08571260779567019,284.9710209411982,286.3494215745192,0.8431470496414681,,,,,,,0.7098273770035018,,,271.46006774902344,271.4599914550781,271.46014404296875,271.4599609375,0.6545466600790532,,,,,,0.6240945377293423,,,100688.8537352071,,,1.5029585798816567,112.30900239662306,0.08937278724986421,,285.7590895432692,,73912.64490107249,0.9733423096893807,0.05330966858430242,0.12536660307252329,0.0025600229202943285,0.10916021823354022,,273.097791683039,-0.4980084684473523,0.140499165777624,1.5829640117573094e-07,-0.1357680315802083,-0.21803566266799115,-2.1714280936701676e-06,-0.25902743593475525,0.026223106144448005
1978-08-06 18:00:00,,,2.980247932072927,,,,,,214.8597068109456,9.292672724413449e-05,1.8880212095362193e-05,1.3751302950480987e-05,2.175789965680365e-06,2.109403458480274e-08,,2.7630474440444854,0.7584627743303423,,,,,,2.501576521692897e-06,9.63358429164237e-05,2825.681348811945,1.710141904255342e-05,5.586915952566813e-07,,285.95149258043637,2.7461870182195357e-05,,286.1764067700629,8.710469367236075e-05,,,,1.6254080823187292e-05,,1.1852650335554541e-06,,,,,,,0.00018929745478205604,,,,,,,,,
1978-08-07 00:00:00,-0.8207288437341091,-0.16287918767985507,,-0.4031966057049452,-0.17177825672386665,286.45773333487426,287.73233375323593,0.8487110215531298,,,,,,,0.8809813299828028,,,271.46002197265625,271.460205078125,271.4599609375,271.4599609375,0.6557519171364914,,,,,,0.5425823764688165,,,100527.87167159763,,,1.4260355029585798,110.35821190106093,0.08922673964641503,,285.6636334481324,,73820.26211168639,0.9831609443799983,0.02412502835752696,0.12593872038394036,0.015225969122711723,0.04327922985618989,,273.0779509234005,-0.36192774913720127,-0.09153321720439302,2.3447715734323133e-07,-0.1145433790584993,-0.07297252656440058,-2.0413270615214846e-07,-0.1103677195910166,-0.006027268234794662
1978-08-07 18:00:00,,,3.8549806606134718,,,,,,236.1003650913577,0.0001404657519075292,3.750825069359774e-05,9.660339038047564e-06,2.6940461799237854e-06,-1.878506952094895e-08,,3.6123304479926297,0.8949461353601084,,,,,,1.2052350143003746e-05,0.0006189953219788856,3226.573571560651,0.00015682653128157637,2.9776421700708966e-06,,286.14128808015903,0.0001777105837435179,,286.3104096361871,0.00026806441474877427,,,,2.1707244525999713e-05,,1.381099576780782e-05,,,,,,,0.000759455366497045,,,,,,,,,
1978-08-08 00:00:00,-1.269530730840017,-0.6041026820797892,,-0.5902422222160023,-0.3732588728504068,286.4814698710244,287.3680744961169,0.8544774672688817,,,,,,,0.9267598044942822,,,271.4602813720703,271.4600372314453,271.4599151611328,271.4599609375,0.6582429789932522,,,,,,0.6124221217989393,,,100629.02551775148,,,1.2840236686390532,109.70219304011418,0.08950478649703708,,286.1229573086169,,73883.1601793639,0.9968086043758505,0.08007358492919679,0.1888524654084409,0.10053591756425666,0.29222213966253946,,273.11391453489045,-0.5411413745767266,-0.3237639150675937,9.96433956873708e-07,-0.31721044574263535,-0.157017155864535,2.436197263646055e-07,-0.46119847382314105,-0.03313750346031415
1978-08-08 18:00:00,,,2.729708722357214,,,,,,401.5034096621903,1.9044653903803178e-05,8.993159384417111e-06,1.642489309847002e-08,2.6259163515807607e-07,3.9955426114868705e-08,,2.6767416070904253,0.574635342028014,,,,,,6.634102770562708e-07,2.0077110394923645e-05,2022.2414543840307,3.934413547346578e-06,2.1973150898013596e-07,,286.0084351308247,3.705220021439727e-06,,286.23707210382764,1.8590168487390824e-05,,,,6.79826903978043e-07,,9.388062199191934e-07,,,,,,,3.912917079304802e-05,,,,,,,,,
1978-08-09 00:00:00,-0.8924553662362184,-0.7656166765111438,,-0.35754176145474587,-0.6794237385134725,286.9428118643676,287.850045649963,0.8486009980799883,,,,,,,0.4266761012331268,,,271.4599609375,271.4604034423828,271.45982360839844,271.4599609375,0.46354012868019956,,,,,,0.24092046599339187,,,100644.33524408285,,,1.0,111.20034392768815,0.0892576578806138,,285.4539310974482,,73884.91420118343,0.8688501631014446,0.008074517786150148,0.05717668406246505,0.003184504762909116,0.014493140948594675,,273.000850519485,-0.2350310545701247,-0.49066671111879967,-2.3257765344126405e-08,-0.041545231666790666,-0.009095959916446336,-1.2404483608858793e-07,-0.13043880074687259,-0.05819668290177746
1978-08-09 18:00:00,,,3.7505489665375658,,,,,,363.90768929204995,1.939946025080935e-05,2.6134013600603364e-06,0.0,0.0,4.0491651066966115e-08,,3.618225104710054,0.5996194873335798,,,,,,4.218643277707185e-07,1.800152853395812e-05,2371.0817582169934,3.4013443444607528e-06,4.7189536223397454e-08,,285.8524841669749,4.8902260481253175e-06,,286.06371492464865,1.6344942637449185e-05,,,,4.218643277707185e-07,,2.3588086285534697e-06,,,,,,,3.7441327727052584e-05,,,,,,,,,
1978-08-10 00:00:00,-1.8765944249531221,-0.39845347545556065,,-1.0132640014738725,-0.50082007526646,285.1629255847818,286.82920701969306,0.8494552320982578,,,,,,,0.9854977303708093,,,271.4596405029297,271.4603271484375,271.4600372314453,271.4599609375,0.46913869098550776,,,,,,0.3986317561884251,,,100703.23557692308,,,1.0355029585798816,111.60139329898992,0.08926046529465173,,285.6318027112611,,73930.49385170119,0.9958300604622745,0.02803926218367187,0.06114907672948386,0.0013227406338121763,0.029342925472229102,,273.0590968385956,-0.9287947084776749,-0.43519346812773035,-3.223597790963931e-07,-0.10188099935915343,-0.11602434463049532,-9.352996388791933e-07,-0.2464480823313696,-0.028140314231962848
1978-08-10 18:00:00,,,2.8002161161434014,,,,,,347.34766663319965,1.0290750737726335e-05,4.184294558135716e-06,0.0,0.0,6.934753927577033e-08,,2.6841919125889886,0.5044483433108358,,,,,,5.77229874197548e-07,8.90880029582413e-06,1835.298076923077,2.535958305971157e-06,9.603609645066882e-08,,285.75679693278477,2.1729298685429366e-06,,285.974592039571,1.1087345653737086e-05,,,,5.77229874197548e-07,,2.831179295947566e-07,,,,,,,1.919137302940414e-05,,,,,,,,,
1978-08-11 00:00:00,-0.9169724537776067,0.3095072797064245,,-0.4219307758399015,-0.12949121351072773,284.98361946421966,286.94401234282543,0.847716539569155,,,,,,,0.6041062754928823,,,271.4602508544922,271.46018981933594,271.45957946777344,271.4599609375,0.4334655400563979,,,,,,0.19036892320982804,,,100729.78014053254,,,1.1597633136094674,112.68649869839821,0.08963982170150125,,285.45780412120934,,73929.15416974852,0.8305999555531338,0.00526403505961306,0.0346756414772072,0.0006820252661168928,0.0054566272684771116,,272.97174902921597,-0.3085280649760771,-0.0046518356842402174,1.7756000483207425e-08,-0.0060951434648953955,-0.003961732357564057,3.5462437810468595e-07,-0.0034256267124379174,0.0236743206499949
1978-08-11 18:00:00,,,3.6889744764249,,,,,,901.5138842188669,0.00013344845122839573,1.393170399073313e-05,3.118464756294115e-06,3.070109689156332e-09,5.809296748974124e-08,,3.414392866326507,0.5181400818232249,,,,,,1.0980182939027189e-06,1.766455508548127e-05,2122.8142176295173,2.9653999623814982e-06,1.3424649823611306e-07,,285.5849363789756,1.2179627221011552e-05,,285.86695636094674,5.716050164939384e-05,,,,4.215772159000826e-06,,7.893482344390373e-07,,,,,,,0.00015111294018446342,,,,,,,,,
1978-08-12 00:00:00,-0.8984860753166605,-0.29089910179905637,,-0.4131532985077807,-0.2838924904546794,285.30366326507027,287.68535185142383,0.8437540538212251,,,,,,,0.7622644685032453,,,271.45989990234375,271.45985412597656,271.46044552158673,271.4599609375,0.49363121619591344,,,,,,0.19734311789362388,,,100740.77366863906,,,1.2662721893491125,113.47965235964081,0.08937278442834257,,285.4617984929734,,73940.2161381287,0.9061761893464263,0.02084498545067101,0.0481910685080065,0.002690281388322277,0.03316593647124411,,272.66769607814814,-0.2595924005000549,-0.11753316461687258,-6.521089497082949e-07,-0.06287963009444919,0.010147592129968326,-2.775909410553334e-07,0.03842039150599192,0.05078399525238918
1978-08-12 18:00:00,,,3.0920178280074215,,,,,,1381.8620644292887,2.5610070256791877e-05,9.077364171045067e-06,1.7508451093936108e-08,8.24710421716056e-09,3.798587808009655e-08,,2.9114552323634806,0.3942401592548077,,,,,,1.4039770474095316e-06,9.620308699692495e-06,1517.3653846153845,1.4227026930222144e-06,1.1271069697021732e-07,,285.59614228920117,3.3306299582035585e-06,,285.88720269739275,1.1266512278269028e-05,,,,1.4215454282845265e-06,,1.130658670289982e-06,,,,,,,3.5221936434683716e-05,,,,,,,,,
1978-08-13 00:00:00,0.27262655517758705,-0.0471531963912693,,0.12789340837467353,-0.16919259065707054,285.2516728688979,287.2050506772374,0.8508818117824531,,,,,,,0.5773442736744175,,,271.4600524902344,271.4606018066406,271.46018981933594,271.4599609375,0.37985536473742604,,,,,,0.13235329170904217,,,100532.43897928995,,,1.0769230769230769,112.08201228937453,0.08923238833275067,,284.86173984143863,,73784.21888868343,0.8479205676789819,0.004885351376180239,0.028815400221842456,0.0006761212320722772,0.0050110280866453635,,272.612095217733,0.09288205479729104,0.01893440153471817,-8.294247256140032e-08,-0.02219039624964697,0.006888651988915437,3.4689654692760863e-07,0.03214935543974476,0.04845372935310668
1978-08-13 18:00:00,,,3.44888880690174,,,,,,2582.987360636393,9.917869017674373e-06,2.607868532457295e-06,1.7310145514956593e-06,5.941893133891404e-07,4.188996957200199e-08,,3.253332762675878,0.3355965698964497,,,,,,5.650634397945461e-07,5.667808757731195e-06,1287.58025147929,1.7466376254544456e-06,8.057180196928555e-08,,285.1510132558247,4.158426935856159e-06,,285.3853723650148,9.219344022005972e-06,,,,2.2958920023145054e-06,,5.078489255689129e-09,,,,,,,1.5561441345327704e-05,,,,,,,,,
1978-08-14 00:00:00,0.06905456407535711,-0.13087777696417632,,0.021029681143676034,-0.29541182094777124,285.1078480376294,287.3574969951923,0.854393874752451,,,,,,,0.8137470319338099,,,271.45941162109375,271.4602508544922,271.4597473144531,271.4599609375,0.36833651390301403,,,,,,0.16617074097401996,,,100571.24519230769,,,1.1124260355029585,110.72608126126804,0.08917732915934726,,284.5048004692123,,73786.08760170119,0.9069223619071689,0.00434725027057458,0.03345467778440763,0.00016598906037370128,0.004067556392511672,,272.6248569827108,0.07052555874254576,-0.026768503809821678,-1.4690750401836307e-08,-0.013126767554579402,0.007546183537449357,-1.6831340360904344e-08,-0.0018626416223288993,0.04038165897660002
1978-08-14 18:00:00,,,4.695229795557507,,,,,,234.01930543797963,0.0006206155528683634,0.0001045659448973526,0.0,0.0,2.2008307758736694e-08,,4.503414887648362,0.715188975627782,,,,,,1.2465876653878646e-07,0.00014644226378943088,2548.462770721616,4.640248047529593e-05,3.020116541336274e-08,,285.06092247596155,0.00013217506324045758,,285.43014688886836,0.0002749195465674767,,,,1.2465876653878646e-07,,1.6223921677505475e-08,,,,,,,0.000767056758587177,,,,,,,,,
1978-08-15 00:00:00,-1.3856504598312829,-0.24355831936266295,,-0.731396979834201,-0.35746819874238683,285.4847896056768,287.3145629160503,0.8562071855956986,,,,,,,0.7017686852204377,,,271.45985412597656,271.45994567871094,271.45985412597656,271.4599609375,0.6301974728483067,,,,,,0.15893571734836204,,,100817.47892011834,,,1.4082840236686391,110.01026672724436,0.08901350314800556,,284.4828942654401,,73983.63937684911,0.9465180243966143,0.20617758956208782,0.07972536564059969,0.036385124251687315,0.5996964132997411,,272.43704205575074,-0.6841139821611213,-0.18765205744455551,-1.1233037448565327e-05,-2.8285749988443047,0.8509909253823709,-2.9590585132641992e-06,-0.5789302792069475,0.0965905487537384
1978-08-15 18:00:00,,,6.370610502344617,,,,,,349.6091344709227,5.761917526199973e-05,2.597810248651448e-05,6.920751735303529e-06,1.5232745095117558e-06,1.8209130256227367e-08,,6.251385637994349,0.5392407298793455,,,,,,1.0206722296201266e-05,0.00011239002442218849,2061.4969663902148,3.535895657962596e-05,1.8422221820029986e-06,,285.364031007304,3.854225020436846e-05,,285.6030692377034,7.232706222308458e-05,,,,1.7128443929570668e-05,,3.2172621001858685e-06,,,,,,,0.000170028068610197,,,,,,,,,
1978-08-16 00:00:00,-2.827196849168405,0.6888210138625647,,-1.695902756685336,0.1653692143908619,285.6645970090606,287.25026725453034,0.8628671246872851,,,,,,,0.3059427448873513,,,271.4595031738281,271.4604949951172,271.45989990234375,271.4599609375,0.5775784121153975,,,,,,0.35210141733553285,,,101043.50684171598,,,1.5562130177514792,110.85863950830945,0.08913199294953657,,284.78944532405694,,74158.2573964497,0.798318112037591,0.007640223326051288,0.11422422142511994,0.004407149094801683,0.008627806894877958,,272.63029163970043,-1.5863019220927763,0.22272862767326762,2.057668690110926e-07,-0.013543215729075776,0.03350932278929378,-1.6584331286828635e-06,-0.6026164229804948,0.5152637665779963
1978-08-16 18:00:00,,,4.545018969202888,,,,,,334.8425385966103,5.294497196490948e-05,6.045837550473636e-06,1.7666009932580078e-05,4.888859373577953e-06,9.296722419901539e-08,,4.302892814726519,0.5183645395132211,,,,,,3.1494706340090056e-05,0.00013135258968059832,1967.9604289940828,2.6636178324208458e-05,6.642126472744011e-06,,285.16528609236315,3.109039110544871e-05,,285.4399168477256,7.94852626394238e-05,,,,4.916042971187795e-05,,4.177218710882424e-06,,,,,,,0.00018428962611587795,,,,,,,,,
1978-08-17 00:00:00,-1.2182970442010101,-0.8348435791286491,,-0.6601208737616003,-0.5625433893598748,285.6446583764793,287.01123624722635,0.8582262580211346,,,,,,,0.7966347886965826,,,271.46034240722656,271.4604797363281,271.4600067138672,271.4599609375,0.4697648950979202,,,,,,0.5170869793324075,,,101225.49186390532,,,1.816568047337278,115.43559725609052,0.08981456135857034,,284.6980789455436,,74268.8615245932,0.9667661891886469,0.03377176354743937,0.07240690673238559,0.0039013631245088296,0.07201413192494205,,272.8309983473558,-0.5783080321091872,-0.4512714690710666,2.4818627235408013e-07,-0.06644967286544438,-0.16186100738288384,3.859728576302716e-07,0.0572873544410841,-0.12598410054776796
1978-08-17 18:00:00,,,4.607066865503436,,,,,,328.71008829353684,0.00028540855328712235,0.00010208926609987338,6.55287380754595e-08,3.5817085313417857e-09,1.4917879314226848e-07,,4.401354394720856,0.639224261221801,,,,,,1.6560072641400895e-06,0.0003681479121100973,2304.728920118343,9.086005081086469e-05,3.4686668428796285e-07,,284.3864644970414,0.00014075619229198208,,284.6672825559356,0.000255096946242293,,,,1.7218886924213206e-06,,3.70888193771684e-07,,,,,,,0.0006535532911853678,,,,,,,,,
1978-08-18 00:00:00,-1.7133871338071203,-0.7806552514522034,,-0.8652315986227002,-0.5430161854219154,284.03805560049926,286.0018693370932,0.8483742299164541,,,,,,,0.5079914521888869,,,271.460205078125,271.46031188964844,271.45970153808594,271.4599609375,0.5667726415148854,,,,,,0.48693468443740756,,,101176.12278106509,,,1.4911242603550297,116.72315735224436,0.08955307684001132,,283.10682958117604,,74210.02785225592,0.7484854974690274,0.0654272497052977,0.1938500246086835,0.07056494718472633,0.25491676104844674,,271.09675625231137,-0.7627140248315574,-0.2387305998943261,1.0312126898454756e-06,-0.06716664444060015,-0.09930147927188308,-6.182411321874201e-08,-0.5698675065350955,0.04497451930356449
1978-08-18 18:00:00,,,2.7086527739050825,,,,,,600.9862595078367,5.6792822109877e-06,4.6190568769471886e-07,5.92075669228722e-10,0.0,6.827638054535091e-08,,2.64484885282065,0.29587080916004066,,,,,,2.0122960121673946e-06,1.4560021592315133e-05,1151.8579881656806,1.397245624185314e-06,2.923912021535388e-07,,283.998064210429,2.289025564870891e-06,,284.32386192908655,1.0533952677743675e-05,,,,2.012891176889634e-06,,5.572470808787459e-08,,,,,,,2.0241287685710298e-05,,,,,,,,,
1978-08-19 00:00:00,-0.3736593709189511,-0.2526013413829916,,-0.11580436751687315,-0.3926307915230475,284.14254634338016,285.45239546736315,0.8414094836048825,,,,,,,0.08468113284139238,,,271.4591827392578,271.4599914550781,271.4602652004749,271.4599609375,0.31214546490758216,,,,,,0.29978031781915376,,,101158.56360946746,,,1.165680473372781,116.10736824351655,0.08933469952916252,,282.91159075674926,,74239.53178161982,0.5053989123442822,0.004864288515431294,0.024346841856032697,0.001022553302832609,0.008377086481399084,,271.52385643953403,-0.06225341029421112,-0.2164717905620146,-5.015103932926101e-08,-0.002050965495363495,0.007567057066415189,3.846072755528741e-07,-0.07694445277106833,0.02758589505972947
1978-08-19 18:00:00,,,3.182636244057198,,,,,,359.1759214855376,0.00012004798686010597,2.2131663102370043e-05,7.296873796621018e-06,2.7460900284129486e-06,-2.1820338566914289e-10,,3.031187339647282,0.582985962636372,,,,,,2.2485323206207456e-05,8.449399259668836e-05,2073.5402558456512,1.7590027236374173e-05,4.337406193716286e-06,,284.328647952108,2.64981001086489e-05,,284.69923897466714,9.791914527938211e-05,,,,2.9785216912715393e-05,,3.6610786378736326e-06,,,,,,,0.00020454056869597125,,,,,,,,,
1978-08-20 00:00:00,-0.8279771691948704,0.0021990036823340423,,-0.39329377575033514,-0.3205278723902956,283.95774344720786,285.3299871139978,0.8422026263891592,,,,,,,0.3408864038230399,,,271.4601593017578,271.46002197265625,271.459716796875,271.4599609375,0.513204087468812,,,,,,0.33516756006511006,,,101210.83579881657,,,1.8816568047337279,118.25694988183015,0.09056539366231162,,284.17540420441935,,74222.55766919379,0.8044822332421704,0.018120882937618526,0.05565174158315378,0.00328798124776084,0.05262431308362611,,272.75949620354106,-0.23908999967857225,-0.10902123761600291,1.0350896235859881e-07,-0.02650934739931095,0.0003255414363195205,-1.0668106999499007e-07,-0.06926202562433728,-0.0005246076358140573
1978-08-20 18:00:00,,,3.0303195732585073,,,,,,802.3657166971963,1.106278959816024e-05,3.009615741537873e-06,4.20122368801275e-06,6.4461188908864764e-06,1.052186130557455e-07,,2.8687940913544603,0.4269340560281065,,,,,,8.493617794217442e-06,3.516806300575211e-05,1557.7278106508875,1.016007901648798e-05,1.5381398506065798e-06,,284.40526910364275,1.0792849331917848e-05,,284.6833163831361,2.6001247781268238e-05,,,,1.2694114058680788e-05,,5.769653565432193e-07,,,,,,,4.6225606337101505e-05,,,,,,,,,
1978-08-21 00:00:00,-0.002959900353787213,-0.03836502549210949,,-0.03178499436237403,-0.2813035750530175,283.89367748012205,285.67990274824336,0.839007383267555,,,,,,,0.6951083636142799,,,271.4596252441406,271.4595184326172,271.460205078125,271.4599609375,0.43375248310277403,,,,,,0.1594467614529401,,,101216.53698224852,,,1.8698224852071006,118.62587092472957,0.09018615575937125,,284.0306634846524,,74225.6180658284,0.9060057345226672,0.009829902698385072,0.03034379573527878,0.0006106083209698016,0.02344725117880917,,272.3501186032267,0.08751203886855989,-0.13034014730058477,1.6366378146743116e-07,-0.0037447796065426435,-0.004896359683493891,2.2164192681852453e-07,0.009841726023769943,0.007474792867722596
1978-08-21 18:00:00,,,3.5534574802105245,,,,,,300.0697779909394,4.712911047173675e-05,9.63915558256341e-06,4.898426095409506e-06,1.1558429552958562e-06,1.2587079469709707e-07,,3.420034583503678,0.43083904198640904,,,,,,1.8678638621194828e-06,1.127629943147919e-05,1654.0350908809864,2.2822362784097886e-06,6.24380146081631e-07,,284.235107421875,9.83983630964742e-06,,284.4798186714127,2.084302126303227e-05,,,,6.766934719311415e-06,,0.0,,,,,,,5.841493253877177e-05,,,,,,,,,
1978-08-22 00:00:00,-1.0165467346913717,0.21145977494279308,,-0.4987760803403234,-0.13897841639772673,283.92342652089496,285.5496515578772,0.8304751473065664,,,,,,,0.22361854688655694,,,271.46006774902344,271.46058654785156,271.4600830078125,271.4599609375,0.4568820214023009,,,,,,0.17190368279550203,,,101088.05602810651,,,1.8461538461538463,118.7122013611201,0.08965021900876739,,283.26791038738907,,74142.35701738166,0.6451614012379618,0.005638897998985895,0.06141906670300213,0.0005886836870182196,0.00731877885626618,,271.41089156111315,-0.42421633252025354,-0.027105878796097795,1.3064385518175412e-08,0.0075547156425622795,-0.0031108735845639156,-2.2529816009915715e-07,0.024516459752822062,0.04674381476182204
1978-08-22 18:00:00,,,4.355703432884442,,,,,,292.6865048380293,5.133048846171452e-05,3.6599709701961314e-06,2.753888890588072e-05,7.262839191764064e-06,4.79410371650837e-08,,4.1536885605761285,0.6502582617765348,,,,,,1.1594855838273403e-05,4.568741367979756e-05,2515.9903499445268,7.684766893556132e-06,2.6852454571328925e-06,,284.54808992464865,1.5146854008443256e-05,,284.729684321838,3.9531898921763406e-05,,,,3.913640094226634e-05,,1.1952822620170357e-07,,,,,,,9.704502080570733e-05,,,,,,,,,
1978-08-23 00:00:00,-1.087260161631206,0.45381712490284937,,-0.6273509369799372,0.10817339857654458,284.12064447346523,285.59448531111315,0.8358613802836492,,,,,,,0.7576869987171783,,,271.46058654785156,271.4598846435547,271.4600067138672,271.4599609375,0.5323534733533154,,,,,,0.5287740219979596,,,100895.62573964497,,,1.8461538461538463,118.04318092842779,0.08964161336774656,,284.3749451044749,,74027.01292067308,0.9379171330547897,0.014483411249445651,0.08982322822302888,0.004062782377886349,0.027385149276887684,,272.3842549521542,-0.5496848687617737,0.19862512441781852,-1.466711430284112e-07,0.008058089829055516,-0.04845514382131001,3.1576633536719754e-09,-0.013178127757190952,0.05241359161907399
1978-08-23 18:00:00,,,3.4779532562346147,,,,,,394.0805831182571,1.7423292941595676e-05,3.1486969198700942e-06,8.400816183823805e-06,1.6478237492092967e-06,6.89561903855926e-08,,3.2195782294640174,0.5588351819642197,,,,,,6.593576461605772e-06,2.8328341845224596e-05,2078.36589808718,4.724781276911674e-06,1.2712718467035237e-06,,284.58372867742236,6.799117700588068e-06,,284.8131616355399,2.205089704524836e-05,,,,1.4993455812070497e-05,,1.5518231284336226e-07,,,,,,,4.57572337438369e-05,,,,,,,,,
1978-08-24 00:00:00,-1.0576846782977765,0.5483131077162613,,-0.48856707014275724,0.060123618537857686,284.7932721200074,286.33897986778845,0.8392832085225709,,,,,,,0.3377445378952478,,,271.45977783203125,271.4604797363281,271.4603576660156,271.4599609375,0.46090839028127006,,,,,,0.3705977558560625,,,101009.92954881657,,,1.6449704142011834,116.70743989662306,0.08976438623913646,,284.26490413507764,,74104.5564441568,0.8098576534429246,0.007659506745455296,0.06403810470282326,0.0017940758248052653,0.015277614254923261,,272.5223179202108,-0.38651538600583046,0.17308457292748627,2.695349168315524e-07,0.008098641752138645,-0.007546903819022094,1.225322710567832e-07,-0.0015984156428004157,0.0323028931250939
1978-08-24 18:00:00,,,3.068756103515625,,,,,,1093.0423367291512,7.001209188495162e-06,3.1820922737290872e-06,2.4684346639193022e-06,5.328239729771248e-07,3.287901380478222e-08,,2.9230141724355123,0.4423822707678439,,,,,,2.8317717052775726e-06,3.0366494458102616e-05,1689.9334319526627,5.5535591741990765e-06,5.368799103434974e-07,,284.91378079927887,5.742854620578021e-06,,285.0954676520895,1.4921837657161013e-05,,,,5.300548037833716e-06,,1.7851635196505212e-07,,,,,,,3.735443367760562e-05,,,,,,,,,
1978-08-25 00:00:00,-0.7307964923113761,0.017344881091597517,,-0.2663430434006911,-0.1901772177431005,284.75990430843194,286.1436196953587,0.8395119640954147,,,,,,,0.3968207906689164,,,271.45933532714844,271.4595184326172,271.45997619628906,271.4599609375,0.45052847777598004,,,,,,0.24305120576310837,,,101021.35928254438,,,1.1775147928994083,115.13583301792484,0.08955199055417755,,284.27061326969306,,74124.25929178995,0.7591914238309013,0.004360730925123015,0.05623503606876678,0.0012613358582265278,0.006531879041321884,,272.65560425526996,-0.17511175370075294,-0.03288130576793964,4.285555179630401e-09,0.004513261167431724,-0.009782387197194015,-2.1093648533059901e-07,0.07995138010946956,-0.03291922842962502
1978-08-25 18:00:00,,,3.1679697996060523,,,,,,3054.2864465886896,4.916677813558184e-05,6.8530572589332535e-06,2.1959153505472037e-05,4.921042354854606e-06,6.740636544791056e-08,,2.950142403326091,0.4397126147027552,,,,,,1.0863299200520712e-05,5.00037119938777e-05,1675.5521449704142,1.0690326697727631e-05,2.6595982662319432e-06,,284.68808218149036,2.0801249516786203e-05,,285.0443252473188,3.964855120732234e-05,,,,3.2820733341239616e-05,,1.6505846522263521e-06,,,,,,,9.914024694431462e-05,,,,,,,,,
1978-08-26 00:00:00,-0.39094577315291,-0.2586898521558773,,-0.07584137888349725,-0.31692436037684335,284.2285170696191,286.3833253397744,0.8432604261403959,,,,,,,0.48271450065296784,,,271.45994567871094,271.46018981933594,271.46014404296875,271.4599609375,0.4375765648113905,,,,,,0.4265738173922491,,,100814.35428994083,,,1.6094674556213018,116.32491632043963,0.08962861179600101,,284.51970604890903,,73951.50316660503,0.8520390204423983,0.02009286701094742,0.053321324364618346,0.0034264446010251015,0.0418134062201716,,272.64754255847816,0.020977556352784647,-0.044265442345974716,-1.8759888895448386e-08,-0.010372600611850354,-0.032665399404672474,-6.938112945125036e-07,0.04790610039727928,-0.009129768292579426
1978-08-26 18:00:00,,,3.7066631712151703,,,,,,937.8649780821657,4.558970589609541e-05,3.1820151227465746e-06,1.926208741566133e-05,3.7103230078544843e-06,8.710403805466256e-08,,3.440272178875624,0.4287824461446006,,,,,,6.630646406546147e-05,8.786042061077772e-05,1671.6808431952663,5.324641187515484e-06,1.892650268486971e-05,,284.4460983727811,2.8285534071499073e-05,,284.7892401881472,4.970877480930125e-05,,,,8.55679342732627e-05,,4.0342248755799245e-06,,,,,,,0.00013345532868740828,,,,,,,,,
1978-08-27 00:00:00,-1.1911870177680923,-0.0797984614174747,,-0.6195161131006726,-0.3225499610223714,284.1396484375,285.5790206638314,0.8412925685651204,,,,,,,0.6394995525038454,,,271.4601745605469,271.4602813720703,271.4602355957031,271.4599609375,0.4185175246740939,,,,,,0.35723247493688876,,,100859.99667159763,,,1.9053254437869822,117.72809217103135,0.09033183092196312,,283.93312858265534,,73986.04407821746,0.8281451989207748,0.03197703959376237,0.04001498433965198,0.0006302856129302075,0.09537943068856633,,272.4945169482711,-0.5077413017227805,-0.1402743412898137,1.915925232429724e-07,-0.09280506005653968,0.02962652887024823,-1.1820257632333934e-06,-0.1597461869730752,0.040495471136104425
1978-08-27 18:00:00,,,4.7117484561084995,,,,,,1040.4746595110212,2.2441501448140343e-05,1.4681831972133478e-06,1.172853644782975e-05,1.2030924213003125e-06,6.136435019293215e-08,,4.473426728558963,0.41689846783700074,,,,,,2.0754936884140826e-05,6.964185534144294e-05,1662.6983023310554,8.8504521099068e-06,4.261225109269633e-06,,284.4514319064349,1.4480710382292257e-05,,284.7692148784209,3.51149831297835e-05,,,,3.248206257114749e-05,,5.821489381807796e-08,,,,,,,9.20733051187188e-05,,,,,,,,,
1978-08-28 00:00:00,-2.062025132263906,-0.2896515829323312,,-1.0070675279967178,-0.4332432041506796,283.96350025425295,286.15322641225964,0.8382824147946736,,,,,,,0.4789858340773423,,,271.4601135253906,271.46026611328125,271.4595947265625,271.4599609375,0.42340900488859096,,,,,,0.15315640583143916,,,101137.25850591715,,,1.5384615384615385,118.30038090993666,0.09009959147526668,,284.0378345737796,,74176.38512389053,0.7575069426079474,0.010432926758837242,0.042671405482960084,0.0021314620971679688,0.024124190652158838,,272.31320425180286,-0.8909758731458314,-0.1935100498989489,1.0348549847161816e-07,-0.040394320290469556,0.004817934078577707,7.605925305696899e-07,-0.14069242308125693,0.052947249065136766
1978-08-28 18:00:00,,,3.82061815543993,,,,,,349.9779357910156,1.5395395898607356e-06,7.928262282846243e-08,2.8041075672623673e-07,8.616731474561804e-08,1.2909219262714628e-07,,3.6599742731399085,0.3954402765578772,,,,,,1.7360954947725556e-06,3.511852105341014e-06,1419.0262573964496,3.972662524623278e-07,3.990579462615696e-07,,283.9507298215606,9.590969283199874e-07,,284.27082129484097,3.713585392257871e-06,,,,2.016495229929862e-06,,3.103656589588117e-08,,,,,,,5.038096927679502e-06,,,,,,,,,
1978-08-29 00:00:00,-1.341950930081881,0.5210529925555167,,-0.6509278935088209,-0.19772206819974458,284.6088115985577,286.0978584966716,0.8369028688182493,,,,,,,0.16983140572993713,,,271.460205078125,271.4603271484375,271.45973205566406,271.4599609375,0.39084765191614274,,,,,,0.06481951651488535,,,101129.07766272189,,,1.6094674556213018,118.3175776554988,0.08971657273332043,,283.1178549140163,,74183.30364737425,0.5149079579543102,0.0012938595382419563,0.021413700710210575,3.773053369578525e-05,0.0010692297354252382,,271.59851868759245,-0.46551296979012574,-0.030617405324292607,6.578504034218061e-08,-0.0033775708643642402,0.002389019043043603,1.2908187068340275e-07,-0.016653069730341082,0.026984701715630187
1978-08-29 18:00:00,,,3.4938829636432716,,,,,,659.0807720365979,2.9681085129461345e-06,3.625007798156795e-07,0.0,0.0,8.231665387852867e-08,,3.404411981091697,0.47142164241632767,,,,,,2.614977444417378e-06,5.576153390506315e-06,1600.4940828402366,1.0974313953571772e-06,7.937265526966231e-07,,283.64417298446745,1.0883386009896295e-06,,283.91244163738907,6.887135950065929e-06,,,,2.614977444417378e-06,,0.0,,,,,,,8.544085558349564e-06,,,,,,,,,
1978-08-30 00:00:00,0.3721585358388325,0.2518438248944706,,0.1509187066343409,-0.13125812936816694,283.9999739968565,286.03859588803624,0.8357214303411675,,,,,,,0.14239655443902552,,,271.4597473144531,271.4600524902344,271.46009826660156,271.4599609375,0.4947172085914386,,,,,,0.020998057529065736,,,100930.21893491125,,,2.289940828402367,118.50891456378282,0.08928957211195364,,283.3712801058617,,73992.64607988166,0.607290696308634,0.00039611730349839794,0.04220379948252316,9.791209147526667e-05,0.00015865768906632823,,270.9423409185466,0.1491187257174204,-0.08321542006272536,-1.4732917455380118e-08,-0.00037275636072694904,0.0018696964046085727,1.9534941982772732e-07,0.01852577466231126,0.00716159929185224
1978-08-30 18:00:00,,,3.221059923341288,,,,,,596.363036382766,6.851633272227452e-05,7.2455132854055375e-06,0.0,0.0,3.924319188083579e-08,,2.9704185914711134,0.4574032394138314,,,,,,1.1121479452714413e-06,3.87800074893342e-05,1713.412844144381,6.275758499929891e-06,3.2872242643635655e-07,,283.8726943879438,1.3459760409135084e-05,,284.13049244175295,4.6143429519156734e-05,,,,1.1121479452714413e-06,,0.0,,,,,,,0.00010730687683150613,,,,,,,,,
1978-08-31 00:00:00,0.014563915997567262,-0.3721968690319174,,0.06420241022956442,-0.3173473459729076,284.20116754114275,285.41739523622414,0.8405890341341142,,,,,,,0.7664320001147202,,,271.45994567871094,271.4598083496094,271.4597930908203,271.4599609375,0.4233716555169133,,,,,,0.19254415839381472,,,100758.5451183432,,,2.3195266272189348,115.928316375913,0.08907747268676758,,283.399204592733,,73902.4947993713,0.9216352119248294,0.017984002613677427,0.07851344419604707,0.0021298735804811736,0.02663560889441914,,271.20213399130915,0.05344582732612565,-0.20002084653053057,-6.159068306201253e-07,-0.036502567974068006,0.06512491936249847,5.104096213558182e-07,-0.08720554931629339,-0.01584399381332849
1978-08-31 18:00:00,,,2.9798522531633544,,,,,,341.31338609322995,0.0001818424851231321,4.55049720741588e-05,0.0,0.0,3.474713184505558e-08,,2.7471267034316202,0.5209632286658654,,,,,,9.61372882304107e-07,4.011383776128645e-05,1949.0445194582967,8.592734763608175e-06,3.122272708359555e-07,,284.5343515971709,4.5152899076247355e-05,,284.8463199773484,8.236092223218206e-05,,,,9.61372882304107e-07,,0.0,,,,,,,0.00022196346486108543,,,,,,,,,
1978-09-01 00:00:00,0.048870436538606,0.1331080205341768,,-0.0743342630961943,-0.043775434324727254,284.5154314210429,285.9636736085429,0.8513683369879187,,,,,,,0.7028918745955066,,,271.4599921538456,271.46014404296875,271.46002197265625,271.4599609375,0.4388376230362957,,,,,,0.3390958535529056,,,100629.74574704142,,,1.9349112426035502,113.00177236703726,0.08905112813915726,,283.81068844767015,,73823.91974852071,0.9330478585683383,0.036374051508234716,0.05110202760837928,0.011313489202916974,0.08118080586169504,,272.0155650483081,-0.010508164851623173,0.037964888578335916,-8.740551913013825e-07,-0.08844811817598061,0.2276348299085102,-1.0996118523976104e-06,-0.1996771682648969,0.015938051706235086
1978-09-01 18:00:00,,,4.0820688157391976,,,,,,401.2821218276165,5.2604449571237056e-05,2.5692820196321025e-05,4.927467929541006e-07,0.0,3.9065262003560725e-08,,3.809904109796829,0.6976334477978698,,,,,,2.595755828202829e-06,8.28388174610025e-05,2503.858070508968,2.962659449266964e-05,8.750354220881264e-07,,284.8437167737611,2.811306856087679e-05,,285.0139766896265,7.209102430287197e-05,,,,3.0879350103570158e-06,,0.0,,,,,,,0.00013542827769849426,,,,,,,,,
1978-09-02 00:00:00,-2.029371955691005,0.06794936840350811,,-1.1298800304796568,-0.23868841250267256,283.93771380362426,285.5432677861501,0.8563747261402875,,,,,,,0.6394166787204569,,,271.4601593017578,271.46031188964844,271.4600830078125,271.4599609375,0.624529124827251,,,,,,0.39376770458101523,,,100651.37278106509,,,1.6745562130177514,112.59213617990709,0.08915641321938418,,284.4258260331916,,73848.7022466716,0.911130558456895,0.013920329632402877,0.12945578518439327,0.006429367516873151,0.016218605290095393,,272.31119767589684,-1.0046970717300325,-0.17291148033367812,2.7922679912629566e-07,-0.08174975701337735,0.05351217927482839,-3.5144159978134393e-06,-1.2093616011580066,0.27665654419970936
1978-09-02 18:00:00,,,6.416342972298346,,,,,,164.65884625135794,3.931547939424684e-05,1.5085089136157516e-05,0.0,0.0,5.494897906839319e-08,,6.188583272448658,0.6488885823086169,,,,,,9.042095150467912e-07,3.91743592256625e-05,2426.344622549926,1.5133363608072495e-05,2.0232569624686383e-07,,284.32753415079515,9.78027575114775e-06,,284.65487183339496,4.86039727397219e-05,,,,9.042095150467912e-07,,2.645176543286566e-08,,,,,,,7.850213869083562e-05,,,,,,,,,
1978-09-03 00:00:00,-3.0629911874172957,0.388887332035945,,-1.7972963434704663,-0.05227334400605873,283.08527441984097,284.6693440273669,0.8540897076651894,,,,,,,0.5567551110623151,,,271.46031188964844,271.4603271484375,271.45973205566406,271.4599609375,0.7142816595071871,,,,,,0.17080188478266037,,,100871.03901627219,,,1.9112426035502958,113.91084226348697,0.08912841526008922,,283.70579898992236,,73999.13942307692,0.8806719787022066,0.0021430606646917916,0.12334608967752146,0.006819990259655834,0.0009226347567767081,,271.99193180242236,-1.652845140039568,-0.007780244364540958,4.0146855927780604e-08,-0.006767816444825844,0.010055812858265532,-2.6021969019705375e-06,-1.1123337435299123,0.43298387595248466
1978-09-03 18:00:00,,,4.5134712986692165,,,,,,91.72138543665056,0.00011847639930318799,1.6359821755505172e-05,0.0,0.0,3.110364225349869e-08,,4.353525663974017,0.7282637195474297,,,,,,3.0230179693571916e-06,0.00012446543168739455,2598.3368578126447,4.7470338245820714e-05,5.668778655797067e-07,,283.7173386071561,4.921174613681771e-05,,284.0038152389978,0.00010968735937536116,,,,3.0230179693571916e-06,,0.0,,,,,,,0.00024292454917049973,,,,,,,,,
1978-09-04 00:00:00,-1.3422544975957926,0.5025252054428914,,-0.752890964936928,0.01697458459075386,283.46902592224484,284.57850060096155,0.8576799581742146,,,,,,,0.634254910272254,,,271.45945739746094,271.4602508544922,271.4598846435547,271.4599609375,0.6388206249158058,,,,,,0.17697305859413726,,,100937.03457840237,,,2.0118343195266273,113.96090698242188,0.08905869828173395,,283.1162297175481,,74050.51035502959,0.8594967476009617,0.003764945392520305,0.12084417190601135,0.01052201852290588,0.002986315439438679,,271.6354142589682,-0.6859927769948745,0.06175235319419725,1.6056025726582921e-09,-0.002012507648333995,0.021313448777365823,1.0390355067118208e-06,-0.30604928485035193,0.30082854373689144
1978-09-04 18:00:00,,,3.545297560607188,,,,,,164.17552022538948,8.562718622783232e-05,1.84562784680248e-05,3.513745059804803e-08,8.217096273627506e-09,1.8990021263574194e-08,,3.4081865570248935,0.6884386683180488,,,,,,9.12430227772724e-07,4.758566794310801e-05,2398.2261492486537,1.316536328143622e-05,4.4450125265756304e-07,,283.6804285895895,1.9750761738895663e-05,,283.93251317492604,6.55795254650906e-05,,,,9.480367838983705e-07,,0.0,,,,,,,0.00013323410375583807,,,,,,,,,
1978-09-05 00:00:00,-0.6367195738843207,0.583412746000572,,-0.363883300645817,0.07364220590986444,283.5861729729105,284.8930476262019,0.858890203329233,,,,,,,0.4203644701715052,,,271.45947265625,271.4604034423828,271.4604034423828,271.4599609375,0.5255201514038814,,,,,,0.11881942297579974,,,100850.85724852071,,,2.3431952662721893,114.68164477827986,0.08903156370806271,,283.09195578309914,,73965.32604474852,0.7752017579840486,0.0012480563843366552,0.10302072110966112,0.001386518309102256,0.00030097171399720324,,271.520054202108,-0.286190315111149,0.1477942121099438,3.556606275761898e-08,0.0010140885835921271,0.002864068118270611,6.547147973327616e-07,0.02868135299908339,0.15128462982071927
1978-09-05 18:00:00,,,3.5304542180349134,,,,,,240.61171501204814,2.1709140235855736e-05,7.593155612606974e-06,2.0038314472288774e-07,1.1514784139994333e-07,1.4670154584871195e-08,,3.436984270987426,0.5289277748243343,,,,,,5.5749410179239755e-06,2.0320444593768148e-05,1911.6052804077872,3.665332963480752e-06,1.3169672714887992e-06,,283.8408102001664,5.101972430415408e-06,,284.097185304179,1.9003785926209398e-05,,,,5.775390292060446e-06,,0.0,,,,,,,4.204217146134235e-05,,,,,,,,,
1978-09-06 00:00:00,-0.9175501829068337,1.0032160405576582,,-0.45871056325336884,0.3354528444053153,284.14298839681953,285.88602533284023,0.8601811475302341,,,,,,,0.2068694526627219,,,271.46051025390625,271.4599151611328,271.4600830078125,271.4599609375,0.5015625140282529,,,,,,0.20565602633021993,,,100803.00573224852,,,2.242603550295858,114.32475452310234,0.08904878063314765,,283.5157087879068,,73948.11108542899,0.641527144513892,0.0026613098169510256,0.05437038043106096,0.0005257877372425689,0.0020822773318318927,,271.2768294656065,-0.36257643389278615,0.3970126280417809,1.5599739230816535e-08,0.003018079358621462,0.0060279635070498,-3.283820601528753e-07,0.014195004863851874,0.09992940002947649
1978-09-06 18:00:00,,,3.6756973266601562,,,,,,263.18409828321467,0.00012080627080251479,3.765012032886934e-05,5.55844414020343e-09,1.4739626324212057e-09,1.884064354890573e-08,,3.519855730632353,0.8001464665509187,,,,,,5.317730663796148e-06,0.0002377467042595677,2883.7409393491125,6.098816028008094e-05,1.0637577468826925e-06,,283.38260014099484,6.987621798317813e-05,,283.64255501109466,0.00014777631449276174,,,,5.324586079670833e-06,,2.3982162482639743e-06,,,,,,,0.0003585282867476785,,,,,,,,,
1978-09-07 00:00:00,-0.05132179147393041,0.3003380228076461,,-0.059577253443249586,0.115550977943917,283.8585342316938,284.9865289270525,0.8620149433260134,,,,,,,0.10247030766052607,,,271.4598388671875,271.4603576660156,271.4599609375,271.4599609375,0.6785776110795828,,,,,,0.3898911768327379,,,100991.53328402367,,,2.3136094674556213,114.77557968952247,0.08912348041873007,,283.2180074657914,,74062.23081545858,0.7874620726122659,0.009377150863688715,0.22660801277534495,0.0215584568723419,0.021674139259834968,,271.0272339589497,-0.10766236457598985,0.09086418151855469,7.08367375118972e-08,0.011441880627673054,0.0014121038673897467,-4.93350223853038e-07,-0.3199128935322959,0.11299504613029886
1978-09-07 18:00:00,,,3.1284816462612715,,,,,,164.61003482976608,3.2429114954006035e-05,6.630355437126385e-06,5.874672584985135e-06,1.4715585526982708e-07,6.244016302031477e-08,,2.9074707740157315,0.6929119042390902,,,,,,5.44886529092958e-06,6.124283600667921e-05,2677.8041053185098,1.3004128749553975e-05,1.2589497326393804e-06,,283.7859074519231,1.2886859256134936e-05,,283.9484401003144,4.0892665908181455e-05,,,,1.132400078180979e-05,,1.656508745526421e-06,,,,,,,9.364889383848293e-05,,,,,,,,,
1978-09-08 00:00:00,-0.6158210822111051,-0.48538177535378724,,-0.3259265324067787,-0.27382888455362714,284.13538536658655,284.9118117834689,0.860805697695038,,,,,,,0.32353499373035316,,,271.4596710205078,271.4603576660156,271.46014404296875,271.4599609375,0.6472727416535101,,,,,,0.26410851697161924,,,101130.0112795858,,,1.863905325443787,113.69790541067631,0.08945134687705858,,283.5066423585429,,74193.80436390532,0.8210338749123748,0.0035411133294850697,0.11723654053708506,0.00505099776228504,0.003711598864673863,,272.08230356069714,-0.2245887440337232,-0.2388773020907972,-5.0191487626175355e-08,-0.0011098079339286985,-0.009898410393641545,2.485102892594313e-07,-0.025849783914329034,-0.14459595666129207
1978-09-08 18:00:00,,,3.6626884641026605,,,,,,380.6785755900594,0.00020476505601194482,6.494596159669774e-05,4.2927357748415343e-07,1.0036102898374817e-07,9.518333484443489e-08,,3.4977700442252075,0.743302926509338,,,,,,6.341810762529543e-06,0.00029900793493146727,2762.2460589888533,7.780310670299643e-05,1.4471209789874286e-06,,283.7685532428809,8.491669180830555e-05,,284.0185387966901,0.00018024797270283895,,,,6.772136899846545e-06,,6.662406159575874e-06,,,,,,,0.0005037587069900783,,,,,,,,,
1978-09-09 00:00:00,-1.320933178331725,-0.2693574386235525,,-0.6590768881803434,-0.24213603544517381,283.3607242742234,284.7375907220784,0.8572181131712784,,,,,,,0.5073080570740107,,,271.4601745605469,271.4600830078125,271.4598846435547,271.4599609375,0.6432620760428129,,,,,,0.37676207412629437,,,101270.41457100592,,,2.0,114.53348464514377,0.08958617893196422,,283.0978541628144,,74304.74077755178,0.853793508268496,0.03133515437530042,0.15038036991505932,0.057934642543454144,0.14110353007119084,,271.90415530232985,-0.5582143907716288,-0.11081851868939822,-1.0600208645630021e-07,-0.06733520143836208,-0.02972077547445805,-9.22605719075665e-07,-0.27182209985496025,-0.013946084581183259
1978-09-09 18:00:00,,,2.690748406937842,,,,,,321.9285260262574,0.0003721209672781137,6.219162743472489e-05,2.2874781365930683e-05,5.0634851117105876e-06,5.275162439673661e-08,,2.504062932976604,0.7343725536966464,,,,,,1.3745086785604263e-05,6.977486820059468e-05,2800.696967401448,1.2460346581667837e-05,3.0197500741693395e-06,,284.16000023113907,7.010573113458397e-05,,284.3851181120562,0.00015775991614753679,,,,3.661947137505345e-05,,1.433597513909876e-06,,,,,,,0.0004418923085766507,,,,,,,,,
1978-09-10 00:00:00,-0.7624655842075686,0.4224216825157933,,-0.4420675413143,0.0023299691945138064,284.1820451183432,285.82966785318047,0.8504088870167027,,,,,,,0.5827797201831313,,,271.45982360839844,271.45997619628906,271.4598846435547,271.4599609375,0.6036778730753611,,,,,,0.48319799131190283,,,101310.43565088758,,,1.9644970414201184,117.16760308079466,0.09029208414653349,,283.76540108404214,,74304.73257211539,0.9495934844017029,0.020882602039856847,0.12387379518980106,0.006957691802075628,0.03900451284486073,,272.3336022732526,-0.3197328973804,0.08589847976639425,1.549655947863185e-07,-0.027264630653449064,0.004701677511429646,-8.922526841919825e-07,-0.25826131380521333,0.029571366733347877
1978-09-10 18:00:00,,,3.773896888868343,,,,,,166.31709208290957,0.00014833356501788077,2.666955163492959e-05,2.742682985917351e-08,1.2073870445188334e-08,1.3909079226974405e-07,,3.5897024764111762,0.8744932123895227,,,,,,3.855664437339151e-06,8.910404888299325e-05,3153.713797845784,2.2401382937233827e-05,8.838926304197876e-07,,283.6731708233173,4.1106561137168445e-05,,283.85823952940086,9.547943589921077e-05,,,,3.885753320519036e-06,,2.2652217313735443e-07,,,,,,,0.00023744775374428997,,,,,,,,,
1978-09-11 00:00:00,-0.7243799175736467,0.7295462372740344,,-0.3513381156695665,0.30319562325110805,284.5404738928439,285.91042928300664,0.8437829849988046,,,,,,,0.6158961572590664,,,271.45994567871094,271.459228515625,271.4597930908203,271.4599609375,0.7095498382692507,,,,,,0.30984081742326186,,,101318.72984467456,,,2.100591715976331,118.15750230416744,0.09014252657015648,,283.65066654724484,,74301.49937592456,0.9434085287285979,0.017608823415894922,0.12927342993179722,0.008306401721119175,0.03182355892023391,,271.8564380894046,-0.29537718394804285,0.3141516175495802,2.821785722533379e-07,0.022812514924086057,-0.017058137958571754,7.450872765369741e-07,-0.019365041213628104,0.04677126393515683
1978-09-11 18:00:00,,,3.691705709378395,,,,,,125.99543139215052,0.0002462867449021198,4.116727931965032e-05,6.723752212242262e-06,2.1400580392081356e-07,1.023927624502914e-07,,3.437280254251153,0.8826334765676916,,,,,,5.399709093500171e-06,0.0001250675479699292,3256.2546979012573,2.5632289739755484e-05,1.0298306023228099e-06,,283.575143306213,5.871749285544355e-05,,283.776419193787,0.00013305171503957396,,,,1.212337313319099e-05,,1.3156942802773425e-06,,,,,,,0.0003713539401818433,,,,,,,,,
1978-09-12 00:00:00,-0.5914249984470344,0.27682382820625984,,-0.3686007550482214,0.09019836448353423,283.56647559171597,285.22493152505547,0.8384029050550518,,,,,,,0.8543309237830032,,,271.4596252441406,271.46003306974495,271.4601745605469,271.4599609375,0.8671325998898793,,,,,,0.2245880266439346,,,101180.51941568048,,,2.0236686390532546,118.17348556969998,0.08995681119388377,,283.3606029262204,,74215.80974944527,0.9725938890812665,0.03892622161353525,0.14275642890020235,0.015906723293327017,0.0870785111545574,,271.85237148668637,-0.3130297858334152,0.06641098451332228,-3.2445174606948175e-07,0.0719987410809514,0.03920192610935347,1.0143546028060635e-06,0.16435645529504359,0.024278360358356725
1978-09-12 18:00:00,,,3.2156270269811507,,,,,,124.74332947138498,0.00011510062499864567,2.314608830672044e-05,3.856033659898318e-07,1.5588907095102164e-07,1.1872916245425241e-07,,2.890660573744915,0.8734150722887389,,,,,,1.2114440151572932e-06,0.00021091576528452826,3135.6590655625923,6.281130412626549e-05,5.605597511903774e-07,,283.39328165449336,6.025130226767275e-05,,283.6599308894231,0.00013735361353180113,,,,1.5961518786715332e-06,,2.2645328833153966e-07,,,,,,,0.00032601833007930565,,,,,,,,,
1978-09-13 00:00:00,0.04862986796001006,-0.014530751832138152,,-0.029999005018606695,-0.06920948818590514,284.6472254645895,285.8159078564164,0.8356801271438599,,,,,,,0.936071539066247,,,271.4601593017578,271.45985412597656,271.4597625732422,271.4599609375,0.888662998140211,,,,,,0.3762323503663554,,,100999.7000739645,,,2.4615384615384617,119.09380038109052,0.08972987902940378,,283.3516708464312,,74077.10019877959,0.9935974390549067,0.04291238072851794,0.2845213648218375,0.03307347043731509,0.07763364893444896,,271.36422603088016,-0.0525760368482601,-0.05941900558020236,2.2814840886200442e-07,0.22222598256355913,0.03276948040053689,-1.5414439103174846e-08,0.40596072208246536,0.04401194273367436
1978-09-13 18:00:00,,,3.2080187656470303,,,,,,294.69988914354315,0.00014307997988525934,3.624513480790268e-05,1.870342612971921e-05,1.7903172052823582e-05,1.2705445731669295e-07,,2.948611564184787,0.8830355765551505,,,,,,4.3266006475369607e-05,0.0005209304877286832,3164.76627074473,0.00011835719001363721,1.0612602593630728e-05,,283.258841068787,0.0001414897879199869,,283.46023541512574,0.00024071459234113523,,,,6.197101971101478e-05,,2.284760217694841e-06,,,,,,,0.0006640373602421326,,,,,,,,,
1978-09-14 00:00:00,-0.741958685880582,0.2705288497653939,,-0.504826681148371,0.06285408156863331,283.0048120261649,283.9301295534394,0.8387284180116371,,,,,,,0.46944578192554987,,,271.45982360839844,271.4597625732422,271.4600524902344,271.4599609375,0.7890759784089038,,,,,,0.481219359050841,,,100896.96116863906,,,2.63905325443787,118.72789570283608,0.09018012334609173,,282.81887654863164,,73973.59317215237,0.9216395926898753,0.02823821883565972,0.20676601014496793,0.05608110597147744,0.1692472378883136,,271.2483271311021,-0.4137679839275292,0.09909150727401823,-8.678757075837555e-07,0.08286807452433208,0.12278377374953772,-5.364200181586767e-07,0.2605994234423666,0.2992260332643633
1978-09-14 18:00:00,,,3.401317968876404,,,,,,380.8617855275171,3.585695515017538e-05,7.760970021140647e-06,4.989739793997545e-08,9.000316515741263e-09,2.0759340002694353e-07,,3.298672335034997,0.397588605711446,,,,,,8.942261779096704e-06,2.2661580136541784e-05,1513.5335405677029,4.488809486112651e-06,2.0402797756815805e-06,,282.0728116910133,9.273217450937576e-06,,282.45943220691566,2.6874552817034297e-05,,,,8.991748623594025e-06,,4.233078949825739e-10,,,,,,,5.8521885843671994e-05,,,,,,,,,
1978-09-15 00:00:00,-0.6196123157027205,0.56900460621309,,-0.24302755728275818,-0.11563723186064048,281.22034485946745,282.7776427861501,0.8323625163919122,,,,,,,0.3721188878166605,,,271.4607849121094,271.45997619628906,271.4601287841797,271.4599609375,0.4082608068439029,,,,,,0.11645194281928638,,,101338.0698964497,,,2.473372781065089,122.71670857265856,0.09038126680272571,,280.3503085706361,,74270.7178716716,0.694855324262698,0.003461616674159824,0.060132278603385894,0.0007099343474800064,0.005233076197155834,,270.1637605746117,-0.18741752127923908,0.024226278948360647,9.602572605841842e-08,0.009709321034069244,0.017941536988026998,8.962019792683533e-08,0.020647394939287175,0.19348669453309134
1978-09-15 18:00:00,,,3.3878627867388302,,,,,,394.3428585797372,3.994648625864785e-05,7.926249468820335e-06,1.0228015967374722e-08,2.818626331677936e-11,1.705743051867673e-07,,3.29304349775145,0.3325874283468935,,,,,,1.8033546191700817e-06,3.8004353554291133e-06,1271.625,5.179696534512311e-07,4.926048902541223e-07,,282.1136351816753,1.2577924679016926e-06,,282.4255038831361,2.0223520916594557e-05,,,,1.8142825047645343e-06,,0.0,,,,,,,4.3745488810116016e-05,,,,,,,,,
1978-09-16 00:00:00,-0.6952239324355266,0.34992645266493394,,-0.2942915301351152,-0.2882717177712706,282.7691412028476,284.3623971431213,0.8240928773343916,,,,,,,0.16865395088872967,,,271.4597473144531,271.4603761621922,271.4600372314453,271.4599609375,0.4083882582610881,,,,,,0.08959766816810744,,,101591.39016272189,,,2.195266272189349,122.04597771097217,0.089895239948521,,280.7645473141642,,74442.69480399408,0.5547125847381953,0.0013170649709810982,0.044284222923086945,0.00020849493128308178,0.000696795931934605,,269.4259546042899,-0.24581829048472748,-0.07163954627584423,3.976720377848313e-08,0.004540395763146101,0.0036937954321368625,5.585346778216854e-07,-0.006995188766682642,0.05126988699455806
1978-09-16 18:00:00,,,3.128452752468854,,,,,,335.4988001292337,4.534079478337215e-05,4.379530630168125e-06,1.467418575868804e-09,5.290353086573133e-10,1.0820204617102826e-07,,2.881726592250124,0.4490159615962463,,,,,,9.693111673261993e-07,1.6644619096665692e-05,1746.5212823089057,1.7351614168057074e-06,2.6297739007063873e-07,,283.1308954904771,3.9133182644138676e-06,,283.3877213156435,3.8909312536025187e-05,,,,9.709478703123577e-07,,0.0,,,,,,,6.197243047183787e-05,,,,,,,,,
1978-09-17 00:00:00,-0.5118002524742713,0.34935348555886536,,-0.23752822537393964,-0.12693843615831002,283.18138492742236,284.6162210498336,0.8173365741086429,,,,,,,0.5429821127265163,,,271.46022033691406,271.460205078125,271.4598846435547,271.4599609375,0.48190697494166845,,,,,,0.12854103223811944,,,101496.71412721893,,,2.4437869822485205,121.94329418656389,0.08952894436537161,,281.49655891734466,,74412.18468010356,0.7624496591867075,0.0023268939337857016,0.06365200161752044,0.001683838974089312,0.0009165670744766145,,269.727817873983,-0.21916688546626525,-0.05223478156434008,-6.535352849554458e-08,0.013808318143765602,0.00562147155938637,3.8169950259554604e-07,0.020623761521288628,0.04369420743376546
1978-09-17 18:00:00,,,2.9770034643319936,,,,,,271.84359641893377,4.132744475934632e-05,1.3971954760466807e-05,8.436236062125694e-09,2.1514102552064072e-08,7.802051898165136e-08,,2.7437231431345968,0.4660716762204142,,,,,,2.239191540952265e-06,1.6355258825968004e-05,1803.7804349639712,2.323804125630644e-06,7.266520395786805e-07,,283.2012802214312,9.577214365174784e-06,,283.4590580505732,2.4487060555339566e-05,,,,2.247540379417013e-06,,0.0,,,,,,,5.7675870212577507e-05,,,,,,,,,
1978-09-18 00:00:00,-0.16932098117805797,0.4149166987492488,,-0.16325066921979012,-0.01733636573926937,283.4482522998336,284.8444390833025,0.8263967929507149,,,,,,,0.6168602937777367,,,271.4605407714844,271.46034240722656,271.4599609375,271.4599609375,0.5011901959732792,,,,,,0.13675423345622226,,,101287.29622781066,,,2.3136094674556213,119.71552976348697,0.08944308828320023,,282.3500543176775,,74261.45344859468,0.8350882844106685,0.021878382708553697,0.08614887043657388,0.0015529203697069156,0.036217909592848554,,270.8212789501664,-0.1369612597854885,0.09518725350058291,-1.6463893092342117e-06,0.12384945118921042,0.060259756957285505,3.0440907140424994e-07,0.16553631923078785,0.09736033127858089
1978-09-18 18:00:00,,,4.519295771446454,,,,,,460.46616142318095,5.725096668717424e-05,1.0409254646865573e-05,2.4023140675922822e-05,7.771087821418717e-06,3.347331746694902e-08,,4.121390342712402,0.5617764264168824,,,,,,9.612395213200495e-05,0.00014936112793239616,2127.4405014670106,1.0026673946154894e-05,2.0890810785914313e-05,,283.88454170904214,3.3970062549297625e-05,,284.1302179641272,6.887537135174994e-05,,,,0.00012014638742751624,,7.487447744995884e-07,,,,,,,0.0002066207355296118,,,,,,,,,
1978-09-19 00:00:00,-0.5553340799004368,0.979748026153745,,-0.35178985257120526,0.3485556904380844,283.32145519369453,284.57675550110946,0.8423825012156244,,,,,,,0.9503800667954619,,,271.4600830078125,271.45947265625,271.46009826660156,271.4599609375,0.5140529595475269,,,,,,0.5804645010881876,,,101143.02958579881,,,2.514792899408284,118.27269045135678,0.08995679144323225,,283.1578665287537,,74182.92030325443,0.9913565893850383,0.0679090043100027,0.07021480269548236,0.004113631840993667,0.15772196685774087,,272.1686202732064,-0.2714975910073907,0.40470076912253566,1.8860341239852842e-07,0.5420204754147304,0.49833924501869803,-6.681533403606457e-07,0.15955550607139543,0.25066599796509603
1978-09-19 18:00:00,,,3.289022824115302,,,,,,722.919769106532,5.0161805378614795e-06,5.517672945761822e-07,1.3824642364475766e-09,0.0,1.505040533909498e-07,,3.1449923296651896,0.2981426532451923,,,,,,4.395456797272496e-06,8.178654418894526e-06,1248.6398142075398,4.5793103439920754e-07,8.520774940061851e-07,,282.5581300272744,1.5101781302302547e-06,,282.92943758089865,6.178625412946622e-06,,,,4.396525889458741e-06,,0.0,,,,,,,1.3195463186185036e-05,,,,,,,,,
1978-09-20 00:00:00,0.22405347316222785,-0.14245217227371487,,0.07063681134105435,-0.29255178553112865,282.4514868019601,284.12267271865755,0.8411093371859669,,,,,,,0.17219037840352255,,,271.4608612060547,271.4606018066406,271.4599914550781,271.4599609375,0.3334969966369268,,,,,,0.21730424728817666,,,101349.14034763313,,,2.272189349112426,120.14934309558755,0.09005698367688783,,280.48208961261093,,74285.85814996302,0.5132160095508987,0.004110836416458428,0.032990417398612935,0.00015838259070582645,0.006501045452772513,,270.0686584111501,0.013687156361235669,-0.09327379874223789,-1.5815580082911248e-07,0.03272676185743343,0.011410763968638497,4.114659080149595e-07,0.07727163080153601,0.009047512560201115
1978-09-20 18:00:00,,,2.8908695130658573,,,,,,1100.6740613406932,2.0830280329348773e-05,2.004878496277262e-06,1.308925934797208e-05,6.582080965211406e-07,1.1023588688028842e-07,,2.722264730013334,0.32772159012111685,,,,,,8.118686062344433e-06,1.9539257831122043e-05,1308.5247781065088,3.5871900397644948e-06,1.7933249914434535e-06,,282.81997156989644,5.5088226259107424e-06,,283.1411407290126,1.81616498873784e-05,,,,2.120726207304283e-05,,2.7976599494381064e-07,,,,,,,4.037244785466843e-05,,,,,,,,,
1978-09-21 00:00:00,-0.5827945111065926,0.028874408563918617,,-0.2348803909572624,-0.2620575075318827,282.93516405094306,285.08934102255915,0.8383517290008139,,,,,,,0.23520168327015534,,,271.45953369140625,271.46086746172085,271.4600067138672,271.4599609375,0.3489928838063979,,,,,,0.11956221084716626,,,101410.81194526626,,,2.0473372781065087,119.92852440106093,0.09003170848598141,,281.6362911427515,,74329.67028014053,0.4925874691434513,0.0037666918963370237,0.03672799767413833,0.00015918319747292785,0.005546727829430936,,270.78702269785504,-0.12484821342152251,-0.04942300439586301,3.673432329970535e-07,0.025290110921376997,0.0070311457246608105,6.035429981954605e-08,0.05329009330660634,0.019290264188890627
1978-09-21 18:00:00,,,3.4384164584458934,,,,,,663.9300135324693,5.602289939067773e-05,4.061734711630104e-06,4.215397425657193e-06,8.501762733656979e-07,1.5006676201492747e-07,,3.190312769286026,0.43127296944341714,,,,,,4.563436529340124e-06,1.0668019042212582e-05,1685.0764173530263,1.358121809874766e-06,1.0897245632826225e-06,,282.575491459412,4.074828335519373e-06,,282.8506018283099,2.616899606038833e-05,,,,8.778723739308013e-06,,6.206348791894828e-09,,,,,,,6.669759750366211e-05,,,,,,,,,
1978-09-22 00:00:00,-1.2577271207549867,-0.3965508274778107,,-0.567424932175134,-0.4775694220729128,281.8651173608543,283.1363648183247,0.83729455104241,,,,,,,0.11528159598627034,,,271.45916748046875,271.45973205566406,271.4600524902344,271.4599609375,0.4737160751698043,,,,,,0.1890078211677145,,,101431.0025887574,,,2.272189349112426,121.18381748538046,0.0903960910774547,,281.9974849181768,,74319.20411889793,0.6306775836549567,0.009647888971834316,0.09703855145965103,0.000994326800284301,0.010637885302883164,,270.95860155094306,-0.48928614622037087,-0.2746868584988385,2.2530183036771697e-07,0.049206636661454244,0.012503654426018867,-8.31518554629499e-08,-0.03459420535691391,0.012741533609536978
1978-09-22 18:00:00,,,3.337855810597098,,,,,,1568.3261206813113,3.938034132740201e-07,0.0,4.861476285570472e-08,4.0351341550166793e-08,2.0219785655405447e-07,,3.1670398750954125,0.3794606225730399,,,,,,6.3150724363044875e-06,6.894333034577454e-06,1437.0599112426034,1.4467324686826333e-07,1.558365807289908e-06,,281.88969610992973,1.5779594014558566e-06,,282.14914969720786,2.4674344565388717e-06,,,,6.362332923877874e-06,,0.0,,,,,,,7.293523239666188e-06,,,,,,,,,
1978-09-23 00:00:00,-0.212613303280441,0.2088149651973205,,-0.14469117384690505,-0.24028433850531042,282.09822976377586,283.7124774639423,0.832025996679385,,,,,,,0.11378190080089683,,,271.4596862792969,271.46022033691406,271.45985412597656,271.4599609375,0.4206896900425296,,,,,,0.05362651757234652,,,101340.11094674557,,,2.2662721893491122,122.80329326200767,0.09040898260985605,,280.8759404470229,,74235.57696930473,0.5641107061910912,0.0015281010804885239,0.03826552777435388,1.1960782948330308e-05,0.0008401779028085562,,270.5245310766457,-0.04050825897758529,0.007233975201668824,4.785097835391909e-08,0.005160027837997975,0.0015941987987938364,1.849424217609942e-07,0.0438405158516218,0.038783095181870036
1978-09-23 18:00:00,,,3.0201643726529452,,,,,,1697.7059949315237,1.668764730176982e-06,1.0665296714686783e-07,4.909334004410272e-09,2.9603245298890673e-10,2.4638725932217595e-07,,2.913656619173535,0.26732766416651255,,,,,,2.3626276021878393e-06,2.9122787555293924e-06,1052.6423816568047,1.3146114111299345e-07,5.687735754357287e-07,,282.4408558501294,6.882887135243274e-07,,282.80039698132396,1.1052153784142443e-06,,,,2.368215537635532e-06,,0.0,,,,,,,4.587761131969429e-06,,,,,,,,,
1978-09-24 00:00:00,0.06929821939863397,0.40873528937616294,,-0.037698486147547616,-0.1133778137568186,282.44466675526996,283.9969272952108,0.8234993610861738,,,,,,,0.21747133153430104,,,271.46002197265625,271.4597930908203,271.4596862792969,271.4599609375,0.3184158957216161,,,,,,0.05282823009603828,,,101195.3537352071,,,2.2662721893491122,122.53727532561714,0.09003130782990766,,280.76333094489644,,74158.59698594674,0.5480974106746312,0.0016159229395572184,0.023800739293818818,3.409085894477438e-05,0.0007664339076837844,,269.423113038554,-0.0365976525481636,0.008583440583133133,-1.1703752383545658e-07,0.01342643647504276,-0.0009695168518455776,1.2464506492037987e-07,0.04520488825775462,0.018016356556020546
1978-09-24 18:00:00,,,4.008618902172563,,,,,,223.22564904929618,0.0002561800578642174,8.438298335442177e-05,1.7901011825313229e-06,1.513344075905501e-07,1.435146582507137e-07,,3.8205806630602956,0.5352102426382211,,,,,,1.4899755943809034e-06,2.0990093078839003e-05,1933.1325045252693,4.012986312251119e-06,4.115825816548082e-07,,282.0177326992419,4.85209141962627e-05,,282.4142705251479,9.31167390924939e-05,,,,3.27843180774937e-06,,0.0,,,,,,,0.00027717112084112226,,,,,,,,,
1978-09-25 00:00:00,-0.6781626594137158,0.5656264717056907,,-0.4799956767516729,0.013303581779525125,282.4154666697485,283.982875485392,0.8218491260822003,,,,,,,0.48180881477671966,,,271.4604949951172,271.4601287841797,271.46047395802816,271.4599609375,0.5733279601268514,,,,,,0.07592990130362426,,,101373.97411242603,,,2.502958579881657,122.16213664218519,0.08973342003906973,,280.7535999907544,,74308.16286057692,0.7768277282545553,0.05808780311100672,0.09575761978090162,0.005701482648680196,0.06858807625855215,,269.186279296875,-0.4822487069304878,0.13548930051058708,-2.460377122077143e-06,0.4804043763512801,0.056031460945422835,-4.412349934838492e-07,0.1999261897916977,0.0566428677570185
1978-09-25 18:00:00,,,3.6999897251467733,,,,,,108.98250761486236,8.425883640199018e-05,2.449142509663599e-05,5.12571840067587e-07,5.32633850913076e-07,1.0047039336717523e-07,,3.590917367201585,0.5793204722628438,,,,,,1.6069888363223104e-06,7.163041089413434e-05,2295.3371809558757,1.334013229996495e-05,3.7462588333519254e-07,,282.28336781157543,2.0094877164039386e-05,,282.53892381656806,6.255538329570251e-05,,,,2.117529952314478e-06,,0.0,,,,,,,0.00015593086474040556,,,,,,,,,
1978-09-26 00:00:00,-1.4752031360152205,-0.2613812847250312,,-0.8261321254030487,-0.3648582097341323,282.2198175735022,283.56925648345043,0.8263702960409356,,,,,,,0.721635836694588,,,271.4607391357422,271.4598083496094,271.4602417216675,271.4599609375,0.6421292829795702,,,,,,0.1764702430138221,,,101439.64571005917,,,2.5088757396449703,119.98264561038046,0.0894656717424562,,281.63996914293637,,74354.80131286982,0.9046568218067553,0.05596229596977596,0.0970165791243491,0.013664087600256565,0.13737587110530694,,269.696567873983,-0.7808899343366453,-0.20408618520702837,-3.564452026425117e-07,0.4503747161323502,0.16071861548095764,4.708580862174152e-07,-0.2118954178849621,0.09470117832782
1978-09-26 18:00:00,,,4.454991182631995,,,,,,158.1151000254253,6.223289218880016e-05,1.929537255383102e-05,1.4365402728142823e-06,4.970452048369413e-07,8.283732522808802e-08,,4.384496632412341,0.6589377138036243,,,,,,6.692814668254739e-06,9.219604131032729e-05,2453.1190972864274,2.3839036388510078e-05,1.6581592254737424e-06,,282.2586344882581,2.6971630796172915e-05,,282.48134129992604,5.151410780009433e-05,,,,8.129211660672927e-06,,0.0,,,,,,,0.00015442187969501203,,,,,,,,,
1978-09-27 00:00:00,-2.1631132329004052,-0.5086625228972125,,-1.2135335482083833,-0.5193901400594316,282.9290460891272,284.5590372480584,0.8324150816928706,,,,,,,0.3408022547614645,,,271.4598388671875,271.4601593017578,271.4603576660156,271.4599609375,0.6650555179669306,,,,,,0.3504900509083765,,,101399.3762943787,,,2.591715976331361,119.73429825461122,0.08953481313039566,,281.4993585891272,,74305.3945081361,0.7924508008025807,0.01149716551729737,0.14304015606906287,0.02307381714589497,0.046186277852255916,,270.35532717732985,-1.105563699846437,-0.35977242260994996,2.9706903477578243e-07,0.028730626289661113,0.010272271159661592,-2.4766898190481423e-06,-0.8666223774294881,0.11637816591375678
1978-09-27 18:00:00,,,3.029880258458606,,,,,,1157.781706520363,8.405004380017343e-06,2.60985241486476e-07,6.198861013502764e-06,2.3927605716434456e-06,1.299608298203035e-07,,2.9149945671036397,0.3769222462671043,,,,,,8.144289166969661e-06,1.2007668702560063e-05,1434.4171597633135,6.589961386996613e-07,1.8871405861786837e-06,,281.64745660364275,3.891974996180224e-06,,281.97847806490387,8.75542414258923e-06,,,,1.4343161202041355e-05,,0.0,,,,,,,2.0408903706003224e-05,,,,,,,,,
1978-09-28 00:00:00,-0.5641662778233635,-0.3188380743624896,,-0.24865492984388002,-0.4540837191971096,281.2764567538831,282.84480312731137,0.8322274825982088,,,,,,,0.0,,,271.4597625732422,271.45960998535156,271.4596710205078,271.4599609375,0.4287614088792067,,,,,,0.15862946820682322,,,101387.87851331361,,,2.2958579881656807,121.51974342842779,0.09006501654901448,,280.4498327131102,,74289.13031619822,0.5148573655348557,0.00380784943258974,0.036876430172892015,0.0003326743312135956,0.0040143819955679085,,270.1824308316383,-0.15984490072938817,-0.1868209387423724,6.953560039931468e-08,0.009282772269474684,-0.0013134772916870005,9.636567257511424e-08,0.03748842421368029,0.02216598007982299
1978-09-28 18:00:00,,,3.2945223813931617,,,,,,1436.930678418402,3.887252253893564e-06,2.470016259060809e-07,2.983494623172918e-06,6.937251023992279e-07,1.1649500553692676e-07,,3.104387057603464,0.3464667867626664,,,,,,8.484624193970268e-06,1.1110160301422932e-05,1380.8528106508875,4.3810460958960495e-07,1.833190006264568e-06,,281.85419892982617,2.7619638430649007e-06,,282.127162594767,4.885497795054193e-06,,,,1.1468184946556768e-05,,0.0,,,,,,,1.5002504520162323e-05,,,,,,,,,
1978-09-29 00:00:00,-0.4344667682986288,-0.1220679480648605,,-0.1905660572842028,-0.3507368211915507,281.8684789894601,283.3811295187685,0.8263719018394425,,,,,,,0.011701143704927884,,,271.4595489501953,271.4601593017578,271.46044552158673,271.4599609375,0.4444619805149778,,,,,,0.14629955404608913,,,101383.9513683432,,,2.3254437869822486,122.75313608745147,0.08997640101867314,,280.92928589589496,,74273.22857340977,0.5331302881461276,0.005508531701179998,0.05660277214893222,0.0005204917411127034,0.004150684063251202,,269.45266705575074,-0.10167996558917344,-0.16399790408343254,-6.809579494365177e-08,0.02004253967891078,0.004620981022451051,3.242706489913199e-08,0.016985922522798798,0.019252151427184335
1978-09-29 18:00:00,,,3.2949911094981537,,,,,,1120.7454262949939,4.157335800532053e-07,1.1952202656918024e-07,2.9326672803544433e-08,7.945948456739181e-09,1.3278124341002846e-07,,3.1628214480608876,0.28004600028314536,,,,,,3.81866503043993e-06,5.4427372986042995e-06,1137.2363165680474,3.8981084992899697e-07,7.665611406755166e-07,,280.80949230306953,9.183777419067698e-07,,281.2709411982249,1.992490252799536e-06,,,,3.847916274381107e-06,,0.0,,,,,,,5.878618306662204e-06,,,,,,,,,
1978-09-30 00:00:00,-0.18539357044287688,-0.20015873429337902,,-0.023303979952659832,-0.37361871279202974,281.0615306605954,282.9178315111871,0.8201129238986404,,,,,,,0.0017591792450854058,,,271.4599304199219,271.4602508544922,271.4602355957031,271.4599609375,0.3253375171909671,,,,,,0.03628707073143953,,,101299.87185650888,,,2.5207100591715976,122.86951460076507,0.08983111240454679,,279.7582993366309,,74182.02242048817,0.34307482115615756,0.0014862675638593866,0.022359382876862507,0.00016822405820767554,0.0012606107271634615,,268.44846465883876,-0.05652499339989656,-0.18204602123012203,5.835658898912477e-08,0.0034479389383737275,0.0031956497588595816,1.8626586571108474e-07,0.026062795396387225,0.03033391322345423
1978-09-30 18:00:00,,,3.8100422832387437,,,,,,916.0398639024362,3.1697767726063025e-05,5.684859124866463e-06,5.2076472333197054e-06,2.794711679749235e-07,1.0703400842823568e-07,,3.527730316805416,0.26076439851839867,,,,,,2.083812768642719e-05,2.4235019317040078e-05,1133.2340326760648,5.341768705633265e-07,3.5937478732780592e-06,,281.0411427514793,9.230145159557725e-06,,281.30001126802887,2.0353619516248532e-05,,,,2.6043438347133657e-05,,0.0,,,,,,,5.5951215106354665e-05,,,,,,,,,
1978-10-01 00:00:00,0.4285090519831731,-0.13303910768949068,,0.2075874339899368,-0.2612923390766573,281.26013978134245,282.74338797845786,0.8203176034272776,,,,,,,0.03131263778054503,,,271.46044921875,271.4595489501953,271.46002197265625,271.4599609375,0.295368442873983,,,,,,0.1731169544953919,,,100936.28901627219,,,2.5857988165680474,121.18204927162306,0.08999503999066776,,279.54777210845043,,73924.25360576923,0.4020223628134417,0.007521862891563297,0.03533708653963838,0.00023789659759702062,0.008599179736255893,,268.77339993990387,0.10485301532688932,-0.1065202859731821,9.6472809974658e-08,0.06325363948494857,0.039649692279997574,1.0376611794930601e-07,0.09091095596044903,0.07338318365389074
1978-10-01 18:00:00,,,3.262776961693397,,,,,,1067.531292426877,2.459419020534267e-06,1.606972303968915e-07,1.7268704415778437e-06,4.2445164107712065e-07,1.41415980054332e-07,,3.2116715922158146,0.24731309879460983,,,,,,7.905793436885585e-06,7.895322946401742e-06,1014.3154585798817,6.775681711953773e-10,2.060812958598842e-06,,279.4815276557877,1.8810291262067987e-06,,279.851823976054,3.956511793051951e-06,,,,9.632498554929474e-06,,0.0,,,,,,,1.0343213405834852e-05,,,,,,,,,
1978-10-02 00:00:00,0.21303210173838238,-0.7541419768474511,,0.12191502723468126,-0.5438397198739137,278.97656827847635,281.2501545742419,0.8161356660741321,,,,,,,0.0002175294435941256,,,271.45960998535156,271.4602966308594,271.4604034423828,271.4599609375,0.33457089034763315,,,,,,0.06621944269485022,,,101053.24833579881,,,2.5207100591715976,123.42066567325028,0.09007644935472477,,278.15604341947113,,73955.85385077662,0.36074643202963663,0.0020652253872345716,0.017801944665147885,1.1586975416488196e-07,0.0031988155206985024,,267.53605480306953,0.11492170878415982,-0.259202912008974,1.4242276041755144e-07,0.0043032539887188455,0.003525324099691662,2.4581354059941634e-07,-0.00611022930349824,0.009387077664482523
1978-10-02 18:00:00,,,3.9540644087029633,,,,,,1233.188089406268,1.8793979340051054e-06,2.400911021867447e-07,1.3233597814684084e-06,1.5992709826788255e-07,1.7274234121360757e-07,,3.8246754471366926,0.2413615390393861,,,,,,1.683671402155295e-06,1.6566850906293068e-06,919.3971893491124,6.549395124852305e-09,6.40039040139441e-07,,279.2301596015163,9.997499853196229e-07,,279.6070520525148,2.0758463786198545e-06,,,,3.007168953235333e-06,,0.0,,,,,,,3.5310902539089587e-06,,,,,,,,,
1978-10-03 00:00:00,-0.25274711812036277,-1.0374749595596946,,-0.0753235055144722,-0.7982115660898784,277.84300602117236,279.90348788831363,0.811884907575754,,,,,,,0.000199821573742748,,,271.4600524902344,271.4602355957031,271.459716796875,271.4599609375,0.2789205517289201,,,,,,0.024336865667760724,,,101415.24519230769,,,2.5502958579881656,124.20709318804317,0.08992046999508108,,278.0145877634985,,74259.23259522929,0.29372001505462375,0.0007241311270381791,0.017982180760732505,0.0,0.0004518257795706303,,267.32673672106137,-0.027843311693541397,-0.3957856420934553,5.969392795978664e-09,-0.001356312994068191,0.0009693503366044816,-5.516125190281171e-08,-0.04075487689859063,0.0173723620511371
1978-10-03 18:00:00,,,3.4897089455960066,,,,,,1913.6235882862504,1.2444618802804214e-06,6.529866282403822e-07,3.145904502054379e-09,8.817255144288554e-09,1.27616333994685e-07,,3.4207548527322578,0.23740003235946747,,,,,,3.045248473889729e-06,5.754416246385969e-06,941.1586538461538,8.164502724387942e-07,1.0394042126349444e-06,,281.15986299232617,1.1158084838524372e-06,,281.4729509522929,3.857086219731167e-06,,,,3.048064484751436e-06,,0.0,,,,,,,7.010379133845222e-06,,,,,,,,,
1978-10-04 00:00:00,-0.743124877207378,-0.1515459478254149,,-0.2875067693947335,-0.40228003439818616,280.31593819341714,283.1627435627774,0.8171700905766007,,,,,,,0.8422930342911263,,,271.4593200683594,271.459716796875,271.4601287841797,271.4599609375,0.28635510326137203,,,,,,0.42197252788096007,,,101425.0299556213,,,2.3846153846153846,121.70920811038046,0.08962445287309455,,280.378958256287,,74266.7830066568,0.9359645787075427,0.023662085717918693,0.07020618636905045,0.004388244899772328,0.036316678533726644,,267.7850637943787,-0.22454570454253248,-0.18390724362706293,-2.449302081316269e-06,0.02966529377818813,0.20925925039416235,-8.581910205222446e-08,-0.31057639940250553,0.24550603517502018
1978-10-04 18:00:00,,,7.128090378800793,,,,,,817.074416482237,0.00043869441782934426,8.453666811158672e-05,1.4087838291592852e-07,1.4474936457868864e-08,-1.704008015821214e-07,,6.861833194303795,0.7540715276842287,,,,,,0.00023074016063171025,0.0007492951884660484,2857.249982664571,0.00011442434152907874,6.013742741748426e-05,,283.2016789362981,0.00025621857342569257,,283.34137649084687,0.00038282841081681426,,,,0.00023088017864340157,,1.3001152925942777e-06,,,,,,,0.0011879879860386539,,,,,,,,,
1978-10-05 00:00:00,-2.6216712364783654,-0.5217034887279984,,-1.4108826451047638,-0.40217027720615,281.91696329511836,284.26060928254435,0.8320887674241376,,,,,,,0.8654213572394919,,,271.46006774902344,271.4597473144531,271.4604034423828,271.4599609375,0.5345713598488351,,,,,,0.822952007400919,,,101268.25906065089,,,2.7159763313609466,118.86785039958164,0.09077122366639989,,282.778564453125,,74223.94505824705,0.9961791497010452,0.18969261659496633,0.12789679692573183,0.05734677286543084,0.4851491772211515,,272.2804106763129,-1.3007237135305914,-0.2269331294403979,-8.549903913472708e-06,0.01312029573338977,1.9451179119962207,2.159966436936658e-06,-0.9282521016498995,1.0473941846257462
1978-10-05 18:00:00,,,4.607289861645219,,,,,,705.7955956092247,8.448720331022725e-05,3.295263947819817e-05,4.415819145871337e-07,7.399123646980207e-08,2.6995626413311167e-07,,4.428606563771265,0.5560015765343898,,,,,,1.5802571230386135e-05,0.00014250605488373447,2023.0726383367235,3.826472709870197e-05,3.954098069456202e-06,,282.38161346616124,4.201272182916043e-05,,282.5799148830436,8.335328248492567e-05,,,,1.6246475940625344e-05,,2.9603245298890673e-10,,,,,,,0.00022698382373095735,,,,,,,,,
1978-10-06 00:00:00,-1.911741736372547,0.0903527468619262,,-0.9978580700575247,-0.18856239883151985,281.594272952108,283.0272426266642,0.8356398992989895,,,,,,,0.5168363131009616,,,271.4605407714844,271.46038818359375,271.4599914550781,271.4599609375,0.40009872088919685,,,,,,0.6818187187629692,,,101407.46394230769,,,2.662721893491124,122.39985160150472,0.09233175650150818,,281.0130319087463,,74312.52944711539,0.9171074815755765,0.0740819052591942,0.07685520735255183,0.07528668465698965,0.3528995888428928,,271.0339933316383,-0.8381528628648386,-0.04039785283557057,-4.285621265990979e-06,0.31575763609106017,0.40262575511484455,-6.843305064762044e-06,-0.19796675619994394,0.46866719608707286
1978-10-06 18:00:00,,,3.1369597587359728,,,,,,594.8116645587266,9.303703110598954e-06,2.6453694207428476e-06,4.839157608486492e-08,2.503187737300904e-08,2.489274136667669e-07,,3.022731024838058,0.3837822005593565,,,,,,4.035586039342824e-06,1.126690905475052e-05,1500.2938887861353,1.680067349115067e-06,1.1234905173968986e-06,,281.24719310512205,3.5162717544820887e-06,,281.5978267150518,8.147287033718718e-06,,,,4.083089001432678e-06,,0.0,,,,,,,2.0552647007992988e-05,,,,,,,,,
1978-10-07 00:00:00,-0.27895912757286656,-0.16594532960970726,,-0.11805330084625786,-0.38736568541216426,281.5058579303809,283.727346928162,0.8268510367743362,,,,,,,0.2646744406434911,,,271.4607238769531,271.46058654785156,271.4602508544922,271.4599609375,0.41943612183339496,,,,,,0.2286324585683247,,,101714.42344674557,,,2.4023668639053253,122.56772789588341,0.09161422379623503,,279.743198733358,,74501.69656065089,0.7475811281853174,0.00298611668345532,0.06701372685076216,0.0008453532788880478,0.0042912861299232614,,269.8993591669749,-0.06638768438756819,-0.12685386704269952,2.243596792899843e-08,0.0027901430410393595,0.0020041809852659347,-2.982344526760335e-08,0.05406657513782118,0.05449670024172089
1978-10-07 18:00:00,,,3.318030508312248,,,,,,290.7245518611028,1.7924377551445596e-05,1.2701889775561157e-06,1.4375397913466544e-08,0.0,2.7610665142001704e-07,,3.1378578882245622,0.41237265682784763,,,,,,3.728982524053585e-06,1.7117730964570355e-05,1556.2076069307045,3.7601625425575754e-06,7.73940081074393e-07,,280.21528291420117,2.952871193899911e-06,,280.5738402598003,1.9041788295881282e-05,,,,3.7436963185756163e-06,,0.0,,,,,,,3.5004723354204164e-05,,,,,,,,,
1978-10-08 00:00:00,-0.004676452049842248,0.03994444559311726,,-0.10143371446598211,-0.3084800031763562,279.5196150379068,281.54984369221523,0.817689333794385,,,,,,,0.006177191198224852,,,271.4600226596968,271.4601287841797,271.460205078125,271.4599609375,0.45047914885954393,,,,,,0.12449113292806953,,,101795.75332840237,,,2.6153846153846154,123.29430195283608,0.09085509057581072,,279.29285606971155,,74593.44609837278,0.48942373182690707,0.0011322131523719202,0.08547423894313225,0.0016795220459706684,0.0009044190130290195,,268.48779450365777,-0.04475203068298701,-0.15170529043886083,-5.484803121082503e-08,0.0022981823105144607,0.00021387801985063497,4.837167806291027e-07,0.1300298034174908,0.011267090337516288
1978-10-08 18:00:00,,,4.021291332132012,,,,,,100.12693522888937,1.0658121673313118e-05,3.2107593745169557e-06,2.5689555056525405e-08,4.055937366372735e-09,1.614054684515508e-07,,3.88588950478819,0.49765682784763315,,,,,,5.826684673862344e-06,3.2853269012722036e-05,1775.221149692874,6.278348568628525e-06,1.4331952266439178e-06,,280.7891361755732,5.463656236434124e-06,,281.0285037791235,1.6039953782008244e-05,,,,5.854161445205734e-06,,0.0,,,,,,,4.352276494517129e-05,,,,,,,,,
1978-10-09 00:00:00,1.0240293272148222,-0.3140042886226135,,0.325072717737164,-0.3504379261174851,280.7470630894046,282.2770432692308,0.81554323928596,,,,,,,0.005274089835804595,,,271.4598693847656,271.4600067138672,271.46034240722656,271.4599609375,0.5197338051873551,,,,,,0.03885953101886094,,,101656.74907544379,,,2.662721893491124,122.6661006769485,0.0902658270660942,,279.5195326946191,,74457.70608357988,0.5236528761817153,0.0008005714980808236,0.06448364850084061,0.0015996165529510678,0.0008146212651179387,,269.46208019369453,0.20540073037852902,-0.12370017576499803,2.1219416514493506e-08,0.0026083641358170405,0.0006341796338051205,5.519426064069807e-07,0.14916202075470833,0.012221459100937701
1978-10-09 18:00:00,,,4.423446463409966,,,,,,182.89584051812446,3.6053976716374503e-06,4.4198902378949894e-08,8.168050291887402e-08,5.6430002393410405e-09,3.8407191683430796e-08,,4.222275446152546,0.370422634147328,,,,,,3.937929427835363e-06,4.731056958260621e-05,1368.5680473372781,6.724347376964501e-06,6.970756593540575e-07,,280.27353140024036,6.780689637336506e-06,,280.5502915241309,1.9703391035632976e-05,,,,4.019555167333614e-06,,0.0,,,,,,,5.0927760332999146e-05,,,,,,,,,
1978-10-10 00:00:00,1.266098203391013,-0.11710671983527009,,0.4283646718990168,-0.2055998130662907,279.5861253004808,282.28261083117604,0.8141814438549019,,,,,,,0.0012468417015301405,,,271.4602813720703,271.4598693847656,271.45957946777344,271.4599609375,0.36877296944341714,,,,,,0.07234119663577109,,,101459.17437130178,,,2.621301775147929,122.09680518878282,0.08984918707221218,,278.6067935559877,,74340.78337647929,0.3764916836730475,0.0009309123959061662,0.07075568204800758,0.005018956562471108,0.0016104173378126156,,267.9948310626329,0.2613171864543441,-0.022052268304768398,4.665594805960582e-09,0.0031792905763550743,0.0003909641469018699,1.1923815228441762e-06,0.2612727069290432,-0.005154094399785149
1978-10-10 18:00:00,,,4.010902732081667,,,,,,207.35116147641781,8.607668989508815e-06,1.0536619897424822e-06,2.7545766364893265e-06,6.672733369663623e-08,4.3710923490883266e-08,,3.8419860862415924,0.4224398460613905,,,,,,4.898977173856024e-06,7.638449852283184e-05,1443.585798816568,1.7803360724590235e-05,6.786916823782159e-07,,279.49037305843194,1.097748265463925e-05,,279.87197641225964,3.053926857265495e-05,,,,7.650115080839079e-06,,0.0,,,,,,,8.499146213192912e-05,,,,,,,,,
1978-10-11 00:00:00,1.3005534346992447,0.33068660871517025,,0.4014050681915509,0.07372257413243401,277.4618730714335,279.8098057854105,0.8159164013947255,,,,,,,0.0,,,271.46014404296875,271.460693359375,271.4600067138672,271.4599609375,0.4208126632419564,,,,,,0.05994004469651442,,,101413.3936760355,,,2.467455621301775,121.26641502606093,0.08960893168251895,,277.61783125837877,,74314.02796782544,0.42768128524870563,0.00042168346382457126,0.07224340914950442,0.004744704658463156,0.0003880523365630201,,267.3743995801937,0.24812642145439012,0.11696245296466985,1.0343593437388745e-08,0.0016587105023085013,-1.7958808932784042e-05,1.9755654282228657e-07,0.08817616801642807,0.025246435368554834
1978-10-11 18:00:00,,,3.7471455850544766,,,,,,369.83415554332083,3.1391412196074716e-06,4.545515458259357e-07,3.85130644009928e-09,6.701200015666569e-09,2.085873358586759e-08,,3.585640777497602,0.3707813511233358,,,,,,2.869173399442752e-06,5.6269253499409153e-05,1274.0835798816568,8.6298443861967e-06,6.920732447557901e-07,,279.3513689210429,6.746699118755273e-06,,279.6275959804919,2.0253146893879365e-05,,,,2.8733505740673585e-06,,0.0,,,,,,,5.941031247201051e-05,,,,,,,,,
1978-10-12 00:00:00,0.26253739193346376,0.20378294498962762,,0.06960085581040241,-0.10354935346975834,278.1882643840722,280.5750508505917,0.8232921499472398,,,,,,,0.0,,,271.4596862792969,271.4599914550781,271.4597930908203,271.4599609375,0.39865328997549926,,,,,,0.12192792723164755,,,101515.61279585799,,,2.526627218934911,118.64564487073548,0.0893843244518754,,277.8014248278014,,74393.00619452662,0.4136244192631287,0.0007274284870666865,0.09243791733906996,0.0033798443495169192,0.0006576205146383252,,267.90337448571563,0.04305891348765446,-0.035621564063800154,-3.256761277490227e-08,0.0019473578097552238,0.001125937855400189,3.9106420897079645e-07,0.12706559790662053,0.010432951549101158
1978-10-12 18:00:00,,,3.827261593214859,,,,,,818.1552353896104,2.0871875730491955e-06,3.480501252518603e-07,3.479199329688704e-09,0.0,4.1636558805600796e-08,,3.727231451040189,0.24146383612818972,,,,,,3.623478555467707e-06,1.094600505377414e-05,947.9519230769231,1.5717969667276688e-06,9.311834273077327e-07,,279.2601542275333,1.5734061157915014e-06,,279.5849609375,5.126407248734017e-06,,,,3.6268401339914673e-06,,0.0,,,,,,,1.3038427872065257e-05,,,,,,,,,
1978-10-13 00:00:00,0.25609323964316466,0.04056806959344085,,0.08767053008784909,-0.23801528208354522,276.9952848536023,279.5874355699889,0.837430672532708,,,,,,,0.0,,,271.4598388671875,271.4600524902344,271.4598693847656,271.4599609375,0.30465878819572856,,,,,,0.12622259918754622,,,101667.87869822486,,,2.5088757396449703,116.33853041067631,0.08928751522267359,,277.4750052006287,,74467.22501386834,0.3620500135216201,0.0009386384275537976,0.07236287044361234,0.0005777234861836631,0.001114726771969767,,267.3438490466959,0.03744488742929944,-0.11626143709442319,-2.9721487682559334e-08,0.0023131311785694235,0.0007885660887998942,8.762891793702095e-07,0.12814142028167402,-0.019967702013501048
1978-10-13 18:00:00,,,3.9257228275727942,,,,,,474.6192583767873,0.0,1.1366323606502375e-06,0.0,1.2890827020949865e-07,5.584190715095225e-08,,3.8418960571289062,0.1797088081314719,,,,,,4.28688056634728e-07,3.030181989161926e-06,745.7851331360947,5.600665359807438e-07,1.2623760628806063e-07,,277.6700316660503,4.591668278155242e-07,,277.97087070081363,1.7116827195918066e-06,,,,4.28688056634728e-07,,0.0,,,,,,,3.030181989161926e-06,,,,,,,,,
1978-10-14 00:00:00,0.4797940395287508,-0.8930620667497082,,0.24969505558352498,-0.5061765648204194,276.67343157706176,279.4185639330621,0.8361719931371113,,,,,,,0.0,,,271.46018981933594,271.45997619628906,271.45985412597656,271.4599609375,0.19277647120007396,,,,,,0.03850997834515995,,,101733.69711538461,,,2.2485207100591715,114.60628188996625,0.08927137047581418,,276.0880986501479,,74485.03349204881,0.21225399942793086,0.0005484205731273403,0.02296014368181398,0.000527556831314719,0.0004957695684489414,,266.94134079069784,0.1381776847782925,-0.24846763159396382,8.428436270543854e-08,0.001999068404575424,-0.0007564159848633602,3.354210809431832e-07,-0.006690363559497179,-0.01789922615480141
1978-10-14 18:00:00,,,3.2892509042864013,,,,,,1155.2334611680772,0.0,0.0,0.0,0.0,2.1694346306239875e-08,,3.205960243411318,0.000496711956678763,,,,,,0.0,0.0,0.24898443278476332,0.0,0.0,,278.8899359166975,0.0,,279.1339710845044,0.0,,,,0.0,,0.0,,,,,,,0.0,,,,,,,,,
1978-10-15 00:00:00,-0.36425866459953715,-0.8406691579423713,,-0.03063358780900402,-0.6043026771771132,273.049755028719,278.0565871740939,0.8381591492150662,,,,,,,4.6424259095502324e-05,,,271.45982360839844,271.4599609375,271.4599914550781,271.4599609375,0.017580472506009616,,,,,,0.002981716359155418,,,101781.96653106509,,,0.005917159763313609,111.88314024795442,0.08914491551867604,,275.2385918431028,,74604.60454419379,0.018767407659948224,1.2959910215005366e-05,0.0009408251068295812,0.0,3.35329030392438e-06,,269.230894461186,-0.02333895447691517,-0.24589926815597263,-1.5380891731850832e-08,0.00020294271398489997,-0.00018665760193438925,6.935804443070169e-08,-0.0011926552159546395,-0.0014824256433185036
1978-10-15 18:00:00,,,3.928839356236204,,,,,,64.49111725563226,2.8215431726741546e-09,0.0,4.380427854763862e-09,1.2344243308011244e-08,3.033635857180601e-08,,3.735173688132382,0.15417552699704143,,,,,,1.3378063029438786e-06,1.3214668270046189e-06,677.833949704142,3.3878408559768865e-10,3.6963173491362286e-07,,278.46029175526996,3.3193108069120777e-07,,278.7680013983913,4.922590885289322e-07,,,,1.3441547266477664e-06,,0.0,,,,,,,1.327107114904731e-06,,,,,,,,,
1978-10-16 00:00:00,0.8130895837524234,0.37671167610665046,,0.31177489433062855,-0.20611493263018907,275.9435962925296,278.6710717917899,0.8498132609756741,,,,,,,0.0,,,271.4601745605469,271.45977783203125,271.45982360839844,271.4599609375,0.19186663204396265,,,,,,7.393162631424222e-05,,,101909.68953402367,,,2.3195266272189348,114.18284670135678,0.08907255759605995,,276.74255587786615,,74609.20934264053,0.19186663204396265,0.00024253165228127022,0.011883763871954743,0.0,5.662212005028358e-05,,266.7427558673204,0.17424644521002233,0.029811112485693757,5.38682094276156e-08,6.55361741041412e-05,-0.00030549978368954196,-1.0615870252027061e-07,0.015288758758433472,0.014737834900441255
1978-10-16 18:00:00,,,4.194189161943966,,,,,,285.2054657631732,0.0,0.0,0.0,0.0,1.6878497863002225e-08,,4.062287166979186,0.23633318116678995,,,,,,4.026928596948026e-06,5.310676859680718e-06,941.1335059171597,2.7337348496420143e-07,1.1038073729833908e-06,,278.47299573548446,1.060338305122048e-06,,278.85897195127586,1.959530250913293e-06,,,,4.026928596948026e-06,,0.0,,,,,,,5.306378447797877e-06,,,,,,,,,
1978-10-17 00:00:00,1.1858604303478488,-0.2243641226954714,,0.5161886169360235,-0.2615908334946491,276.5701044748521,279.7776211168639,0.8529146154956705,,,,,,,0.00016137551979200374,,,271.46003306974495,271.4601593017578,271.46014589256436,271.4599609375,0.27297269381009615,,,,,,0.024269374869984282,,,101742.06915680473,,,2.5680473372781063,113.85596985224436,0.08912066171860554,,276.9138515856139,,74469.75330528847,0.27920866294725405,0.0008950332212730272,0.03546156121428902,6.459626925767525e-05,0.00040943241683689095,,267.01725453032543,0.3185172126843379,-0.035938477375098234,2.191206400021177e-08,0.00295478046992959,0.00048244378623172376,1.8499147527700994e-07,0.09540425249810755,0.01907809951601649
1978-10-17 18:00:00,,,3.8655644422452125,,,,,,465.18765980113636,2.409160666211822e-06,6.155380924072492e-07,2.981830366264434e-07,1.3123657664603735e-07,-7.31522733512329e-09,,3.7263375175069777,0.24408843813563239,,,,,,6.625550033072748e-06,3.417091962148452e-05,919.625,5.493502645097541e-06,1.7560224913986478e-06,,278.9265237842086,5.141738251116149e-06,,279.25250930334687,1.0586481475265774e-05,,,,6.92445498246413e-06,,1.089344319154525e-07,,,,,,,3.6584026009373414e-05,,,,,,,,,
1978-10-18 00:00:00,1.345240472689183,0.04786103716968785,,0.5341390843927507,-0.109508864272981,276.20795869545117,279.46616991031806,0.8531039032710375,,,,,,,4.52843643504487e-05,,,271.4600372314453,271.45970153808594,271.46038818359375,271.4599609375,0.2715148022894323,,,,,,0.05836396527713573,,,101550.97096893491,,,2.6272189349112427,115.59683985964081,0.08918496137540016,,276.99086422892015,,74368.87682599852,0.2875453369725033,0.001635932358058952,0.0405608767398341,0.0019082176614795211,0.0033599582649546968,,266.3000885551498,0.257852158250188,0.003033691256709353,1.0371811385025386e-07,0.010340064220435603,-0.0018817584454660584,5.064625542723855e-07,0.16996203822816705,-0.009884972544111444
1978-10-18 18:00:00,,,4.579953334740633,,,,,,395.9231365455125,8.26436916046594e-06,4.117305462176983e-06,1.3309205777546359e-06,1.1708873968857986e-06,-1.625168010159864e-08,,4.421192502834388,0.35423576761279585,,,,,,7.38251138720992e-06,6.422171225914589e-05,1198.75,1.0298598094804753e-05,1.4528632164001465e-06,,278.4795658630732,8.8938330052167e-06,,278.80530001849115,3.0965494686329856e-05,,,,8.713476051240277e-06,,1.5123135592105121e-06,,,,,,,7.249265027469432e-05,,,,,,,,,
1978-10-19 00:00:00,0.6616235315447023,0.42683021838848406,,0.1446489751691649,-0.05839315109704373,276.4612999188124,279.24769149870565,0.8571392675123272,,,,,,,0.0008643900854347726,,,271.4604187011719,271.46002197265625,271.4603271484375,271.4599609375,0.39338776103314566,,,,,,0.07638324082955807,,,101638.44378698224,,,2.7337278106508878,114.16954464884199,0.08941632897190793,,276.79269725190113,,74393.68331638313,0.40007823388252034,0.002089112468019745,0.07955359010791858,0.004313079563118297,0.005215503760343473,,265.6330430973211,0.11805870018061801,0.051437743316740676,2.4953144192612954e-08,0.016312706385399545,0.0012097679651700533,1.2601838039355517e-06,0.3170389940400095,0.03208548289078932
1978-10-19 18:00:00,,,4.1453813123985155,,,,,,491.5707042078818,3.722750928980359e-05,1.041857889418066e-06,5.135389827412261e-07,4.260525239642555e-08,8.372167811092518e-09,,3.935143318401991,0.284765119383321,,,,,,1.4758145315407295e-05,7.412736937844542e-05,981.7311390532544,1.0983522474413087e-05,3.215388433467707e-06,,277.683349609375,1.156841509440947e-05,,277.97105850129435,3.6821210172754775e-05,,,,1.527157408245922e-05,,5.363205657202817e-07,,,,,,,0.0001113711024177145,,,,,,,,,
1978-10-20 00:00:00,0.5521027209490714,0.07041145640717456,,0.15701194063446225,-0.27333086341090457,274.1050703962879,278.3962951299001,0.8560106623807603,,,,,,,0.0025318247326732387,,,271.4598388671875,271.4597625732422,271.45994567871094,271.4599609375,0.33199965400544146,,,,,,0.09466047117696005,,,101704.24648668639,,,2.7041420118343193,114.72030278493666,0.08974196642813598,,275.4746755566117,,74423.76960059171,0.33860427187480163,0.0020212280679736618,0.07895655707819883,0.003604950989491841,0.006005507249098558,,264.227727675579,0.06573109725523277,-0.07997026916086321,1.857603373424117e-07,0.015576830967904631,0.0010233882087222219,1.6070298227817701e-06,0.3341924904366217,0.007385445064341528
1978-10-20 18:00:00,,,4.097752351027268,,,,,,728.6903696135273,2.154707908630371e-05,4.548491281870554e-06,1.7847226568933068e-06,3.6326540116022326e-07,4.392751777054158e-08,,3.8636046415249976,0.2568041558801775,,,,,,2.600737577359352e-06,8.841714210058811e-05,868.1556952662722,2.023198548153307e-05,8.678934454212527e-07,,277.2209385979105,1.9400341976323775e-05,,277.6541278545673,3.95697249463324e-05,,,,4.385526363666241e-06,,8.290865012174527e-07,,,,,,,0.00010997215671652167,,,,,,,,,
1978-10-21 00:00:00,0.30572717429618157,0.43313479564599033,,0.009592705224392682,0.032088900458883254,274.42868764301727,277.71850152551775,0.8534440662733902,,,,,,,0.006868464001537075,,,271.45989990234375,271.4597930908203,271.45994567871094,271.4599609375,0.30241186378975593,,,,,,0.13273394883737055,,,101859.95636094674,,,2.0,114.16457515919703,0.08991697130823982,,275.04415306678186,,74572.6918454142,0.3208417723164756,0.0016851876614361824,0.10071794999457671,0.007753541483681583,0.002799908790362657,,265.62405106584,-0.023634888011322925,0.038494405661814314,3.0931283004468957e-07,0.023574947372640997,-0.002979841546194088,9.91891692778283e-07,0.25161641853112043,0.01775354958144871
1978-10-21 18:00:00,,,3.441702210691554,,,,,,481.781483131119,5.764478938819388e-06,5.856255543302502e-07,3.843882380152595e-07,1.8342095013906266e-07,5.102701188607924e-09,,3.30832792739191,0.3049560185720229,,,,,,9.719877553409373e-06,6.353396635789138e-05,1073.5218195266273,8.802618500749035e-06,2.2910755766919377e-06,,277.5587309888129,7.838275305618196e-06,,277.9240794887204,2.3197316559108755e-05,,,,1.0104045360046025e-05,,1.351258127823384e-07,,,,,,,6.929445548875798e-05,,,,,,,,,
1978-10-22 00:00:00,0.25701508719540206,0.07278417553422013,,-0.016854810996873845,-0.22995640117035815,275.6201701869626,278.37581043130547,0.8504056214580874,,,,,,,0.0019930833895530926,,,271.45997619628906,271.45989990234375,271.45970153808594,271.4599609375,0.36045618811567154,,,,,,0.16246050772582285,,,101825.25628698224,,,2.591715976331361,115.88012388330945,0.09007025329318978,,275.6851460834932,,74524.19431860207,0.3868726841752698,0.0019444488209380201,0.09027889419275408,0.003931406686997273,0.004749275523529955,,264.8848592543743,0.0011563865390755016,-0.07540430260833199,9.03201428966696e-09,0.008861027998276629,-0.0009769971686354757,2.2922977115428516e-07,0.1572528822215263,-0.044384881942229865
1978-10-22 18:00:00,,,3.1911775261692745,,,,,,923.6800128352033,1.7847358827760234e-05,2.3468667586174237e-06,2.0285473155552113e-07,0.0,1.0247171425922156e-07,,3.0671016986553488,0.21334739549625556,,,,,,4.2930113140647934e-07,1.964365413203042e-05,866.6131656804733,2.7804883450446046e-06,2.3191860882488228e-07,,277.4600866193602,2.9520941732903206e-06,,277.7413944041235,1.235927879457643e-05,,,,6.320346257037665e-07,,0.0,,,,,,,3.747117413571601e-05,,,,,,,,,
1978-10-23 00:00:00,-0.7501191133578148,-0.30732288586317436,,-0.285284787240113,-0.3921256037153436,274.1667270998983,278.4132477348373,0.8480216437542932,,,,,,,0.053880815675272746,,,271.4602508544922,271.4600067138672,271.45970153808594,271.4599609375,0.26128247503698226,,,,,,0.1883492554433247,,,101908.21079881657,,,1.6923076923076923,114.73629760742188,0.09024037411932409,,275.7249662862022,,74600.03811482988,0.3616818760979105,0.0032303403820511858,0.07019902796597824,0.001110237731030707,0.0034134768875392937,,266.82319000063563,-0.11953822959809614,-0.1514223369620961,-3.955220245995928e-08,0.04650755035663409,-0.012139006126561814,1.9842102560875992e-07,-0.06919044749976615,-0.012110270692046577
1978-10-23 18:00:00,,,3.535834831598948,,,,,,800.751478430343,7.68591313672489e-06,1.371964900451299e-05,9.738548091177405e-07,2.9604321623981526e-10,4.452172456345019e-08,,3.3944724382028073,0.24461229313054733,,,,,,1.4243460089497312e-05,2.000306749484948e-05,1014.3979289940828,6.048664582904274e-07,2.9123724388653005e-06,,277.6085876825999,4.431398133554402e-06,,277.9152398645525,1.1799956214498487e-05,,,,1.5217303877046122e-05,,0.0,,,,,,,2.7687636000164867e-05,,,,,,,,,
1978-10-24 00:00:00,-0.2511157425197624,-0.09473644911184818,,-0.14551772168402136,-0.3578850221351759,275.67353631194527,277.7752548308062,0.8473114843904619,,,,,,,0.0,,,271.4600372314453,271.4602508544922,271.4600372314453,271.4599609375,0.33442552555242233,,,,,,0.09119564259546042,,,101961.83099112425,,,2.5088757396449703,115.19828679011418,0.09039975059102978,,276.3986570821006,,74586.18604382397,0.3697505251190366,0.003973021309756668,0.043341865125194896,0.00047342170625043337,0.006923382098858173,,265.816240841115,0.025347286074824588,-0.13763563167414017,-2.5566423466131533e-08,0.01249332950015128,0.005217772880954855,-3.474164711443718e-07,0.03372076947308151,0.04506166799534002
1978-10-24 18:00:00,,,4.543489337672849,,,,,,861.2962016316203,3.0511890995431934e-06,2.0615514037171763e-06,1.6502108660487997e-09,0.0,1.2440545881027908e-07,,4.40244921071995,0.20184922077246673,,,,,,8.898065287685958e-06,1.3887926318941738e-05,873.3620562130177,8.20236181366373e-07,1.976079136662229e-06,,276.7555531157544,2.497608756877967e-06,,277.05762296597635,5.63526206467984e-06,,,,8.899740566163373e-06,,0.0,,,,,,,1.693521378308358e-05,,,,,,,,,
1978-10-25 00:00:00,0.14501566012230147,-0.029250489184136926,,0.05829723629020375,-0.3830099613708857,274.37052059737886,277.67392346985946,0.8459812039454307,,,,,,,0.0,,,271.45989990234375,271.46009826660156,271.4600830078125,271.4599609375,0.2560083513429179,,,,,,0.09618833643444896,,,102043.33561390532,,,2.526627218934911,119.90299509262897,0.09081315994262695,,274.5478420821873,,74614.60965236687,0.31150700207028165,0.0016293709094707782,0.03814595312805923,0.0001468894749703492,0.0016317536845009708,,264.91823058720877,0.04582466387889794,-0.15827991553312223,8.877629884866982e-08,0.005529370656259049,0.0011128376750551032,9.291142246103156e-08,0.03700518220134035,0.01573439321574375
1978-10-25 18:00:00,,,4.062463709588587,,,,,,886.9435222994897,4.5374476698023325e-06,0.0,3.3500058763831326e-07,0.0,1.348624999394083e-07,,3.921385889222636,0.14907710509892752,,,,,,5.175905114800267e-06,1.6767289158860607e-05,555.0325443786983,1.1843061570585126e-06,9.439532926096718e-07,,276.025617430196,2.1908784935460286e-06,,276.38502999029214,1.0114758325046336e-05,,,,5.511048982834675e-06,,0.0,,,,,,,2.129525827938283e-05,,,,,,,,,
1978-10-26 00:00:00,0.5194737586749376,-0.731932589288294,,0.21779207082895133,-0.6206524357993222,273.01787138267383,275.86913773576185,0.8414040183174539,,,,,,,0.0,,,271.4598846435547,271.45985412597656,271.4595947265625,271.4599609375,0.15927394889515534,,,,,,0.09643897784532175,,,101875.90735946746,,,2.1893491124260356,119.99085104677098,0.09087301570282885,,273.43198191625834,,74491.81698409763,0.21043468227047893,0.0010611630050388313,0.03355377155752886,0.0012786684656989646,0.0019847260424371302,,263.73725466756423,0.07947731335487591,-0.28104346461550017,1.8032736647237794e-07,0.004819678117093332,-0.0008116232881531913,6.591148788836845e-07,0.07120944187045097,-0.020756271111189262
1978-10-26 18:00:00,,,4.060003630508333,,,,,,1043.389542784872,4.497549590274427e-06,4.4626332599030446e-07,6.053431411466655e-07,3.033135769635263e-08,1.0207442685966201e-07,,3.929580163673536,0.05490762383274778,,,,,,1.1472902178058964e-06,2.404729995501817e-06,276.95784023668637,1.2084874792917241e-07,1.886520622926351e-07,,275.88184451492583,1.18437779725656e-06,,276.23226296690086,2.469426605123035e-06,,,,1.7522861795312553e-06,,0.0,,,,,,,6.8746374908989e-06,,,,,,,,,
1978-10-27 00:00:00,-0.721686617157163,-1.0445750761314256,,-0.23455379418367464,-0.7167822990191759,271.1520556387817,276.1434659337151,0.8384478448410712,,,,,,,0.0,,,271.4599914550781,271.45997619628906,271.460205078125,271.4599609375,0.10049014119706916,,,,,,0.06749133950859837,,,101833.01497781066,,,1.0118343195266273,120.02976330638637,0.09090234542034081,,273.2008361816406,,74475.10528383875,0.13185968342617418,0.0010616990941516042,0.012449185523761095,5.4453957010303024e-05,0.0010061405114168247,,265.0491415170523,-0.0910472876926851,-0.26230563214544717,1.23513814960138e-07,0.009993789510900629,0.0026217190887690826,2.688083920135995e-07,0.013339246518513155,0.0013560688001869698
1978-10-27 18:00:00,,,4.166539870070283,,,,,,1768.9068424157929,0.0,0.0,0.0,0.0,1.2729279235413176e-07,,4.019668579806943,0.12135549692007211,,,,,,2.025521894883827e-06,2.263179985729195e-06,516.4733727810651,5.5109222347919754e-08,3.154621013170163e-07,,276.27613749306585,3.1652843811102875e-07,,276.5968588202663,4.44309752897398e-07,,,,2.025521894883827e-06,,0.0,,,,,,,2.263179985729195e-06,,,,,,,,,
1978-10-28 00:00:00,-0.25749887658294135,0.010266123438727926,,-0.18164545544505825,-0.44638137140217615,273.78137378579765,276.90700264654214,0.8333019540154722,,,,,,,0.30021035459620005,,,271.46006774902344,271.46043395996094,271.4604389313939,271.4599609375,0.14899981797799555,,,,,,0.18134655472794933,,,102025.16660502959,,,2.337278106508876,120.93380592842779,0.0908504576372677,,274.3012822619557,,74630.62407544379,0.5611229080420274,0.004222663817238393,0.011765733978452061,2.774217072323229e-06,0.0021441603553365675,,264.1766472088515,-0.09549137544349806,-0.1894755391679572,-4.982535465818157e-07,0.06944966893064508,0.045141764419131286,2.636240461852247e-07,-0.002713606907771184,0.02912279275747446
1978-10-28 18:00:00,,,4.46427245958317,,,,,,1946.0312136136567,1.834253587666348e-06,3.124477022145627e-08,8.915016460700853e-07,1.9395894773260378e-08,1.3680108184190867e-07,,4.362181285429283,0.18485291610808063,,,,,,6.265012470222789e-06,6.389027163827208e-06,757.3132396449704,2.370618928510409e-08,1.2475727181110156e-06,,277.5369085729475,1.5454278630617807e-06,,277.85624162120934,2.072595015785398e-06,,,,7.15606223196673e-06,,0.0,,,,,,,8.22191407694619e-06,,,,,,,,,
1978-10-29 00:00:00,0.05655626150277945,0.44383956976896205,,-0.0645001484797551,-0.1899577654325045,275.8768910063794,279.1841080343935,0.8302972782293015,,,,,,,0.29560265174278844,,,271.4601070545393,271.4596710205078,271.45970153808594,271.4599609375,0.2369617710452108,,,,,,0.43632811958179674,,,102106.95691568048,,,2.2366863905325443,118.69915356156389,0.09089271838848408,,276.229268903563,,74653.4427237426,0.6509743537423174,0.019801251418039907,0.02280028749769829,0.0004976825601250462,0.02510430577718074,,265.539146829639,-0.0045477275312299555,-0.008992979512412166,-8.537399857415206e-07,0.31931414721897367,0.2137588540742383,-7.986982166870448e-07,0.027824260757343303,0.09900425994884465
1978-10-29 18:00:00,,,5.003021584460016,,,,,,1498.5170298511198,1.759851384445055e-05,5.725594843633076e-07,2.1635339810298037e-06,2.697088132948565e-07,1.6075134802245971e-07,,4.7161211036366115,0.17528032833302515,,,,,,2.4335447853133522e-05,2.7028502091853577e-05,790.0229289940828,3.889649445135918e-07,4.008555641541114e-06,,277.1092738766642,5.295588331815054e-06,,277.5718510193232,1.8876839495269504e-05,,,,2.6498981834163328e-05,,0.0,,,,,,,4.4598822762980266e-05,,,,,,,,,
1978-10-30 00:00:00,0.0316028707831569,-0.12320982351810975,,-0.11026091829559506,-0.3882121644781891,273.5440209744245,277.12425457655326,0.8367378087438775,,,,,,,0.15372760479266828,,,271.46038818359375,271.4596862792969,271.4599304199219,271.4599609375,0.24379364555404032,,,,,,0.2482641366635554,,,102055.10077662722,,,2.4792899408284024,120.2936432065343,0.09168078067034659,,275.0412423399073,,74632.03305288461,0.5145262962967686,0.009403359769022412,0.046880697089449926,0.0011717299737873867,0.012457176073063054,,265.4174159123347,-0.04991881240754438,-0.18596228763196596,2.6903894084806077e-07,0.09254535181811575,0.0594209418472794,9.256223569343076e-09,0.22935296233589128,0.1434374024882119
1978-10-30 18:00:00,,,4.440152111843493,,,,,,3062.0042680573943,1.249405053945688e-06,1.6939324828294608e-07,5.311569606764077e-07,1.4466360299544928e-07,1.6494665334322187e-07,,4.309634321892755,0.1205355853018676,,,,,,5.284401439350737e-06,6.433686561133029e-06,541.8025147928994,1.989172760551498e-07,7.437189390673439e-07,,275.7490283130894,1.2191728903697087e-06,,276.12575409116124,1.802599641698352e-06,,,,5.81586149317273e-06,,1.1785363657234687e-06,,,,,,,7.682849140562249e-06,,,,,,,,,
1978-10-31 00:00:00,0.1908909103574132,0.23398927541879508,,0.07770272542739055,-0.28658802551630685,271.8928033049995,276.50449998844306,0.831868965950238,,,,,,,0.32417234161196373,,,271.46083068847656,271.46009826660156,271.4600372314453,271.4599609375,0.1574004585220969,,,,,,0.04932940782174556,,,102101.90939349112,,,2.2544378698224854,122.2978614942562,0.09184801507983688,,273.2209410357052,,74648.37181028107,0.48501073046637005,0.004547791885912623,0.013961122309001709,8.58567875517896e-05,0.0021488624211599134,,263.80962267994175,0.017177078498185738,-0.12764740695614787,-3.565515166533609e-07,0.11511080470707642,0.08610986088149074,-1.4246583326592954e-07,0.013883267082935254,0.03965711867513918
1978-10-31 18:00:00,,,4.755995535991601,,,,,,1671.0938172143353,4.727646884833567e-07,8.6391190364516e-08,2.1019234107090875e-07,0.0,1.793093364938495e-07,,4.613071723802555,0.14674223950628698,,,,,,1.629406707526664e-06,1.6247941809293082e-06,621.2193047337278,0.0,2.7038801748019e-07,,274.8720854810004,2.991488016039662e-07,,275.14027883315225,5.807044238028441e-07,,,,1.8397147750713416e-06,,0.0,,,,,,,2.097162092931172e-06,,,,,,,,,
1978-11-01 00:00:00,0.1970064456646259,0.25677613252718773,,0.06147178672474517,-0.3116896759123492,271.8233923375959,275.7114542221882,0.8262915403179868,,,,,,,0.0005057323613815759,,,271.4601745605469,271.45985412597656,271.46018981933594,271.4599609375,0.176202898194804,,,,,,0.018176558455066567,,,102202.5824704142,,,2.3076923076923075,123.3930676702917,0.09182820799788075,,272.82598714433476,,74673.00295857988,0.19226250231690353,0.0005947795845347749,0.012561775705385842,8.38322575981095e-07,0.00015127870458117603,,263.37813012839774,0.016735416544965034,-0.1148108871730827,-4.959928683415483e-09,0.0017057046770895198,0.0014185171715395811,-2.1415658630279152e-07,0.02786213100044685,0.021747927977731066
1978-11-01 18:00:00,,,4.549263299569576,,,,,,1560.9064425971565,1.4501629320122082e-06,6.775681711953773e-10,1.35855165106305e-06,1.9411049430539622e-07,1.3864222605204343e-07,,4.408888805547409,0.1778741418962648,,,,,,3.4797187211245477e-06,3.45871161074328e-06,733.7440828402367,0.0,6.810199888147546e-07,,275.2958738789756,7.335625632980166e-07,,275.59905319665313,1.4250172224975903e-06,,,,4.837057999605258e-06,,0.0,,,,,,,4.916347166490273e-06,,,,,,,,,
1978-11-02 00:00:00,0.9749505421113686,0.40328451867639664,,0.3068167443811541,-0.18967024673371624,273.5397690090202,277.49116182045117,0.8209784810359662,,,,,,,0.033295851487379804,,,271.45912170410156,271.45970153808594,271.4602813720703,271.4599609375,0.19896359415449336,,,,,,0.057698718189487797,,,101993.42085798817,,,2.4023668639053253,123.59751016289525,0.09183279579207743,,273.16876681175455,,74506.97903568787,0.2661141286543488,0.0034616513605010505,0.01126855501309919,3.752553251368054e-05,0.0034079241329396264,,263.57597062150404,0.22222968988870023,-0.018487100770487586,9.578758375044118e-08,0.04027030311348179,0.040643996740939346,1.5220065016854699e-07,0.02446702894473658,0.01780862396461724
1978-11-02 18:00:00,,,4.730608629757131,,,,,,286.28733720450566,5.332675911265717e-07,0.0,3.0824021827539747e-07,3.6419396834260614e-08,1.7044442503805377e-07,,4.670770378507806,0.0682409162352071,,,,,,8.091880917857737e-08,5.541696521789717e-08,368.9186390532544,0.0,1.2923133994876985e-08,,273.5024943154239,1.5803121619984596e-08,,273.80261763172035,4.09093084772663e-07,,,,3.8905587245726727e-07,,0.0,,,,,,,5.891524563879657e-07,,,,,,,,,
1978-11-03 00:00:00,1.1530079813398553,-0.49803393550173064,,0.27356105443288586,-0.34283045480942587,270.46088413938264,274.01758119481553,0.8185408559776622,,,,,,,0.0,,,271.4595184326172,271.46022033691406,271.4599914550781,271.4599609375,0.1228798409185466,,,,,,0.003143000179493921,,,101774.27071005917,,,1.5680473372781065,123.00378327680058,0.09201560782257621,,270.7984264306063,,74365.26733542899,0.12366679716392381,1.3680500391672348e-05,0.001992042248065655,0.0,5.086630406464345e-06,,262.6759810588769,0.13747009405722985,-0.11189425767526119,2.824313095295471e-08,0.0003049935602731782,0.000529031799665305,-4.1496276983938914e-08,0.003921568915854104,-0.0010229888752367369
1978-11-03 18:00:00,,,4.447534295934192,,,,,,451.3258984624123,8.658368206588474e-06,9.157380761479485e-07,3.6676695360939886e-06,3.6504813993470907e-08,1.0715227973814117e-07,,4.311061672910431,0.12664650459966717,,,,,,6.299840628042729e-06,3.260691490399061e-05,444.28920118343194,5.322976930607e-06,2.004735215881167e-06,,274.5475886418269,4.9185735234142055e-06,,274.8464615500185,1.005255259000338e-05,,,,9.967554250412438e-06,,0.0,,,,,,,4.1252409918068426e-05,,,,,,,,,
1978-11-04 00:00:00,0.49912955492911254,0.0835754123665172,,0.1431847916552301,-0.1943862170157348,269.85146453676845,274.41461867834687,0.8138588737453935,,,,,,,0.0018483336860611595,,,271.4601287841797,271.4599151611328,271.4601745605469,271.4599609375,0.16273904834273298,,,,,,0.06798305172892012,,,101795.6987795858,,,2.4142011834319526,124.11902920875323,0.09203267238549227,,271.28727993034045,,74416.33459689349,0.18230081592085798,0.0013064660969570544,0.030950853653450513,0.002377256133852626,0.006248383832401072,,262.1147955719536,0.038312475004139736,-0.07906783649907309,1.9539852177837214e-07,0.01173529538838124,-0.0021278782356420212,-2.4525918474299667e-07,0.08069306202425715,0.010408117573642166
1978-11-04 18:00:00,,,4.656409444188225,,,,,,606.9466929533044,8.455439079442673e-06,2.1408956784468432e-06,1.8082647281285574e-06,7.027352349997977e-07,1.4914407526740815e-07,,4.564681051750861,0.29315971058501294,,,,,,5.111010116938303e-06,4.807220408196985e-05,1036.426775147929,9.779834888390536e-06,9.74824707183612e-07,,275.37966756425664,8.930380527789775e-06,,275.7909997341901,2.2968067925357255e-05,,,,6.919252801929e-06,,0.0,,,,,,,5.652812811044546e-05,,,,,,,,,
1978-11-05 00:00:00,-0.06091774709125947,-0.3646995047845784,,-0.13646469454793536,-0.34117344850619163,271.95959626147027,275.1762275470079,0.8102343805442901,,,,,,,0.0007669742290790265,,,271.4598693847656,271.4600830078125,271.46002197265625,271.4599609375,0.3506281926081731,,,,,,0.18908619175295857,,,101913.98039940829,,,2.6449704142011834,123.83360714884199,0.09222960331030851,,272.8884535569411,,74498.35052237425,0.39311841253698226,0.0020272181584284855,0.09175286534622576,0.002922069391555335,0.005450051211746487,,263.26185851689627,-0.08741084781624156,-0.15204759744497445,1.9465995826427796e-07,0.0165048179329654,-0.009570348897629236,7.075501968202418e-07,0.23791868143064693,-0.08002300798540285
1978-11-05 18:00:00,,,4.980455325905388,,,,,,474.55294866981745,1.3623540923440245e-06,8.029350735379394e-08,1.1441711137986042e-06,1.2526564167801446e-07,1.248574561505584e-07,,4.891479651956163,0.24506500063563239,,,,,,2.6702836773099277e-06,1.7657655583330864e-05,833.303624260355,3.5014532550552187e-06,6.211370494238723e-07,,276.49749069665313,2.108194683430463e-06,,276.83130171736315,8.375157971353926e-06,,,,3.815402646036543e-06,,0.0,,,,,,,1.9019524726641954e-05,,,,,,,,,
1978-11-06 00:00:00,0.4094361186732907,0.5948227763881345,,-0.021535630762224367,-0.07342413614487507,272.2845581776997,276.8154296875,0.8057159478142417,,,,,,,0.0,,,271.46022033691406,271.4602355957031,271.4599151611328,271.4599609375,0.2918479083017749,,,,,,0.20493294078217456,,,102037.04105029585,,,2.63905325443787,123.57611824351655,0.09222752949189858,,273.4066655988524,,74697.08050573224,0.3558457074246022,0.000710515580939118,0.07985270521796402,0.003010631312985392,0.0021684296737761186,,263.76267364321376,-0.02142810504112018,-0.03225087837354671,2.7237122180284766e-08,0.005268683785778614,-0.0017024010596190685,2.3523885646515345e-07,0.2628588479827847,-0.06770809197566918
1978-11-06 18:00:00,,,6.476732925550472,,,,,,538.0572369969534,4.767283202099377e-07,2.771180630082915e-07,0.0,0.0,3.814158694076038e-08,,6.371263876469178,0.34361456696098375,,,,,,2.6356759508685954e-05,0.00014023985383073253,1190.4415680473373,3.0254030368737214e-05,6.9758595799553325e-06,,277.5650064141087,2.6178386437116995e-05,,277.97127808339496,4.7932803278138655e-05,,,,2.6356759508685954e-05,,8.720926631837201e-07,,,,,,,0.00014071492753790681,,,,,,,,,
1978-11-07 00:00:00,1.3342549927841276,1.003976432529427,,0.3725795368471089,0.26261893955208143,273.9912395590156,276.96448837370565,0.8068594343563509,,,,,,,0.0,,,271.4601593017578,271.4599304199219,271.4599914550781,271.4599609375,0.4063882987130676,,,,,,0.19164298695220044,,,101772.01654955621,,,2.7337278106508878,122.62180287739228,0.09232486070260494,,275.1417085546008,,74483.56982710799,0.45265550677769284,0.002868601556360369,0.13151556764834027,0.0073604922322831915,0.009845620781712278,,265.391917392347,0.23209049080955912,0.18493132196234527,4.0528843702525233e-08,0.020960564916600755,0.008347407225850065,3.3355707209006217e-06,0.8836396006349276,0.04993838459782347
1978-11-07 18:00:00,,,6.349065442057051,,,,,,743.3602393655216,2.460763651943771e-06,1.3720475622182766e-07,0.0,0.0,1.928801901470429e-07,,6.150621972845856,0.2549953122110762,,,,,,6.9865284586799214e-06,5.322765316483537e-05,915.9715236686391,8.803103449781971e-06,1.6222206445840689e-06,,275.71217120469674,6.661788951715774e-06,,276.15658948548446,2.111230023513884e-05,,,,6.9865284586799214e-06,,4.9331164836178167e-08,,,,,,,5.5688196385400535e-05,,,,,,,,,
1978-11-08 00:00:00,0.8118345949071399,-0.614636725927951,,0.22594715434418627,-0.30076706903220635,273.8263946172048,277.25187656018863,0.8071074827888308,,,,,,,0.0,,,271.4597625732422,271.45977783203125,271.46026611328125,271.4599609375,0.24546154857387203,,,,,,0.10076245189418453,,,101610.17122781066,,,2.059171597633136,122.5204252886349,0.09275547287167882,,272.53958680643836,,74307.74655602811,0.2636605889134153,0.0010208067809336285,0.0746413532147797,0.0028110312286918687,0.00375002798949473,,263.5090897238466,0.05755330260688737,-0.09170601071690666,1.1446948751143164e-07,0.008557855497395411,-0.006446825682058842,1.733190191981311e-06,0.24917190966538028,-0.043014655099112606
1978-11-08 18:00:00,,,6.008130163836056,,,,,,1361.946399727253,7.918203723501172e-06,1.4107608230861686e-09,1.9439181985234366e-06,0.0,2.113837898934822e-09,,5.920168656569261,0.1644641041050296,,,,,,1.110610436405656e-06,7.63552252357528e-06,544.1486686390532,1.4289409010367985e-06,1.0309437807847762e-07,,275.5567736202443,6.439847618165101e-07,,275.83326351007764,9.046459691764336e-06,,,,3.054517613360162e-06,,0.0,,,,,,,1.555425528238511e-05,,,,,,,,,
1978-11-09 00:00:00,-0.6388155581683097,-0.6645527788873254,,-0.4010210883687939,-0.4995029889620267,267.9725144064638,275.3451024343276,0.8025953991878667,,,,,,,0.18994474693162908,,,271.4604034423828,271.4600067138672,271.45997619628906,271.4599609375,0.16397798978365385,,,,,,0.09243061133390347,,,101715.05907914201,,,1.3136094674556213,122.31369451940412,0.09271479499410595,,271.5773961896727,,74468.55639792899,0.36269202599158656,0.0007519080088688777,0.03523525260609282,0.0005330573877639319,0.00037141452879595335,,263.36134473811944,-0.4599709087574976,-0.3095636480658717,1.8628098269698579e-07,0.01621925737019959,-0.013144261032871946,3.132937798419824e-07,0.0973586584689349,-0.07496884377045039
1978-11-09 18:00:00,,,5.330774820767916,,,,,,1921.9686477796167,1.415458766842735e-07,0.0,0.0,0.0,3.8711291192975663e-08,,5.26724861077303,0.14634885167229106,,,,,,4.5152913886480606e-10,9.251901736626258e-06,492.9626479289941,1.0313102479517107e-06,0.0,,275.8535979682877,5.683464896396773e-07,,276.1759748289571,3.8585190236921145e-06,,,,4.5152913886480606e-10,,0.0,,,,,,,9.38823854429482e-06,,,,,,,,,
1978-11-10 00:00:00,-0.29425472056371926,-0.5728238969159549,,-0.19536431442351032,-0.4642837738849708,267.96657404250647,276.5465124006102,0.7994729199353054,,,,,,,0.18650718553531806,,,271.46038818359375,271.4599609375,271.45977783203125,271.4599609375,0.20997529340213572,,,,,,0.10392300758136094,,,101731.90430843196,,,0.46745562130177515,122.45124536999585,0.0926512571481558,,271.6488354022686,,74521.35292622041,0.36692033575836724,0.00048489965630706247,0.051346682937892935,0.0007262540286814673,0.0004534326361481255,,263.5087493354752,-0.24435102022611177,-0.27283566378982815,4.564259874981624e-08,0.006928229240215653,-0.006723992548574358,8.34408864212228e-08,0.009046934412781303,-0.03979446937346599
1978-11-10 18:00:00,,,4.893474607072639,,,,,,617.5251770019531,1.96602746579774e-06,9.587662812520766e-08,1.6360416920227413e-06,4.243304038188867e-08,4.478189924603725e-08,,4.755894062787118,0.15768089520155326,,,,,,1.9427168475100276e-07,1.1914161711754884e-05,531.7274408284023,2.062642539041282e-06,5.966250801227501e-08,,275.83548100036984,1.722968806176496e-06,,276.16104613535504,6.331086775960302e-06,,,,1.8302858228514181e-06,,0.0,,,,,,,1.3880167134414763e-05,,,,,,,,,
1978-11-11 00:00:00,-0.04406738845554329,-0.2679558251736432,,-0.15838657469439082,-0.398229203985993,267.3918702616494,276.276384522929,0.7948373901773487,,,,,,,0.10376428005963388,,,271.45977783203125,271.4601593017578,271.45994567871094,271.4599609375,0.14785576995307878,,,,,,0.09737644534139238,,,101578.19341715977,,,1.5739644970414202,122.75105583597217,0.09258008144310946,,271.9538973294772,,74414.43671412722,0.25789087058524407,0.0004301649578929653,0.053422215113491184,0.0005993941831870897,0.0001889044011132957,,263.74025459966714,-0.12421978154831384,-0.21926882140029816,2.56953201227933e-08,0.005058232143785826,-0.0029469894013813966,1.6119602097049576e-07,0.012700947784107817,-0.037572856132800765
1978-11-11 18:00:00,,,4.189128294498963,,,,,,534.3889473157051,1.8946903608959807e-07,1.9732052625636376e-08,6.348423703887759e-09,0.0,6.953213328711575e-08,,3.93453272418863,0.251506557126017,,,,,,1.2942077316476044e-05,3.218271675899889e-05,964.5362426035502,3.6658840419272698e-06,2.207939882250227e-06,,276.64486062315086,5.710451207922761e-06,,276.9463598488351,9.355680829674535e-06,,,,1.2948800473523563e-05,,0.0,,,,,,,3.234151552414753e-05,,,,,,,,,
1978-11-12 00:00:00,-0.2162044457429965,0.16760015769823064,,-0.07129614451933189,-0.2315978891045384,272.28475961177304,276.48332909578403,0.7912519694080015,,,,,,,0.0,,,271.45997619628906,271.46034240722656,271.4601135253906,271.4599609375,0.31846282962770284,,,,,,0.15779258231439533,,,101616.79169748521,,,2.4142011834319526,122.34991400904909,0.09256431195862899,,274.42263116780117,,74391.07089034763,0.3866883064964621,0.0019544271322397087,0.08000956697268247,0.0007697562494221523,0.001840060984594582,,265.28297081219375,-0.10254254425771138,-0.1615160541421563,-5.2955067329191035e-08,0.006512695515649558,0.00017449687394870104,-7.082559324190649e-07,0.14917705750324317,-0.04553250307162132
1978-11-12 18:00:00,,,4.547284969916711,,,,,,640.4292067110896,8.066686300130991e-07,2.290571339913374e-07,7.583097742109962e-09,0.0,9.565497410856755e-08,,4.3973656878668885,0.30357550446098375,,,,,,1.7770736880556368e-05,3.691304188508254e-05,1252.1246301775147,3.637139790156889e-06,3.604593097105534e-06,,276.8951639931583,6.463555012934306e-06,,277.1478322046043,9.366415837812706e-06,,,,1.777845197880762e-05,,0.0,,,,,,,3.7712370150188015e-05,,,,,,,,,
1978-11-13 00:00:00,0.41740217152431874,0.2768367169171395,,0.08548573488314476,-0.13953946469098152,275.37239101793637,277.90803699380547,0.7994429839433298,,,,,,,0.0,,,271.45970153808594,271.4605255126953,271.4599609375,271.4599609375,0.4014735444278054,,,,,,0.18617022813424555,,,101640.87916050295,,,2.497041420118343,121.50276626496625,0.09285763452744343,,275.27521438147187,,74346.02512481509,0.48843540454051904,0.00392432466766538,0.07000562188094317,0.0005297604397203796,0.007440646019207655,,265.94362681010773,0.08754131815137242,-0.048989713191986084,-5.90450203076512e-08,0.020094594779044125,-0.00025854698387828805,-6.636118512192862e-07,0.30167630669721485,-0.05242857707322702
1978-11-13 18:00:00,,,5.361492128767205,,,,,,591.8080403645833,1.2360425037745189e-05,3.006529702237372e-06,0.0,0.0,9.87787288493069e-08,,5.128943042642266,0.3032273512620192,,,,,,7.931738210147654e-06,8.253541571148754e-05,989.508875739645,1.604652263709074e-05,1.8527257371936323e-06,,276.06891699796597,1.3892423119065325e-05,,276.34354630870934,3.5023548193937225e-05,,,,7.931738210147654e-06,,0.0,,,,,,,9.487260728192753e-05,,,,,,,,,
1978-11-14 00:00:00,-0.12622178658931213,0.2624425549478926,,-0.17976616966653858,0.02322045726888984,271.71268314158425,275.5046950120192,0.7988010447406204,,,,,,,0.0,,,271.4600524902344,271.45977783203125,271.45997619628906,271.4599609375,0.32708879738781577,,,,,,0.30366759892751477,,,101555.94720784023,,,2.7159763313609466,123.24465328419703,0.09309147941995655,,273.41724048140486,,74309.74657914201,0.41149111874622,0.002785922507562581,0.13549036332194284,0.005751265576605261,0.010305415949172522,,262.75551347901836,-0.2271427797847951,0.04574600796727739,1.3458126224749639e-07,0.01446750437008691,-0.008084950296307456,2.604637146216525e-06,0.6157501933342961,-0.1524630400556079
1978-11-14 18:00:00,,,5.531299647494886,,,,,,547.0645054196848,3.132858925317166e-06,8.425879231571445e-07,0.0,0.0,3.82859813333241e-08,,5.348775327558348,0.23727994839820635,,,,,,3.677346473614845e-08,2.296581952529546e-05,808.7159763313609,7.238327222462942e-06,5.590001991867314e-09,,276.2933039016272,2.535247414775149e-06,,276.5985750277367,1.2417560851080177e-05,,,,3.68292614288584e-08,,0.0,,,,,,,2.6102293525221786e-05,,,,,,,,,
1978-11-15 00:00:00,-0.34791296332545535,-0.24981303468963803,,-0.29807249893098187,-0.2884177089442868,268.7179919361363,274.8853882558247,0.7957863885270068,,,,,,,0.0,,,271.4602355957031,271.4601287841797,271.4603271484375,271.4599609375,0.25537326067862426,,,,,,0.09733328734629253,,,101749.83321005917,,,0.8461538461538461,122.50369082117928,0.09303478376399836,,272.18363112951874,,74522.89342178254,0.2813215989332933,2.855432809457271e-05,0.0793579372428578,0.0033358963283561392,8.639411108028254e-06,,263.190143833499,-0.2950799309995753,-0.07936163484697512,3.611818288501401e-08,0.0005073375743676043,-1.2496254853242952e-05,-2.267034478091563e-08,0.0958193173775306,-0.03343720478419016
1978-11-15 18:00:00,,,4.935487549685868,,,,,,684.5258309500558,5.4900501386301055e-08,1.0475312420249691e-07,0.0,1.1173887012978277e-06,1.5781966652134785e-07,,4.836858199545618,0.23367742956037352,,,,,,4.699112042872863e-06,1.1369277386975711e-05,828.4537721893491,1.4079668553623222e-06,9.893841997406187e-07,,275.62864044008876,1.71759028053848e-06,,276.06431155232985,3.636401345038555e-06,,,,4.699200215424306e-06,,0.0,,,,,,,1.1425795992450601e-05,,,,,,,,,
1978-11-16 00:00:00,0.8756364516957977,0.3245513622577374,,0.2758370888303723,-0.2106938108184634,272.3938692533053,276.0703543939534,0.7959060884086337,,,,,,,0.0,,,271.46058654785156,271.4600524902344,271.4602603348049,271.4599609375,0.23128414718357063,,,,,,0.08775979668431028,,,101769.70673076923,,,2.6449704142011834,123.59048353567631,0.0930565715541501,,272.92721810425525,,74486.36055380917,0.25495742313899983,0.0008339021332870574,0.04389762630708207,0.0005877596386790981,0.001135518564980411,,264.11899363500834,0.08909560378486588,-0.11277453292756391,6.980398744234496e-10,0.003407433173621277,-0.0011775481938963105,-4.4031452026614955e-07,0.09179075644213773,-0.043371752874385675
1978-11-16 18:00:00,,,5.208915806380955,,,,,,553.8394993507058,2.0251647960504838e-05,8.392814524780364e-07,1.4701803055035292e-05,1.921742801835551e-06,9.802108747297732e-08,,5.013706438640166,0.3292528863489275,,,,,,1.0726234969302748e-05,4.7297343699889775e-05,1180.1863905325445,7.634530582371548e-06,2.354207123525044e-06,,275.74277257072856,7.819825199228772e-06,,276.03487454927887,2.820780996740217e-05,,,,2.5426759522342118e-05,,4.834831642681325e-07,,,,,,,6.755939602146487e-05,,,,,,,,,
1978-11-17 00:00:00,1.0090462999231011,0.6201483201698439,,0.39670754607612563,0.05729413455759985,272.0276752900795,274.5540186413646,0.7992679275704558,,,,,,,0.0006763850443461943,,,271.4600830078125,271.4600372314453,271.46018981933594,271.4599609375,0.36296098796132753,,,,,,0.1556367591993343,,,101551.84643121302,,,2.7455621301775146,121.21580713035087,0.09333226243419761,,273.4916927179641,,74277.12402921598,0.3975780419344027,0.003105078928569365,0.07955375018794111,0.0012757764060116379,0.006261407976319804,,263.9529357549001,0.20594274715559016,0.061028836041512574,-1.428097514222106e-07,0.03901798767450999,-0.005474503576402834,-2.844331127497748e-07,0.3906875346820339,-0.056044302395814975
1978-11-17 18:00:00,,,5.656991473316441,,,,,,498.5103948974609,2.2002468271368355e-06,5.2605948504611585e-08,5.393129216848746e-07,5.920235750943246e-08,-4.40785746154177e-08,,5.498375830565684,0.30585023778430104,,,,,,1.3573855690702179e-05,7.389732719173093e-05,1057.3158284023668,1.168608136431e-05,3.1812656560593104e-06,,275.11630772697856,1.08030332616095e-05,,275.43119134846523,2.486514445592666e-05,,,,1.4112722238845374e-05,,0.0,,,,,,,7.610331625628048e-05,,,,,,,,,
1978-11-18 00:00:00,0.4916933274128028,1.0141936138536802,,-0.002071216966978897,0.22254754805705956,271.0469177968403,274.2996515578772,0.8002769714276466,,,,,,,0.0,,,271.4598083496094,271.4599914550781,271.4600830078125,271.4599609375,0.3906241874017659,,,,,,0.1866744001941568,,,101291.49214127219,,,2.63905325443787,121.52890809188933,0.09379386337551139,,272.8772242619441,,74065.67377034023,0.41706225152551774,0.003698667830969455,0.12193134880074322,0.006018463676497781,0.018740411340837648,,262.64993882038186,0.048264125395103316,0.1494304890463338,9.719120853817498e-08,0.02677581717937664,-0.00032826197835115285,1.071274284681184e-06,0.7815858392546383,-0.11080978749066416
1978-11-18 18:00:00,,,6.137043574857994,,,,,,443.82147022003824,3.3588672178031424e-06,4.408048939775433e-07,1.7909498433389607e-07,5.217335192409493e-08,1.329710691483256e-07,,5.9810828993306355,0.27717346552561023,,,,,,2.1834697949110404e-05,5.5173268684974086e-05,1035.1627218934912,6.7912703435096514e-06,5.0956240067115196e-06,,274.02283509384245,9.338046319385957e-06,,274.5258167876294,1.8912395076638848e-05,,,,2.2013864573642348e-05,,0.0,,,,,,,5.853440634597688e-05,,,,,,,,,
1978-11-19 00:00:00,0.12840901888333833,1.3752334978453506,,-0.046802656184992145,0.3618006283009546,272.62541623087327,275.0508650379068,0.8021664637080311,,,,,,,0.002066663031041975,,,271.4596405029297,271.46009826660156,271.4600067138672,271.4599609375,0.341120161248382,,,,,,0.10981416420118344,,,101141.17067307692,,,2.7337278106508878,120.37839034041004,0.09436011455468173,,271.66242177387664,,73915.76296690089,0.3502909643410226,0.0032548904418945312,0.07905059238851343,0.003490933299770017,0.0129547119140625,,262.4515061237403,-0.043810370405750164,0.17752276122922728,4.179775564188755e-07,0.028697894169734076,-0.0019945971359162642,8.626377930556088e-07,0.41083469605018225,-0.0006927117793517706
1978-11-19 18:00:00,,,6.348226462595561,,,,,,403.9924911666702,7.233367516444279e-06,4.931931664957802e-07,4.687781870012453e-06,1.7871253589201256e-06,1.450951555406278e-07,,6.328862799695258,0.24268481011926776,,,,,,1.7580636859645506e-05,5.504524214027901e-05,813.0081360946746,7.93438338669094e-06,3.6349575195086777e-06,,272.01475136660963,1.0892087538566816e-05,,272.45745226617396,2.0294411647954635e-05,,,,2.2267977866900743e-05,,0.0,,,,,,,6.227168811143502e-05,,,,,,,,,
1978-11-20 00:00:00,-0.2756870484211036,-0.34159233160978236,,-0.19473845013499966,-0.45453916357819146,270.1514493502103,273.7855105428301,0.8068783399621411,,,,,,,0.0032678468692937546,,,271.45977783203125,271.4599151611328,271.4598388671875,271.4599609375,0.23693956002681213,,,,,,0.10047217374722633,,,101340.44221523669,,,1.952662721893491,119.35749536999585,0.09569403687877769,,269.3385934321838,,74018.20490477071,0.2595473069411058,0.002189077569182808,0.04299150275055473,0.002799976506882165,0.017194984932622965,,261.96211044040655,-0.2399071518486068,-0.2602122380183293,2.6688305630945167e-07,0.025155101287555496,-0.015316753345128347,2.2507507557920097e-07,0.1854627112728494,-0.04778182365485197
1978-11-20 18:00:00,,,7.006192636207716,,,,,,847.7842333393712,6.11652989359297e-06,1.0799814963481835e-06,1.9595908695424095e-06,1.4576906635916444e-06,3.0548942195094524e-08,,6.768257124184151,0.1418305346246302,,,,,,2.4554953419950587e-06,9.912799095966407e-06,469.0739644970414,2.65935028093101e-06,5.913512593895726e-07,,273.56755038831363,2.9239230431043184e-06,,273.86718461076185,5.7198415846514276e-06,,,,4.415064168399608e-06,,0.0,,,,,,,1.6032679546514205e-05,,,,,,,,,
1978-11-21 00:00:00,-0.1449958022529557,0.6073530637300931,,-0.0714160761184241,-0.044058387801492,266.5680260291466,273.871355226054,0.8028964460248778,,,,,,,0.00019950133103590744,,,271.4604187011719,271.45989990234375,271.46006774902344,271.4599609375,0.1400600636499168,,,,,,0.10133379874144785,,,101538.92326183432,,,1.982248520710059,122.77675849869406,0.09596396339010205,,269.23679609129414,,74321.26527829142,0.17578531299117048,0.0008268864197138498,0.04483615219606481,0.000717490382448456,0.0015935051370654586,,261.36824243308524,-0.26286977282642615,-0.054238429789007066,1.0342268413931583e-07,0.010028545658525009,-0.003609311651196,2.869488719641369e-07,0.20013641243381702,-0.06555244591109147
1978-11-21 18:00:00,,,6.14825526920296,,,,,,758.7608903299166,8.234875442008295e-06,1.2591701640179877e-06,2.144709141296748e-06,4.2484290677414845e-07,-3.407854044716254e-08,,6.045962226461377,0.15147553393121302,,,,,,4.06559226075573e-06,1.605326783727612e-05,556.4426775147929,2.3463377233087664e-06,1.0242564438362798e-06,,274.22703777967826,3.590738984960071e-06,,274.5738575952293,8.409457093865208e-06,,,,6.210433660879643e-06,,0.0,,,,,,,2.4278576557452863e-05,,,,,,,,,
1978-11-22 00:00:00,-0.164891474345732,0.6385144284491003,,-0.130638224133373,-0.046305566144412794,267.8522836357884,275.2191963872966,0.7989217772991699,,,,,,,0.0017820166412895247,,,271.45941162109375,271.45994567871094,271.4598388671875,271.4599609375,0.21565815400795119,,,,,,0.13532306738859098,,,101628.67714497041,,,2.242603550295858,122.24895247058755,0.09606136231732791,,270.09557509563376,,74383.3615477071,0.2580170038889146,0.001343312348134419,0.06613140313732148,0.0014624172413842918,0.005449058036127034,,263.07045632988746,-0.20738340975970207,-0.06487275862834863,1.0419177223298666e-07,0.017787007657678787,-0.0026804957560886294,-1.1297220091429158e-07,0.3221905303226244,-0.0951737299473328
1978-11-22 18:00:00,,,7.06107552093867,,,,,,456.17346321519955,1.0892440228772586e-05,5.042753540552579e-07,9.01670145565236e-06,1.7358199555492965e-06,1.1114891697363322e-07,,6.903614151407275,0.2814061994383321,,,,,,4.144956374309472e-05,7.059676407356939e-05,971.6042899408284,7.241964340209961e-06,1.0748498538542076e-05,,273.6634283122226,1.4105536175902779e-05,,274.0209513105584,2.6132492624090974e-05,,,,5.046591250854131e-05,,0.0,,,,,,,8.149877102417353e-05,,,,,,,,,
1978-11-23 00:00:00,-0.842562303035217,1.0948740208642722,,-0.4869885585717196,0.19472110906296228,269.908737814638,273.80375608184636,0.801201820020845,,,,,,,0.01010529106185281,,,271.4600372314453,271.4600830078125,271.45989990234375,271.4599609375,0.3265670686078495,,,,,,0.15828122471916606,,,101640.02107988166,,,2.6153846153846154,120.35139329898992,0.09664286382099581,,270.76842701928854,,74260.70409578402,0.36249889847794936,0.006685674543211446,0.057447715623844306,0.0022037607678294887,0.01776086931397929,,262.66724192602396,-0.39684957583275066,0.051834992403109396,-5.013522273205088e-07,0.12269618241700203,0.024359759538484044,2.536580938509715e-06,0.3168429764064811,0.05558354544216359
1978-11-23 18:00:00,,,7.705597984720264,,,,,,786.5381577103226,9.228844614423943e-06,2.2701676604310437e-07,8.104820928630039e-06,2.2866889922576542e-06,1.2418051762954116e-07,,7.524383719856217,0.2743270242002589,,,,,,4.094715654497316e-05,6.294162315729807e-05,949.6213017751479,4.066231511753691e-06,9.631572743139323e-06,,272.9858406563482,1.3798387092951487e-05,,273.32073026578104,1.888929386816081e-05,,,,4.905250650891186e-05,,0.0,,,,,,,7.217276025805954e-05,,,,,,,,,
1978-11-24 00:00:00,0.20183133796827327,0.8534693520450027,,-0.12281317964813412,0.06950099651630108,268.7379900689661,273.51107300526996,0.8033999119989971,,,,,,,0.0028631898778430104,,,271.4601287841797,271.4600067138672,271.4599304199219,271.4599609375,0.3208012326934634,,,,,,0.1102957640879253,,,101783.89478550295,,,2.727810650887574,118.99888312887158,0.09777510377782336,,270.3345791969074,,74334.97908191568,0.37678699380547337,0.006817275955832217,0.029681504830806213,0.0008380906821708002,0.01222233518340884,,261.40480799928923,-0.08017791657758182,0.05118456959019046,-5.457889544915342e-08,0.14244383748422015,0.014041517965892363,1.0191893636265538e-06,0.11778927413669564,0.07021718196703132
1978-11-24 18:00:00,,,8.610594484227649,,,,,,303.67908688809007,2.8946222021029547e-07,5.140390864314412e-08,2.72615063252181e-08,1.4652487044856392e-08,7.578691267188e-08,,8.467857812283308,0.20093965248243342,,,,,,3.8114172467113244e-05,5.190629930891229e-05,796.1427514792899,2.682716007063375e-06,7.950078100847775e-06,,271.9651296942897,9.82123190129297e-06,,272.3360152385644,1.3532502764075465e-05,,,,3.814115326785477e-05,,0.0,,,,,,,5.2191449340278584e-05,,,,,,,,,
1978-11-25 00:00:00,1.5958787647224741,0.26506231522419044,,0.4517444858889608,-0.24117759840022882,267.36703608586237,272.58213300535664,0.8036244779648866,,,,,,,0.0,,,271.4601745605469,271.46044921875,271.4596862792969,271.4599609375,0.2578702847633136,,,,,,0.026619002663877588,,,101674.48982988166,,,2.4792899408284024,119.29145894248104,0.09871361241538144,,268.8759584144728,,74222.69508136094,0.2595459526107156,0.00385356654782267,0.020273197332077476,0.0013801529562684912,0.011720014041697485,,261.0064120320879,0.32566674891308217,-0.06008362629004484,1.699661169309285e-07,0.029867341299679065,0.0156637640565237,3.942457398333581e-07,0.10803068577885054,0.05642663663220123
1978-11-25 18:00:00,,,8.500423431396484,,,,,,283.1483375186012,9.028042650081703e-08,0.0,0.0,0.0,2.4269656435228825e-07,,8.269461891354894,0.14556415264423078,,,,,,1.3817167846408821e-05,1.9485163970811833e-05,564.9234467455622,9.793655935829208e-07,2.7237823728978986e-06,,272.3691287068926,3.888122957839063e-06,,272.77710394323225,5.3110075067486284e-06,,,,1.3817167846408821e-05,,0.0,,,,,,,1.9574747283077804e-05,,,,,,,,,
1978-11-26 00:00:00,1.6600026689337555,0.6058834008211215,,0.5321623108090734,-0.04186855406450802,266.4916560607549,273.54696285089796,0.8018470018573062,,,,,,,0.0,,,271.4603576660156,271.4601593017578,271.4599304199219,271.4599609375,0.17949843547753327,,,,,,0.015282534988674186,,,101475.99852071005,,,2.6153846153846154,122.02601885372366,0.09913300621439014,,268.3957133998532,,74172.38057045119,0.1804740950906065,0.0018911248833470091,0.022098428398899778,0.00014747882030419343,0.004650973709377311,,261.2625381198861,0.25223985614155875,-0.05394841369087174,-1.2495902894938244e-08,0.011864679099540034,0.00827378469805878,6.200737263401144e-07,0.15119220799903907,0.07137968527847494
1978-11-26 18:00:00,,,8.363001563845302,,,,,,1370.995029386927,3.328513816968929e-07,6.7648323550379485e-09,0.0,0.0,2.239917489936294e-07,,8.300659975356604,0.1450841779539571,,,,,,1.4135294412014752e-05,2.070159249051788e-05,595.8753698224853,1.313969404739741e-06,3.233728324167827e-06,,272.612112553162,4.122926462331467e-06,,272.9525009245562,5.253188356139956e-06,,,,1.4135294412014752e-05,,2.2572259275385967e-08,,,,,,,2.1036030978140747e-05,,,,,,,,,
1978-11-27 00:00:00,1.345835268144777,1.354355947505793,,0.4500273303872735,0.27094101200442344,268.56069567076554,273.398420164571,0.7986047190321973,,,,,,,0.09385464459481324,,,271.4601135253906,271.4604389313939,271.46043395996094,271.4599609375,0.1988316823744915,,,,,,0.021031216051451553,,,101589.59485946746,,,2.6094674556213016,123.29132025904909,0.09938444047284549,,268.6948550974829,,74270.63621024408,0.29524935208834135,0.0022306555121608036,0.02466362044656065,0.00032039789053109975,0.004402702376687315,,262.0500304995204,0.2823568907009779,0.10539875933404505,1.3123523123967378e-07,0.01672056862544034,0.014786658202402691,5.262160257673298e-07,0.1635083080043454,0.10267174986780749
1978-11-27 18:00:00,,,7.856223450609918,,,,,,364.51415326518395,1.1736455445106213e-07,3.1569045444829224e-09,0.0,0.0,1.8168847574631976e-07,,7.601379202667778,0.14364010060327292,,,,,,7.170147797059731e-06,1.5203989821778247e-05,559.1782544378698,2.2224112022557907e-06,1.6774827912008973e-06,,271.72817613951554,3.0162066397582284e-06,,272.12352071005915,4.1948752643088616e-06,,,,7.170147797059731e-06,,0.0,,,,,,,1.53254034251151e-05,,,,,,,,,
1978-11-28 00:00:00,1.9735276261730308,0.7207099417962971,,0.6889531118629952,-0.01828729753663554,265.07336209088385,271.1382644924186,0.7978851005170472,,,,,,,0.10856718706661428,,,271.4598083496094,271.45994567871094,271.4596862792969,271.4599609375,0.17023418358797152,,,,,,0.029516050801474666,,,101609.67548076923,,,2.63905325443787,123.4399426702917,0.099697945385995,,267.786998319908,,74264.81090514053,0.2803422443612793,0.001488993153769589,0.02293721035387389,0.0004464916928985415,0.003791109344662999,,261.03005800867925,0.46273873014562933,0.0176141180935696,-2.0320888556341624e-08,0.012054060198664224,0.0058510120098407455,5.895139294064786e-07,0.1137075931922713,0.04067190264809061
1978-11-28 18:00:00,,,7.365957457638351,,,,,,699.389192256221,2.6632588048129393e-08,2.029432485309931e-09,0.0,0.0,1.1517229550600758e-07,,7.073370030645788,0.191062159792206,,,,,,5.1825180561584835e-06,1.8943784504952514e-05,620.6065088757397,3.4902663625909025e-06,1.5645557959404218e-06,,271.1477954571064,3.2753237253110083e-06,,271.59456205650196,6.250728516889041e-06,,,,5.179167499203654e-06,,0.0,,,,,,,1.8970412615488268e-05,,,,,,,,,
1978-11-29 00:00:00,1.5931989342503294,0.6001176495523848,,0.5540627417479747,-0.09715709460557566,264.5889745407556,269.95817295051893,0.7968282025946668,,,,,,,0.23093066695173817,,,271.4593963623047,271.4602813720703,271.46022033691406,271.4599609375,0.19273222974066198,,,,,,0.037717649922568416,,,101672.08025147929,,,2.591715976331361,123.41689810668223,0.09993107079048834,,267.38435815212995,,74333.99889053254,0.3927070572531435,0.0011973211751181699,0.032434824124559315,0.0017290961812939164,0.005171533167009523,,261.01603951538806,0.24814784667901033,-0.02464336862225504,-2.1115572198835537e-07,0.02787258756931144,0.00024508819336721885,8.907715532344562e-07,0.1886679329950715,-0.0167631090745418
1978-11-29 18:00:00,,,4.729489783563557,,,,,,2045.4483580278927,1.3980198894026716e-05,1.3736401789287137e-06,7.105208712922046e-06,1.307676088880505e-06,-2.1045992625174636e-08,,4.535359416487655,0.19312020025309726,,,,,,2.0925991633940026e-06,6.275901780325985e-06,588.4711538461538,6.644683476735854e-07,5.696112146744362e-07,,272.04328783023993,3.7280236475566434e-06,,272.50598189675594,6.629605970439121e-06,,,,9.197367013558833e-06,,0.0,,,,,,,2.0253146893879365e-05,,,,,,,,,
1978-11-30 00:00:00,0.46084918072943154,0.09881179854714658,,0.08322503369235427,-0.2711007101295968,265.3537811640452,272.038914426544,0.7940878652962002,,,,,,,0.8160902569676645,,,271.45973205566406,271.4602508544922,271.46006774902344,271.4599609375,0.19859982101169563,,,,,,0.4365835697693232,,,101910.02043269231,,,2.171597633136095,122.72089218952247,0.10011064089261569,,268.30433004706566,,74505.15701275888,0.9453004588036847,0.013025403217021265,0.025549329949553903,0.0007352292890379415,0.005837694427670812,,263.65526061650564,0.025526759187145347,-0.11816341919306467,-5.017765631059531e-07,0.5090194633726538,0.07362796031159057,-1.1954968274238978e-07,0.08123391055496487,-0.016491657883457883
1978-11-30 18:00:00,,,5.450166527336166,,,,,,1622.3876556396485,1.5261346066491843e-06,1.184151338457444e-09,1.5180447750542997e-06,5.103978355960733e-07,9.020437875152262e-08,,5.285128881240032,0.20488797701322115,,,,,,2.1410852494324454e-05,2.395374887793727e-05,818.7337278106509,7.812088057839658e-07,3.993004207780375e-06,,273.2374924879808,4.906824530934441e-06,,273.7578630616679,6.575445980715329e-06,,,,2.29284784497594e-05,,0.0,,,,,,,2.542473155365893e-05,,,,,,,,,
1978-12-01 00:00:00,0.48146037942559056,0.7690024968435073,,0.1694210915875858,0.162253334677431,269.62447388778776,273.9803156203772,0.7926606511223245,,,,,,,0.481187447993713,,,271.4598846435547,271.46006774902344,271.4598693847656,271.4599609375,0.21968818980561206,,,,,,0.4805117274177145,,,101970.50351331361,,,2.378698224852071,123.90547983745147,0.10043174980660162,,270.4048269599147,,74504.54800758135,0.7169181622079843,0.006915385906512921,0.03688736906937825,0.00037184692698822924,0.008951130703356139,,263.9772601607283,0.07186659835499419,0.09263221822546784,2.3830532279387723e-07,0.16224209937823594,0.05039746661742146,2.1538074464487605e-07,0.14884889034482723,0.002894654781860713
1978-12-01 18:00:00,,,5.966403024436454,,,,,,1137.1330070036004,4.747845012055346e-05,1.5001942420146874e-05,7.577725416104469e-06,7.713610339446886e-07,1.8519410962023986e-08,,5.743801748964208,0.43517253808015904,,,,,,0.0001907073534451998,0.000235512411806005,1773.4567307692307,1.0964587418990727e-05,4.191339544996002e-05,,274.17276632997414,5.282964226762219e-05,,274.40219639885356,0.00010559950354536609,,,,0.0001982838444455841,,1.965125074841567e-07,,,,,,,0.0002829963286247479,,,,,,,,,
1978-12-02 00:00:00,-1.0197430898451947,0.6114371542394514,,-0.45711107084737024,0.0628511045106064,271.5722569572855,274.8712035410503,0.8074161667795576,,,,,,,0.4993333082932692,,,271.45936584472656,271.46006243398205,271.4600067138672,271.4599609375,0.48132215872318784,,,,,,0.8498629440922709,,,102185.02394600592,,,2.7633136094674557,114.11794285520294,0.10216008982009436,,273.2031495585244,,74639.82359467456,0.9598625880726696,0.12786287716975622,0.04240964769647668,0.007083362376196145,0.25891490088852903,,265.5556491648657,-0.312620738554283,0.11680152712489021,-7.108445782159295e-06,2.258167186211905,1.2554074643102624,-7.399287248394016e-07,0.2885368392166796,0.25608342073328405
1978-12-02 18:00:00,,,5.358468755462466,,,,,,241.44349419892723,3.911687072212174e-06,5.476286954428318e-07,3.6791650324883546e-07,1.6852116664133128e-07,1.6462787275943772e-07,,5.107757551430245,0.2723758855514978,,,,,,2.4675353038945845e-05,2.5483807163125665e-05,1059.2995562130177,2.1154523865711055e-07,5.326481789526855e-06,,268.98942638148924,5.748585836421808e-06,,269.6057459362865,6.937680865180563e-06,,,,2.5043473441219894e-05,,2.2683422130769527e-08,,,,,,,2.9405722251305215e-05,,,,,,,,,
1978-12-03 00:00:00,0.6372058969982982,-0.4141507289818758,,0.10772380603135691,-0.6755433336517515,267.0555764824681,269.6231965736525,0.8201028101542998,,,,,,,0.0,,,271.4601135253906,271.4597473144531,271.46014404296875,271.4599609375,0.3312300266642895,,,,,,0.02706692486825074,,,102386.89534023669,,,2.757396449704142,122.15316844691891,0.10436182755690354,,266.09831454485834,,74676.80323132397,0.3318845293975088,0.00417291765382304,0.015543659023831036,2.490645329627765e-05,0.006821333303959412,,260.6970534465722,0.04997449690068262,-0.4153972941742846,2.5170087201600707e-07,0.015075942940910804,0.011273001061653245,3.0544021236779133e-07,0.03761739376381304,0.012448962270860842
1978-12-03 18:00:00,,,4.685290675191484,,,,,,393.4566276891908,5.105741806989591e-07,7.347391157813327e-08,1.702308875216535e-07,4.065443469575171e-08,1.25371213024551e-07,,4.636786596309504,0.08340129062268861,,,,,,5.060707676340137e-06,5.1982568565910385e-06,347.0369822485207,4.97627281446076e-08,9.813825406971767e-07,,267.724969265729,1.107833001035205e-06,,268.09136240581086,1.7037251468240862e-06,,,,5.229249508423213e-06,,9.898223071056004e-07,,,,,,,5.714903921770627e-06,,,,,,,,,
1978-12-04 00:00:00,1.0728065050565279,-0.9832343095858421,,0.36954815994352985,-0.5853107271815193,262.3793328640729,268.2272616053474,0.8138182060958365,,,,,,,0.0,,,271.4595031738281,271.460205078125,271.45982360839844,271.4599609375,0.12118737937430658,,,,,,0.028381889388406065,,,102549.68971893491,,,1.3609467455621302,125.63386833597217,0.10482728833982931,,262.9922172049799,,74771.4383552145,0.1320649096246302,0.0011032996093027691,0.0063765599177433895,1.935890087714562e-05,0.003021307950894508,,258.11635837893516,0.19989259532217443,-0.2780927624222795,5.240218402003627e-08,0.0038738815036751108,-0.0016769728011633517,4.157510165196772e-09,0.007854631512299091,-0.004902318384520401
1978-12-04 18:00:00,,,4.495253472638553,,,,,,398.54272942793995,0.0,0.0,0.0,0.0,-8.300715969936074e-09,,4.430057740070411,0.03240632728712093,,,,,,1.2906877180704703e-07,7.569227786459161e-07,100.19415680473372,1.677593006890201e-07,6.756256196714012e-08,,267.8627481855584,7.47958110017184e-08,,268.1633774796887,3.760283779815809e-07,,,,1.2906877180704703e-07,,4.274839502290861e-07,,,,,,,7.569227786459161e-07,,,,,,,,,
1978-12-05 00:00:00,0.26170454646003316,-1.161875854582476,,0.15856474814330332,-0.7174877471472385,257.74541712653706,267.1266496647039,0.8079739699702291,,,,,,,0.0,,,271.4602652004749,271.46022033691406,271.45973205566406,271.4599609375,0.04973110221546782,,,,,,0.0071412261421158465,,,102691.56656804733,,,0.33727810650887574,127.4714700371556,0.10470400477302146,,261.6710283629288,,74971.78231323964,0.05071488781088203,4.180613354112975e-05,0.005083840274246487,2.791172653965696e-05,0.0,,256.68167845596224,0.1526424130039102,-0.39810103354369397,-1.117554597974894e-08,0.0003618636862898367,3.0985989293755865e-05,-1.4806229858996744e-07,-0.006676924299206254,-0.0027322677465585563
1978-12-05 18:00:00,,,5.084030416590222,,,,,,4293.035688854399,0.0,0.0,0.0,0.0,3.245975289214127e-08,,5.015744621231711,0.039014376126802884,,,,,,3.3407615354427924e-07,3.360793236973723e-07,132.51220414201183,0.0,1.2849771676684272e-07,,269.5458298180936,1.3361448014276268e-07,,269.7986335528673,1.555019383423427e-07,,,,3.3407615354427924e-07,,5.1109426098286045e-08,,,,,,,3.360793236973723e-07,,,,,,,,,
1978-12-06 00:00:00,0.9515027548434466,0.0737998330381495,,0.33723006163828473,-0.24843470443635296,261.935270411023,269.52753073788256,0.8064550302437776,,,,,,,0.061112443370931954,,,271.46058654785156,271.46034240722656,271.4597625732422,271.4599609375,0.03092116858126849,,,,,,0.07437693578957101,,,102515.85077662722,,,0.7988165680473372,127.18243065106093,0.10460557316887308,,263.8802957026916,,74871.39547892012,0.11532294820751664,0.0004778656028431548,0.0005424262503900472,0.0,0.00011590352425208458,,259.02208271816636,0.2015234270744775,-0.192616259557961,6.384334987827722e-08,0.01108073036340699,0.005206993818227973,5.6933548305806714e-08,-0.00019162306396742544,0.0005763410108395406
1978-12-06 18:00:00,,,4.896876560865775,,,,,,1806.0482635498047,0.0,0.0,0.0,0.0,-1.1577867553569376e-08,,4.681683495199892,0.027932071121486688,,,,,,1.9637508229655628e-08,2.0224578987211872e-06,84.4171597633136,2.6540489062755065e-07,2.0808722140520988e-08,,268.88166276378746,1.0587870192950999e-07,,269.3175037993482,3.476864134771584e-07,,,,1.9637508229655628e-08,,0.0,,,,,,,2.0224578987211872e-06,,,,,,,,,
1978-12-07 00:00:00,0.8153774498482428,-0.5548839117648333,,0.26110667166625257,-0.37552883215909877,259.5960273516954,267.2361689460348,0.8047659936741259,,,,,,,0.018856048583984375,,,271.46043395996094,271.4602966308594,271.4602355957031,271.4599609375,0.04213276699449889,,,,,,0.011414702827408469,,,102251.97355769231,,,0.2781065088757396,127.2395451111201,0.1045288588168353,,263.0437722290761,,74713.87883690829,0.06229739217363166,0.00015229709755034136,0.004055790647247134,3.6574327028714695e-05,8.684802337511051e-05,,257.5672133406238,0.14682879885272868,-0.19729295990170811,-3.242339900314285e-08,0.0023365893095357,-0.001251664982568583,7.456770542521338e-08,0.004174910750262131,-0.0012050271695534858
1978-12-07 18:00:00,,,5.7628371391070665,,,,,,371.36903977668146,5.747472657959842e-07,2.95398712775411e-08,0.0,0.0,1.9931577499313974e-07,,5.5280162878995815,0.1019018049070821,,,,,,1.1404502321277145e-05,2.0126971972764596e-05,352.42418639053255,1.5766795217638185e-06,2.6782192069397878e-06,,270.1457650449854,3.832177473948552e-06,,270.7025810106266,4.732375137904692e-06,,,,1.1404502321277145e-05,,0.0,,,,,,,2.070176883562077e-05,,,,,,,,,
1978-12-08 00:00:00,1.6410622229942908,0.15520114447238179,,0.5231694780157868,-0.21041097584560778,262.91701773920005,269.23973083496094,0.8012159018826908,,,,,,,0.0,,,271.4593963623047,271.4598083496094,271.4597930908203,271.4599609375,0.1719837978746764,,,,,,0.03738096338757396,,,101935.46320266272,,,2.4792899408284024,128.31575165697808,0.1045366010722324,,265.3501698872041,,74460.18396357249,0.1758121287328957,0.0016935591161603759,0.024025505111062315,0.00047189949532232343,0.004538293420915773,,259.32553624260356,0.28608551110036273,-0.1294788496028742,4.0294517303346665e-08,0.0076330171322130415,0.00370758865304159,6.486909717497741e-07,0.10287732916564499,0.018272625976765648
1978-12-08 18:00:00,,,5.222981537587544,,,,,,1422.8980171287453,0.0,0.0,0.0,0.0,2.3922369179602427e-08,,5.0471967493994,0.08687334229960245,,,,,,2.1161519978801617e-09,3.161239465312845e-06,303.0661982248521,4.995167916695747e-07,0.0,,269.63602397850985,1.5589182634325423e-07,,270.0428210376988,1.6842775884464648e-06,,,,1.4107715863370773e-09,,0.0,,,,,,,3.161239465312845e-06,,,,,,,,,
1978-12-09 00:00:00,0.2036895751953125,-1.3102467723146698,,0.05370079695120366,-0.7698479432326096,260.3344516189846,269.5833752874792,0.7973539783404424,,,,,,,0.027352304853631194,,,271.46034240722656,271.45965576171875,271.4598693847656,271.4599609375,0.14057516064164202,,,,,,0.037797916570358726,,,102326.35392011834,,,0.47928994082840237,127.78117325461122,0.10463583116700663,,263.10021620530347,,74703.50067030326,0.17333352354151257,0.00038512500785511624,0.02754247541258321,0.0004573940525393514,0.00016336363448193794,,257.7800097042287,0.030689645095689763,-0.32536289395665274,1.479460971877523e-08,0.005216919931379208,-0.0015795052095630465,-8.85289818783478e-08,-0.005681467479502661,-0.028864533943537423
1978-12-09 18:00:00,,,5.059189175712992,,,,,,1090.5140736897786,0.0,0.0,0.0,0.0,1.2627237697012073e-07,,4.9578441473153925,0.04779143023067677,,,,,,1.2304038691097463e-06,1.2172661589447562e-06,219.33394970414201,0.0,1.9228642464742152e-07,,269.54979674209505,1.4426131572949111e-07,,269.8364071817793,1.9086050916705612e-07,,,,1.2254551846600142e-06,,0.0,,,,,,,1.2134857608016427e-06,,,,,,,,,
1978-12-10 00:00:00,1.2433381468586668,-0.2765848735380455,,0.40014200944166917,-0.37291533001781213,261.3158939519578,267.4917199851493,0.793458716051113,,,,,,,0.0,,,271.4601745605469,271.45977783203125,271.4600372314453,271.4599609375,0.04514497835960614,,,,,,0.0035343508748613165,,,102279.63775887575,,,2.1893491124260356,127.99888312887158,0.10456896956855728,,264.21190385987774,,74691.12382119083,0.04705277843588203,0.00038569636598846614,0.006796740921291374,0.0,0.00044437837318555846,,258.3130304460695,0.2129870169966884,-0.2496228133432964,1.174598953276101e-09,0.0008493172839702763,0.0004482762447211164,4.048591447627646e-09,0.014760890303278816,0.005473637060653528
1978-12-10 18:00:00,,,6.137899167438936,,,,,,392.6428680419922,2.54009966049674e-07,8.481538154669767e-07,0.0,0.0,3.543390819944783e-08,,5.986489662757287,0.008489868344639885,,,,,,0.0,3.313083620466424e-07,33.60036057692308,4.218402180886833e-08,0.0,,270.12894606731345,5.3644386952269007e-08,,270.50661734857505,2.7456243671256407e-07,,,,0.0,,0.0,,,,,,,5.814855775007835e-07,,,,,,,,,
1978-12-11 00:00:00,0.5862988409911387,-1.6743052330242811,,0.2136448628803682,-0.8525927165556236,261.02373283431376,269.0802977973893,0.7898545300466775,,,,,,,0.0,,,271.46043395996094,271.4599151611328,271.45989990234375,271.4599609375,0.026312833707008137,,,,,,0.011016642553566476,,,102496.51331360947,,,0.07692307692307693,128.16227532561714,0.10453022443331204,,263.0610029231867,,74812.4982664571,0.032439327804294565,7.254343766432542e-05,0.0034393107397316476,1.5890809911242603e-05,7.4552096558745795e-06,,257.8041709583892,0.09741184133044362,-0.363154084019407,-3.113091655334557e-08,-0.00034415815714416065,-0.0005815602265871488,-4.807577692158245e-08,0.0009044872806269742,-0.009771420052771032
1978-12-11 18:00:00,,,5.150430306880431,,,,,,1745.4781560483186,4.3642106493549234e-07,7.453335989156418e-09,2.7572383453860085e-07,9.316669986445523e-10,7.79320716309587e-09,,5.117217487132056,0.02040316790518676,,,,,,3.105705912561106e-08,3.025317344175288e-08,51.14903846153846,0.0,3.221010466894278e-09,,269.6554731560882,5.251226516870352e-08,,269.9402594030256,1.9587532303037024e-07,,,,3.0659800450477374e-07,,0.0,,,,,,,4.659919343756501e-07,,,,,,,,,
1978-12-12 00:00:00,1.2688670863766642,-0.9832951020912306,,0.3517915229120198,-0.5516125097782654,260.820666521964,267.6380550226516,0.7860709397045113,,,,,,,9.014902735602926e-05,,,271.45960998535156,271.46009826660156,271.46006774902344,271.4599609375,0.018718832343287722,,,,,,0.0061153660159139235,,,102298.93139792899,,,1.1242603550295858,128.36364366881241,0.10446484695524859,,264.0518193893884,,74745.97822670119,0.023316061708348743,0.00013910101715629622,0.001089643444535295,0.0,4.744600262162248e-05,,258.26182059564536,0.18424504677924883,-0.31239382049741127,3.2880919909247814e-08,0.0010562761149957457,-0.0007581052166470409,5.3370998024730564e-08,0.0016178034022781094,-0.001444600963380915
1978-12-12 18:00:00,,,5.949601562770866,,,,,,,0.0,0.0,0.0,0.0,-2.167274210720527e-08,,5.854542895887025,0.0,,,,,,0.0,0.0,0.0,0.0,0.0,,269.91519029606025,0.0,,270.2705457337509,0.0,,,,0.0,,0.0,,,,,,,0.0,,,,,,,,,
1978-12-13 00:00:00,0.0506883711504513,-1.3164454014343623,,0.027306528486443694,-0.7990976988211186,258.2055647810535,267.39978343354176,0.7823350055683294,,,,,,,0.0,,,271.4603271484375,271.46009826660156,271.4598388671875,271.4599609375,0.009181953746186206,,,,,,0.0,,,102623.4513683432,,,0.0,128.59471338035087,0.10438027466542622,,262.96324419552053,,74925.55831638313,0.009181953746186206,0.0,2.0273073890505457e-05,0.0,0.0,,257.3176219872469,-0.000375907449327277,-0.36723605838753065,1.051473080859273e-09,-0.00020694732666015625,0.000244140625,-6.031288114829197e-08,-0.00033454505655054864,0.0006561506313641043
1978-12-13 18:00:00,,,4.369299307377381,,,,,,3922.9593912760415,0.0,0.0,0.0,0.0,-3.789025965042015e-08,,4.248961512153671,0.0,,,,,,0.0,0.0,0.0,0.0,0.0,,269.88161554280117,0.0,,270.1537592058351,0.0,,,,0.0,,0.0,,,,,,,0.0,,,,,,,,,
1978-12-14 00:00:00,0.05378677435880582,-0.5594197786771334,,0.04978513999803532,-0.44836996857231187,260.84072975294123,268.68730949085847,0.7812357968127234,,,,,,,0.0,,,271.4595031738281,271.46026611328125,271.4598846435547,271.4599609375,0.010056174013036243,,,,,,0.0005613981619389099,,,102529.10318047338,,,0.0,128.23670210076506,0.1042946048036835,,263.95349680883646,,74925.41688239644,0.01061758910410503,3.1165910895759537e-06,3.177650581450152e-05,0.0,0.0,,258.67162508089865,0.03389477271300096,-0.2485877776287011,6.276883805884819e-08,0.000270843505859375,0.00018565812748829288,-1.7602215726023692e-07,0.00010784727184738435,-0.00039558021280054864
1978-12-14 18:00:00,,,4.428176817809336,,,,,,,0.0,0.0,0.0,0.0,7.15415528527676e-08,,4.3691791556996,0.0,,,,,,0.0,0.0,1.082591762204142,0.0,0.0,,269.53139536479523,0.0,,269.84657748069986,0.0,,,,0.0,,0.0,,,,,,,0.0,,,,,,,,,
1978-12-15 00:00:00,0.7588321753507535,-0.6554691664565949,,0.18788307235085752,-0.5407839216424163,261.68540214222566,268.3730182534844,0.7775784656846312,,,,,,,0.0,,,271.45989990234375,271.4599151611328,271.45985412597656,271.4599609375,0.01851577307345599,,,,,,0.0,,,102281.12148668639,,,0.0,128.41234466733312,0.10420007536397177,,264.2383845402644,,74721.79222910503,0.01851577307345599,1.0254633056341545e-06,5.9994896488076837e-05,0.0,0.0,,258.85184266581336,0.061213261982392984,-0.29801159920777087,-2.1173395544421252e-08,-0.00036234004263209523,-0.00039196014404296875,1.6615645485400076e-08,0.000707617332640837,0.0002469151851186562
1978-12-15 18:00:00,,,4.37926180122872,,,,,,3368.656222299429,0.0,0.0,0.0,0.0,8.663610275731471e-08,,4.293908311065132,0.00702558889896912,,,,,,1.6373487812130762e-09,1.768410734876373e-07,45.61815828402367,9.496665984039476e-08,2.0466859765163452e-10,,269.7787961339104,2.2549548815968916e-10,,270.05855375210916,8.263007996703041e-08,,,,1.6373487812130762e-09,,0.0,,,,,,,1.768410734876373e-07,,,,,,,,,
1978-12-16 00:00:00,0.793174168061928,-0.39627055444660975,,0.2533250334700184,-0.3816518332125873,261.8050736647386,268.84589309240937,0.7765527081912791,,,,,,,0.013817962104752219,,,271.46022033691406,271.46014404296875,271.4600372314453,271.4599609375,0.04896130082169933,,,,,,0.16920534393491124,,,101833.00665680473,,,0.14201183431952663,128.16035687147513,0.10412756790070844,,264.3387857470992,,74395.20955066568,0.1990031406018861,0.000532178836461355,0.011789107463768954,0.0001339122388489853,9.666674235868737e-05,,259.12580176359097,0.0718307470428873,-0.18086699303790663,3.19072318336499e-08,0.006719199863411266,0.002635528446456208,1.4388501095122618e-07,0.04649958524433827,-0.02028998221166035
1978-12-16 18:00:00,,,4.564860123854417,,,,,,763.1366302490235,1.6420153823829968e-06,4.960825396756801e-09,1.589288196620151e-06,0.0,4.7624263927594004e-08,,4.39444597797281,0.05002742970483543,,,,,,7.3343250878463836e-06,1.0833540964408739e-05,168.2718195266272,1.2800560371410212e-06,1.7292511004668015e-06,,268.6390984890729,1.933381578626012e-06,,269.00763399925455,5.061148539097352e-06,,,,8.923635327604395e-06,,0.0,,,,,,,1.2479546154744526e-05,,,,,,,,,
1978-12-17 00:00:00,0.7316275940844293,0.16561117680115106,,0.23571641346406655,-0.29079414683686206,262.11687844180494,267.84921517456775,0.7737536987609411,,,,,,,0.0004190749670626849,,,271.4596252441406,271.4600830078125,271.45985412597656,271.4599609375,0.09746619230191383,,,,,,0.032465285803439346,,,101719.10928254438,,,1.4911242603550297,128.9447734765047,0.10411522938654973,,263.8551239374827,,74233.17060373521,0.10018189560026812,0.0014543871907792853,0.01671609370666143,0.00036694171160635866,0.005911155565250555,,258.2019387871556,0.060970719396715334,-0.1587186000756258,7.354371126027525e-08,0.007437401036483914,0.0034668318473164974,3.658587418871342e-07,0.06251888162285618,0.020482219182527982
1978-12-17 18:00:00,,,5.160992723950268,,,,,,626.1670278629787,1.072170476004834e-08,0.0,0.0,0.0,1.1254845710764722e-07,,5.120013547366892,0.05365297215930104,,,,,,1.59345710506806e-07,1.9054088366807564e-06,212.5218195266272,2.520357275150231e-07,6.371758431857507e-09,,268.02073732635677,3.95147355835466e-08,,268.37881460697696,1.0367108167275876e-06,,,,1.59345710506806e-07,,0.0,,,,,,,1.887333463634965e-06,,,,,,,,,
1978-12-18 00:00:00,0.7932760249933547,-1.0402824864585019,,0.32253732624843984,-0.5225467681884766,261.900511070116,266.8066819772213,0.7726208549984813,,,,,,,0.0,,,271.460205078125,271.4601745605469,271.46014404296875,271.4599609375,0.10977001303046413,,,,,,0.027707884297568416,,,101835.22522189349,,,0.4970414201183432,139.8380103478065,0.10470200431417431,,263.2960868700016,,74255.84522928995,0.11701369426659579,0.00036178820231962485,0.01964311769022744,0.00010308711486455252,0.00040320390780296554,,257.97393031374236,0.0887321191426565,-0.24617340719911474,-6.983699698747513e-09,0.0015156365498437507,-0.0016133052754331622,-3.7723945897381155e-08,0.018797429598118427,-0.013545888768145319
1978-12-18 18:00:00,,,4.349932506945006,,,,,,936.8288421630859,0.0,0.0,0.0,0.0,5.7823579686421065e-08,,4.345407883443776,0.018581819252149592,,,,,,4.569652694216847e-07,1.388436635217723e-06,83.20691568047337,6.109145442409628e-07,2.4751137346911006e-07,,268.91886044112886,7.72828969156601e-08,,269.2116612541605,7.620891390820227e-07,,,,4.569652694216847e-07,,2.128766441838981e-06,,,,,,,1.388436635217723e-06,,,,,,,,,
1978-12-19 00:00:00,0.35411958863749304,-0.18439433983797152,,0.07851710122012527,-0.3395604522975944,259.885876446786,267.6331518951958,0.7683434849660072,,,,,,,0.0,,,271.45973205566406,271.4597473144531,271.45989990234375,271.4599609375,0.07137646195451183,,,,,,0.04583469368296968,,,101930.40948594674,,,0.8875739644970414,138.90483264810234,0.10456431123631946,,263.05611252643655,,74477.32241586539,0.08112998826969305,0.0003425031018680369,0.024687908104890903,0.00029208533157258344,0.0022978698008159206,,258.30587317111224,0.01648597392810167,-0.1455214527937082,1.2441246434121418e-08,0.0016264884922785696,-0.00036386118309032284,-3.1859394901338414e-08,0.04432865611371204,-0.026994270333171595
1978-12-19 18:00:00,,,5.711647321486614,,,,,,822.8653847830636,5.156606347603205e-07,0.0,4.977175205416933e-07,0.0,9.727606600833804e-08,,5.571010703871236,0.043683836446005916,,,,,,4.771369448780308e-06,1.5346256233531343e-05,182.13646449704143,1.970965128678542e-06,1.147742102132041e-06,,269.87956535745656,2.706346250850068e-06,,270.1500399437176,4.0209769497256305e-06,,,,5.269059415399676e-06,,4.88551019431924e-07,,,,,,,1.5865460302702775e-05,,,,,,,,,
1978-12-20 00:00:00,0.6758705116587983,-0.16817806176179964,,0.22084592221051277,-0.37793192778818707,262.37256410136024,269.38323026578104,0.7653978163674033,,,,,,,4.8494903293587044e-05,,,271.4600067138672,271.4598083496094,271.4602966308594,271.4599609375,0.13614668084319526,,,,,,0.030281653771033652,,,102038.52496301776,,,1.6331360946745561,133.53417806230354,0.10459624521831083,,264.6907065126318,,74563.35190920858,0.14153068587624815,0.0012577553472575352,0.01281860909860763,0.0006236719661915796,0.005866552951067862,,259.9814885607838,0.05003926493007051,-0.2108478659003444,5.114341644465526e-08,0.007583855157328863,0.0019015225419256637,6.58150007255987e-07,0.049410210558648644,0.006740693884664739
1978-12-20 18:00:00,,,5.457104479772805,,,,,,441.54934569610947,1.968837965874982e-06,8.875338812551555e-07,1.053320321105641e-06,0.0,7.328797641868797e-08,,5.333798152455212,0.09644231852695082,,,,,,2.6950822074032395e-06,1.0304285224372819e-05,381.4260355029586,1.7590424012855666e-06,5.203227584178632e-07,,270.7671181041108,1.8087496771614932e-06,,271.14102859045624,4.910241217302853e-06,,,,3.7483474206642287e-06,,6.826449813839247e-08,,,,,,,1.2276264337392953e-05,,,,,,,,,
1978-12-21 00:00:00,0.347629129533937,-0.10040209843562199,,0.02297735496385563,-0.4626138788708568,264.4152338152101,271.3043267063841,0.7656529270685636,,,,,,,0.00014278874594784348,,,271.45970153808594,271.4603729248047,271.4599609375,271.4599609375,0.15008454633182322,,,,,,0.021708471535225593,,,102004.70118343196,,,1.668639053254438,129.61006101348696,0.10476571145142324,,265.5849659033781,,74595.89117973374,0.15241273056120563,0.00043161804154074403,0.020095373751849114,0.0007398650491026027,0.0027844581378282177,,260.9166787954477,-0.016003186533436974,-0.22540936103233924,-7.715796517155177e-09,0.0029237058595581993,0.0006601071335132835,1.3256407296009495e-07,0.048352610534773424,-0.006799156143820498
1978-12-21 18:00:00,,,5.452405015392416,,,,,,635.9874382369015,2.1322327252675795e-06,6.572092668368266e-08,1.575290804078593e-06,6.026180582286339e-08,8.302396651565444e-08,,5.321080822916426,0.10733140572993713,,,,,,3.678294328542856e-06,1.0942742669370752e-05,444.6139053254438,8.573017176791761e-07,7.854521098221547e-07,,270.86217241456524,1.6056221617749457e-06,,271.21694693480725,4.742030032287688e-06,,,,5.253408787518563e-06,,0.0,,,,,,,1.3070214076860417e-05,,,,,,,,,
1978-12-22 00:00:00,0.5731800858085677,0.13789082137790656,,0.21008809219450642,-0.3785805278981226,262.97518324993064,268.4520716018225,0.7673344185366433,,,,,,,0.0,,,271.4602813720703,271.4597930908203,271.4600372314453,271.4599609375,0.15424513957909577,,,,,,0.0360099295892659,,,101965.47448224852,,,2.2485207100591715,127.64514792177098,0.10494266882450623,,265.9415579350037,,74553.28388498521,0.1599301671135355,0.0008994644210183408,0.022805505966476285,0.0003524955207779563,0.003218295306143676,,260.6626146305242,0.05473957470888217,-0.19042921348436345,7.883085151645218e-08,0.006022029847027899,0.0018765799247090753,4.396839659749227e-07,0.06300728192371069,0.004260037072311491
1978-12-22 18:00:00,,,5.8569080025486695,,,,,,591.9476677548569,3.569048537305121e-06,5.083698669128869e-08,2.8233732697526378e-06,6.111790618952915e-07,1.6599949302059494e-07,,5.723236631359574,0.15745092990130363,,,,,,1.2994209337516649e-05,1.919697198642076e-05,649.248150887574,9.890976389484292e-07,2.7490658520241462e-06,,270.91264659272144,3.8081724968182266e-06,,271.2163354094917,5.709856043200521e-06,,,,1.581771486609645e-05,,0.0,,,,,,,2.2770914100330962e-05,,,,,,,,,
1978-12-23 00:00:00,0.873752582708054,0.3654917993489102,,0.285582068403797,-0.2343518635225014,265.31922190288117,270.0937055779632,0.7657431681480633,,,,,,,0.0,,,271.45947265625,271.45982360839844,271.46002197265625,271.4599609375,0.2532444338826738,,,,,,0.0642963386851655,,,101961.90939349112,,,2.4142011834319526,127.45639977088341,0.10522749297012239,,267.0769526916143,,74496.95562130178,0.27014051809818784,0.0034278017529369106,0.032510159283700074,0.00025688543827576046,0.004273589546158469,,261.3482399663982,0.10121257312199068,-0.15206144547321387,4.498158445851822e-08,0.03719144718881322,0.018931935997349183,1.1604902687201486e-07,0.09203688046459615,0.050969728704034926
1978-12-23 18:00:00,,,4.693741764542619,,,,,,511.79987152529435,3.939505512192404e-06,6.992303760799431e-07,1.5594968958013863e-06,7.713996094359449e-07,-2.0788680967329258e-10,,4.599340066401916,0.12030905097193972,,,,,,1.333124891540708e-05,2.4320899382145447e-05,437.5477071005917,1.7615773621395496e-06,3.6634592967625904e-06,,268.9149389323398,4.007662894457755e-06,,269.2423598611143,8.153624435853676e-06,,,,1.4891021350431724e-05,,0.0,,,,,,,2.8257274768761628e-05,,,,,,,,,
1978-12-24 00:00:00,0.9214517661100309,-0.6687208209517439,,0.27962999513163367,-0.4281778279140856,262.3752761931109,267.7036172539525,0.7648228579724329,,,,,,,0.0,,,271.4602508544922,271.45945739746094,271.4601593017578,271.4599609375,0.1421095266850037,,,,,,0.05462339502819896,,,102136.45303254438,,,1.698224852071006,127.71148483005501,0.10552766055045043,,264.8943984353331,,74538.71301775148,0.15368787776789017,0.001387550986024755,0.026453503490199703,0.000769538992255397,0.006421963844073595,,259.51233668581267,0.13467847771898528,-0.2075777561706904,2.4032226990813324e-07,0.021545613305808526,-0.0019114867690399554,4.989599279756934e-07,0.07536090983177078,-0.014932134800408718
1978-12-24 18:00:00,,,5.58008770688751,,,,,,435.2973240647361,1.8392353368228709e-06,4.321061206992561e-07,5.581708261247217e-07,1.0294007611345258e-07,2.515286707647211e-08,,5.522172577987761,0.21034267809264054,,,,,,2.4668299234830418e-05,3.966354054106763e-05,679.5654585798817,1.8375710799143865e-06,5.965754830625636e-06,,269.8024445482965,7.0363459502451516e-06,,270.0705336170084,1.198344329405113e-05,,,,2.522704869332398e-05,,0.0,,,,,,,4.149744143852821e-05,,,,,,,,,
1978-12-25 00:00:00,1.3245469268257095,-0.26431654755180406,,0.4287475721370539,-0.2971606395653719,261.9793973843727,269.00569125745426,0.7632805465241156,,,,,,,0.0,,,271.460693359375,271.4600830078125,271.4597473144531,271.4599609375,0.22451168263452292,,,,,,0.04701661781446468,,,101777.81434911242,,,2.1183431952662723,128.00905324721478,0.10587831361759344,,264.92576824842826,,74336.35445173817,0.23256751066128883,0.001577109274779551,0.0434991960694804,0.000887645066842525,0.004945585713584042,,259.50720223872617,0.23163719854411288,-0.16773593496288774,-4.346933156098983e-08,0.022520595520856026,0.0031468577671950387,7.206022315079996e-08,0.16276866280110058,-0.005649051017309787
1978-12-25 18:00:00,,,6.126780058505267,,,,,,492.8236846923828,1.1483923746989324e-06,1.98969628507569e-07,3.632406026301299e-07,1.6685277664449793e-08,3.217167986319924e-08,,6.011127359062963,0.21883487137111687,,,,,,2.8449402758355677e-05,4.200981213496281e-05,708.3457840236687,2.1821053246774617e-06,6.4404317613184095e-06,,269.57247825487127,8.358581531682664e-06,,269.97283529247755,1.1874462020467725e-05,,,,2.8812673670300365e-05,,0.0,,,,,,,4.315940586067516e-05,,,,,,,,,
1978-12-26 00:00:00,1.173360344926281,0.6144471591746313,,0.30386767867048814,-0.03128491915189303,262.60607639290174,268.9164054012863,0.7658771262366391,,,,,,,0.0,,,271.46014404296875,271.4602355957031,271.4598083496094,271.4599609375,0.2293925990719767,,,,,,0.032152480627658096,,,101654.14811390532,,,2.6449704142011834,127.0714839054988,0.10639766828548274,,265.10343219824796,,74194.78587278107,0.2329863599066198,0.0023240111988677074,0.032165638485116554,0.0008325576782226562,0.00650751238038554,,259.5519313473673,0.15384540049987433,-0.020768735535751433,4.2156552916224605e-07,0.024731822034961284,0.009962815504807692,4.467704903731156e-07,0.12157309265487301,0.017822650762704704
1978-12-26 18:00:00,,,4.532596497846073,,,,,,645.9786680488177,5.697666187963542e-06,8.316545267782268e-07,8.507163302432856e-07,1.5815400336621076e-07,-4.5274081183583666e-08,,4.3920844828588725,0.14466650246163093,,,,,,3.0041270002105532e-05,3.725008146297297e-05,448.1919378698225,1.5482879601992095e-06,7.3746199438557825e-06,,268.1020878899027,8.372468708534918e-06,,268.51585135375257,1.0812115034408119e-05,,,,3.089284050394092e-05,,0.0,,,,,,,4.294303041943432e-05,,,,,,,,,
1978-12-27 00:00:00,0.31758297688862275,-1.32489656414506,,0.20247745513916016,-0.7795448303222656,260.60610420181905,267.45614317041884,0.7689514438781513,,,,,,,0.0004004952470226401,,,271.4598083496094,271.4609335687386,271.4598846435547,271.4599609375,0.18924979486409024,,,,,,0.07913081603642752,,,102001.70247781066,,,1.0828402366863905,124.94923446023253,0.10707670697093716,,263.6136128803682,,74356.02843010356,0.20736242892474113,0.003953143689759384,0.03053513927572578,0.0006300824633716832,0.012499521469928809,,259.5688942452154,0.0444415624325092,-0.32005168418207114,2.732357207341974e-07,0.029963623122611777,0.003016417372156177,8.541615177001033e-07,0.11183374167899408,-0.013293878213893733
1978-12-27 18:00:00,,,4.399545455120019,,,,,,1082.1540248030324,4.977836499552755e-07,6.494183952991779e-08,0.0,0.0,-2.4692275280342298e-08,,4.330288960383489,0.01214419031989645,,,,,,8.186743906065381e-10,2.2245108111370243e-07,53.30565828402367,1.8530873824241598e-08,2.0466859765163452e-10,,266.8215862928763,1.8773864976753144e-08,,267.0906782883864,2.5666478646577465e-07,,,,8.186743906065381e-10,,0.0,,,,,,,7.195596599719933e-07,,,,,,,,,
1978-12-28 00:00:00,0.6946409270608214,-1.0015010043714174,,0.22958502120520236,-0.52611202601145,257.38409803040634,267.1429000944781,0.7678687018755626,,,,,,,0.00023993091470391088,,,271.46002197265625,271.4603729248047,271.4597930908203,271.4599609375,0.042391714965098005,,,,,,0.02220733913444203,,,102133.85281065089,,,0.07100591715976332,125.14792159041004,0.10713277624908989,,261.71406744782036,,74498.3468010355,0.04736553846731694,0.0002233206167728943,0.012411083695451183,3.244749893098188e-05,9.981485513540414e-05,,258.07715096558337,0.13427629555470844,-0.2648452329917772,7.737175696975477e-09,-7.03830902944126e-05,-4.756922376226391e-05,9.4965454356293e-09,-0.006963288290260812,-0.00801930096022476
1978-12-28 18:00:00,,,5.940590102291671,,,,,,1726.4398488052018,3.2868082001364444e-06,0.0,3.2869404589636087e-06,6.683479399370724e-07,1.1810147757844751e-07,,5.85571522120188,0.09442355364737426,,,,,,1.1830287572194839e-05,1.4248816571997467e-05,385.1993343195266,2.6395279892097566e-07,2.527190647887055e-06,,269.4657198211851,3.4948733784037933e-06,,269.68887925006936,4.4965796922085555e-06,,,,1.5117095772331283e-05,,0.0,,,,,,,1.7552157125529453e-05,,,,,,,,,
1978-12-29 00:00:00,1.515823536370633,0.6538043050370979,,0.5046384821276693,-0.0018381987803081084,262.0519104003906,267.6960848294772,0.765647052307806,,,,,,,0.14357310639330623,,,271.4600524902344,271.46051025390625,271.45982360839844,271.4599609375,0.15253678722494451,,,,,,0.28420234996186206,,,101902.81564349112,,,2.497041420118343,126.94918823242188,0.10721427590183957,,265.7869441466924,,74395.8029308432,0.47419522076668824,0.004361367084570891,0.02531401504426313,0.00015769131790251421,0.004957007233207748,,259.94584854396845,0.32643428180344713,-0.008964671538426327,3.1800972513569323e-07,0.08933310672319109,0.01257689887955344,-3.106102000194541e-09,0.0937547577399011,0.01791201752318433
1978-12-29 18:00:00,,,5.0067631930289185,,,,,,235.58622325550425,0.0,0.0,0.0,0.0,8.862740642628109e-08,,4.9521458134848695,0.030522363425711907,,,,,,0.0,1.8669160071914718e-06,119.09301035502959,2.0964401801662332e-07,0.0,,267.43660000231137,7.077293834213675e-08,,267.7704656476805,7.036582913977155e-07,,,,0.0,,0.0,,,,,,,1.8669160071914718e-06,,,,,,,,,
1978-12-30 00:00:00,0.5245621980294674,-0.8187465046989847,,0.22341074746035966,-0.47641162759453587,261.7795978975014,267.2839058418951,0.7658564956230525,,,,,,,0.0,,,271.4598846435547,271.46022033691406,271.4595947265625,271.4599609375,0.06153490416397005,,,,,,0.00701139100204558,,,102097.75610207101,,,0.23076923076923078,126.0424066125994,0.10756901453232624,,262.4155398035896,,74513.74507673817,0.06334799140162722,8.090437781175918e-07,0.008310126129692123,7.295467444425504e-05,0.0,,258.7502566907533,0.07190539992067235,-0.26494731564493573,7.641926476236011e-08,-0.000396728515625,0.0002288818359375,-2.1106817908709064e-07,0.0018713491026466414,-0.005083128898101446
1978-12-30 18:00:00,,,5.693322525927301,,,,,,766.9179997937433,3.993489156813311e-06,1.0149983259347769e-06,2.7120774666938556e-07,2.354585989957025e-08,1.704527591577729e-07,,5.530865714394834,0.12870291986409024,,,,,,1.4174707542509723e-05,1.4969671266318779e-05,541.9034763313609,1.174265507762954e-07,2.926469025527232e-06,,269.41515580577965,3.0995627655785467e-06,,269.7369285448063,5.214282217815783e-06,,,,1.4445573620542267e-05,,0.0,,,,,,,1.8958421148492033e-05,,,,,,,,,
1978-12-31 00:00:00,1.0283503617055318,0.37793753697321963,,0.3937140530383093,-0.09691421802227314,262.63769738913993,267.9173527102499,0.7634769932052793,,,,,,,0.0,,,271.4600830078125,271.4601593017578,271.4598083496094,271.4599609375,0.18956427038068602,,,,,,0.07677816357132951,,,101914.80917159763,,,2.5798816568047336,126.37367510372366,0.10763215454372428,,265.1706718128814,,74377.21243990384,0.2274751381055843,0.00438562652768468,0.017422873592941014,0.00015281643387833995,0.004454505514111039,,259.75813970622227,0.15529599979784361,-0.08101371900569758,3.6300495201473804e-08,0.023816080487487325,0.014893029553911473,1.320517206903459e-07,0.03126164058432777,0.021093210877751456
1978-12-31 18:00:00,,,4.708484463437775,,,,,,669.1582970252404,3.174377175477835e-07,1.668665536056609e-08,1.0347875529492395e-07,2.694015870609227e-08,6.886769897284154e-08,,4.585208509095322,0.11649787496532914,,,,,,2.7708576981132553e-05,3.55938482566698e-05,485.21227810650885,1.313969404739741e-06,6.10586101486838e-06,,266.985585410214,7.398911481778297e-06,,267.3156859268098,8.716562090540778e-06,,,,2.7811033485909187e-05,,0.0,,,,,,,3.590774253980648e-05,,,,,,,,,
1979-01-01 00:00:00,0.8782789805937096,-0.6031845476500381,,0.32359051563330654,-0.441207219863079,261.64529148079237,266.7878928099864,0.7633916527561887,,,,,,,0.0,,,271.4607238769531,271.46038818359375,271.4600067138672,271.4599609375,0.14145637828217456,,,,,,0.06869732557669193,,,102025.58357988166,,,2.059171597633136,126.9531175963272,0.10678767029350326,,263.79404345630894,,74382.35022189349,0.16943187826483913,0.0031719772068001108,0.016856357190735947,0.000814183929262782,0.019655216375046226,,258.4187703330136,0.1337839721222601,-0.17748982102207883,1.1279677068773305e-07,0.018950332536760955,-0.004758326964970877,3.763824082120906e-07,0.05217703930019627,-0.00439997784484773
1979-01-01 18:00:00,,,4.6492388008614265,,,,,,480.1257908033288,4.289801282113826e-09,0.0,3.78164668021911e-09,8.469602139942216e-11,1.2455026422448686e-07,,4.602326291552662,0.1433912649662537,,,,,,1.62812379690317e-05,3.2498462665715865e-05,589.3343195266273,1.947279777047197e-06,3.5208181516658625e-06,,267.9023667736166,5.301771431984986e-06,,268.2204057140463,1.016318709892634e-05,,,,1.6283265937714887e-05,,0.0,,,,,,,3.250207774032502e-05,,,,,,,,,
1979-01-02 00:00:00,0.3670814220721905,-0.4668795004398865,,0.1858765133739223,-0.5318239877915242,263.1870180389585,267.47850388746997,0.7611176530284994,,,,,,,0.0036072251359386557,,,271.4591979980469,271.4602813720703,271.45977783203125,271.4599609375,0.17124036077916974,,,,,,0.0869734724597818,,,102035.9019045858,,,1.9644970414201184,128.13465420875323,0.10723708790434888,,264.4300748384916,,74469.80896357249,0.19575049044817863,0.0022180433104024132,0.04717593221269416,0.0009122572001620862,0.007912223861062315,,259.58579764281507,0.0427852110749871,-0.2701730276705951,7.170105346798148e-08,0.009119451165849552,-0.0006117860637825621,2.17013578242333e-07,0.10156051364876109,-0.02589001881300345
1979-01-02 18:00:00,,,5.773580020701392,,,,,,708.1719329833984,9.028989816161654e-09,0.0,6.2074681699893176e-09,0.0,1.032348482570304e-07,,5.723476658206014,0.11480559399847448,,,,,,9.207859547180538e-06,1.4515758971490804e-05,502.43565088757396,6.836679207502737e-07,2.0897335554721086e-06,,268.5726449277979,2.3540748646978797e-06,,268.92480459721133,4.15081103172528e-06,,,,9.215706904258954e-06,,0.0,,,,,,,1.4525281607046635e-05,,,,,,,,,
1979-01-03 00:00:00,0.8658861465002659,-0.03083857135659844,,0.3485778266861594,-0.3629397950934235,261.1798063199196,266.3303940451357,0.7584768142220537,,,,,,,0.0,,,271.4600067138672,271.45960998535156,271.4596405029297,271.4599609375,0.16512113492164385,,,,,,0.05099008774616309,,,101966.02792159763,,,2.668639053254438,128.12758135372366,0.10752321277144393,,264.7072428866956,,74453.2070543639,0.1789703369140625,0.0016484965939493575,0.035340980665218194,0.0006783530556943995,0.0031797646065435466,,259.2079466870551,0.1202528423811557,-0.1823395102687136,-2.105097062871984e-08,0.006077811329972726,0.0021633096039295197,-2.7818213413798763e-07,0.13213849490916235,-0.0244394773562279
1979-01-03 18:00:00,,,5.864167832411253,,,,,,664.7191467285156,0.0,0.0,0.0,0.0,1.3455378131346572e-07,,5.768782013266749,0.15797153450328216,,,,,,1.3228924669457611e-05,1.4617113319374401e-05,632.2292899408284,2.756025972803669e-07,2.9548385439539804e-06,,269.2867949897721,2.854321835309091e-06,,269.68882715349366,3.6193289347654263e-06,,,,1.3225133249745566e-05,,0.0,,,,,,,1.4617113319374401e-05,,,,,,,,,
1979-01-04 00:00:00,0.20715835955016007,0.6834765552769045,,0.012824419687485553,-0.16397024752825676,263.78026585324983,268.95432295037443,0.7587368322547371,,,,,,,0.0002291583450588249,,,271.45924377441406,271.4595947265625,271.4600830078125,271.4599609375,0.18799098991078034,,,,,,0.04546496148645525,,,101807.13859097633,,,2.668639053254438,126.38585613183015,0.10771823070458407,,265.40687958305404,,74338.11621671598,0.20203232624121673,0.002319643483359433,0.028238184201498737,0.0001787666738385985,0.0038240421453171226,,260.22732534916446,-0.00853667104032618,-0.12454684105145156,1.448440381336803e-07,0.009179199941059542,0.008222148688950923,4.231613210317012e-07,0.12149068173131294,-0.0030138757101882845
1979-01-04 18:00:00,,,5.510620450127054,,,,,,786.760768605702,7.232849502704552e-07,9.205627679472139e-08,3.4661181050644826e-07,1.3570196529817298e-06,1.0410436925398373e-07,,5.332243123703455,0.04325198562892937,,,,,,3.0781919434225772e-06,4.572165611932969e-06,215.11168639053255,1.5737284966827143e-07,3.497088713758796e-07,,267.11658527441983,8.324480797412128e-07,,267.61072490624423,1.5929363359361006e-06,,,,3.4248423294202816e-06,,0.0,,,,,,,5.296877855379906e-06,,,,,,,,,
1979-01-05 00:00:00,0.6702582511676134,-1.019264390482705,,0.32305490053617036,-0.555082490458291,261.1648467475846,266.2818173741448,0.7604004726607418,,,,,,,0.0006582214987489598,,,271.4602813720703,271.4603729248047,271.46022033691406,271.4599609375,0.06911761944110577,,,,,,0.02291612794413369,,,101973.56656804733,,,0.8461538461538461,126.51686574721478,0.10815392725566435,,262.9565563314765,,74254.72492141272,0.08029915171967456,0.00020773312043861526,0.010534230068590514,3.0394048380428516e-05,0.00012349659169214012,,257.8956789095726,0.08022417013461773,-0.2416666488675676,2.1330673211970927e-08,0.00131138963767771,-0.00031385868346902744,1.117570406499666e-07,0.024966787304398576,-0.006442076708438128
1979-01-05 18:00:00,,,6.190025221313951,,,,,,781.6550619942801,6.0687844569866475e-06,1.2181919707349067e-06,0.0,0.0,-1.5679936213336178e-08,,6.109968437245612,0.02218397693521172,,,,,,0.0,1.686239427716069e-06,93.47170857988165,1.8847296179751674e-07,0.0,,267.937634259286,2.13408434884788e-06,,268.25574786846454,3.50851808073958e-06,,,,0.0,,0.0,,,,,,,7.75252749933999e-06,,,,,,,,,
1979-01-06 00:00:00,0.06924552466037005,-1.423919136002219,,0.017082259499815088,-0.7973094353309045,258.25520649746323,267.9778509196445,0.7579903514427546,,,,,,,0.0004053877655571029,,,271.4595947265625,271.45945739746094,271.46026611328125,271.4599609375,0.0418098946294841,,,,,,0.028868003709781806,,,102469.34596893491,,,0.14792899408284024,126.7864201111201,0.10818143991323617,,261.80798755171736,,74643.28219767012,0.06073332115037907,0.0007955336711815828,0.00962215626733543,0.00013819954099034417,0.0005672189610949635,,257.5838366626988,-0.02492503266362749,-0.3114037203365529,1.6081715992014007e-07,0.011313494364283262,-0.005169414909633659,-9.509525916225017e-08,-0.000523190879257473,-0.013788609109686677
1979-01-06 18:00:00,,,5.042974641337198,,,,,,1740.9682312011719,1.7053232743189885e-06,3.3748732912822586e-08,0.0,0.0,-2.7036818080876553e-08,,4.996698356944428,0.004819655559472078,,,,,,1.327625128644458e-06,1.334656889622028e-06,24.835151627218934,1.184172864959261e-09,2.8386601858590483e-07,,267.1907004632893,2.6170164346694946e-07,,267.473881648137,1.0941662555615578e-06,,,,1.329057932605405e-06,,0.0,,,,,,,3.037213750139496e-06,,,,,,,,,
1979-01-07 00:00:00,0.7645123985392102,-0.6853606884296124,,0.17831741987600835,-0.522140299780129,257.14675984580134,266.8719070705436,0.755497300060543,,,,,,,0.0038739266480214496,,,271.45982360839844,271.4601135253906,271.4602508544922,271.4599609375,0.020159117568879437,,,,,,0.045007829835428996,,,102465.6836168639,,,0.28994082840236685,127.88236593212602,0.10817207246137088,,262.09827680418476,,74769.92518028847,0.05319304155880177,0.0010012931372287005,0.00481270333013591,2.831198583693194e-06,0.0017304730838572486,,257.7642554108208,0.06349797820198465,-0.29225583048261833,2.536569959993788e-09,0.005161556033638014,-0.003170058351649335,-1.0642545354916279e-07,0.01505591013722298,-0.0073264960706586665
1979-01-07 18:00:00,,,5.146560640730096,,,,,,2784.5123486930943,0.0,0.0,0.0,0.0,7.485078430573384e-08,,5.061036883021248,0.05704060390856139,,,,,,1.7573450796702909e-06,3.094922685058865e-06,248.34541420118344,1.4860105849582063e-07,5.71776952969252e-07,,268.7553545709192,4.6563924416987854e-07,,269.0734768478123,7.265363131049117e-07,,,,1.7579292228236e-06,,0.0,,,,,,,3.094922685058865e-06,,,,,,,,,
1979-01-08 00:00:00,1.4040165511814096,-0.573142508783284,,0.3995382038093883,-0.44254649461373774,263.0642496142867,268.8661555905314,0.7571911466192212,,,,,,,0.13782207782451922,,,271.4596405029297,271.46022033691406,271.46026611328125,271.4599609375,0.05838274532521265,,,,,,0.0315623988766642,,,102004.86741863906,,,1.8224852071005917,127.02534855046922,0.10816261189929127,,264.57793205306376,,74481.57655325443,0.20757225984652367,0.0009234360689242211,0.006614594769901072,0.00024388950957349067,0.0022654787323178626,,259.91236534344375,0.1980865206238786,-0.21037191399455776,-6.243203239330813e-08,0.013528028183434841,-0.00010510831630441564,-1.6360792019521576e-07,0.026442877406849575,-0.002444335342158933
1979-01-08 18:00:00,,,4.330919472070841,,,,,,1231.9961288224406,0.0,0.0,0.0,0.0,-5.942132508591611e-09,,4.202446518565071,0.022017574874607062,,,,,,3.624575201576278e-06,7.239715940148167e-06,99.00887573964496,5.86810372990264e-07,8.066465868752383e-07,,269.6968219463642,1.1112056011278953e-06,,269.97378531010196,2.102573683275979e-06,,,,3.624575201576278e-06,,0.0,,,,,,,7.231868583069751e-06,,,,,,,,,
1979-01-09 00:00:00,0.3713046361708782,-0.14639088670177572,,0.12732651388856786,-0.3371353318705361,260.67570224739393,267.94024531798954,0.7548727135686479,,,,,,,0.0,,,271.4593505859375,271.46044921875,271.46006774902344,271.4599609375,0.0772865791997966,,,,,,0.06047184509638499,,,101760.13849852071,,,0.8106508875739645,127.46106877975916,0.1081176565949028,,264.8374071290507,,74372.47702477811,0.09465071999815089,0.000986203639464971,0.026908287635216348,0.0003741394133257443,0.0023788926164074057,,259.897655419344,0.017522522683679705,-0.16408584068512774,1.619364028012903e-08,0.004153567643821675,5.950765496880345e-06,-6.765279568113199e-08,0.11950530079689384,-0.023659282887475732
1979-01-09 18:00:00,,,5.468279415333765,,,,,,547.4759355583446,2.9682628149111597e-06,3.347581131218453e-07,1.343363929077013e-06,5.5275923577991464e-08,1.7349398869028044e-07,,5.313304206676031,0.20628374991332285,,,,,,2.15125154461381e-05,3.628353395405606e-05,735.7307692307693,2.7299764946367614e-06,5.4275495766182624e-06,,270.89401443752314,5.56069012929702e-06,,271.2232173039363,1.1605227134636874e-05,,,,2.2857235028193547e-05,,0.0,,,,,,,3.9248247823771644e-05,,,,,,,,,
1979-01-10 00:00:00,0.6178027045797314,0.9613169156588041,,0.15998976893678923,0.04723112117609329,265.605013965855,270.8703095024154,0.7585285235438827,,,,,,,0.0,,,271.45997619628906,271.4595184326172,271.4600830078125,271.4599609375,0.26965151453864644,,,,,,0.10420001329049557,,,101644.4179918639,,,2.78698224852071,126.98811204898992,0.10823190000635632,,266.25445701102535,,74259.12271172338,0.28570267716808434,0.0023780546244784925,0.07736975048563978,0.0010768139856101493,0.006381424221061391,,260.10823528583234,0.029042679177233452,-0.03607456535982662,-4.4147211866461556e-08,0.013365796331823224,0.007448116328412965,-8.673721596532496e-07,0.34334446928469387,0.01565400771135409
1979-01-10 18:00:00,,,4.646417459792639,,,,,,746.386654842601,0.0,0.0,0.0,0.0,-9.12676103476479e-08,,4.483868971378846,0.13549371301775148,,,,,,0.0,5.824811007144183e-06,385.6686390532544,2.2327935201881906e-06,0.0,,270.1631244907718,7.679415921840442e-07,,270.54483628131936,3.764978968180143e-06,,,,0.0,,0.0,,,,,,,5.824811007144183e-06,,,,,,,,,
1979-01-11 00:00:00,0.015210129100190112,-0.15455688950578136,,-0.12747469456238153,-0.26988581933918787,256.2236929447693,268.8091967881784,0.7619415507514096,,,,,,,0.0,,,271.4600524902344,271.4593200683594,271.4599914550781,271.4599609375,0.16625823071722448,,,,,,0.08019382995966623,,,101929.48909023669,,,0.34911242603550297,125.70695450461122,0.10848139587944076,,264.3633645864633,,74499.19522004438,0.19105376294378698,9.38459040497887e-08,0.04914111075316661,0.0005394086329894659,9.823303956251879e-06,,259.77926446135933,-0.07773016472539958,-0.1303584886020457,-3.219170791867892e-08,9.5367431640625e-07,-0.0007085800170898438,-1.303676916899424e-07,0.08305529046517152,-0.058581260534433216
1979-01-11 18:00:00,,,4.482195487741888,,,,,,1274.5428330704972,0.0,0.0,0.0,0.0,4.780212664885788e-09,,4.37747851384462,0.03992511816984098,,,,,,2.3416098146616706e-09,2.2532330197695446e-06,144.73631656804733,7.127317980196349e-07,0.0,,270.1506210417437,2.2954483841650585e-07,,270.4411415235531,1.797739129800063e-06,,,,2.3416098146616706e-09,,0.0,,,,,,,2.2532330197695446e-06,,,,,,,,,
1979-01-12 00:00:00,0.550833752874792,-0.31314493777483876,,0.16865662569125023,-0.30029148462961414,260.00006563987955,269.6168832271057,0.7624147086453861,,,,,,,0.0,,,271.4594421386719,271.45989990234375,271.4598693847656,271.4599609375,0.0490911359617696,,,,,,0.04873914549336631,,,101799.99731878698,,,0.5798816568047337,125.47375831378282,0.1084133605279866,,264.44567600227674,,74442.8576414571,0.06908728244036612,0.00017637278906692416,0.0314597857774362,0.0004452826708731567,3.339694096491887e-05,,260.82165942671736,0.03089578511446891,-0.15386178542876386,5.338021943994647e-08,0.0003724773042455051,-0.0005228763898096141,-1.2883111384536068e-07,0.048600324412350425,-0.042457653573278846
1979-01-12 18:00:00,,,5.131187642114402,,,,,,701.887193198516,0.0,0.0,0.0,6.961222936415814e-07,7.836231105952639e-08,,4.991207848991868,0.07981294710960614,,,,,,9.796356220217147e-07,4.949147355627026e-06,335.37758875739644,8.164668047921897e-07,2.13713732344159e-07,,270.10587261132235,5.555752466416218e-07,,270.4520781026084,1.8387944740656564e-06,,,,9.796356220217147e-07,,0.0,,,,,,,4.949147355627026e-06,,,,,,,,,
1979-01-13 00:00:00,0.5578406237991604,0.2734065761227579,,0.1835766459357809,-0.1815564307940782,263.13711385331914,270.04679274700095,0.7676370302600973,,,,,,,0.0,,,271.45948791503906,271.4603576660156,271.4600372314453,271.4599609375,0.10145307010447485,,,,,,0.03539109088965422,,,101776.32673816568,,,2.5088757396449703,124.84688608745147,0.10841715829612235,,265.2814666928624,,74360.89998613166,0.1067183455066568,0.0004175457023304595,0.023317402167491664,0.0001635360999925602,0.0008379185693503837,,259.202342919344,0.03727620275768303,-0.1445582406760673,5.337104982287556e-08,0.0016036428497882406,0.0007876416505727718,-4.461292158839839e-08,0.07823722884499815,-0.011580916904133452
1979-01-13 18:00:00,,,4.8373899741991035,,,,,,550.3261344216087,3.2709812271524463e-06,6.504792213087252e-08,2.054993570203612e-06,3.0143991024536493e-07,5.084821814361177e-08,,4.658934830208502,0.11442006128074149,,,,,,3.949711485021918e-06,8.42021414514124e-06,386.72633136094674,1.0498430161081122e-06,1.0897521172049483e-06,,270.32226011738976,1.7058743527655066e-06,,270.6015095005374,5.027158020516119e-06,,,,6.00560882387782e-06,,0.0,,,,,,,1.1693531944906924e-05,,,,,,,,,
1979-01-14 00:00:00,0.43190736037034255,0.04192419447137054,,0.09963867368077385,-0.36037848545954776,262.29696935168386,268.3952375784428,0.766746158077872,,,,,,,0.00656089556993112,,,271.45994567871094,271.4601745605469,271.4601135253906,271.4599609375,0.13830819214589496,,,,,,0.048074846436991496,,,101736.88812869822,,,2.21301775147929,124.90330713035087,0.10855355347401997,,265.8855199870273,,74333.53575721153,0.15261443550064718,0.0009636596815120539,0.025598219557139482,0.0009587079110230215,0.003234524698652459,,260.77063241089587,0.009831770990021835,-0.17614806403775188,3.129405514736654e-07,0.01071099275667992,0.0011838137216248809,1.520961174757231e-07,0.08493370639116189,-0.006175185801714835
1979-01-14 18:00:00,,,5.490060507193119,,,,,,906.5389014350044,1.2588924204809426e-05,5.060663590064415e-07,1.0275540972602439e-05,2.135451023395245e-06,5.375402142602355e-08,,5.400565768134665,0.17003717366054918,,,,,,9.941807865391117e-06,1.835082409649911e-05,556.4563609467456,1.6146212728065853e-06,1.9916636351297593e-06,,270.4130356466982,3.312929318501399e-06,,270.7935375687639,1.0372442606638169e-05,,,,2.0214615488898824e-05,,0.0,,,,,,,3.0934457948221965e-05,,,,,,,,,
1979-01-15 00:00:00,-0.48445420011260804,0.5377200595020543,,-0.3307346084414149,-0.2570401535937067,264.09556218435074,269.6281236276119,0.7665908911524439,,,,,,,0.004557965069832887,,,271.4597625732422,271.4601135253906,271.4600830078125,271.4599609375,0.19820616231162166,,,,,,0.05473065799509985,,,101789.89117973374,,,1.9171597633136095,124.74370561407868,0.10895853776198167,,266.1699525731555,,74336.67379345415,0.21716922556860208,0.0021744677300989273,0.0330055733404216,0.0006924352702304456,0.0037623975403915494,,260.28784730448524,-0.16909736994455551,-0.16986440624711077,5.818586640670267e-07,0.04470830250768399,0.01254280924047247,2.83027545195252e-07,0.07943448300759953,0.012177518706702622
1979-01-15 18:00:00,,,5.770535858425163,,,,,,1458.887008168339,8.846704776470478e-06,1.4717376531933892e-07,7.412886831181994e-06,9.827381936756111e-07,7.088759387244014e-08,,5.642860000655496,0.2587605312731139,,,,,,3.0074863744205273e-05,3.391178049279388e-05,1015.6201923076923,1.4839440407837636e-06,6.25861996024318e-06,,271.17689171063125,7.497312049188557e-06,,271.5446876661312,1.0817229042391805e-05,,,,3.7487794661662986e-05,,0.0,,,,,,,4.275531105741241e-05,,,,,,,,,
1979-01-16 00:00:00,-0.45530011103703427,0.8465937157354412,,-0.34711211955053567,-0.02391963597585464,267.6946936613004,270.7850961177307,0.7706629676226329,,,,,,,0.13101891511996117,,,271.46009826660156,271.4600067138672,271.46022033691406,271.4599609375,0.26918165218195267,,,,,,0.31752790642913276,,,101998.80759985207,,,2.57396449704142,119.92443323981833,0.10965929934258997,,268.24576491858124,,74455.86249537722,0.4888559150999996,0.010752672274437176,0.027294632951183433,0.0004886946029211643,0.013885633479914016,,261.01698781752725,-0.15598494625655857,-0.05308801323704466,-1.8748583391959058e-06,0.22427185893764157,0.062456616283168453,1.4615788664558582e-07,0.08994844538220287,0.010615437341159618
1979-01-16 18:00:00,,,6.661017034180771,,,,,,478.877397664388,4.480400029018786e-06,9.41558856759551e-08,1.6902237248843943e-06,4.416507993929485e-07,2.633902848567188e-07,,6.577432485727163,0.17909665079511836,,,,,,3.3900758923863515e-05,3.57922364974163e-05,838.4607988165681,2.2159139873713432e-07,7.280804349120552e-06,,269.98396021374583,7.627631080221142e-06,,270.3969122531146,8.90022551519631e-06,,,,3.559252566839816e-05,,0.0,,,,,,,4.0284363475776986e-05,,,,,,,,,
1979-01-17 00:00:00,1.0508478491969362,1.1182783228405835,,0.2533841443485057,0.17770147605760564,266.3572143012955,269.32626514321953,0.7922703006563807,,,,,,,0.0005552557093151928,,,271.4593505859375,271.45941162109375,271.46026611328125,271.4599609375,0.23831826836399778,,,,,,0.03831608337763499,,,101993.72855029585,,,2.497041420118343,115.4270451111201,0.11198105896718404,,266.45353888336723,,74421.52979382397,0.24325940735946747,0.0041429700230705665,0.01290961271207008,0.00022610263711602026,0.008985891850036983,,260.7895053660376,0.17155408753445867,0.05325111517539391,2.2589546132670196e-07,0.02200301559008217,0.021215164325800697,3.0551685747751115e-07,0.024033007173407714,0.039692338313576735
1979-01-17 18:00:00,,,6.3968528657269905,,,,,,1226.8266296386719,1.3662557277453722e-06,9.245202000412716e-09,9.956444508930636e-07,2.3011107152030312e-07,5.89660180459824e-08,,6.15821041016889,0.19482042662490753,,,,,,4.413759214638253e-05,5.486766262167304e-05,716.7041420118343,1.3884862322779098e-06,9.332226930990727e-06,,268.83003912028477,1.049742719830846e-05,,269.18587462295443,1.276597468810674e-05,,,,4.5133412942378476e-05,,0.0,,,,,,,5.621370479200013e-05,,,,,,,,,
1979-01-18 00:00:00,1.1283874398857885,0.4225008191441643,,0.40819248222035065,-0.2100023630808091,262.3619419075328,269.0202047133587,0.7911324031959625,,,,,,,0.09805126303046413,,,271.4599914550781,271.45945739746094,271.46006774902344,271.4599609375,0.19000939363558617,,,,,,0.03530224681605954,,,102138.36150147929,,,2.591715976331361,117.66747595431536,0.11295840585020167,,264.4985355174048,,74442.33189256657,0.2856906687719582,0.00444820223475349,0.01912591954407197,0.0008038571600377912,0.012614142965282914,,257.9590508274778,0.20038014015502478,-0.11052956101457043,2.6374208675793885e-07,0.04280826002331836,0.025167792543669687,1.8075889681835146e-07,0.06809783950806238,0.06955735771172851
1979-01-18 18:00:00,,,5.469927449198164,,,,,,785.5134152085034,7.015008192795974e-06,1.174017522462021e-07,6.2187218807152745e-06,3.8838355675251526e-07,8.279378363172408e-08,,5.363406807713255,0.11684783393814718,,,,,,2.5569158192922376e-05,3.363095091644829e-05,442.20747041420117,1.2176298707194583e-06,5.3582900374598755e-06,,268.45415158243577,6.960253038349942e-06,,268.79229510606393,1.0432444027895052e-05,,,,3.178779190108621e-05,,0.0,,,,,,,4.064525372883272e-05,,,,,,,,,
1979-01-19 00:00:00,0.22781796991472414,0.4381276926345374,,0.13814502354909683,-0.16217500359348996,261.6436001027124,267.43664866791676,0.7883023316338218,,,,,,,0.03653387487287352,,,271.4601135253906,271.4605712890625,271.46022033691406,271.4599609375,0.1424150636210244,,,,,,0.03354279106185281,,,102102.63775887575,,,1.5857988165680474,120.66130454159347,0.11352365821070926,,263.6762100310015,,74477.94864090237,0.18190778924163276,0.002304522948857595,0.019648173857017382,0.00038656539465548723,0.0075603236813517015,,258.63028080505734,0.009476393990262726,-0.12348858985675157,7.722165939961587e-08,0.014242493880126685,0.009057385557656282,2.5036286000581184e-07,0.046591600708263244,0.034397639201942984
1979-01-19 18:00:00,,,5.965096507552108,,,,,,2122.240453016038,3.3625374002569527e-06,3.680212081536739e-07,6.995665339323191e-07,3.102516546051883e-07,1.517500951038894e-07,,5.780399130646294,0.16278491499861317,,,,,,1.1738896722624288e-05,1.2263655662536621e-05,676.0987426035502,1.6783094088706745e-08,2.3009288593156803e-06,,268.70328553329557,2.4353258708524987e-06,,269.082333265677,3.4535424949149407e-06,,,,1.243779645163632e-05,,0.0,,,,,,,1.5632287990412065e-05,,,,,,,,,
1979-01-20 00:00:00,0.2287576269115922,1.2022814609595305,,-0.0025810659284422385,0.10307537169146115,264.290441569492,267.9069472995736,0.7876889843207139,,,,,,,0.20307064620700813,,,271.46067810058594,271.4599609375,271.4598693847656,271.4599609375,0.23453372752172708,,,,,,0.2378719409613611,,,101978.66475591715,,,2.4023668639053253,121.51626478567631,0.11416331691854804,,264.58892054811736,,74360.04061113166,0.5411814402943179,0.007042626014820399,0.01346371441903199,3.069392322788577e-05,0.005690599016665437,,259.2646046474841,-0.00824923875063834,0.002371968602287699,-1.0799536410548322e-06,0.16512725187035707,0.08183919410662141,-1.0958685713252549e-07,0.06461232287820275,0.0328564450982407
1979-01-20 18:00:00,,,7.045913543926893,,,,,,431.77191234770277,4.321777608973035e-07,1.409662971493496e-09,3.9969719725953053e-07,8.555768421415747e-08,9.092582331504673e-08,,6.889893001353247,0.14028379903037166,,,,,,1.6912024402054104e-05,2.3887795809457995e-05,577.4567307692307,1.6455422844407121e-06,4.0597728723605e-06,,267.4332051474667,4.363527312081241e-06,,267.78426798984145,5.665615465514053e-06,,,,1.731373854642789e-05,,0.0,,,,,,,2.431763699774206e-05,,,,,,,,,
1979-01-21 00:00:00,1.4131563006068122,0.4829156017867771,,0.4205153143617528,-0.1317251363449548,263.881258631599,268.198487501878,0.7890929890102183,,,,,,,0.006279578575721154,,,271.4608612060547,271.45957946777344,271.4601287841797,271.4599609375,0.17104768470899592,,,,,,0.01686276768791605,,,102028.74186390532,,,2.088757396449704,121.63504714514377,0.11471692203770023,,263.60049546822995,,74324.47582285503,0.17796479174371302,0.0022670192831366724,0.010092650644877958,0.00015120957730084482,0.005688435932588295,,258.01076954497387,0.22751657144557794,-0.08017693504073917,1.2207616753628225e-07,0.010501511689029585,0.008395106856299277,4.5715906713591867e-07,0.027408429217585444,0.032027972255938154
1979-01-21 18:00:00,,,6.174873126329049,,,,,,2968.714953335849,7.748934467868692e-07,2.525523635586338e-08,4.770575895817322e-07,0.0,1.4564522829588905e-07,,6.03256750953268,0.13972644693047337,,,,,,1.7449965138407147e-05,2.265020587740565e-05,539.5155325443787,1.3318904758205074e-06,4.226683512241883e-06,,269.0347922962798,4.39802482283327e-06,,269.4012697660006,6.174371087339503e-06,,,,1.7927331331918932e-05,,0.0,,,,,,,2.342409636141986e-05,,,,,,,,,
1979-01-22 00:00:00,0.9282286153037167,0.7603756379799025,,0.37864384284386265,-0.060080872484918176,262.00329887796437,268.1932363115119,0.7863341058499714,,,,,,,0.7311699319873336,,,271.45928955078125,271.46006774902344,271.45997619628906,271.4599609375,0.12488587509245562,,,,,,0.23866154597355768,,,102055.72522189349,,,2.6745562130177514,124.42725313626804,0.11500989473783053,,265.0894725731844,,74487.77457008135,0.783275053946621,0.012902515022047608,0.01853478883804631,0.00042885153956667205,0.013101047312719582,,259.6235325378779,0.12099985187575663,-0.055507451472197766,-4.684972833737335e-06,0.40989409142157296,0.06284589598164755,1.9627804082636473e-07,0.051117443257271855,0.0357009032024787
1979-01-22 18:00:00,,,5.951626969512398,,,,,,202.08077550817418,1.9172294693585682e-06,5.524699195954927e-08,1.757168734567405e-06,3.0401344659060414e-07,1.7720647509273185e-07,,5.6161957238552835,0.27566871417344674,,,,,,3.618954201421794e-05,4.4929910693648297e-05,930.2126479289941,1.1875189444017127e-06,8.325428652340139e-06,,268.3071787456084,9.080009347588353e-06,,268.86921258508806,1.2640196543473463e-05,,,,3.794699730957754e-05,,0.0,,,,,,,4.6831087247859795e-05,,,,,,,,,
1979-01-23 00:00:00,1.1786422842353053,-0.15821155570667877,,0.3210305434006911,-0.4286915085019445,264.89800619091505,268.06834637342826,0.7961794437741386,,,,,,,0.0010775729749329696,,,271.46026611328125,271.45985412597656,271.45997619628906,271.4599609375,0.2905233710475222,,,,,,0.04434682631633691,,,102165.57100591715,,,2.5502958579881656,122.28637388330945,0.11657941411938187,,264.97939864841436,,74479.0954835429,0.295049272345368,0.00471486988857653,0.013997839752738998,0.0005763324760121001,0.008273107765694341,,259.8812356982711,0.12238363648307395,-0.20254610276081153,4.1810551532730186e-07,0.033331159776429364,0.011812669161663077,-9.400938706783876e-08,0.027662865112166434,0.03400856377722244
1979-01-23 18:00:00,,,4.237635386766061,,,,,,557.8496222402536,1.1713833674876649e-06,8.61363165830014e-08,8.654907433944341e-07,1.1022533317642099e-07,2.8860586367825808e-08,,4.170520438245062,0.09295672354613535,,,,,,1.6656500347972623e-05,2.8917510833965956e-05,296.25110946745565,1.843544770274642e-06,2.8188103402154685e-06,,266.9503526856913,5.101796085312521e-06,,267.31100111741284,8.329220072052183e-06,,,,1.75224429756932e-05,,0.0,,,,,,,3.0102549925358337e-05,,,,,,,,,
1979-01-24 00:00:00,-0.310892528330786,-0.9512155070107364,,-0.143325139784954,-0.6270566579152846,260.4480990799221,265.9375233847714,0.7933690773664847,,,,,,,0.01716505423100037,,,271.4593963623047,271.4604949951172,271.45994567871094,271.4599609375,0.08998757988743528,,,,,,0.07419744186852811,,,102400.24389792899,,,0.6686390532544378,124.3135789498775,0.11722127643562633,,262.39524091912443,,74632.1137204142,0.1443445329835429,0.002727440828402367,0.01847148646969767,0.00025579209863786867,0.004000849977752866,,257.4369225135216,-0.07612030887039456,-0.2614467574294502,5.374996368043103e-07,0.03000334450434659,-0.0023223486172377003,9.524592314846814e-08,0.00516538789286416,-0.015843510275056375
1979-01-24 18:00:00,,,5.543315577083791,,,,,,4432.687613210371,4.495560197082497e-07,0.0,0.0,0.0,-1.301976107990854e-08,,5.446601828174479,0.002418811504657452,,,,,,0.0,5.52744597758679e-09,6.022351146449704,3.5402657100434837e-08,0.0,,266.2989387286485,0.0,,266.63550012351493,2.33453362298435e-07,,,,0.0,,0.0,,,,,,,4.5954431655138905e-07,,,,,,,,,
1979-01-25 00:00:00,0.8259706102179353,-1.1897750211185252,,0.25780836364926674,-0.6053487111830852,257.30067868204515,265.96816095656897,0.7894510951267897,,,,,,,0.05630556366147374,,,271.45953369140625,271.46058654785156,271.4603729248047,271.4599609375,0.016861909945335613,,,,,,0.007408300095055936,,,102583.75887573964,,,0.05325443786982249,126.29155139810234,0.11717456896629559,,260.4571163922372,,74831.44390255178,0.07226688904169748,0.00183881669354862,0.003059155842256264,1.4446190828402367e-06,0.0013815884054059814,,256.24548032862197,0.11105285875896025,-0.33553647712842954,-5.5594510423259245e-08,0.0197599738161734,-0.02754998312899347,-1.6415400987493766e-07,0.002515133271908619,-0.000774315806359229
1979-01-25 18:00:00,,,5.30400505855944,,,,,,4147.6217303509475,7.988488268570082e-07,2.8704643007037203e-08,0.0,0.0,8.039751399272968e-08,,5.201046661512386,0.027316302237426034,,,,,,5.73303440266107e-07,5.730802534952672e-07,145.4426775147929,0.0,8.059246741102998e-08,,269.00177706204926,9.888827183542872e-08,,269.28095592972795,3.274177482142251e-07,,,,5.748492153085901e-07,,0.0,,,,,,,1.378164532974627e-06,,,,,,,,,
1979-01-26 00:00:00,1.2226980074622926,0.5948201580160468,,0.3896832437910272,-0.0260165287898137,260.4832507251988,268.5277680165669,0.785567226847248,,,,,,,0.4198037773899778,,,271.46014404296875,271.45985412597656,271.4601593017578,271.4599609375,0.041571893635586166,,,,,,0.3398837478908561,,,102045.12592455621,,,1.5207100591715976,127.52199703419703,0.11708586032573993,,263.80073005631124,,74487.2022466716,0.5900522265913923,0.005532724617500982,0.006250753910583857,2.250745451661962e-05,0.001463205856684397,,259.028579441048,0.20512692145341951,-0.08179165202485034,6.796483255005937e-07,0.11831815144014077,-0.0026651490369492027,-3.325120702120007e-08,0.014874037244968866,0.002026144569442117
1979-01-26 18:00:00,,,6.010932318557649,,,,,,2221.9455895824967,5.623909848681568e-06,6.827310873911931e-08,4.419869572453245e-06,1.7097759881668543e-06,1.3141066146623232e-07,,5.789706438956176,0.1706185425526997,,,,,,1.292671324938712e-05,2.2047722833396414e-05,646.3805473372781,1.0444479581167006e-06,3.0182566515792756e-06,,267.16324547761997,4.105336038318611e-06,,267.6990494587012,6.964220803164871e-06,,,,1.73433645237127e-05,,0.0,,,,,,,2.7667664917263052e-05,,,,,,,,,
1979-01-27 00:00:00,0.7715142097698866,0.2954723651592548,,0.2737487533388758,-0.12861356791659925,262.48148287259613,267.13108934030026,0.7843700114791915,,,,,,,0.0960440551035503,,,271.4607238769531,271.45994567871094,271.4600372314453,271.4599609375,0.1778997838849852,,,,,,0.0859061698236409,,,101571.77588757397,,,2.0177514792899407,127.74243434928579,0.11719754743858202,,263.5370002159706,,74039.89328309911,0.30383553589589496,0.002236936219345183,0.016003986787513868,0.00038394420104619314,0.006497400046805659,,258.5455665362657,0.08163952122073202,-0.06394858367344332,-8.580836570944318e-08,0.03953434847510205,-0.0018458934225274262,7.375255061765394e-08,0.04164371399219925,0.012296809666079177
1979-01-27 18:00:00,,,5.860641231198283,,,,,,1929.3685025301847,8.549210587902182e-06,0.0,8.505565174937953e-06,1.763382144051896e-07,-3.422840795281327e-08,,5.691118398361658,0.07188000199357433,,,,,,2.928704199706309e-05,3.91136965102698e-05,327.0843195266272,9.348384551042636e-07,6.425839204054612e-06,,267.0348285923343,7.856791541421201e-06,,267.5503230348847,1.3662689536280886e-05,,,,3.779322437986114e-05,,0.0,,,,,,,4.766467054920084e-05,,,,,,,,,
1979-01-28 00:00:00,-0.19423344854772442,0.3676315567197179,,-0.23524772486037757,-0.13150494479568753,262.27434815175434,267.15411611703723,0.7825287414725716,,,,,,,0.03663283128004808,,,271.4605712890625,271.4602813720703,271.4603576660156,271.4599609375,0.10806328587278106,,,,,,0.04341197719235392,,,101412.00351331361,,,1.7455621301775148,128.3481111244337,0.11802209481685119,,262.6345160670534,,73953.85281065089,0.146734113523946,0.0035117392003888915,0.015644773223696375,0.00035352537617880917,0.01084936017820821,,258.10639881382326,-0.09528198256295108,-0.10805812813121186,2.206283030458368e-07,0.08147142623258774,-0.0002190513018320298,2.282436690141706e-07,0.05555427143515223,0.02208176378667707
1979-01-28 18:00:00,,,8.048484226655678,,,,,,1173.1787348640037,0.00031027427086463343,8.424411158589921e-05,4.629076585261779e-05,7.854102278602195e-06,-8.441966955071954e-08,,7.784112382922652,0.4641353449172522,,,,,,0.00021848805557341265,0.0002881780531279434,1667.9541420118344,2.705305814743042e-05,5.0039157359557744e-05,,271.21431258162096,0.00011335013533485006,,271.5114655805057,0.00019774835349509897,,,,0.0002647797031515449,,0.0,,,,,,,0.0005984338007821872,,,,,,,,,
1979-01-29 00:00:00,-0.8511954143907897,1.3746535679292398,,-0.4943423807268312,0.23698913416213538,267.71999806059887,271.6595409325594,0.7983378573987611,,,,,,,0.5685786101409991,,,271.46058654785156,271.4595031738281,271.45970153808594,271.4599609375,0.4155156062199519,,,,,,0.7420380380026688,,,101265.68842455621,,,3.088757396449704,112.80851700461122,0.12028649854942186,,269.0251806135008,,73870.50298169379,0.9150691797747414,0.12039690479751919,0.04798017874271912,0.011039694385415704,0.23969748084978945,,263.1111297607422,-0.2584816407875197,0.11797194509111213,-6.78519375647071e-06,3.990442490436622,0.6847092004261426,-6.873996862204822e-06,0.8284443309365292,0.10534060318794476
1979-01-29 18:00:00,,,7.775620268646782,,,,,,392.7078160527927,9.68586499169028e-07,4.614662026336207e-08,7.997581062937629e-07,2.343240662439335e-07,9.226560588001643e-08,,7.635234649012075,0.2227333565435466,,,,,,3.0280570306721524e-05,3.9775696026502985e-05,919.3847454680493,1.4379510336373685e-06,6.942574441785643e-06,,267.55238495775933,7.770073837077123e-06,,267.86527121278664,1.11311674118042e-05,,,,3.108047169341138e-05,,0.0,,,,,,,4.0752471551387265e-05,,,,,,,,,
1979-01-30 00:00:00,0.5247617981137609,0.31208384812936274,,-0.008636948625011557,-0.3322950058434842,261.18824181189905,266.8932948366425,0.8070557508948286,,,,,,,0.0052926328760632396,,,271.4593505859375,271.45997619628906,271.46006774902344,271.4599609375,0.33269764681638786,,,,,,0.03855607072277182,,,101260.31582840237,,,2.8816568047337277,116.78001755934496,0.1224653847824187,,262.6697045501167,,73840.69068971893,0.3433746966428658,0.003778875226805196,0.03677241759892751,0.00048095234752406734,0.009771674342409394,,257.3634941507373,0.012594026574016324,-0.2886501515405418,1.1314063502775957e-07,0.030099400168990154,0.017008453017905267,6.423865482156005e-07,0.2274032302818002,0.05559790359269938
1979-01-30 18:00:00,,,8.26400147387262,,,,,,1519.913803752671,1.43952711799441e-06,9.396645245996452e-08,4.7976200705801946e-08,8.469602139942215e-10,2.4505398874605053e-07,,7.921720583763348,0.16379650951137203,,,,,,2.3501864551792482e-05,3.455799712231879e-05,611.1235207100592,1.6710902812212882e-06,5.440643200507531e-06,,268.36345604890903,6.940370127999571e-06,,268.7919368405314,9.564385258939844e-06,,,,2.3548596004057212e-05,,0.0,,,,,,,3.599856026779265e-05,,,,,,,,,
1979-01-31 00:00:00,1.786122118932961,0.8932666552842722,,0.5631591413148056,-0.04031102897147455,263.2778183976574,268.44185344989484,0.8032729749143477,,,,,,,0.38729443070451186,,,271.4597473144531,271.4601135253906,271.4602508544922,271.4599609375,0.1865776107156065,,,,,,0.2952070066914756,,,101170.20321745562,,,2.6568047337278107,120.75581730046922,0.12312867091252254,,263.86682065704167,,73816.12208764793,0.5336628750231139,0.005647396900244719,0.014063727926220414,0.00041836676512949566,0.006197483581904123,,259.1175932573849,0.3470777791632703,-0.019780982880902714,-2.3252858916199738e-07,0.25986720518947487,0.029922372706994944,3.2655858247370055e-07,0.03809198682785748,0.03956682565649586
1979-01-31 18:00:00,,,6.935407525688939,,,,,,1873.0185215515498,3.902010134691318e-06,2.9812517338955897e-07,2.040919026679541e-06,2.7508182814840733e-07,1.293246842422743e-07,,6.722603363398264,0.17211616109814165,,,,,,2.022907578733546e-05,2.3211247822236733e-05,609.5377218934912,4.2873352060656576e-07,6.0026550434044834e-06,,269.01201950163534,5.4477410908986835e-06,,269.4471571882801,7.261274128975953e-06,,,,2.2269829490481043e-05,,0.0,,,,,,,2.7133956463379268e-05,,,,,,,,,
1979-02-01 00:00:00,0.4587962585088064,0.8248085665279592,,-0.001842352060171274,-0.16845795106605665,262.3882904955621,268.62126854890903,0.7989206328194522,,,,,,,0.9605998171151743,,,271.4594268798828,271.4599151611328,271.4597473144531,271.4599609375,0.23509306597286428,,,,,,0.5101085110600575,,,101570.00980029585,,,2.5207100591715976,124.78870838774732,0.12356339121711325,,264.7211046388163,,74143.53370007397,0.9771965026150088,0.03172593297348661,0.01608734388070289,0.00018559193470068939,0.03232671523235253,,259.2036727814985,-0.003483502469824616,-0.1019119003115321,-7.59060429161161e-06,1.1387296936215734,0.21272374632266852,1.6224378039343998e-07,0.057721053354838896,0.03988152261845459
1979-02-01 18:00:00,,,7.944817746179344,,,,,,739.0538497736425,1.407163382987299e-05,1.8978259972566684e-06,1.086598846333972e-05,1.5012919902801514e-06,4.2433592536660273e-07,,7.6797290948721075,0.3452691072542992,,,,,,3.562753017132099e-05,3.769209046335615e-05,1308.405325443787,3.9469202726903047e-07,7.032841091325297e-06,,269.54722658416927,9.57373154939279e-06,,270.03304304314787,1.3414307458866278e-05,,,,4.649585520727394e-05,,0.0,,,,,,,5.175490703808485e-05,,,,,,,,,
1979-02-02 00:00:00,1.9382214122975365,1.1808192405474962,,0.6994691600460978,0.3487876124635956,266.71237453483263,270.3155644885182,0.8022124816680095,,,,,,,0.38929992314626477,,,271.4598388671875,271.45960998535156,271.4600524902344,271.4599609375,0.40435890333186947,,,,,,0.07010428443380229,,,101482.03605769231,,,2.8402366863905324,124.60643213035087,0.1250444615381004,,266.27035071017474,,74022.53074149408,0.6883049832998648,0.007927129483236187,0.026234553410456732,0.0001521688946605434,0.008777528119510448,,261.4209236280453,0.3899980705870679,0.07912863217867337,1.0425788657801754e-06,0.1545734750051823,0.059651770666186536,-6.022753563197054e-08,0.15410197509546383,0.07025239856902664
1979-02-02 18:00:00,,,6.993580981824525,,,,,,396.29628828881494,3.4202132704695302e-06,1.6768490509874017e-07,5.774089746926663e-07,1.5231808261758478e-07,5.146679293657736e-08,,6.722629772840873,0.2995959400425296,,,,,,4.0311432449069956e-05,5.170403147590231e-05,1052.4718934911243,2.272250736958882e-06,8.641483162987161e-06,,267.58553851426706,1.0358864033715965e-05,,267.9973500268699,1.3969397756474963e-05,,,,4.088561210406603e-05,,0.0,,,,,,,5.5134472762339216e-05,,,,,,,,,
1979-02-03 00:00:00,2.0180653114996012,0.48669209564931293,,0.761095735448352,-0.07328952699017947,259.95306658321584,265.786843203934,0.7997623939485945,,,,,,,0.0,,,271.4600372314453,271.45994567871094,271.45997619628906,271.4599609375,0.265705019471197,,,,,,0.037901838855630546,,,101558.90162721893,,,2.8224852071005917,125.79009522206684,0.12601287830510788,,262.71362611669053,,73950.78178161982,0.2674359439985176,0.00541114242824577,0.029234190282849765,0.000705654099142763,0.010715416902621117,,258.09488240078355,0.5086816196610942,0.05615593872126743,2.235443421798626e-07,0.029187129094050482,0.027123863140628094,1.4413456768679196e-08,0.08194593130748652,0.06137340689992764
1979-02-03 18:00:00,,,4.441729257798054,,,,,,917.8636322021484,0.0,0.0,0.0,0.0,-2.8768732784572197e-08,,4.143094186952128,0.022782365245931954,,,,,,5.2620672631854486e-09,2.2707187388775617e-07,65.16457100591715,1.890651128095018e-09,3.981843147118239e-09,,264.9423791106636,2.8215431726741546e-09,,265.4473291882396,1.213006322553172e-07,,,,5.2620672631854486e-09,,0.0,,,,,,,2.2707187388775617e-07,,,,,,,,,
1979-02-04 00:00:00,0.22167136965418707,-0.23191036134076543,,0.03695063054914305,-0.3343240467048961,253.89409443330482,265.35274519158537,0.7958323673383724,,,,,,,0.0501187115731324,,,271.460693359375,271.46031188964844,271.4600524902344,271.4599609375,0.053124151286288834,,,,,,0.050303577671389606,,,102112.04641272189,,,0.44970414201183434,128.0364201111201,0.12622744091869106,,258.32239907168776,,74375.09483635356,0.11312541171643861,9.01001797625299e-05,0.008069145608935836,0.00018783010674651557,2.0456560970058104e-05,,255.00688983984952,0.03330361913647172,-0.11016868839602499,-2.0948877157633104e-08,0.0007561774436693043,0.0003306567228052038,-2.2429471298020344e-07,-0.008770395312788924,-0.006377570375182925
1979-02-04 18:00:00,,,5.293479467990131,,,,,,4244.556158598905,1.4201291566769753e-06,6.764763470232135e-08,1.1773019500032685e-06,0.0,9.838418876954176e-08,,5.227934019100031,0.04976441874306583,,,,,,7.477605483941073e-06,8.838284297807683e-06,240.95857988165682,3.05688725068019e-07,1.6859914424151358e-06,,268.79462699212974,1.494987652851985e-06,,269.09210069645087,3.7655410681955914e-06,,,,8.655811202596631e-06,,0.0,,,,,,,1.025667204659366e-05,,,,,,,,,
1979-02-05 00:00:00,1.439037883775474,0.028475191466201692,,0.45501701084114393,-0.30270827028172964,259.3296516012158,267.98116623015096,0.7914214677359226,,,,,,,0.8095434607397876,,,271.4600830078125,271.4596710205078,271.46022033691406,271.4599609375,0.07475632887620193,,,,,,0.3774461012620192,,,101942.89709689349,,,1.78698224852071,130.21335705638637,0.12619831999378092,,263.7213737894092,,74417.46424278847,0.8719772460192619,0.009002490661771053,0.014096051278198964,0.00011015996425109503,0.005434195877854662,,259.699111216167,0.2783258560846543,-0.1602027476186583,-1.1582559039375397e-06,0.3743514532785444,0.00014616355035431991,1.0893279590131439e-07,0.024168563158025402,0.0002399827601641593
1979-02-05 18:00:00,,,5.277684313305737,,,,,,2654.5371074329723,1.5178353652446228e-07,0.0,1.52370435070004e-07,2.1012965589761734e-08,2.465975748123801e-07,,5.18215699731951,0.131256103515625,,,,,,1.9213945202573515e-05,1.971361905160035e-05,518.4504437869823,1.2512649437026864e-07,4.1192452583087265e-06,,269.0031983866494,4.185617146407359e-06,,269.3800579725638,4.7056588548174975e-06,,,,1.936648371656971e-05,,0.0,,,,,,,1.9865452185184997e-05,,,,,,,,,
1979-02-06 00:00:00,0.8830629044030545,0.1447694936447595,,0.3582302748098881,-0.2555094611715283,262.8607401650333,267.90753173828125,0.789222286650415,,,,,,,0.13749568420049002,,,271.4595947265625,271.4598693847656,271.4600524902344,271.4599609375,0.13379971656573594,,,,,,0.07205787071814904,,,102041.7851331361,,,2.3431952662721893,130.28045672354614,0.12637599403336203,,264.6487958558212,,74491.18105122041,0.2910160764434634,0.003884507354194596,0.010655803793280788,1.952933841908472e-05,0.0074787478475175665,,260.5071867993598,0.1464787541761906,-0.11932784283654929,6.22330419486733e-07,0.09183370150052585,0.02140534980718209,2.1612323674555185e-07,0.02815494342492177,0.019677348765572148
1979-02-06 18:00:00,,,4.941755272227631,,,,,,2001.9491915731035,1.7830517870434643e-05,3.354535741213511e-06,3.0954186556607306e-06,8.994151325620844e-07,-2.3652383793812225e-08,,4.809794014022195,0.33896686621671596,,,,,,9.735457643249331e-05,0.00011717841117339727,1369.6042899408285,6.138771419694438e-06,2.2297118895152618e-05,,272.3260094456419,2.6315318409507797e-05,,272.60728210810373,3.985125990308954e-05,,,,0.00010044608243118377,,0.0,,,,,,,0.00013500293331033378,,,,,,,,,
1979-02-07 00:00:00,-0.020449779442781528,0.944872997216219,,-0.018527978976097332,0.18861361509244118,269.2156799135829,273.5582089395918,0.7914640691858776,,,,,,,0.730897728846954,,,271.4597625732422,271.45982360839844,271.4601593017578,271.4599609375,0.32969909306813977,,,,,,0.8371961003929905,,,101660.75943047338,,,2.63905325443787,125.91638960076507,0.12699618424184222,,270.5923407740847,,74207.96891179733,0.9997205550854023,0.13374145106362872,0.013692686543662166,0.0016512306484244984,0.23350407493978562,,264.1776813755374,0.02820322499472714,0.10259413895522349,-1.099597607235033e-05,3.1219416514656246,2.057497976446998,9.112056281373522e-08,0.06911339178769546,0.07873426809818787
1979-02-07 18:00:00,,,7.05449061421953,,,,,,531.9036324405106,0.0003402503382874558,7.138057396962092e-05,0.00011391928915441389,1.297955065083927e-05,-4.55577520429041e-08,,6.363182237162393,0.7090212434706603,,,,,,0.00019851009521258654,0.0002893236893677454,2635.634886973003,2.576569481008857e-05,4.140027528683815e-05,,270.76196875939,0.0001162433881016318,,271.0964611888637,0.00024593130933546557,,,,0.0003124367908613216,,0.0,,,,,,,0.000629575369423586,,,,,,,,,
1979-02-08 00:00:00,-1.2357528788098218,0.5865990565373347,,-0.6587569501978405,0.1339861683591583,268.31229694073016,271.01226707323065,0.82944050378348,,,,,,,0.15393770658052885,,,271.4595947265625,271.46026611328125,271.459716796875,271.4599609375,0.7529280263291308,,,,,,0.7740895113296057,,,101439.33108357988,,,3.1124260355029585,112.83345690845738,0.13301224398189748,,269.26063411193485,,73958.05538091715,0.9235564403279999,0.0735530508957671,0.15582033689146202,0.01667528321757119,0.11416219677445451,,264.45326855902135,-0.46003562882101745,0.041131719329653406,3.355862720891525e-06,0.46551045841542926,0.5482827471734504,-1.9440743087146143e-06,0.03190156835070729,0.7713608600684172
1979-02-08 18:00:00,,,4.218280685018506,,,,,,321.6498751600249,1.0358346019976237e-06,6.307423467466817e-07,4.1766924309659994e-08,7.021428256697909e-08,1.0361319906202271e-07,,4.022075438993217,0.34573255911381284,,,,,,1.1278856435471032e-05,2.155801248268263e-05,1194.4060650887575,1.3881666067789293e-06,2.493519754804803e-06,,264.75965655625924,3.983327270259519e-06,,265.1173832458857,6.503342876772908e-06,,,,1.132065022485496e-05,,6.726628841733086e-07,,,,,,,2.260400346044958e-05,,,,,,,,,
1979-02-09 00:00:00,0.22096625446567875,-0.40475871294913207,,-0.010837887871194874,-0.3360009390926925,260.462460218802,263.54843518860946,0.8272193941844286,,,,,,,0.02933172643537352,,,271.4598083496094,271.4599304199219,271.4598083496094,271.4599609375,0.46427457008136097,,,,,,0.1429651926255085,,,101709.59430473374,,,2.3195266272189348,118.77759059928579,0.1337759424243453,,260.5003246781389,,73918.84310281066,0.4938258786173262,0.00484666316466924,0.05976258227105677,0.00045711613265720345,0.008404861540484004,,256.3523777166062,-0.006361373782863279,-0.13352710678732607,8.9299496102764e-08,0.013340771506876636,0.0008927788475208734,7.449586610702423e-08,0.1460753411961135,-0.0047981848378153245
1979-02-09 18:00:00,,,5.071220256873136,,,,,,416.16498366347304,3.071534915788639e-06,2.546037530757972e-07,2.785833805975829e-06,6.098234089168572e-08,3.831443398710087e-08,,4.896392133814343,0.26860795782867974,,,,,,7.434356847458337e-06,2.3228529642319537e-05,857.7577662721893,3.939703900433151e-06,1.942033510236345e-06,,263.8210214468149,3.795872425891944e-06,,264.21530386117786,8.13936252565779e-06,,,,1.022060947305352e-05,,1.8821533262376955e-06,,,,,,,2.6306457068087787e-05,,,,,,,,,
1979-02-10 00:00:00,0.17539415415927503,-0.3177140760703905,,-0.009422522324782152,-0.4073272005340757,259.7098790456557,264.77127806533724,0.8234900878025935,,,,,,,5.63232151008922e-05,,,271.4597625732422,271.4598846435547,271.4597473144531,271.4599609375,0.3426175992164386,,,,,,0.10263233071953587,,,101824.43602071005,,,1.8047337278106508,122.68090513330945,0.13419607264050365,,257.6844756899501,,74042.78686667899,0.3578234791050296,0.0023933613794089774,0.05764982686240292,0.0006514639544063771,0.008837637816660504,,254.08298858100846,-0.02500954393804426,-0.22173928368021045,1.1799481813451441e-07,0.006069830456230591,-0.0027861380012783074,-2.3804257569432302e-07,0.07116425665613463,-0.02281026480465951
1979-02-10 18:00:00,,,3.6452366554525475,,,,,,665.4100128749632,2.6060323390734972e-05,4.831767646518685e-06,2.195562660341432e-06,6.667498124421701e-07,2.4900619528179206e-08,,3.4396156160789126,0.44714463815181216,,,,,,5.8116556624689046e-05,9.874567477660772e-05,1576.7951183431953,8.462426754144522e-06,1.3316700444419003e-05,,267.5893330771542,2.2866757663749378e-05,,267.9841239974344,3.723015446634687e-05,,,,6.031125960265391e-05,,3.903883801409479e-06,,,,,,,0.0001248191799637834,,,,,,,,,
1979-02-11 00:00:00,0.3214729805669841,-0.2794137706418009,,0.0767492091161965,-0.3492771238970333,262.60821758924857,266.382734942013,0.8196076115912939,,,,,,,0.04948244715583395,,,271.45985412597656,271.45985412597656,271.4596252441406,271.4599609375,0.4759389383762458,,,,,,0.4807631885247118,,,101742.2673816568,,,2.8816568047337277,126.15321467472957,0.1347949265022955,,263.8519334059495,,74061.84989829881,0.6283632070928283,0.031378322804467916,0.06771412685778014,0.0015121324527898484,0.04344213361570821,,259.27079447909927,0.026197846824600853,-0.11799100059023976,6.976978129279502e-07,0.15570763582308617,0.02757250592553404,3.7447382012635644e-07,0.09710792653653881,0.05398077760222395
1979-02-11 18:00:00,,,5.411170874827007,,,,,,1015.8933833195613,1.083508398405899e-05,3.354083856887366e-07,8.340594331188315e-06,3.170993553816214e-06,2.2399573677809104e-07,,5.354325706084099,0.12572465704742974,,,,,,7.377548925799026e-07,5.951426791016167e-06,500.13424556213016,8.807005085183319e-07,1.352043414609672e-07,,265.2622939792611,1.5722378294848832e-06,,265.69324389576207,7.4344009337340585e-06,,,,9.077981378905166e-06,,0.0,,,,,,,1.6790125849684315e-05,,,,,,,,,
1979-02-12 00:00:00,0.4038504651312292,-1.0837818743914542,,0.06807176601251907,-0.6578245670837763,262.4531382724378,266.547203470264,0.8183248311104859,,,,,,,0.0030340838009083764,,,271.45989990234375,271.4601944481304,271.4602813720703,271.4599609375,0.1805215869429549,,,,,,0.0905432165021727,,,101980.7387204142,,,1.2840236686390532,128.3400905992858,0.1352435484440369,,259.0468626304491,,74198.66974852071,0.21247439412675664,0.0008782254168267787,0.03515169042101979,0.0001729166013954659,0.0005671667629445092,,255.87018526517429,-0.0014585789138748802,-0.3254725100726066,4.551389717707719e-08,0.0036192097833391123,-0.0029607735045210143,-1.9638135727183597e-07,0.016117065968598136,-0.025963783969540567
1979-02-12 18:00:00,,,4.304760594339766,,,,,,1273.1913017377462,8.206660225546572e-06,0.0,7.454372016635872e-06,0.0,2.9885382394956636e-08,,4.197211158346143,0.048344358184633875,,,,,,1.550004569560113e-07,5.055097697754584e-07,186.0218195266272,1.0189526582125729e-08,4.2950709697586545e-08,,265.5713627380732,1.0387277638418435e-06,,265.90562303531806,2.931340558994451e-06,,,,7.609467534623908e-06,,0.0,,,,,,,8.711624427659978e-06,,,,,,,,,
1979-02-13 00:00:00,0.2541710893077963,-0.2417265649377947,,0.06989541702721952,-0.3639327562772311,258.75903753698225,266.4429943378155,0.8131722543366562,,,,,,,0.0038319988363593287,,,271.45977783203125,271.4599609375,271.45994567871094,271.4599609375,0.09272630680242233,,,,,,0.02596106896033654,,,101817.8788831361,,,0.863905325443787,131.68261556230354,0.13509296101225904,,258.8558174449311,,74250.63510077662,0.10101462821283284,0.0006591215641540888,0.017152774968796226,2.8257715631518844e-05,0.000443077651706673,,255.01152462931074,0.016194082223452054,-0.190126309733419,6.04826139152524e-08,0.009575112580911383,-0.001621047398571432,-3.8077273287606484e-07,0.0253812482884669,-0.005121045211363121
1979-02-13 18:00:00,,,4.739069542235876,,,,,,934.8153015136719,5.295114404351048e-06,5.648498968965203e-07,4.0342248755799245e-06,2.6822531011682997e-06,1.1995026403307893e-07,,4.6078664847379605,0.07725073458880362,,,,,,2.774062770358204e-06,6.614109644523034e-06,285.5846893491124,1.6510751120437532e-06,6.992634407867341e-07,,266.70994775535087,9.021043953810924e-07,,267.1396942138672,6.381047547921626e-06,,,,6.808596249868179e-06,,0.0,,,,,,,1.190399982520109e-05,,,,,,,,,
1979-02-14 00:00:00,-0.029227499425763914,-0.6219109529574242,,-0.1270472622482029,-0.48722914972248865,261.91597210585013,266.83655624841094,0.8076426436209819,,,,,,,0.0069194545407267015,,,271.4599304199219,271.4593505859375,271.4601593017578,271.4599609375,0.1071455916004068,,,,,,0.05253935142381657,,,101843.63535502959,,,0.8757396449704142,133.08979011851656,0.1351483898049981,,261.0652312329535,,74264.92820821005,0.13030978772767196,0.0014454147519444573,0.02559409056894878,0.0004671706250433386,0.0024203125541732155,,256.5485494940944,-0.07359511153937796,-0.2504714593379455,2.220294199961089e-07,0.04040274535410503,-0.0009861981727667813,8.17678520816224e-08,0.05630872764530972,-0.02306790605804624
1979-02-14 18:00:00,,,4.625229228177719,,,,,,5547.483816707835,0.0,0.0,0.0,0.0,1.6552991929158194e-08,,4.498418970573583,0.04543751372388129,,,,,,3.096179143916926e-06,5.1667792557259285e-06,212.88276627218934,4.878807702713464e-07,5.065320202937493e-07,,267.8037131947173,8.805737604756327e-07,,268.1535688772709,1.1596674397146913e-06,,,,3.096575920398419e-06,,0.0,,,,,,,5.160805565365673e-06,,,,,,,,,
1979-02-15 00:00:00,-0.4003265256712423,-0.31306880747778176,,-0.28301356953276685,-0.5864093317788028,261.9161736302122,268.2941601995886,0.8020169258823057,,,,,,,0.5737446440747503,,,271.4598846435547,271.4599914550781,271.4603271484375,271.4599609375,0.08658053606924926,,,,,,0.04231406668939534,,,102029.90865384616,,,1.4142011834319526,133.517166227984,0.13516092582567205,,262.1471860084308,,74438.6171875,0.6059486071783058,0.0031336665858883827,0.0112210335816152,6.58077601145005e-05,0.0034534409201356785,,257.79999266855816,-0.12813594637537848,-0.3015124021902592,-1.5745134067552208e-07,0.08010367670002774,0.036307317737941824,2.0571499552333882e-07,0.019159596413373947,0.005623834372977534
1979-02-15 18:00:00,,,4.8246036337677545,,,,,,2097.651011088896,8.219886108263005e-05,1.8212216845630893e-05,6.532483905024783e-06,4.93611986115134e-07,-7.10721890071473e-08,,4.542786293481228,0.3256153354983358,,,,,,0.00012710514153249164,0.00013350161927691578,1248.1146449704142,2.0085376571621416e-06,3.0671571486095e-05,,272.7625214164779,3.1108642823597386e-05,,273.11629156530256,8.566236707585803e-05,,,,0.00013363784586889504,,3.5152949679356354e-08,,,,,,,0.0002157212009091349,,,,,,,,,
1979-02-16 00:00:00,-0.20105845547286716,-0.22173447016428208,,-0.17150894142466888,-0.5506936304667998,267.716485740165,271.7224122899524,0.8035310118861453,,,,,,,0.4927252594535873,,,271.4606018066406,271.4597930908203,271.4602813720703,271.4599609375,0.33603203226123335,,,,,,0.7615440796685995,,,102030.54419378698,,,2.5976331360946747,130.40166604307277,0.13573030607234796,,270.5306568032891,,74499.2504160503,0.9508336955273645,0.1088784588996828,0.018369944688490826,0.0017911922296828771,0.17381425675820317,,264.2256287343403,-0.06608987101436367,-0.2855023999185957,-8.273578542367329e-06,1.849236546536169,1.18082356439716,-5.035829756508124e-07,0.1810641469001307,0.09732777950320856
1979-02-16 18:00:00,,,6.211827362782857,,,,,,1696.5345093191486,5.8219453992222896e-06,5.921944094127451e-07,1.988533509553537e-06,1.3019090529376937e-07,3.4340978641415665e-07,,6.061149529451449,0.24909630047499076,,,,,,2.2198674241466634e-05,2.2791899167574367e-05,980.3088017751479,5.988156169476594e-08,5.47454554653732e-06,,270.09143581051796,5.437998023964244e-06,,270.5846411349505,7.57437485914964e-06,,,,2.4189434107944106e-05,,4.8242182162254165e-09,,,,,,,2.8615255327619744e-05,,,,,,,,,
1979-02-17 00:00:00,1.3043752478424615,0.3475125104012574,,0.3737937487088717,-0.17603233721129288,267.03037257448455,269.91080443252474,0.8118050786165091,,,,,,,0.01941408913516434,,,271.4595947265625,271.46018981933594,271.45994567871094,271.4599609375,0.30761935442862426,,,,,,0.07087680432923446,,,101815.23835059171,,,2.5562130177514795,129.89984004455206,0.13807361930079715,,267.0310068525506,,74307.06421042899,0.3641875217608094,0.005833743251522606,0.019107934969240393,2.880579621128782e-05,0.007136960001386835,,262.91121181510607,0.24834194409071342,-0.07941954234648033,1.5140851795468093e-07,0.06450570575182034,0.03051894671902248,-1.730546479240148e-07,0.11733551885513864,0.04971569741266014
1979-02-17 18:00:00,,,5.778681664777225,,,,,,518.3610452505259,9.450774926405687e-06,1.6388852568067743e-06,3.0620122802328076e-06,7.195321060496674e-07,1.0967903361330635e-07,,5.642664378916724,0.10963412854798446,,,,,,1.033338216634897e-05,1.211905267817029e-05,410.6468195266272,2.394766497188771e-07,2.187340569919383e-06,,268.8075368305635,3.5849636828405618e-06,,269.20160796938563,6.37901957923844e-06,,,,1.3394644979894514e-05,,0.0,,,,,,,2.1532618787867076e-05,,,,,,,,,
1979-02-18 00:00:00,1.503167440199993,-0.6384297602275419,,0.42485027764675887,-0.5446452078734629,264.3003661928798,269.59900498249124,0.8089035029947405,,,,,,,0.00016160970608863605,,,271.4600830078125,271.45970153808594,271.4601745605469,271.4599609375,0.1092260236570821,,,,,,0.02423781897189349,,,101903.9023668639,,,1.7633136094674555,133.32714681230354,0.13849965778328258,,263.73788858447557,,74287.51507026626,0.1170119787814349,0.0011271753254726794,0.009894895835741031,0.0001324126000940447,0.0030950512406388683,,259.14851063384106,0.26329835808488744,-0.27912899446205275,3.6061657587487865e-07,0.02143081825243078,-0.0041981180744058285,2.6677546147174426e-07,0.018367875146971652,0.004726650689304228
1979-02-18 18:00:00,,,5.163047192364755,,,,,,3423.537601780247,2.238679037997003e-06,6.927386719799606e-07,2.2083642126540462e-07,6.249780661961031e-07,-1.5417964067847397e-08,,5.101312355176937,0.06809573201738166,,,,,,1.3584083706669553e-06,2.4967160097946077e-06,260.27403846153845,3.168728621401025e-07,3.681155803376401e-07,,270.57933288213064,4.187025151838212e-07,,270.90422473433455,1.959194093060917e-06,,,,1.5792365257556621e-06,,0.0,,,,,,,4.742030032287688e-06,,,,,,,,,
1979-02-19 00:00:00,-0.4690829056959886,0.17830692945852789,,-0.3319985372780343,-0.36536577890610555,263.7278327716173,270.40728497928416,0.803183777797857,,,,,,,0.46477007442677515,,,271.4602508544922,271.460693359375,271.45982360839844,271.4599609375,0.10369773729313055,,,,,,0.4989573461769601,,,101752.4474852071,,,1.7337278106508875,133.83613812147513,0.1384812219608465,,265.095753957534,,74311.41769138313,0.6875388241378513,0.01110385014460637,0.01425498194948456,4.414341153477776e-05,0.008500793276453865,,259.7087162175828,-0.15180400419517381,-0.21800803573879265,-2.2177369376512235e-06,0.32098600285998463,0.1190187350320547,2.5727437932585705e-07,0.04156336682358173,0.015519957923324855
1979-02-19 18:00:00,,,6.89424948720537,,,,,,500.37411026988957,1.1996228314010349e-05,7.015256178096907e-07,4.04295395817277e-06,1.4951639979548709e-06,5.811817363092604e-07,,6.613040244438239,0.2783559765336076,,,,,,2.433350805700178e-05,3.731735711972389e-05,996.9596893491124,2.063579372400363e-06,5.662573512489274e-06,,270.82178032327687,7.4860700488795895e-06,,271.592643873226,2.1219870747899163e-05,,,,2.8370841015020064e-05,,1.1330000648396255e-08,,,,,,,4.9322667206532854e-05,,,,,,,,,
1979-02-20 00:00:00,0.3764121433686928,0.9643061936959713,,-0.05634495210365431,-0.06949302853917229,269.28251115245934,271.81305319882006,0.8256963678365629,,,,,,,0.00013256919454540726,,,271.45953369140625,271.4600830078125,271.4601831128435,271.4599609375,0.3698474048862796,,,,,,0.08918012810882027,,,101428.81564349112,,,2.7514792899408285,124.78154307709643,0.14382405535003842,,266.1087753927919,,74031.46315643491,0.38332922218819343,0.0033160074222722703,0.04973833555439708,0.00251389678413346,0.01240535036346616,,262.2110375398715,0.012743598258001565,-0.04211280755037387,4.814743864613161e-07,0.03626061612993311,0.013417832553386688,1.7598944202274878e-06,0.328693823348841,0.024546400329770422
1979-02-20 18:00:00,,,9.49746039915367,,,,,,381.4828562676152,5.421024807811489e-06,7.91555303617342e-08,4.937596751388008e-06,2.0340305460980656e-06,1.456601723970724e-07,,9.386710663518961,0.15357655180981877,,,,,,4.326609464792105e-05,5.288959960260335e-05,597.1708579881657,1.1099932285455557e-06,9.7145872003228e-06,,268.33224099063307,1.1036999126863198e-05,,268.73409176437104,1.5594197448188736e-05,,,,4.8202699458105324e-05,,0.0,,,,,,,5.8303923296505176e-05,,,,,,,,,
1979-02-21 00:00:00,2.8811138931816145,0.9201655472524067,,1.169556747526812,-0.047878299239119126,262.7553527651454,270.02010765301407,0.8252395507852002,,,,,,,0.001194034102400379,,,271.4596252441406,271.46006774902344,271.4602355957031,271.4599609375,0.17913087020964313,,,,,,0.02777894149870562,,,101022.67289201183,,,2.57396449704142,129.44172244100176,0.14483455793392022,,262.64006620328104,,73622.30279215977,0.1847333738789756,0.0025534263023963342,0.016743360891850037,0.0004934897789588341,0.015205247867742234,,258.50817573141063,1.013821302081001,-0.06387167886869442,6.083120439875286e-07,0.03935205582286488,0.005609747573468812,3.443109718862282e-07,0.049735621764109686,0.0641850109636431
1979-02-21 18:00:00,,,6.384240782472509,,,,,,532.0033287635216,2.412334878063766e-06,6.885945620621449e-07,1.457955181245973e-06,3.496868282380189e-07,-2.99771713987048e-08,,6.1913841461994235,0.09816466562846708,,,,,,8.387634387383094e-07,8.29437813727108e-07,355.60170118343194,0.0,2.3333901352078253e-07,,266.1549556213018,1.7799351628891816e-07,,266.76745045678854,2.396397689390465e-06,,,,2.296762706260004e-06,,0.0,,,,,,,3.243471391102266e-06,,,,,,,,,
1979-02-22 00:00:00,1.6700334379658897,0.738621207736653,,0.7264100926867604,0.005635492900419517,259.6858331804445,268.4560076470911,0.8207302640175679,,,,,,,0.0033712217793662167,,,271.4602966308594,271.4606018066406,271.46002197265625,271.4599609375,0.10906783786751109,,,,,,0.019775255191960984,,,101217.20081360947,,,1.6153846153846154,131.45917343952246,0.14535837624905376,,259.8996098083857,,73774.64896911982,0.12170139290171968,0.0017030366073698688,0.00371460096370539,3.5250063478593996e-06,0.0007499632750742534,,256.92596552922174,0.61083975804628,0.033430291703466834,1.5529723745493836e-07,0.04704147518733682,0.005638449840552791,-5.721636550478946e-09,0.015662215191308827,0.00246018612173182
1979-02-22 18:00:00,,,7.750567453147392,,,,,,804.023196880634,2.8352853814525716e-05,2.821521646172337e-08,2.796947956085205e-05,4.820988552104792e-06,2.390046434951588e-07,,7.6176935511933275,0.2479090944549741,,,,,,4.333046061047436e-05,4.6027129923803566e-05,927.5133136094674,1.562927359130961e-07,9.830005070161538e-06,,267.4262745874168,1.3013034177249705e-05,,267.8558949126294,1.93662632851911e-05,,,,7.129967565367207e-05,,0.0,,,,,,,7.437495790289703e-05,,,,,,,,,
1979-02-23 00:00:00,0.7270714968619262,1.0415212303929076,,0.14780644975470367,0.16884330884944757,265.0258458605885,269.37547916209206,0.8216611132819271,,,,,,,0.0005550045938886835,,,271.4598846435547,271.45982360839844,271.4597930908203,271.4599609375,0.26131380521334135,,,,,,0.2699025171042899,,,101393.40440088758,,,2.7810650887573964,131.63465420875323,0.14669266254944208,,263.53752894655486,,73859.35135447486,0.3546315029528014,0.015826885516826924,0.007895610741609653,0.00015940891920462161,0.01861206596419656,,259.5001962876179,0.07787727921672122,0.026804146682016947,9.753649362732144e-07,0.40208510087786475,0.1274613600365298,1.5279080459748854e-08,0.03134886631962551,0.04950712361378518
1979-02-23 18:00:00,,,7.215285690578483,,,,,,488.72107462565106,8.331314170148951e-07,0.0,8.206660225546572e-07,1.5327833681064246e-07,7.27276146682613e-08,,6.868199529027092,0.14967364249144785,,,,,,3.520871055196728e-05,4.140318498103576e-05,551.2389053254437,6.388927969706834e-07,8.666435995045498e-06,,265.72730404103294,9.37507879099197e-06,,266.2351420024443,1.0303227153755505e-05,,,,3.602959700590055e-05,,0.0,,,,,,,4.2236591937273917e-05,,,,,,,,,
1979-02-24 00:00:00,1.9604370184904019,-0.13309367591812765,,0.6179683956168812,-0.3773310734675481,260.6918394551475,266.81951163929597,0.823474887207415,,,,,,,0.0,,,271.45973205566406,271.46002197265625,271.4601287841797,271.4599609375,0.16081743409647745,,,,,,0.027015821468195266,,,101531.07618343196,,,1.982248520710059,131.74079326200768,0.14828701132147976,,260.2984813261314,,73840.57093657544,0.1621362810304179,0.0024169097990679317,0.014612186589889978,0.00017084877871902736,0.012730615378836909,,257.40608188245426,0.4613763143324993,-0.14845102672746197,2.9183277240665023e-07,0.015870060208226008,0.0009605854352903084,3.878941302072014e-07,0.05613403156752417,0.018103781294011505
1979-02-24 18:00:00,,,5.530006690843571,,,,,,510.0622990385015,5.256131115044362e-07,1.7762592974388917e-09,5.072208683518969e-07,1.421327752298152e-07,5.3030182039172293e-08,,5.378034473170896,0.1296082445855677,,,,,,2.6159473424832497e-05,2.6152331448165622e-05,493.9223372781065,4.093350426530873e-09,6.083465186801888e-06,,265.517145371296,6.071826410011427e-06,,266.0844197470761,6.7271248123349526e-06,,,,2.666584838776899e-05,,0.0,,,,,,,2.6678545235176765e-05,,,,,,,,,
1979-02-25 00:00:00,1.2732949228681756,0.3529955564871342,,0.381189605893468,-0.15734601444041235,258.44429991231164,264.97842145389353,0.8205330907945803,,,,,,,0.0,,,271.4597625732422,271.4602813720703,271.4603271484375,271.4599609375,0.1337838257558247,,,,,,0.03337169398922892,,,101509.47337278107,,,1.514792899408284,131.17283838035087,0.14918428906322231,,259.9499751886672,,73821.24158653847,0.13889967337162537,0.002776998034595738,0.004595378446861132,0.0,0.00819031303450906,,257.6365597516122,0.2608366481651216,-0.015148555738686105,3.281734522053911e-07,0.014583044018618454,0.003252218460895606,3.800962948462149e-08,0.011634837246373207,0.0067921808353189886
1979-02-25 18:00:00,,,6.319398180267514,,,,,,306.690234375,4.6679099812310124e-07,0.0,4.66859882928916e-07,1.0192402522768495e-07,1.5303027616695298e-07,,6.143747995591022,0.20837709325305104,,,,,,3.4405811298528365e-05,3.47685531751644e-05,815.8372781065088,2.0333416980399183e-08,7.517106786987486e-06,,265.6497385600615,7.479501193797095e-06,,266.0563063762597,8.0718443943904e-06,,,,3.487189140545546e-05,,0.0,,,,,,,3.524168708620692e-05,,,,,,,,,
1979-02-26 00:00:00,0.7646893552069128,0.43181247259738176,,0.2443895622117985,-0.2127203518116968,263.53843454214245,267.81713199051177,0.8175129911603307,,,,,,,0.0,,,271.45977783203125,271.4606628417969,271.46026611328125,271.4599609375,0.24149299937592456,,,,,,0.040775998809633875,,,101772.33321005917,,,2.727810650887574,132.2507091273923,0.1501113648950701,,261.1202451265775,,74039.77745931952,0.24511456912791235,0.005820370284763314,0.010478521945208487,4.247271803003797e-06,0.010579712997526813,,257.93296552127634,0.11632423146941959,-0.10325458910338273,7.093776676655036e-08,0.02301782099447439,0.022013406657762604,-1.153414077042828e-07,0.03317125309148484,0.024015145078742292
1979-02-26 18:00:00,,,5.652283516155897,,,,,,744.3695036475339,1.6000452478961831e-06,5.862785822893741e-08,4.047202772995424e-07,1.3999045776897633e-07,1.4728462680369703e-07,,5.51780989043106,0.15373564048631658,,,,,,3.7448998739028116e-05,3.8263889459463266e-05,604.6741863905326,1.2866579569303073e-07,8.139428655071372e-06,,265.5144994611571,8.511031873127412e-06,,265.96502405651927,9.104300885510868e-06,,,,3.785388709525385e-05,,0.0,,,,,,,3.986404492304875e-05,,,,,,,,,
1979-02-27 00:00:00,1.0012219333084378,0.2790857743934767,,0.334540254265599,-0.15558439740062466,261.9165346044055,267.09626842250486,0.8142019580807206,,,,,,,6.896010517368655e-05,,,271.46002197265625,271.45953369140625,271.4603761621922,271.4599609375,0.17200537687222633,,,,,,0.052340626011233356,,,101697.2200443787,,,2.0710059171597632,132.09473649425618,0.15095363989384217,,260.2104075956627,,73973.80378605769,0.18779425084943602,0.005008437929774177,0.010906490348499907,0.00010060629195715549,0.014132798776118713,,257.83723783775196,0.18164131909432496,-0.08101512412347738,1.246466148285107e-07,0.02358721769773043,0.004469600654918061,8.781874185901951e-08,0.038805584847574404,0.015496559198615114
1979-02-27 18:00:00,,,6.010960505558894,,,,,,1610.2022178403793,4.018045212390155e-06,2.5671989431042643e-07,5.204357294993993e-07,1.1118283197724607e-07,1.8350482277176755e-07,,5.86283377923909,0.21416297325721154,,,,,,2.5286476992996487e-05,2.528784366754385e-05,846.5029585798817,0.0,4.968556338513391e-06,,267.13705706173147,4.965591536471124e-06,,267.4958877112033,7.93469199062099e-06,,,,2.580726816809389e-05,,0.0,,,,,,,2.930569049169326e-05,,,,,,,,,
1979-02-28 00:00:00,0.8312297008446687,0.39303281885632396,,0.28165827418220113,-0.1626075315757616,262.157345833863,269.0364189373671,0.8104000983858956,,,,,,,0.0006228537249141896,,,271.4604187011719,271.4596862792969,271.4595642089844,271.4599609375,0.22135853062014607,,,,,,0.11214975210336539,,,101680.20913461539,,,2.804733727810651,133.72576922354614,0.15158003744994394,,261.82900377984583,,74026.87058524408,0.2781589666061853,0.007589859369943833,0.004838097024951461,0.0,0.00873130030885956,,258.37748871752495,0.11608605730463062,-0.14947025028206187,6.855304475037448e-08,0.062141463368546944,0.013119854165252144,2.637653030901486e-09,0.023495521071262262,0.009325247544508714
1979-02-28 18:00:00,,,7.064761477814623,,,,,,329.423635263912,1.4543070419300238e-06,1.0065447825651903e-08,1.4265216666565844e-06,2.342358936924906e-07,2.053877281162133e-07,,6.921542630393124,0.16942781527366865,,,,,,2.1997288133971085e-05,2.1994554784876354e-05,682.2677514792899,2.4560446983214313e-09,4.7006771056609745e-06,,266.97793344350964,4.962130763826991e-06,,267.3823651195278,5.543760999419985e-06,,,,2.3423655498662642e-05,,0.0,,,,,,,2.344561046397192e-05,,,,,,,,,
1979-03-01 00:00:00,1.5920377313738039,0.18667753208318405,,0.5152464364407331,-0.3305527839434923,260.43633753308177,267.22262591299926,0.8072431644744421,,,,,,,0.0,,,271.46063232421875,271.45970153808594,271.46034240722656,271.4599609375,0.1773504674787352,,,,,,0.02404460116956361,,,101933.36649408285,,,2.473372781065089,132.77976330638637,0.15207449218930577,,261.7145483253976,,74190.22732525888,0.18008079754530326,0.003654677486983982,0.008359672049798908,8.38322575981095e-07,0.008904857748358913,,258.5031861976759,0.3163078265077264,-0.15425457192595893,1.6050141995473758e-07,0.021321341603410225,0.011275473253294473,2.3754942506419484e-07,0.0304876923348931,0.022919597556076105
1979-03-01 18:00:00,,,4.896541510813335,,,,,,2033.6760615298622,2.216944504066332e-06,3.4933413803224733e-07,1.6486889423703302e-07,6.16587896847866e-08,-9.077371705320702e-08,,4.796768589132636,0.03411395733173077,,,,,,3.936408451322973e-07,3.935857372876455e-07,106.8801775147929,0.0,1.518551767225096e-07,,266.05800615118807,1.061859281634438e-07,,266.3940213897524,1.946982194686077e-06,,,,5.585731133906799e-07,,0.0,,,,,,,2.6054107225858247e-06,,,,,,,,,
1979-03-02 00:00:00,0.7645720927672979,0.04481855087731717,,0.30717115571512976,-0.2309852633955916,256.5845419076773,265.95632049741124,0.8030198900657293,,,,,,,0.0,,,271.45965576171875,271.46006774902344,271.45989990234375,271.4599609375,0.032926570734328774,,,,,,0.007722075874283469,,,102266.3923816568,,,0.4319526627218935,133.18169100609052,0.1522786631386661,,259.9110623873197,,74478.78966346153,0.03510297967132027,0.000698399966990454,0.0008263108292980307,0.0,0.0007778794102414825,,256.26604637732873,0.13427455326509194,-0.14099582694691315,1.783280704169088e-08,0.006502720757426154,0.001332638531746949,-1.182605089831921e-07,0.0008278624333727818,0.0023125255295797387
1979-03-02 18:00:00,,,5.147176127461992,,,,,,4587.364021507469,9.389935865910096e-07,2.3091220181192873e-08,6.53270433640339e-07,0.0,1.2473897428455701e-07,,4.959902560217141,0.08633170043223003,,,,,,1.539907159184563e-05,1.5415030823656792e-05,373.9534023668639,3.2746975624261523e-09,3.0597197938952925e-06,,268.1404975123659,2.978182226948484e-06,,268.462799252843,3.702916513533282e-06,,,,1.605234202548597e-05,,0.0,,,,,,,1.637073310874623e-05,,,,,,,,,
1979-03-03 00:00:00,0.3240860707661104,0.25555010801236305,,0.06397601133267555,-0.41485245834440876,262.03840926130846,268.64479787250946,0.7984566938947644,,,,,,,0.45988356009037534,,,271.4593811035156,271.46051025390625,271.45994567871094,271.4599609375,0.11302085741031805,,,,,,0.22683697762573965,,,102275.29733727811,,,1.621301775147929,133.94837924573548,0.15234175518419615,,262.5578819139469,,74575.05632858728,0.7049737382217272,0.007917424411524621,0.008732316056652182,1.0950678199000613e-05,0.008553409012111686,,258.52832464635725,0.006797616298382099,-0.20790053824701252,-1.066683720497307e-06,0.16713335247263975,0.0623780383980563,3.0061002054731167e-07,0.025842609962712995,0.034774960617992214
1979-03-03 18:00:00,,,5.404276176317204,,,,,,1211.8193868001301,4.4644187540697625e-06,1.8745484436757467e-06,1.7008926036089835e-06,0.0,2.524089610669116e-07,,5.2735175239969285,0.06927074906388683,,,,,,3.1598507476276194e-06,3.42387243135441e-06,293.1468195266272,2.0130895651303806e-08,6.353438517751073e-07,,269.0505201351008,6.902422866172339e-07,,269.43158726438264,3.432270866879345e-06,,,,4.860754372805534e-06,,0.0,,,,,,,7.864198035742405e-06,,,,,,,,,
1979-03-04 00:00:00,1.210895148960091,-0.3039803815311229,,0.37230739367784127,-0.40389267509505594,263.73003500312035,269.3124285816441,0.7982065480136307,,,,,,,0.09707009580713757,,,271.45989990234375,271.4601287841797,271.4599914550781,271.4599609375,0.07399438259869638,,,,,,0.12401070679433247,,,102054.74297337278,,,1.7928994082840237,133.96844211555796,0.15250539215358758,,264.3556942008656,,74451.98781897189,0.23649425619452663,0.003294702112322023,0.0030269509941868527,6.616732777928459e-06,0.002677866693079119,,259.8533741426186,0.1795841353179435,-0.23042353793714174,-1.4850685852386895e-07,0.071205460799072,0.0029952316903151,-8.262333140871074e-08,0.00735091570125529,0.004787585800017654
1979-03-04 18:00:00,,,6.381885652711405,,,,,,353.46437848200566,3.793431148373869e-07,7.883728255887003e-08,7.725499856930513e-08,1.1537860549942276e-08,2.683029928039374e-07,,6.244622416750214,0.18967866615430842,,,,,,8.715812623853515e-06,9.911873284176256e-06,661.8709319526628,3.919600558704173e-07,2.0993443635793833e-06,,269.47103755431766,2.3085337418776294e-06,,269.9058530006183,2.6764777990487905e-06,,,,8.793007692641761e-06,,0.0,,,,,,,1.0296790557500173e-05,,,,,,,,,
1979-03-05 00:00:00,1.5665898125552566,-0.5184847871227377,,0.5047251120121521,-0.5019737841814933,264.32527025211493,270.28660727958004,0.7937885254797851,,,,,,,0.0,,,271.4606475830078,271.4606475830078,271.4598693847656,271.4599609375,0.18123513848118528,,,,,,0.015848193648298817,,,101927.06545857988,,,2.3076923076923075,134.09207839514377,0.15262012086676421,,265.82102099537144,,74347.47512943787,0.1867221629125832,0.0021074114466559956,0.0031950911121255547,2.3862490287193887e-05,0.002902984619140625,,261.20182448167066,0.366591629897349,-0.30482868894317444,1.8144819693303717e-07,0.028951453019437082,-8.369960199446368e-05,5.311264468600819e-08,0.008799435074865466,0.0005751847339099681
1979-03-05 18:00:00,,,6.724535902576334,,,,,,492.46032501930415,2.5691938470806597e-06,4.973482979825263e-08,4.952872645925488e-07,4.336436295650415e-08,1.3467457963287357e-07,,6.645637348558775,0.10633245163415311,,,,,,8.035605475747373e-06,9.443192086981598e-06,360.844674556213,4.4415269554014036e-07,2.147442490391477e-06,,270.3284590681629,2.3853540773222433e-06,,270.74784300313195,4.763433919150448e-06,,,,8.534573944362663e-06,,0.0,,,,,,,1.2010424094792653e-05,,,,,,,,,
1979-03-06 00:00:00,1.5721360494399212,-0.07020906865949461,,0.4972453766320584,-0.3288745315822624,263.23803042801177,271.2076938787156,0.7889001069689644,,,,,,,0.0,,,271.45928955078125,271.46022033691406,271.4603729248047,271.4599609375,0.10958076793061206,,,,,,0.01862885966103458,,,101630.85576923077,,,1.8106508875739644,134.66183616141595,0.15261806397748418,,265.5459871912849,,74205.98673261834,0.1169967199923724,0.002106220764521311,0.004460577428693602,5.303966928515914e-05,0.00477345032099436,,260.1534239639192,0.37485075631790615,-0.20874562348134418,7.336168316090976e-08,0.03102613481499748,0.005655078470883285,2.8088135296408606e-07,0.016787521649956616,0.010020457516760516
1979-03-06 18:00:00,,,8.354802645169771,,,,,,1768.9996225656557,1.99932362553636e-06,1.0031832040414303e-07,1.3658920159706702e-06,2.8619983580690867e-07,2.2069612228981158e-07,,8.130537648172773,0.10841505061945267,,,,,,1.1931730092629878e-05,1.7956384187619362e-05,410.9445266272189,1.2072585743559888e-06,2.4659217462031798e-06,,272.48552220812917,3.8307226268497444e-06,,272.85964911647096,4.541768124823034e-06,,,,1.3299154106681869e-05,,0.0,,,,,,,1.994833438354131e-05,,,,,,,,,
1979-03-07 00:00:00,1.7482156302096576,0.918993741097535,,0.442554857603897,4.8710749699519234e-05,264.43185126852,272.8357373299683,0.7892679878945886,,,,,,,0.04111467169586723,,,271.4600524902344,271.45936584472656,271.45977783203125,271.4599609375,0.1559705564961631,,,,,,0.0983597794933432,,,101403.96560650888,,,2.4023668639053253,135.25468471910827,0.15262527860833344,,267.28926519811506,,74037.38634892751,0.24968272553393123,0.003952249267397547,0.016689977702304456,7.051687974196214e-05,0.007488521598499907,,260.8172482823479,0.45351722148748547,-0.06603527633396127,-3.346730188601623e-07,0.04989780900041027,0.02188652563019044,-1.0612003123608125e-06,0.2339790163660896,0.02813695274161164
1979-03-07 18:00:00,,,9.555405176602877,,,,,,2566.93423263748,1.4066387563062137e-05,4.608735177643906e-06,5.142928580560628e-06,9.073727053298047e-07,2.680275396866856e-07,,9.434216036599063,0.22587007601585615,,,,,,3.780988899208385e-05,3.80264848647033e-05,878.1449704142012,0.0,8.235955555763471e-06,,273.20931257439787,9.059950092135097e-06,,273.6544965032995,1.4865274965410401e-05,,,,4.295272940009304e-05,,0.0,,,,,,,5.2078588474431685e-05,,,,,,,,,
1979-03-08 00:00:00,1.635350842447676,1.5826180982871874,,0.4201780296641694,0.5587321399937014,267.5335919081107,274.6789554392798,0.788875443695565,,,,,,,0.18124940409462834,,,271.45947265625,271.46073890622904,271.4601070545393,271.4599609375,0.21484672952685835,,,,,,0.382397268033592,,,101349.22762573964,,,2.5502958579881656,134.10076922354614,0.1530360978030594,,269.42157722789153,,73978.42342363166,0.5363728443502321,0.03120000007804814,0.011377740893843611,4.001656139390709e-06,0.034975537181605953,,263.0101873634835,0.363498383372493,0.1975977068116679,-7.879648122732588e-06,1.0192190211861445,0.5287593987566479,-4.448006432448354e-07,0.1631885249851018,0.08120588355108037
1979-03-08 18:00:00,,,11.667616392733782,,,,,,1211.1771011803983,3.2403059965054665e-05,4.774499574356531e-06,1.878714596731423e-05,2.883573079250268e-06,3.969051077229676e-07,,11.377544916593111,0.3061583930924094,,,,,,0.00012026788920340453,0.00012039961899526021,1167.871301775148,1.0086457691425402e-07,3.214052619313347e-05,,272.6193156044864,2.7921954555624335e-05,,273.10887994709805,4.798667670707025e-05,,,,0.00013905093514707666,,0.0,,,,,,,0.00015277957775183685,,,,,,,,,
1979-03-09 00:00:00,2.1670676180596886,3.0110323358569624,,0.770222093932022,1.2262802180453871,267.12406352567956,275.0759594257061,0.8023888204224716,,,,,,,0.09005195572531435,,,271.46034240722656,271.45994567871094,271.46018981933594,271.4599609375,0.3116056904990292,,,,,,0.4195866605498382,,,100837.10336538461,,,2.5976331360946747,130.96458209336862,0.15482904219768456,,269.5560984414005,,73579.26354474852,0.5533366891054007,0.048115374316522005,0.06450058213388422,0.00011691927204470662,0.06677498902089497,,264.1030356503097,0.6587568440380887,0.9053032362954856,5.380931439859098e-07,1.1972438027123375,0.9791302624097943,-4.2919452355888025e-06,1.1110073010597004,0.74895093567978
1979-03-09 18:00:00,,,8.230707597450392,,,,,,28.21075439453125,0.0,0.0,0.0,0.0,1.0006725681345006e-07,,7.715684631167079,0.030334743522328032,,,,,,3.062673574368629e-07,3.6132560502847975e-07,144.14718934911244,4.509909763193783e-10,2.268652194703119e-08,,265.46889112122665,2.6251482859959265e-08,,266.1045995407556,1.896316042313209e-07,,,,3.062673574368629e-07,,0.0,,,,,,,3.6132560502847975e-07,,,,,,,,,
1979-03-10 00:00:00,2.3231132721759864,-0.1863302309837567,,0.9586820884569157,-0.33913406394642487,255.6197422185593,264.6335081743771,0.8145151222951313,,,,,,,0.0,,,271.46009826660156,271.4601593017578,271.4601593017578,271.4599609375,0.0594715366702108,,,,,,0.0014102868074496117,,,101334.76775147929,,,0.9467455621301775,129.51536334336862,0.15739279809082754,,260.012429141434,,73689.83998243343,0.059933543910641644,4.570512376593415e-05,0.0004432779797435512,0.0,5.6871295680661174e-05,,256.96975292679826,0.8267312399029026,0.021893189856286584,-2.4928926878068707e-09,0.00030950399454573367,-0.000837613051459634,-3.379632800834022e-08,0.00011635483545664499,0.000138524015979654
1979-03-10 18:00:00,,,7.377254085427911,,,,,,928.0477588129978,7.520854120423808e-06,1.2137778323782972e-07,7.053451425225072e-06,2.025081032126613e-06,2.46950059170978e-07,,7.185821183334441,0.10771531325120193,,,,,,6.19932391939784e-06,6.196502397751667e-06,388.7463017751479,0.0,1.1930076857290325e-06,,266.57055104272604,2.1831082874501243e-06,,267.15247259196445,3.917330115504519e-06,,,,1.325303986227724e-05,,0.0,,,,,,,1.3718943624101447e-05,,,,,,,,,
1979-03-11 00:00:00,2.003038180650339,0.29394033533581615,,0.6512109993477545,-0.06287013285258818,260.57262966900885,267.3227993214624,0.8098058436043869,,,,,,,0.0,,,271.459716796875,271.45985412597656,271.4602813720703,271.4599609375,0.11502255772697854,,,,,,0.026282225840190458,,,101136.97152366865,,,1.6272189349112427,132.83606877975916,0.15746331920285198,,261.8153231468426,,73706.89818324705,0.1263407870862611,0.0009966065897744083,0.0021258077677890393,4.191612879905475e-07,0.0031377239340155787,,258.56640570826784,0.4080865129211245,0.06690397065066726,1.0835771002364482e-07,0.01993875506681186,-0.0055701676205065125,1.0566013259330996e-07,0.010017806917605315,-0.003457976516181901
1979-03-11 18:00:00,,,6.253075402163895,,,,,,644.4134908822866,2.4679772688086924e-07,2.19953490266874e-09,1.5677906264214827e-07,5.981405458506747e-08,3.1658795888855303e-07,,6.198553164329755,0.1741096451437685,,,,,,2.9088301066110827e-05,2.9795621273785654e-05,714.0022189349113,2.2259022842144825e-07,6.559156101836255e-06,,268.62789826703494,6.208714296126507e-06,,268.99685650887574,6.943808857505844e-06,,,,2.9244719172370503e-05,,0.0,,,,,,,3.0045678629677675e-05,,,,,,,,,
1979-03-12 00:00:00,1.2838244635677902,0.5518976358266977,,0.4838295377923187,-0.037481561920346594,264.2365091538288,269.27035558576415,0.8058947596324266,,,,,,,0.0,,,271.45965576171875,271.45953369140625,271.46034240722656,271.4599609375,0.2254369611570821,,,,,,0.04878388354058802,,,101105.68213757397,,,2.526627218934911,134.66234466733312,0.15773402727567232,,264.2026122505143,,73758.58797152367,0.23827384632720044,0.004092684864292483,0.02099982854807535,9.266441390359191e-05,0.011638212486131656,,259.663737280129,0.2414200566929473,-0.0032480285012510403,3.9800472987041475e-08,0.023632297621621095,0.00791248438890869,-3.606971172814274e-07,0.1442601186989327,0.008457134108571612
1979-03-12 18:00:00,,,6.7960665550457655,,,,,,725.2649473302505,6.484925835090276e-07,0.0,3.045424818992615e-07,0.0,2.626637274126616e-07,,6.755270709652873,0.20994170600845968,,,,,,3.1588345589722404e-05,3.9074018862120496e-05,872.7633136094674,1.5706837882657023e-06,5.8998899346978e-06,,268.74743706516966,7.96277494825555e-06,,269.56207158015326,1.061055258180968e-05,,,,3.1891659166685926e-05,,0.0,,,,,,,3.973196244098731e-05,,,,,,,,,
1979-03-13 00:00:00,1.6432645899304272,-0.3068028004211787,,0.5919872825667702,-0.32739859925219295,265.55598196898694,269.5845588819515,0.803256133957022,,,,,,,0.0,,,271.4600067138672,271.45997619628906,271.4600830078125,271.4599609375,0.2424393151638776,,,,,,0.0684673602764423,,,101065.02311390532,,,2.2071005917159763,134.20071375017335,0.1584380138555222,,265.1518526698005,,73705.06538923817,0.2590464755628236,0.0024916942302997294,0.021642312495666144,0.0005039971255691799,0.0114804329956777,,261.0618253628883,0.36313807576365725,-0.09000760140503652,2.643403297699382e-08,0.019490501569834062,-0.007013968462069359,6.921081715049883e-07,0.18897029422444,-0.04920206831757133
1979-03-13 18:00:00,,,7.252974081321581,,,,,,648.5176864984468,3.3185833833626744e-06,2.0327079578264226e-07,2.6035039911608722e-06,1.7398758929156694e-06,3.1156459900401756e-07,,7.096292213575374,0.2424524973130085,,,,,,3.96608071919729e-05,4.016039286844829e-05,948.823224852071,7.351662015773841e-08,9.227433853600857e-06,,271.2957412448861,9.612329083786914e-06,,271.7342516656458,1.2830803556555121e-05,,,,4.226568887925007e-05,,0.0,,,,,,,4.3479295877309945e-05,,,,,,,,,
1979-03-14 00:00:00,0.8252132799498428,0.6917036722397664,,0.2906693904357549,-0.07444245716523842,267.0223005847818,272.7518520016642,0.8023088249934496,,,,,,,0.0011104944895005086,,,271.45948791503906,271.4601135253906,271.45977783203125,271.4599609375,0.29808866060697115,,,,,,0.06333724704719859,,,101105.80750739644,,,2.5680473372781063,133.8366697412976,0.159063996647942,,267.83471526196723,,73817.39201183432,0.3119550174509985,0.0072688717813886835,0.017852512337046968,2.8167250593738444e-05,0.009591999843981139,,262.9018151097044,0.12404163984151986,-0.03038183471860265,-1.3996971698447556e-07,0.08035022124691836,0.02298291148783187,5.041083945071644e-07,0.09251059018648587,0.04621903637986211
1979-03-14 18:00:00,,,7.377087186779496,,,,,,639.5735426682693,1.2851424912023827e-06,3.600643242340116e-08,9.560108890194865e-07,1.8185588735095143e-06,2.2200085432819758e-07,,7.2384755681957715,0.22745301737587834,,,,,,3.540216112983297e-05,3.64156164361175e-05,898.8039940828403,1.9679562403605536e-07,9.561916427499444e-06,,270.33197301379323,9.421325294223763e-06,,270.9076256385216,1.2277807357043204e-05,,,,3.635865696788539e-05,,0.0,,,,,,,3.769023883977585e-05,,,,,,,,,
1979-03-15 00:00:00,1.6469524541550133,-0.09025944478413057,,0.5117890341042062,-0.41852102336093516,265.4053054899859,270.7184913228955,0.8077338556566181,,,,,,,0.039238833816799185,,,271.46026611328125,271.4599609375,271.46034240722656,271.4599609375,0.2556629970934264,,,,,,0.0801403339092548,,,100939.96727071005,,,2.526627218934911,131.31533560668223,0.16035680375860992,,266.40486452001085,,73600.16119637575,0.30585375904331547,0.004629716365295049,0.010212215446156157,1.4185685025164362e-05,0.013739230364737426,,262.2756396412144,0.2621804920173961,-0.1658616376346385,2.7032545070265855e-08,0.059473460947063995,-0.010081122260121905,9.073031424391827e-08,0.050016449488831695,0.0014933393551753117
1979-03-15 18:00:00,,,6.5007097029827055,,,,,,2482.662767537435,4.0067260610986746e-07,6.33526670597714e-08,1.6482480796131157e-07,8.486608076377734e-08,3.828828251636835e-07,,6.338748576373038,0.17238070696768676,,,,,,9.854627255151963e-06,1.0753105554354967e-05,710.5269970414201,1.8426410016223524e-07,2.127785522204179e-06,,271.19651415221085,2.2533487462433133e-06,,271.70495072765465,2.8015174985637325e-06,,,,1.0020038961658817e-05,,0.0,,,,,,,1.1154643353625868e-05,,,,,,,,,
1979-03-16 00:00:00,1.7132783528615738,0.19331224994546564,,0.5949581586397611,-0.23307131028034278,266.65513087165425,272.8535674507096,0.8052552695105062,,,,,,,0.06254902676012389,,,271.4591979980469,271.4598693847656,271.4598693847656,271.4599609375,0.18035581690319896,,,,,,0.03366779575686483,,,101156.75647189349,,,2.4201183431952664,132.97003697502544,0.16075376363900992,,267.22586655475686,,73831.25117880917,0.24944386576280306,0.0038557845864219545,0.017373079378929363,5.921800813731357e-06,0.003891532943093565,,262.20587889541537,0.32149031564328795,-0.08599889137335782,-1.3506399943237056e-07,0.0482082295771578,-0.0031244402101053993,-4.0898019979713406e-07,0.14162296092016458,-0.002652411630167764
1979-03-16 18:00:00,,,6.649183199955867,,,,,,2175.0902631487165,1.6417618862975984e-06,0.0,1.548883124921449e-06,7.255912135691333e-08,3.5193479238815065e-07,,6.504988241477831,0.26570752386510726,,,,,,1.8519013238376416e-05,2.3533253980106152e-05,1022.2396449704142,9.834876603628756e-07,3.506787694417513e-06,,273.26285720012595,4.736938067441861e-06,,273.6927443284255,6.739303646003001e-06,,,,2.006811679467647e-05,,0.0,,,,,,,2.516986879371327e-05,,,,,,,,,
1979-03-17 00:00:00,0.27973676151072485,0.2901324774386615,,0.012619780365531966,-0.28927624155078413,267.90054059451853,273.75144561225846,0.806310251972379,,,,,,,0.5793657472147744,,,271.45994567871094,271.4601593017578,271.45997619628906,271.4599609375,0.2839930607722356,,,,,,0.23623187725360578,,,101153.05232988166,,,2.544378698224852,133.82696190106094,0.16086964071149656,,269.3252051539675,,73879.23821190829,0.6390509069318602,0.008806262495955067,0.018520648662860576,9.526656224177434e-05,0.01089730347401997,,264.0056611913196,-0.06852573191625833,-0.15607192248282348,-1.2414465232486368e-06,0.2850372438600077,-0.04926717175534491,-5.236567830192972e-07,0.15596016311670857,-0.007522476495370357
1979-03-17 18:00:00,,,8.24429442050189,,,,,,1757.0058585771549,4.65163112392087e-06,1.041924018831648e-07,4.07654770027251e-06,1.2052361164572677e-07,4.825740506527121e-07,,8.002315904967178,0.23497867019924187,,,,,,4.25875186920166e-05,4.517458952390231e-05,958.3191568047338,6.785428911976561e-07,8.635553558902627e-06,,272.701897254357,9.466998675871177e-06,,273.1725773557403,1.3504375720165185e-05,,,,4.666400026287553e-05,,0.0,,,,,,,4.983115831070398e-05,,,,,,,,,
1979-03-18 00:00:00,0.22772671061860034,1.3049053440432576,,-0.06940608052812385,0.23508342765492096,269.9100525985808,275.50013489130686,0.8148776599641382,,,,,,,0.081997933472402,,,271.4604187011719,271.4599304199219,271.46009826660156,271.4599609375,0.23563994458441198,,,,,,0.2261183699207193,,,101103.5299556213,,,2.562130177514793,133.70845690845738,0.16263342467990852,,268.9082410462509,,73810.37058524408,0.4488061880307085,0.014323410700859237,0.015256242087619247,9.958878071350458e-05,0.016571389066576188,,263.87292778421437,-0.012622981734529755,0.03338009083764793,-1.30326780573239e-07,0.3410630320851862,0.03248162106913928,7.853143402105253e-08,0.14585114932104465,0.057348427357229254
1979-03-18 18:00:00,,,5.835104118437457,,,,,,760.3823504092088,5.672184320596548e-06,9.835317466385971e-07,1.1009224773158688e-06,2.2782409596725328e-07,1.500663836193877e-07,,5.6848019312119344,0.11175049550434542,,,,,,1.94310260242259e-05,1.950764797142977e-05,469.43565088757396,2.9640787518059713e-08,4.7775415273813105e-06,,270.1401861066649,5.520263014460457e-06,,270.67548194298377,6.343045178249743e-06,,,,2.053044956816724e-05,,0.0,,,,,,,2.5180052723404923e-05,,,,,,,,,
1979-03-19 00:00:00,1.6301773962889903,-0.6731534032426643,,0.4935424511249249,-0.5357393738786145,264.6140092477291,271.28738990196814,0.8148712332432086,,,,,,,3.600120544433594e-05,,,271.4595489501953,271.4602355957031,271.46002197265625,271.4599609375,0.1554296369383321,,,,,,0.037588085648576186,,,101199.50924556213,,,1.8698224852071006,133.8281869380432,0.16305985817542443,,266.7210979574531,,73819.79322300295,0.16143230009361131,0.0023821684030386116,0.010023828088884523,1.6496819857309557e-05,0.007242642916165865,,261.7851707864795,0.36272471508330845,-0.24668722498346363,1.1622486072048247e-07,0.01865331096762031,0.001205780648091841,-5.228847565581284e-08,0.04554849151059015,0.006176769733428955
1979-03-19 18:00:00,,,6.532080842193062,,,,,,180.02232360839844,5.202125427285595e-07,3.670871301868258e-08,3.0530297015545637e-07,8.164778263611201e-08,2.0896982950621324e-07,,6.373765194909812,0.146090445433848,,,,,,1.1786465814127725e-05,1.4670501799273068e-05,591.8542899408284,5.749181001144048e-07,2.3577450471516896e-06,,271.07260772885655,2.9826569839342106e-06,,271.5357824923724,3.298193480841507e-06,,,,1.2091807359774436e-05,,0.0,,,,,,,1.5195216652909679e-05,,,,,,,,,
1979-03-20 00:00:00,1.415636638212486,0.0926960375182022,,0.5074211098033296,-0.29776366645767843,262.8702760053104,271.3277289937939,0.8107476608287654,,,,,,,6.625708743665346e-05,,,271.4596405029297,271.4598388671875,271.4598846435547,271.4599609375,0.16548012276372967,,,,,,0.051656869741586536,,,101559.32951183432,,,2.272189349112426,134.98122410520293,0.16329081382977187,,266.77640095547105,,74107.79930196005,0.1873908409705529,0.002789260367670003,0.009102522268803162,3.639939268665201e-05,0.003421015993377866,,261.6023594782903,0.2566008606605981,-0.15854875575861282,7.123963828315716e-08,0.018679082513505803,0.009551171290539425,4.0857050741455084e-07,0.04132784598854167,0.03004143036593347
1979-03-20 18:00:00,,,6.032933596323228,,,,,,525.5430837777944,1.0859772298462998e-05,1.98923888996508e-06,3.174410240184626e-06,5.735404039981098e-07,2.3173871184919668e-07,,5.83472454477344,0.12651567628397745,,,,,,1.0655167892839782e-05,1.0820050564037977e-05,511.57470414201185,0.0,2.384516438083536e-06,,270.0216483392659,3.4780324210782025e-06,,270.5150796562962,7.407464219268257e-06,,,,1.3829512003610825e-05,,0.0,,,,,,,2.1678279842850723e-05,,,,,,,,,
1979-03-21 00:00:00,1.7688798170823317,-0.6185498209394646,,0.5411017942710741,-0.49964089365400505,261.92441599467804,270.34138308192144,0.8107279440355019,,,,,,,0.004179531300561668,,,271.46044921875,271.4597473144531,271.4598388671875,271.4599609375,0.16621182232918824,,,,,,0.03212327223557692,,,101570.69119822486,,,1.8698224852071006,134.7379964794633,0.16338438113060225,,266.8038691232896,,74047.85771079881,0.1720252403846154,0.0028543528720471984,0.004142501650477302,8.435644341643746e-06,0.004179711877947023,,261.9417964777297,0.34421287097874476,-0.19280676764143995,2.97751817742043e-07,0.03791288205852302,-0.0018160515988366844,1.0590698237127222e-07,0.01066938805333256,0.0031331655894510846
1979-03-21 18:00:00,,,5.825326112600473,,,,,,4093.072623611342,1.958775273441563e-06,0.0,1.9579376342028558e-06,0.0,1.5729508518045714e-07,,5.6830269345165005,0.08504942041882396,,,,,,2.2045231958818153e-06,3.7037541527719894e-06,333.0225591715976,3.6413610510572176e-07,4.769032876167071e-07,,271.751780673597,7.132608333282922e-07,,272.0660979141145,1.3560056686401367e-06,,,,4.16211916144783e-06,,0.0,,,,,,,5.659906292808126e-06,,,,,,,,,
1979-03-22 00:00:00,0.36520793169913207,0.21483928070971248,,0.15127826442379924,-0.32774265560172716,261.6447619376098,272.49907255454883,0.8061575677973278,,,,,,,0.40217725765070267,,,271.4601287841797,271.4598693847656,271.4598388671875,271.4599609375,0.09429281562037722,,,,,,0.20046356020594489,,,101734.03143491125,,,2.0059171597633134,135.14921596910827,0.16333420036812507,,267.434166360889,,74268.20324056952,0.6407178347853161,0.008591365019037229,0.005924315142208303,5.0150078429272895e-05,0.006260234223314997,,262.131301247862,0.009757555448091947,-0.17508699202678613,-1.683352126461969e-06,0.28104060359255095,0.044644524680847335,1.2410553006046127e-07,0.02585417255841901,0.015616204487655818
1979-03-22 18:00:00,,,6.255291035894811,,,,,,5060.121195475261,7.750146840451031e-07,6.808987515565206e-08,4.810308651811273e-07,7.656546166309944e-08,1.344409148372743e-07,,6.095755853596524,0.14875965005547337,,,,,,6.5594647057663054e-06,1.080788275193886e-05,572.200073964497,9.005503541619114e-07,1.4729334934223333e-06,,271.1816834218403,2.560927670382889e-06,,271.62119252582977,2.8901529559016933e-06,,,,7.040445973887246e-06,,0.0,,,,,,,1.1582654961467494e-05,,,,,,,,,
1979-03-23 00:00:00,1.439168698688936,-0.3138496184490136,,0.44136708727955115,-0.40640217030542136,262.97193041919957,271.3870131814268,0.8079627043396763,,,,,,,0.13695133367233728,,,271.46014404296875,271.4600372314453,271.46038818359375,271.4599609375,0.1497645632049741,,,,,,0.012204367733566014,,,101639.70673076923,,,2.1538461538461537,134.5592335356763,0.16338187561938045,,267.4853858722032,,74178.03668176776,0.2856996073525333,0.0015415891387758876,0.005429691111547707,9.559174261149571e-05,0.003616197574773484,,262.3582685120712,0.23100037052786562,-0.21013346226257684,3.832295310019499e-08,0.017479958618886373,0.0019975856370871236,2.5562750506758986e-07,0.020602101877541145,0.00520998382797608
1979-03-23 18:00:00,,,6.443575023899417,,,,,,256.0410491943359,1.379239135945337e-06,0.0,1.3780708496387188e-06,1.483572062832364e-07,1.2637327168413752e-07,,6.274205117536014,0.12895274867672893,,,,,,3.662180794766669e-06,3.6990920291144465e-06,537.9826183431952,2.2499155275215058e-08,8.692298106540589e-07,,271.33037345931376,9.378638757756475e-07,,271.7735350117881,1.3651315277144754e-06,,,,5.040075299302501e-06,,0.0,,,,,,,5.0716631158569155e-06,,,,,,,,,
1979-03-24 00:00:00,1.4469513357038328,-0.03863569970667009,,0.4501892800867205,-0.2813007648174579,261.2859404975846,271.79570549056376,0.8101317586278068,,,,,,,0.0028872292422683988,,,271.45941162109375,271.4598846435547,271.4602508544922,271.4599609375,0.1254180366470969,,,,,,0.00924316947982156,,,101605.89386094674,,,2.3431952662721893,134.48434448242188,0.16330389158260186,,267.73274456678763,,74150.85475221893,0.13090650569757767,0.001420819547754773,0.0034816448505108175,3.4955126294017543e-06,0.0008746576027051937,,262.90638525246163,0.21550047538689607,-0.20227088589640058,1.340507039388355e-07,0.014442105250506794,0.003892023873308084,1.6713689417873108e-07,0.010469052904012018,0.009828895308385939
1979-03-24 18:00:00,,,6.447489823110005,,,,,,1053.412650756836,3.881686361583732e-06,4.5170522564967e-08,2.205305727275871e-06,5.277237419546003e-07,1.480585368337749e-07,,6.239659743901541,0.12875826683270156,,,,,,4.256485834629578e-06,4.255097116944352e-06,463.6719674556213,0.0,1.1322016899402324e-06,,272.0612708097379,1.1911891268555228e-06,,272.4654673740003,2.7469607323584474e-06,,,,6.4618576913190314e-06,,0.0,,,,,,,8.139913604104307e-06,,,,,,,,,
1979-03-25 00:00:00,1.4426397966915334,-0.5408811569213867,,0.38434344635912654,-0.4945722670244747,263.0247201411682,271.5499005740916,0.8106291625626694,,,,,,,0.004412972715479383,,,271.45994567871094,271.4597930908203,271.4599151611328,271.4599609375,0.1360674073710244,,,,,,0.06704748029539571,,,101627.45377218934,,,1.7218934911242603,134.57881101348696,0.16320375860090086,,268.6026679947531,,74152.02544840977,0.1587625537398299,0.0025220284095177283,0.0028127128555929873,6.062965068591417e-07,0.001990944676145294,,263.2100459894485,0.21447163961342805,-0.29376813786975026,2.241856328138707e-07,0.052548143052435395,0.007969406810892228,-2.8140355360841645e-07,0.010385409416355325,0.0015811472249454294
1979-03-25 18:00:00,,,5.4230968091614855,,,,,,294.32849857724943,4.64096224519628e-07,0.0,4.637049588226002e-07,9.740173772594632e-08,2.5418966928684325e-07,,5.240818294547719,0.19326655822392752,,,,,,1.0234232132251445e-05,1.0244548320770264e-05,792.4974112426036,0.0,2.37120238281566e-06,,271.76540478587856,2.276130329222369e-06,,272.23100199501897,2.7690038702191684e-06,,,,1.0698240184219632e-05,,0.0,,,,,,,1.070798325115407e-05,,,,,,,,,
1979-03-26 00:00:00,1.6074413096410989,0.00021781018499791974,,0.47173352213300895,-0.2693086037269005,263.8742610773391,271.0524662175828,0.811582856277037,,,,,,,0.007311758910410503,,,271.45970153808594,271.4600067138672,271.4599151611328,271.4599609375,0.20272529195751665,,,,,,0.018245584160618528,,,101583.68602071005,,,2.260355029585799,134.5420367901142,0.1633606634196445,,269.33680075019066,,74100.27094119822,0.21025970278406989,0.0028566100893641366,0.0036546831300272743,1.733604620194294e-06,0.002648494652742465,,262.298176782371,0.34594813606442787,-0.13464927673339844,6.762562385421335e-08,0.010731945143593751,0.005736187364928116,8.709691520008815e-08,0.009582632203371478,0.004507207438437896
1979-03-26 18:00:00,,,6.52312911897016,,,,,,3211.1524314420767,1.444960751477078e-06,2.4560446983214313e-09,1.4308641648151466e-06,4.234128582054341e-07,3.5510487922418385e-07,,6.338603431656516,0.20163306964219674,,,,,,2.17905896302511e-05,2.1946809348270033e-05,783.1201923076923,1.184181475559988e-08,4.79418960725062e-06,,274.723917492748,4.742377211708995e-06,,275.1440863073225,5.923487113777703e-06,,,,2.322129949310122e-05,,0.0,,,,,,,2.3325783966561042e-05,,,,,,,,,
1979-03-27 00:00:00,1.6808320954001161,0.3802142848629923,,0.5528074411245493,-0.16483742527707795,265.9904145009419,274.3149858282868,0.8090700486002589,,,,,,,0.474373631223419,,,271.4599914550781,271.46006774902344,271.4597930908203,271.4599609375,0.22076551448664017,,,,,,0.3487403463329789,,,101524.05269970415,,,2.502958579881657,135.701753875913,0.16329396546945063,,271.1770201011522,,74133.97258690829,0.7478188106999595,0.015380772526414526,0.007679075884395803,1.2125930137182833e-06,0.011086202014413987,,263.6996013031909,0.34545148371239387,-0.0634486848080652,-6.566847951465545e-07,0.29025199634612664,0.10904259933434295,-1.364952427219357e-09,0.056749157651641666,0.053028174405972635
1979-03-27 18:00:00,,,5.832508865898178,,,,,,2596.1124657524956,3.085135531848704e-05,3.891616795189987e-06,1.766664918357804e-05,2.63398965082225e-06,8.684764907229692e-08,,5.736037271262626,0.3210599097979845,,,,,,3.70603782185436e-05,3.7608370625761136e-05,1260.9744822485206,2.513413686724104e-07,7.450679791044201e-06,,273.63031592735877,1.1110314603387956e-05,,274.0630262025009,2.2387209199589385e-05,,,,5.4730025268870695e-05,,0.0,,,,,,,6.848273898017477e-05,,,,,,,,,
1979-03-28 00:00:00,1.6285205084896652,-0.6126628345286352,,0.6351794745089739,-0.4843002578915929,266.76666783440044,274.2370024009569,0.8127869861365775,,,,,,,0.09566267566568047,,,271.46067810058594,271.4601745605469,271.45973205566406,271.4599609375,0.27372877132257767,,,,,,0.34803916434564536,,,101461.23039940829,,,2.5088757396449703,137.1506952590491,0.16398430152757634,,271.7021005844929,,73987.9683108358,0.5290382881841716,0.03630401488113184,0.004299508044000208,7.24594973953518e-05,0.04055510752299834,,264.28337521524827,0.4369610318770775,-0.17682671970164282,9.076933641008724e-08,0.3183697581996579,-0.10372896589471038,-1.456250142379796e-07,0.015739892128601492,-0.0030177105107956383
1979-03-28 18:00:00,,,4.998853694757766,,,,,,3645.288864862351,5.873173651610606e-07,0.0,5.87636990660041e-07,7.80616396453959e-08,2.800990745064268e-09,,4.761616147128788,0.08854079387597079,,,,,,3.880771571362512e-06,5.166558824347321e-06,304.7056213017751,3.5406790188783723e-07,1.0083660968309323e-06,,275.058519713272,1.0290618478899172e-06,,275.50036819728876,1.5955594693415263e-06,,,,4.469257222830191e-06,,0.0,,,,,,,5.7696260115098675e-06,,,,,,,,,
1979-03-29 00:00:00,0.7883848777184119,0.39539189874773195,,0.2708730641201403,-0.14197218065431133,262.9928079638961,275.1835640450201,0.8091937716190631,,,,,,,0.7476020236072521,,,271.4598693847656,271.4603729248047,271.4597473144531,271.4599609375,0.11548393294656065,,,,,,0.5245796519623706,,,101194.2725591716,,,2.224852071005917,137.40744451940412,0.16384152688923673,,270.9783159967005,,73923.86053069527,0.9186049706837129,0.036356619139031106,0.005809332492083487,5.942442008024137e-05,0.034567059849846295,,263.41122716418386,0.11293137249861948,-0.08853867209169286,-4.5603807993541805e-08,0.8554025630979143,0.04283539617996244,2.470631217401469e-07,0.0214217595587975,0.018477799470079017
1979-03-29 18:00:00,,,5.240190257687541,,,,,,2991.927802271491,5.409826893778242e-07,0.0,0.0,0.0,2.3811638468742844e-07,,5.088739022700744,0.21518576356786243,,,,,,7.907380542811557e-06,1.1309099620615942e-05,853.5920857988166,7.196974295836228e-07,1.7509691020440773e-06,,274.23529775043914,2.3531600744766597e-06,,274.72462643956294,3.012426241615115e-06,,,,7.907380542811557e-06,,0.0,,,,,,,1.1821999352359208e-05,,,,,,,,,
1979-03-30 00:00:00,0.19611550506050066,-0.1864657148101626,,-0.04831731672117696,-0.4709174252120701,267.6033039883044,274.28597733537123,0.8064644269689301,,,,,,,0.7375141572670119,,,271.46034240722656,271.4599151611328,271.4596405029297,271.4599609375,0.26633593316614274,,,,,,0.3995850692839312,,,101242.63646449705,,,2.289940828402367,139.67431767029169,0.1638426865346333,,271.8310372617823,,73923.20649963018,0.7999079777644231,0.009644186708348743,0.016563663821248614,0.0001236158009816909,0.0046103550837590145,,264.23795485637595,-0.010028218376565968,-0.2210182494665744,-1.2734856536768972e-06,0.2296442618736854,-0.022576069338081855,6.873989478614699e-08,0.07110252041697547,-0.003090422181688117
1979-03-30 18:00:00,,,5.726770937090089,,,,,,4155.253840062525,1.2597432856023664e-06,0.0,9.428070494409144e-07,0.0,1.132392425509583e-07,,5.543940301477557,0.1493983522674741,,,,,,2.596064432132879e-06,2.5901513604017405e-06,625.8431952662722,0.0,5.294155527854107e-07,,274.5636060364853,5.231387692795703e-07,,274.95763139894024,1.377585900605783e-06,,,,3.5378354540943395e-06,,0.0,,,,,,,3.8516195215417086e-06,,,,,,,,,
1979-03-31 00:00:00,0.5783516133325339,-0.5718000005688187,,0.10665710155780499,-0.6192742409790761,267.6976505256969,274.5884739802434,0.8064781106435336,,,,,,,0.5046621165403644,,,271.4602355957031,271.46002197265625,271.46043395996094,271.4599609375,0.192696385129669,,,,,,0.28859841611963755,,,101170.81213017751,,,2.2544378698224854,139.65296042177098,0.1638068757819001,,272.05397439990526,,73880.62130177514,0.7921497258164826,0.013259324000613797,0.0027896299870056513,3.4955126294017543e-06,0.007266939039061056,,264.43293229503746,-0.014527224930080436,-0.33732070584268964,-1.0723795521537327e-07,0.31193961331912884,0.039827470948710246,1.365683574853575e-07,0.006115196710063238,0.0017714404980459157
1979-03-31 18:00:00,,,5.801200076673158,,,,,,551.6299528234146,2.9171447782121466e-06,9.678452986584612e-08,3.832116855319435e-07,1.1471731136360112e-08,2.8898314791235567e-07,,5.547431370210365,0.19378066204003327,,,,,,2.891514119664593e-06,2.9156623771910132e-06,717.6734467455622,1.776263602739255e-08,6.101044589245813e-07,,273.8796255800146,6.29385316072131e-07,,274.47779241257166,2.2751383880186364e-06,,,,3.2747671360800253e-06,,0.0,,,,,,,5.8307406112287175e-06,,,,,,,,,
1979-04-01 00:00:00,1.1392619285357775,-0.5526504798753727,,0.3447086740527633,-0.5658826489420332,266.6653029763487,274.29987014680216,0.8030002416943657,,,,,,,0.0037359880977833764,,,271.45965576171875,271.4601287841797,271.460205078125,271.4599609375,0.19468011799648668,,,,,,0.006160736083984375,,,101335.67677514793,,,2.4319526627218937,140.8041484765047,0.16363920403655463,,271.5746111446584,,73974.83314071746,0.1991721610345784,0.0011704461814383783,0.0036754100280400564,1.4446190828402367e-06,0.0004405580328766411,,263.81358039449657,0.26137422527787246,-0.3380759933291102,2.4799477259391514e-07,0.02376872969757884,-0.004348182466608533,5.3855362814953054e-08,0.004527648216521246,0.00027488423346062386
1979-04-01 18:00:00,,,6.427858031007665,,,,,,194.1221249050564,0.0,0.0,0.0,0.0,2.212733339095356e-07,,6.211654973453318,0.14103355633436576,,,,,,1.2513724039997576e-06,1.2438198738902279e-06,548.6534763313609,0.0,3.039914034527434e-07,,273.8968903129623,2.1767736407073998e-07,,274.40989504481206,4.6773885305111224e-07,,,,1.2513724039997576e-06,,0.0,,,,,,,1.2438198738902279e-06,,,,,,,,,
1979-04-02 00:00:00,1.2361632522041275,-0.6211000081350112,,0.3737828350631443,-0.5633718784038837,266.6521064713156,274.72637515096267,0.8001823150194608,,,,,,,9.014902735602926e-05,,,271.4598693847656,271.4598693847656,271.4604034423828,271.4599609375,0.16172907902644232,,,,,,0.007752616024581638,,,101455.20710059171,,,1.6923076923076923,140.95607617620885,0.16339330278204742,,271.30268435506423,,74095.5455575074,0.16768741043361687,0.0002490500726643399,0.005587752754166281,0.0,7.328408709644565e-05,,263.94700017624353,0.30047089390500764,-0.27932037827531264,7.087128754731367e-08,0.0023900575415071474,-0.00048438413344191374,-6.1988414243861105e-09,0.0041319821140117195,-0.0037687212757810335
1979-04-02 18:00:00,,,5.956685703887037,,,,,,1843.0585699248732,0.0,0.0,0.0,0.0,-7.738642324452404e-08,,5.643780070649096,0.06665653025610208,,,,,,4.183016056139794e-07,4.208393218601949e-07,247.94156804733728,0.0,1.66633722962007e-07,,275.15358133711055,1.357430206424386e-07,,275.69118639703333,1.7817812756850168e-07,,,,4.183016056139794e-07,,0.0,,,,,,,4.208393218601949e-07,,,,,,,,,
1979-04-03 00:00:00,0.9340108781171268,-0.3757358246301053,,0.25901432714518713,-0.43185664069723095,265.19527205066566,274.3369018735265,0.8006594128157261,,,,,,,0.004045791174533099,,,271.46038818359375,271.46009826660156,271.45985412597656,271.4599609375,0.06856442062107064,,,,,,0.04390346369094397,,,101176.7274408284,,,1.301775147928994,140.3481804661497,0.16299351291543634,,271.38179630076394,,73960.7126710429,0.10742368077385354,0.0001883552624629094,0.002212964571439303,0.0,3.541997198522444e-05,,263.945671216976,0.15140171163886257,-0.2063218291694596,-2.7541646501888934e-08,0.004511955088092642,-0.00045197761270421495,-6.54829512060945e-08,0.00269398337902402,-0.0024974632060386723
1979-04-03 18:00:00,,,7.099433825566218,,,,,,1106.0570310122007,2.5235645517089663e-06,0.0,5.707960333344499e-07,0.0,9.28704575280736e-08,,6.97435138634676,0.12208539071167715,,,,,,3.171809149917061e-06,6.359996351264638e-06,502.03809171597635,9.873672526263627e-07,7.208285180951011e-07,,276.4768203645063,1.179059890247661e-06,,276.90139617017036,4.562180070482063e-06,,,,3.7427815283543964e-06,,0.0,,,,,,,8.88285552256206e-06,,,,,,,,,
1979-04-04 00:00:00,1.4015769224900465,-0.04353269881750705,,0.44508648483005503,-0.4126461525640544,269.0139444565632,276.7611781915969,0.807183243113862,,,,,,,0.059786734496348005,,,271.45977783203125,271.4599609375,271.4599609375,271.4599609375,0.1296811978492511,,,,,,0.026844995261649407,,,100986.44822485207,,,1.9644970414201184,138.11692584336862,0.16245984466823601,,273.19978666587696,,73873.58797152367,0.1932959923377404,0.0012013813447670119,0.011573475493481878,0.00028343313544459595,0.0011320424503123267,,265.65023857884154,0.34887636907001923,-0.18931752831272824,1.0271552240974739e-07,0.014786364749599573,0.0027315056050670216,-1.034603286093685e-07,0.06996245614870192,0.0035461793989824825
1979-04-04 18:00:00,,,8.474595978415223,,,,,,2833.6789814424233,1.0345638150999532e-05,1.0345726323550974e-06,4.79954057896631e-06,6.39030566582313e-07,2.6926311783798414e-07,,8.238040754780966,0.18915408884985208,,,,,,1.821087221422139e-05,1.9801681387353932e-05,755.1283284023668,3.536904131519724e-07,4.136505035253672e-06,,279.81005570451185,4.261192044562842e-06,,280.18639197716345,7.933611876865815e-06,,,,2.3011801510872924e-05,,1.310332286992722e-06,,,,,,,3.0116569361037756e-05,,,,,,,,,
1979-04-05 00:00:00,1.7557657794839532,1.066952671525041,,0.5304876079220744,0.16259715966219027,270.3060988928439,280.01216947115387,0.812202567884908,,,,,,,0.3952179857965052,,,271.4599151611328,271.45989990234375,271.46002197265625,271.4599609375,0.1482568323259523,,,,,,0.609864756442915,,,100771.08746301776,,,2.36094674556213,137.46742510372366,0.16233134692942602,,276.4203139987923,,73720.33468934911,0.825166005001971,0.04568722731703837,0.016537495886014233,0.0001584749955397386,0.04864512915177458,,267.0031875520063,0.4868230657464654,0.050040583638749886,-2.46198833768515e-06,1.7380219274724023,0.6941821818521037,-8.062906246411906e-07,0.2498885437173868,0.09251419019461031
1979-04-05 18:00:00,,,4.935833914040108,,,,,,1057.5110515552562,8.84035635276659e-06,4.771126974263841e-07,5.927355684472259e-06,1.1919826798185088e-06,3.163054736685905e-07,,4.596653898792154,0.17693432689418453,,,,,,2.464727008131129e-05,2.7304129487664035e-05,725.5070266272189,6.615806966138309e-07,4.833024105376746e-06,,275.6232290775818,6.064772605895996e-06,,276.2141964703622,7.759316785801092e-06,,,,3.057277414220325e-05,,0.0,,,,,,,3.6135933102940664e-05,,,,,,,,,
1979-04-06 00:00:00,1.7663288060024644,0.01218650185850245,,0.6492015172743938,-0.27017568554398574,269.54358217137803,274.67379309298724,0.8223428003181367,,,,,,,0.005295725263787444,,,271.4601593017578,271.46014404296875,271.46034240722656,271.4599609375,0.19212530914848372,,,,,,0.11342923316729844,,,101217.62906804733,,,2.473372781065089,135.4620395637828,0.16426829614582852,,273.1992026786127,,73927.71086815829,0.25068953474597816,0.007225386489777876,0.008373621652817584,2.8892381656804733e-06,0.00814999913322855,,264.69560431305473,0.4670765361136939,0.005402390068099344,1.2523589528147847e-06,0.08054953896076854,0.045308344352703825,1.6257760262036884e-07,0.017030435950445705,0.01992629111342176
1979-04-06 18:00:00,,,5.185263955381495,,,,,,3617.665784122968,1.480134986561431e-05,1.7758833586111576e-06,5.710186690268432e-06,2.520456469270605e-06,2.6915943544198203e-07,,5.0928935609625645,0.07121683154585799,,,,,,4.6271577301110034e-07,4.5968070846690227e-07,298.2093195266272,0.0,1.292189406837232e-07,,275.39435554820403,4.169431972433124e-07,,275.86307114821216,8.317449036434556e-06,,,,6.171769997071938e-06,,0.0,,,,,,,1.5246444905297996e-05,,,,,,,,,
1979-04-07 00:00:00,0.2578150393694816,-1.3321971329006217,,0.17821083407430255,-0.7198224942359699,268.56150411571974,274.52024904510677,0.819536050748543,,,,,,,0.20616610374676406,,,271.4599304199219,271.4595642089844,271.459716796875,271.4599609375,0.06796670947554549,,,,,,0.2308020055646727,,,101580.39866863906,,,1.1715976331360947,138.23667898685974,0.16432020367955316,,271.9693985436795,,74250.85308801776,0.4335821930473373,0.005773995754986825,0.001224630683131472,0.0,0.004221267248751849,,264.8763377172707,0.07281599700803587,-0.3053465792413294,-1.5967563643690596e-07,-0.03801768594944971,-0.02302700880716538,-5.802952911093082e-08,-0.00021340268162580638,-0.0016340328567832178
1979-04-07 18:00:00,,,4.653714772512221,,,,,,2425.737655203683,3.0178819182356435e-06,6.459631334395099e-07,0.0,0.0,9.13332877046919e-08,,4.557947582041724,0.04861693974782729,,,,,,1.11226367174521e-06,4.546727830841696e-06,178.7659023668639,3.7504745834677884e-07,2.3381569637702063e-07,,275.1184221075837,9.561651909845115e-07,,275.46912560096155,1.5529059975810305e-06,,,,1.11226367174521e-06,,0.0,,,,,,,7.563882325527936e-06,,,,,,,,,
1979-04-08 00:00:00,0.4232723247370071,0.052405069565631936,,0.023830758044000207,-0.2697817390487039,267.4125053812061,275.4185163509211,0.8121917882614588,,,,,,,0.0056374228212254995,,,271.4601745605469,271.4598083496094,271.4601745605469,271.4599609375,0.0651730870354105,,,,,,0.031908069136580064,,,101465.08394970415,,,1.272189349112426,140.52012480786567,0.16399770375539566,,270.99293256229197,,74195.4496579142,0.08289260412814349,0.0008986461797409509,0.009830158843091253,0.00018906734398836214,0.002123296613523946,,263.5644890598997,-0.002419271059995572,-0.15026962686572554,-1.0571092975597289e-07,0.005076791880343705,-0.0031512418442223903,-6.245632505060874e-07,0.04027235079088287,-0.01384502226079004
1979-04-08 18:00:00,,,6.129776548351762,,,,,,1632.2778617284632,0.0,0.0,0.0,0.0,1.986190156092228e-07,,5.947460823510525,0.13468219824796598,,,,,,1.7715174396186186e-07,1.0933396378917807e-06,569.1782544378698,1.0666398871579819e-07,2.826283308374282e-08,,275.5213737713515,7.349251047570325e-08,,275.9745944773657,2.264711983810515e-07,,,,1.7715174396186186e-07,,0.0,,,,,,,1.0933396378917807e-06,,,,,,,,,
1979-04-09 00:00:00,-0.7812149059137649,-1.3200890975590993,,-0.37694961502707214,-0.7215602017013278,268.70740603836333,276.5272277290299,0.8087301610489569,,,,,,,0.0004131695222572462,,,271.4599304199219,271.45997619628906,271.4597930908203,271.4599609375,0.14640880336422893,,,,,,0.057253008058085246,,,101512.05066568048,,,1.970414201183432,141.00214218952246,0.16422006505480885,,272.83713545037443,,74196.55126664201,0.20055059850568602,0.0002524930344530817,0.006214292110932424,9.131061254873784e-06,0.000151859232659876,,264.49305336856276,-0.34629088181715745,-0.40825005254801916,7.374951538089773e-08,0.0018652345861698164,-0.0012080143012944058,2.4273621415052585e-07,0.03921850598775423,-0.01075957160024248
1979-04-09 18:00:00,,,5.747031776157357,,,,,,1403.4299093923262,1.985698762024648e-05,7.069013880554741e-07,6.872256832009942e-06,1.225962176830811e-06,-6.83871507641209e-08,,5.501935529991014,0.1569707746336446,,,,,,1.897601157250489e-05,2.4465855056717552e-05,645.0332840236687,7.231086051675695e-07,3.836321583866367e-06,,278.43734389085034,7.35773490025447e-06,,278.8958890113605,1.8507771238067446e-05,,,,2.584910604375354e-05,,6.564226023544221e-06,,,,,,,4.430265116268361e-05,,,,,,,,,
1979-04-10 00:00:00,-1.2649265153873601,0.03489237565260667,,-0.8119303347796378,-0.27637959655219985,271.7299114881888,279.1085722432334,0.8044745989099762,,,,,,,0.11260480711446005,,,271.4600524902344,271.4600830078125,271.45960998535156,271.4599609375,0.20870718871348004,,,,,,0.10738259941868528,,,101603.0125739645,,,2.2544378698224854,140.98781156822068,0.16396864208244008,,275.9167408237796,,74279.27369175295,0.3297422510632396,0.002350169526049371,0.013995540608168365,8.800043862246903e-05,0.0023764322495319432,,264.9554690750393,-0.8125783423700276,-0.08252629161586422,2.8982496329241558e-08,0.01753405281733487,0.0017507389275985357,8.662989774316593e-08,0.05861234049086828,0.00638369501695125
1979-04-10 18:00:00,,,5.17363396480944,,,,,,794.4047049728094,3.0101932717498236e-05,8.280725168758596e-06,8.151155604413274e-06,1.5723149804673956e-06,1.1778877184074648e-07,,5.01254067618466,0.21977739503397745,,,,,,1.3676510583719558e-05,2.5331533166783803e-05,901.1579142011834,2.320999136337867e-06,2.632402544896278e-06,,277.75021524824336,1.0197287833196877e-05,,278.0830814880732,2.2136600765250843e-05,,,,2.1827776403822137e-05,,7.802212732078056e-06,,,,,,,5.543725730399408e-05,,,,,,,,,
1979-04-11 00:00:00,-0.2865286381286982,-0.39911178159995897,,-0.1430492344692614,-0.5052103178035579,275.0404840051775,279.46252369175295,0.8060081809230105,,,,,,,0.014528443827431584,,,271.4599151611328,271.45985412597656,271.4603729248047,271.4599609375,0.2642601961214867,,,,,,0.04952425082054364,,,101234.72707100592,,,2.3905325443786984,140.26873797354614,0.16407602637477176,,275.6890521529158,,74012.5112795858,0.2851914625901442,0.0032334017330372827,0.019347918809518305,0.0005344131289149177,0.004019528451050527,,266.1107230101817,-0.18853504135763857,-0.2619047390638724,4.198342225822267e-07,0.029923297716965953,0.0007948848534617903,4.6550251859358714e-07,0.08050306328743168,-0.0049310252511289695
1979-04-11 18:00:00,,,6.271290604179428,,,,,,1333.4786414380344,3.3741706662629485e-07,3.7301811196747617e-08,0.0,0.0,2.276853361365402e-07,,6.0290486657407865,0.10938935590213572,,,,,,3.0564463879229754e-07,3.6454596970031954e-07,525.6793639053254,5.050978386366861e-09,3.9681522919625574e-08,,276.9313090849205,3.87681965005292e-08,,277.41651546320264,2.49434637247458e-07,,,,3.0564463879229754e-07,,0.0,,,,,,,6.841804237055355e-07,,,,,,,,,
1979-04-12 00:00:00,-1.7535735813118296,-1.0046324701704217,,-1.0750331765801244,-0.6519851345987715,272.49642610267773,278.3276208279401,0.8055854496165845,,,,,,,0.08119206174590884,,,271.4600372314453,271.46014404296875,271.45985412597656,271.4599609375,0.16224553034855768,,,,,,0.058065741725221894,,,101334.92825443787,,,1.757396449704142,140.61785039958164,0.16381379133145485,,274.31985780614366,,74082.29497965977,0.2692473600028715,0.0009371345565163877,0.006040911702714728,1.4214120673004692e-05,0.000665525007530077,,266.0463719114044,-0.9560658720118054,-0.2377874498536601,-3.0489722788595656e-08,0.0065860971684440885,0.00015237043507000398,6.676410096173985e-08,0.016849819019701354,-0.008131894486895679
1979-04-12 18:00:00,,,5.126414186150365,,,,,,3129.1854689192064,8.19012787215103e-06,2.2499155275215058e-08,0.0,0.0,9.440965622425157e-08,,4.8249135779205865,0.03972530929294563,,,,,,1.0849356915823807e-07,1.0327554511777042e-07,162.01331360946745,0.0,3.3598908460175496e-08,,277.3985584868482,2.6915015751969885e-08,,277.80364647137344,2.6887558268372125e-06,,,,1.0849356915823807e-07,,0.0,,,,,,,8.293598361269257e-06,,,,,,,,,
1979-04-13 00:00:00,-2.2150913215953216,-0.2926948366785896,,-1.2059938385641786,-0.3141098304613102,269.8712220502323,276.9070439084747,0.8101104236918794,,,,,,,0.7900033884147215,,,271.4603576660156,271.46002197265625,271.4599914550781,271.4599609375,0.0293229684321838,,,,,,0.4615715071999815,,,101832.77459319527,,,0.9704142011834319,139.14600313626804,0.1634525575581387,,274.7326591536844,,74508.13399130917,0.8464581992851912,0.019125744434536473,0.008202073136730307,7.882132332705888e-05,0.015329936552329882,,266.18617266592895,-1.0912324578098997,-0.0744210305298574,-1.6795595066474487e-07,0.04589700416700374,0.10515377766276385,-6.501704559299114e-07,-0.026296633940476637,0.019482239485668712
1979-04-13 18:00:00,,,4.506151571781678,,,,,,1563.7813553348665,0.0,0.0,0.0,0.0,9.645270960358627e-08,,4.341142535915036,0.16110870541905511,,,,,,5.444462174141901e-07,5.3957123970668e-07,619.4852071005918,1.4107608230861686e-09,1.4698639864752278e-07,,276.9634034647744,1.1150262968824108e-07,,277.465785641642,1.6199966986283396e-07,,,,5.444462174141901e-07,,0.0,,,,,,,5.3957123970668e-07,,,,,,,,,
1979-04-14 00:00:00,-0.7973084816565881,-0.02754824824587128,,-0.39728069869724253,-0.3392524154933952,271.4314812654574,276.1458492843357,0.8076919183223206,,,,,,,0.036219128490199703,,,271.4600830078125,271.45973205566406,271.4598693847656,271.4599609375,0.19509987012874444,,,,,,0.11612913594443418,,,101918.47115384616,,,2.485207100591716,140.60023760372366,0.16296853398430278,,275.11466654941177,,74514.95837185651,0.3135561068382489,0.00278155197053266,0.005293614765596108,0.0,0.0025808909941001756,,266.08912577431585,-0.28022764984672593,-0.07741570895945532,9.942802734199096e-08,0.00939347401169024,-0.0008344861221384014,1.270144331591347e-09,0.004613445575773363,-0.0014415434258576681
1979-04-14 18:00:00,,,4.478970273711978,,,,,,1212.8348653286318,2.5861185683301216e-05,9.318119322759865e-06,0.0,0.0,1.6731343234743e-07,,4.361716671102851,0.23322526378744451,,,,,,6.4505275184586205e-06,6.836106085918359e-06,892.7270710059172,6.450428324338247e-07,1.4333385070400125e-06,,277.9375924556213,3.934832366965932e-06,,278.3225935535318,1.0621133287982828e-05,,,,6.4505275184586205e-06,,0.0,,,,,,,3.270081867127729e-05,,,,,,,,,
1979-04-15 00:00:00,-0.8688479485596425,-0.007600304643077963,,-0.3871821341429942,-0.3865889712903627,273.7196196606879,278.03820584088385,0.815373101883386,,,,,,,0.1738935843021912,,,271.4597625732422,271.46022033691406,271.45997619628906,271.4599609375,0.2953454192573502,,,,,,0.2550331761277992,,,101742.71708579881,,,2.408284023668639,139.11197946762897,0.16269857361471865,,276.399829480775,,74363.29333857249,0.49118396580307444,0.005034752959039712,0.02072267787057091,0.00014451904409735865,0.0035495193752311392,,266.90337647206684,-0.3145122528076172,-0.16279267982618342,-1.497280408270773e-07,0.04287625291142282,0.003980640983264122,8.157084691861765e-08,0.09157487925020813,-0.01033187335764868
1979-04-15 18:00:00,,,5.473969820688462,,,,,,1451.1450722080888,0.00022492676796997792,2.739838594515648e-05,2.6466534335232347e-06,3.185750056917851e-09,1.4606283099518692e-07,,5.03152483878051,0.2968443921331823,,,,,,1.1121644776248368e-05,3.91762108492428e-05,1181.0203402366865,7.629592919490746e-06,2.4028122425079346e-06,,277.69224268444896,2.627912357714049e-05,,278.1193096454327,0.00010912305504612669,,,,1.3772464362827278e-05,,0.0,,,,,,,0.0002641586156991812,,,,,,,,,
1979-04-16 00:00:00,-0.6934307199963451,-0.09097148962980191,,-0.4627974527122001,-0.20446663918579824,274.75309301974505,278.2922998913646,0.8178886062294773,,,,,,,0.5759215767566974,,,271.4597930908203,271.46031188964844,271.45965576171875,271.4599609375,0.2939652663010817,,,,,,0.5316499323534543,,,101674.46708579881,,,2.6094674556213016,141.52520986703726,0.16270797492484368,,276.15731946956475,,74341.9422614645,0.7985213342502978,0.03031506090832753,0.025916913292214367,0.0011894773449418108,0.055138588796187875,,266.9492397872654,-0.4214285788451426,-0.059254635015182945,8.70896478530747e-07,0.3769043137997212,0.14854176763511268,3.4226044342913745e-07,0.1369036456897921,0.021883846695959216
1979-04-16 18:00:00,,,4.352112629004484,,,,,,1050.283302713428,5.999533735083405e-05,7.691071230984299e-07,1.3683939121178621e-06,1.565145449878196e-07,1.6831044371504358e-07,,4.076738380116119,0.24634258563701922,,,,,,9.538815219021407e-06,1.3219402033901778e-05,1000.5236686390532,1.1560082788298117e-06,2.348828597887028e-06,,276.6109669702293,4.475616668103009e-06,,277.104718992696,3.236532211303711e-05,,,,1.0907120958587827e-05,,0.0,,,,,,,7.321813402796638e-05,,,,,,,,,
1979-04-17 00:00:00,-0.7180607530492298,0.3903798210550342,,-0.40932308287310176,-0.09057972134923088,274.4734468177931,276.62566452477813,0.820138672399803,,,,,,,0.06872179381240755,,,271.46014404296875,271.4600830078125,271.4599609375,271.4599609375,0.3124452142276355,,,,,,0.22209392503432973,,,101430.05602810651,,,2.467455621301775,143.04929455638637,0.1629847492692033,,275.2890586175862,,74146.62620192308,0.4508959996629749,0.009308317330815366,0.03833889812761477,0.0005735956000153129,0.012044376170141457,,266.78243910208255,-0.386282046165692,0.01349830063137077,9.062960950128001e-07,0.09886036216578936,0.051105115540634245,8.307004775993179e-07,0.18292672260383352,0.043692686920158964
1979-04-17 18:00:00,,,4.760792388013129,,,,,,826.1669362714214,2.4786450453763882e-05,8.370572998678897e-06,2.5384589105282395e-10,3.3822439655044375e-10,5.292366890818123e-08,,4.407793338482197,0.20504345414201183,,,,,,2.1188635621550523e-06,8.670359673584707e-06,938.8694526627219,1.1836503737071561e-06,3.3146955249224897e-07,,275.66577455419053,4.082455261219183e-06,,275.945715006992,1.1061422923612877e-05,,,,2.119524856290874e-06,,0.0,,,,,,,3.345310688018799e-05,,,,,,,,,
1979-04-18 00:00:00,-0.7225260706342889,-0.36106855629463874,,-0.4317658046293541,-0.3501637757882564,272.4848792623486,275.839213264059,0.8169468821153133,,,,,,,0.008866530198317308,,,271.45965576171875,271.46055603027344,271.45985412597656,271.4599609375,0.26581713433801774,,,,,,0.12931751499514607,,,101466.7387204142,,,2.502958579881657,143.48013775165265,0.16288998000015167,,274.2780237141446,,74164.74597818048,0.34749967536541837,0.0035071034403242303,0.044672034893008555,0.0007933977792954304,0.00357910020816961,,265.95725029036845,-0.351168107704298,-0.18820442673722668,-8.009984956182175e-08,0.01232213429974381,-0.007089376802275167,-7.474872554613129e-07,0.12409241382892315,-0.06359575062813844
1979-04-18 18:00:00,,,4.2938500071418355,,,,,,764.3686529006401,3.9359675885657585e-06,9.733588385158742e-07,0.0,0.0,1.0794225392020004e-07,,4.1081758871586365,0.1801248584273299,,,,,,6.083189647578629e-07,1.156202258442986e-05,696.1930473372781,1.5027027511032376e-06,1.40147515126234e-07,,276.8478327643942,1.5214835045605722e-06,,277.2325501752323,6.686234791603314e-06,,,,6.073049804162697e-07,,0.0,,,,,,,1.549778076318594e-05,,,,,,,,,
1979-04-19 00:00:00,-0.5644299546642416,-0.25218424712412457,,-0.36145693310619104,-0.2143589279355382,273.7828500059229,277.4803096613235,0.815011998605446,,,,,,,0.0006084611429970645,,,271.45933532714844,271.4596405029297,271.4603576660156,271.4599609375,0.21262948736190224,,,,,,0.1603779087405233,,,101420.01812130178,,,1.9467455621301775,143.480091523842,0.1624370439518133,,275.39387828217457,,74224.05094304733,0.31543685886016964,0.0011421484354685045,0.055699213835966675,0.0006249938490828113,0.0008761699383075421,,266.1334272757084,-0.3364292460785815,-0.0933097015471148,8.097216967671448e-08,0.002269326746408668,-0.0023063996134425058,4.803717882749928e-07,0.1324231726883431,-0.08332915418952175
1979-04-19 18:00:00,,,4.790706944888865,,,,,,680.0943075326772,5.265523696086816e-05,2.3814877109414727e-05,3.6592159927244017e-07,0.0,1.8584797711293462e-07,,4.5605411360249715,0.19246380145733172,,,,,,1.4156103134155273e-06,1.9399019388052133e-05,737.3746301775147,1.1259767078083647e-05,3.7503643677784845e-07,,277.8107000046228,7.893184762029253e-06,,278.20110298472747,3.4876652723233376e-05,,,,1.7814382293520594e-06,,0.0,,,,,,,7.205584345484626e-05,,,,,,,,,
1979-04-20 00:00:00,-0.8702398334029158,0.24914457671035675,,-0.5048888392702362,-0.1752850684893907,275.0575565134985,279.3337647928994,0.8136237796241715,,,,,,,0.007448049692007212,,,271.4598083496094,271.45989990234375,271.46006774902344,271.4599609375,0.23336286375508505,,,,,,0.15631771651950813,,,101338.82655325443,,,2.3431952662721893,142.76970875756982,0.16196921591222638,,275.8594407301683,,74165.8572254068,0.31350328795303256,0.002991261566884419,0.07032559581201513,0.002265320727105677,0.0029552843443740756,,266.1740995328102,-0.4601135705349713,-0.06637757769703159,2.180479105097688e-08,0.022910727551702918,-0.008067826900256456,7.160454477870991e-07,0.33260815332715327,-0.1446534070742906
1979-04-20 18:00:00,,,5.070126522222214,,,,,,457.0821021295363,3.305871105758396e-05,6.579237400427373e-06,1.8977598678430863e-06,0.0,-9.006871335544574e-09,,4.831790980502698,0.21058907593495746,,,,,,4.033100675549028e-06,2.3674241889863324e-05,861.7318786982248,3.0759986512054353e-06,1.2134196313880604e-06,,277.70414056721523,5.562475623463738e-06,,278.1098546135355,2.7424220502729245e-05,,,,5.930706241427088e-06,,9.030582777296121e-10,,,,,,,5.673427553571893e-05,,,,,,,,,
1979-04-21 00:00:00,-0.6806314400667269,-0.3820241894242326,,-0.3617692868385089,-0.44710468540530235,274.5020237307577,279.03417679826185,0.8209534481432311,,,,,,,0.008674892448109282,,,271.45977783203125,271.4599151611328,271.45957946777344,271.4599609375,0.2569876225036982,,,,,,0.0646523018560466,,,101285.19378698224,,,2.437869822485207,140.10832747058757,0.1616373965020716,,276.2597290580795,,74044.27225869083,0.27762463812291976,0.0031638681535890115,0.03977262056790865,0.002513603345882258,0.0035761545395710057,,266.68955632497574,-0.30068360277886924,-0.26769358730880466,2.2313493502342842e-07,0.03401172230185145,0.0006785998065796125,1.7970764472048741e-06,0.2092616925974922,-0.03332789868292724
1979-04-21 18:00:00,,,5.435487414252829,,,,,,619.0930023193359,3.670297078126986e-05,6.806083332152056e-06,3.960799183365861e-06,2.316017387181344e-07,1.3082496840479239e-07,,5.213534784034865,0.14433351776303624,,,,,,8.840620870420919e-06,1.2855469827821269e-05,595.1076183431952,5.240260055784643e-07,1.7064254312120245e-06,,277.3990269045858,8.406657615356896e-06,,277.8144112310466,1.6281502486686028e-05,,,,1.2801860916543994e-05,,6.748903432541345e-06,,,,,,,4.9571137456498905e-05,,,,,,,,,
1979-04-22 00:00:00,-0.7546342195138424,-0.0013034132105358958,,-0.4465534560073762,-0.2705072989830604,272.8118806195682,278.1742831800111,0.8275912788492688,,,,,,,0.014395110000520062,,,271.45957946777344,271.4599914550781,271.46018981933594,271.4599609375,0.1684273262701091,,,,,,0.05276561488766642,,,101283.1762204142,,,2.4142011834319526,139.70022835816152,0.16163047813099518,,275.7537170049001,,74027.84349574705,0.19379321216831547,0.004174159123347356,0.017285409058339498,0.000603850776627219,0.0045451779337324335,,265.27889933388616,-0.4355644417937691,-0.07848190555911093,3.710832400230233e-07,0.055521586710124235,0.017015950098501507,6.209801642786293e-07,0.06753494809712311,0.022119855298798466
1979-04-22 18:00:00,,,5.885922183651896,,,,,,2524.2629092261905,5.801357108460376e-06,3.943241824059797e-07,5.115650197457985e-06,1.5515338122492006e-06,1.3858734961728615e-08,,5.6833371777506265,0.12689019378120378,,,,,,1.0316596316868032e-05,1.031532883644104e-05,533.8968195266273,0.0,2.4316887531054794e-06,,277.15078211677144,2.8900647833502506e-06,,277.4473494129068,7.864506639672455e-06,,,,1.5432180384912435e-05,,0.0,,,,,,,1.6115936478214152e-05,,,,,,,,,
1979-04-23 00:00:00,-1.2744051577776847,-0.9205466219659387,,-0.5246348634979429,-0.7155859117677226,272.48349098341,277.9615529077293,0.8307258486747742,,,,,,,0.07579464884199334,,,271.46043395996094,271.459716796875,271.45953369140625,271.4599609375,0.06386904744706916,,,,,,0.4872036544528939,,,101617.1388683432,,,2.1242603550295858,138.02608819543963,0.16174897639709113,,276.03221455410386,,74278.63161057692,0.5131124462601702,0.027732961981959597,0.0002989860681387094,1.4446190828402367e-06,0.026592638365615755,,266.51501898229475,-0.38033661475548375,-0.40242177071655993,6.039104555814787e-08,0.016961195412472155,-0.021325740941177458,-1.0064799205244026e-07,0.00013261500018588184,-6.203937548152088e-05
1979-04-23 18:00:00,,,5.895926424737513,,,,,,5862.81942983774,0.0,0.0,0.0,0.0,-9.67897823322895e-08,,5.78283730907553,0.0011835041836168638,,,,,,0.0,0.0,1.0543407914201184,0.0,0.0,,277.89253045257027,0.0,,278.25310448640903,0.0,,,,0.0,,0.0,,,,,,,0.0,,,,,,,,,
1979-04-24 00:00:00,-1.4570401434362288,-1.225951781639686,,-0.6938010447124052,-0.8313016665757761,267.0025074072843,277.4218215490939,0.8249408574499322,,,,,,,0.0069558070256159855,,,271.4600524902344,271.4601135253906,271.45997619628906,271.4599609375,0.0,,,,,,0.00098864425568891,,,102095.9075443787,,,0.05917159763313609,144.00228087295443,0.16156124363284138,,273.7631700504461,,74688.49983820267,0.007808922310552653,4.175799132804193e-05,3.972349787604879e-06,0.0,6.817942540321125e-06,,263.8826155803613,-0.6354370399339665,-0.3690032507540912,3.1234970281504027e-08,0.0005968830289219964,-7.5975421970412575e-06,-6.393216587031349e-08,-0.00024038603188009856,-0.00021749784828634856
1979-04-24 18:00:00,,,3.8916639858449,,,,,,3080.1666968850527,0.0,0.0,0.0,0.0,-3.490935578479393e-08,,3.6873896390023315,0.04250728449172522,,,,,,3.499175923374983e-09,0.0,188.13165680473372,0.0,4.6543256822593244e-10,,278.0045563285873,0.0,,278.43797383505915,0.0,,,,3.499175923374983e-09,,0.0,,,,,,,0.0,,,,,,,,,
1979-04-25 00:00:00,-0.25635573144495133,0.4839121801613351,,-0.288145776331072,-0.16626082087409566,271.03706973826394,277.9271290796043,0.818591289619017,,,,,,,0.05975228936009153,,,271.4600524902344,271.46026611328125,271.459716796875,271.4599609375,0.025613096338757396,,,,,,0.17360872347679365,,,101987.72892011834,,,1.2603550295857988,145.55498057709644,0.1611067980704223,,275.63802405363003,,74672.99551590237,0.21562077448918268,0.002239453016653569,0.0004006722975059374,0.0,0.0011155986221584343,,265.3861870398888,-0.15329157671279456,-0.07525287718462521,1.7085611400368056e-07,-0.013747395143001037,0.014301819208811021,-3.112992969777789e-08,-9.512738186932174e-06,0.0002549583555237781
1979-04-25 18:00:00,,,4.652801034013195,,,,,,902.9901498647837,0.0,0.0,0.0,0.0,4.649461231011203e-08,,4.594356756943923,0.16730151656111317,,,,,,4.438413362178577e-07,4.3530237568906075e-07,737.8269230769231,0.0,1.0067376600214715e-07,,278.0906946306398,8.842776964842921e-08,,278.4906417575814,1.6844504893090598e-07,,,,4.438413362178577e-07,,0.0,,,,,,,4.3530237568906075e-07,,,,,,,,,
1979-04-26 00:00:00,-0.958370586824135,-0.008061155059633876,,-0.48791108328915206,-0.4093371961243759,271.81920104619314,278.81571138822113,0.8149552563943806,,,,,,,0.19776185165495563,,,271.4598693847656,271.45994567871094,271.4602508544922,271.4599609375,0.1836760932877219,,,,,,0.08969062037721894,,,101961.2374260355,,,2.4142011834319526,146.11170210076506,0.1605305079172349,,276.78968928410455,,74559.57253143491,0.35210910774546966,0.0010988881602089786,0.005282475398137019,0.0,0.00042039402843227047,,265.82926624907543,-0.39485373863807094,-0.22035915893915842,-1.2297653500128472e-07,0.005387664326196592,-0.0033492414203621225,2.271492088545889e-07,0.006888395406790739,0.0013843227905281901
1979-04-26 18:00:00,,,4.081116501396225,,,,,,727.9606419316044,0.0,0.0,0.0,0.0,-2.532424493906358e-08,,3.9921161719327847,0.022275755391318416,,,,,,9.423290749945673e-09,0.0,106.29114275147928,0.0,2.8567820561487647e-09,,278.6475057206916,0.0,,278.9825215537167,1.7773463857806558e-09,,,,9.423290749945673e-09,,0.0,,,,,,,0.0,,,,,,,,,
1979-04-27 00:00:00,-0.38124695614244813,0.1984175394272663,,-0.26464595456095136,-0.1995450702644664,273.0777856950929,279.5408798308062,0.8255451014761389,,,,,,,0.02175864947618112,,,271.4599914550781,271.4596710205078,271.4597473144531,271.4599609375,0.027951708912144047,,,,,,0.005327529455783099,,,101530.99241863906,,,1.272189349112426,142.76799832857571,0.16001620941613554,,276.55644542084644,,74378.81860207101,0.050608437442215236,7.955438991975502e-05,0.0017172161644027077,0.0,6.991091388217091e-06,,266.9220599112426,-0.16579393240121695,-0.06718268761268029,1.2896998568115353e-07,1.3225177336021288e-05,-0.0005822200438327338,-9.702224736176407e-08,0.0029802862954320464,-0.0001579805679575226
1979-04-27 18:00:00,,,5.0067165532761075,,,,,,1133.213375163528,7.436872520566692e-08,3.848662985676139e-08,0.0,0.0,9.118455572201204e-08,,4.917859410393167,0.12915165466669748,,,,,,2.155130034720404e-07,3.3252624541344725e-06,597.8357988165681,9.518447359638101e-07,2.9602986980868867e-08,,281.01394454685186,1.3694919359225494e-07,,281.4676044170673,1.3384262661962113e-06,,,,2.155130034720404e-07,,1.6373918342167104e-07,,,,,,,3.4057419504639663e-06,,,,,,,,,
1979-04-28 00:00:00,-1.3937612793149328,-0.20488733934932912,,-0.7931777175361588,-0.2573215439474794,276.19439841727535,281.7012383274778,0.8284694774616399,,,,,,,0.01108497980783677,,,271.4599609375,271.4599609375,271.45982360839844,271.4599609375,0.22197917509361131,,,,,,0.13393659422383505,,,101362.19230769231,,,1.9289940828402368,142.78783005934494,0.1594061738640599,,279.86000196468194,,74263.75496948964,0.30986753249397647,0.00037764303782987876,0.04121102568329747,0.00014941438415346767,0.00020697483649620644,,267.82333247619266,-0.732552477593958,-0.11880292271721292,-7.011078550070355e-08,0.0007698164960733179,-0.001716509770006823,4.012135240475278e-07,0.07114443112407211,-0.06525919775991045
1979-04-28 18:00:00,,,5.010837916086412,,,,,,1015.9155883789062,0.0006408479792126537,0.00030094702568279923,2.2763419433458318e-05,4.900630409195578e-06,1.006460883024358e-07,,4.743257985312558,0.27321069480399407,,,,,,1.0032151665913283e-05,1.2529297516896175e-05,954.9796597633136,1.2857018358255984e-06,2.644788032981771e-06,,282.0470353527182,5.116132942177135e-05,,282.5797675318972,0.0004087732388423039,,,,3.279604502683561e-05,,0.0,,,,,,,0.0006533910536907128,,,,,,,,,
1979-04-29 00:00:00,-1.234760357783391,-0.8443861289842595,,-0.6854278124295748,-0.761269789475661,279.5585330759985,284.05836116632764,0.8363007568043365,,,,,,,0.7609590609398114,,,271.4600372314453,271.4600372314453,271.4600524902344,271.4599609375,0.2663465872318787,,,,,,0.45364129104646,,,101262.68509615384,,,2.544378698224852,144.29037258893075,0.15869171661738107,,280.7546054456361,,74184.28806860207,0.8091382111185754,0.14755556004992604,0.03667169711051423,0.0013884933742545765,0.11360791449010725,,269.90167922522187,-0.6816199432463336,-0.6140912919354862,3.849479615049073e-06,0.9266050802144228,1.006603865228461,-2.5615452226670184e-07,0.10413549351092627,0.09443449907930646
1979-04-29 18:00:00,,,4.669528379948182,,,,,,1083.2674719454974,8.796622767250919e-06,1.8649927434131238e-06,0.0,0.0,2.0365669835355327e-07,,4.157413855106873,0.2993014183270155,,,,,,7.251927838523007e-06,7.955258238245043e-06,1182.9644970414201,3.1487761373967816e-08,1.5517762867656685e-06,,279.9782440366124,1.6667202291404002e-06,,280.4504495654586,8.049580825151071e-06,,,,7.251927838523007e-06,,0.0,,,,,,,1.676217515087692e-05,,,,,,,,,
1979-04-30 00:00:00,-0.46106216611241446,0.6696157060431306,,-0.39555045133511696,0.11111914053471131,277.3759924533099,281.00534942446376,0.8360738990574899,,,,,,,0.2301402797360392,,,271.4599914550781,271.4602966308594,271.4600830078125,271.4599609375,0.32251771102995563,,,,,,0.4411179582042807,,,101288.4049556213,,,2.7159763313609466,145.00163368360532,0.15875235676060062,,279.66664258968194,,74149.33094489644,0.6573810942206509,0.018231875299146817,0.018210151930926535,0.00017664771108232306,0.025029244507558248,,269.252249271912,-0.2942870326296112,0.31591698615508673,9.524649629157902e-07,0.06654671310673099,0.040264094722341506,-4.8106080854515484e-08,0.0407425202649726,-0.0037819944189850397
1979-04-30 18:00:00,,,5.505043887527736,,,,,,521.0375563614851,0.00019445750840316862,5.0562902315128486e-05,5.727082755438675e-08,9.886002906504468e-09,2.3960255822800542e-08,,5.327786389187243,0.27370583799463755,,,,,,1.388996668688997e-07,6.026047221302281e-05,1174.0362426035504,1.403006047186767e-05,2.9318234414832126e-08,,279.13629836584687,4.380888487460345e-05,,279.4536407290126,7.520307450604862e-05,,,,1.9646359927202824e-07,,0.0,,,,,,,0.00025469311595668453,,,,,,,,,
1979-05-01 00:00:00,-0.10396449523564627,-0.7470552850757125,,-0.23862165530052412,-0.48980341578376363,278.1096176960059,281.81892711029957,0.8308900714625974,,,,,,,0.045454217132026624,,,271.4601593017578,271.4601593017578,271.4601135253906,271.4599609375,0.31778158726082484,,,,,,0.14095094218056584,,,101109.45284763313,,,2.0710059171597632,143.1444313907059,0.15814413544694347,,278.00119758921966,,74031.63429178995,0.3690960331731779,0.010902269352117234,0.07188347060970078,0.0028664628429525703,0.008853122327454697,,268.390177258373,-0.24409967907787075,-0.2565040983391937,1.0889553998461952e-06,0.10457863869040808,0.010714113712310791,2.6364587405806728e-06,0.573555897634763,-0.16636492937979613
1979-05-01 18:00:00,,,5.834495019630568,,,,,,434.59504838423294,3.755357138503938e-06,4.203626390039568e-07,0.0,0.0,-1.7259712365439393e-08,,5.620132418073846,0.24737133500138683,,,,,,3.3575315414183942e-09,5.3298632068746894e-05,807.8357988165681,1.702497344045244e-05,2.5367906066374135e-10,,280.5384644276997,7.972297583811382e-06,,280.92545765532543,2.646243431159025e-05,,,,3.3575315414183942e-09,,0.0,,,,,,,5.704728809334117e-05,,,,,,,,,
1979-05-02 00:00:00,-1.0016531295324924,-0.16787632823695797,,-0.8176676338240945,-0.13862161805643838,274.2078423133263,281.9366072254068,0.8259478165553167,,,,,,,0.0015915357149564303,,,271.45977783203125,271.4599151611328,271.46014404296875,271.4599609375,0.20331740520409577,,,,,,0.1001755753917807,,,100964.8324704142,,,0.5976331360946746,142.6791484765047,0.1572875863701634,,277.6855916581916,,74055.33279400888,0.21517330372827292,3.3630862743896846e-05,0.07441205809102255,0.0046422721366205155,1.6061247453181702e-05,,268.5668404483231,-0.9025495010014821,-0.08806633243899374,-2.3106804023102096e-08,0.0009624504266560254,-0.0002195705940737527,4.871244151035004e-07,0.18523477978960295,-0.02326502673019319
1979-05-02 18:00:00,,,5.751494678519887,,,,,,292.0199190027574,6.329334346500374e-06,1.864386557121954e-06,0.0,0.0,-3.701918975439077e-08,,5.65410454879851,0.40038791633921966,,,,,,1.1597060152059476e-06,5.5385147326091335e-05,1486.7366863905324,1.8826074148776263e-05,3.253222724213403e-07,,279.79200374445264,8.471486483805279e-06,,280.20594200721155,2.813907946355244e-05,,,,1.1575237445577361e-06,,3.4723232483722755e-06,,,,,,,6.175191092067922e-05,,,,,,,,,
1979-05-03 00:00:00,-0.1930411637887447,-0.05784697222286427,,-0.34245162602712415,-0.19488756755399986,279.58472113073225,282.3542234883506,0.8306671172909482,,,,,,,0.06575454621625369,,,271.46026611328125,271.4600524902344,271.4604389313939,271.4599609375,0.4800227863504689,,,,,,0.09845530493019601,,,101066.00776627219,,,2.3727810650887573,141.94509707117928,0.15640906892584625,,279.1433351053994,,74034.58903476331,0.5108403938012362,0.00032276267836079797,0.10328493023032223,0.005972055288461538,8.495107910336827e-05,,268.8254677134858,-0.42564748730179824,-0.12695145465918548,-3.5518717571333385e-08,0.0028784260801804256,-0.0005135008260695892,1.005325521502269e-06,0.2423340318471017,0.0036709435592741655
1979-05-03 18:00:00,,,5.630000537669165,,,,,,278.4213339100713,2.714590384409978e-06,7.553852697801308e-07,0.0,0.0,1.9990265033042166e-07,,5.522406476489185,0.17066314516688239,,,,,,1.6183465631050472e-06,1.6954832175779625e-05,704.4019970414201,1.6386538038592367e-06,4.0518593858685013e-07,,280.1170603735207,1.935056857103427e-06,,280.6154149523854,8.8137502853687e-06,,,,1.6183465631050472e-06,,1.9755085982580684e-09,,,,,,,1.966111229721611e-05,,,,,,,,,
1979-05-04 00:00:00,-0.5957501541227984,0.551775492154635,,-0.45770970180895204,-0.11383760328123556,279.41611241447856,282.60779892058065,0.8304535154054856,,,,,,,2.657608873040013e-06,,,271.46006774902344,271.4598846435547,271.4601593017578,271.4599609375,0.23147312141734466,,,,,,0.043801031169101334,,,101019.79622781066,,,2.6153846153846154,144.87903752975916,0.15530527555025542,,279.3345188840606,,74028.39249722633,0.23450916899731877,0.0005807890694522293,0.041411676350429916,0.001730151430389585,0.00029412881862482374,,268.413200513851,-0.42404627941063877,0.03831256211862056,2.2735807545644646e-08,0.002682519367721742,0.0011446910990214735,9.773698285464527e-07,0.1802070704481658,0.03389870732493654
1979-05-04 18:00:00,,,5.753474828054213,,,,,,205.71771159924958,7.806665445925921e-06,3.759457162146032e-07,3.990910109683607e-06,2.0840684690419035e-06,4.3167045659223055e-08,,5.500345156742976,0.13874681461492233,,,,,,1.2501986069086741e-05,2.401908473855645e-05,554.6198224852071,1.7165873177658172e-06,2.6384974725147677e-06,,277.9940578302688,4.659522567275008e-06,,278.4923218495747,9.984836070495244e-06,,,,1.6491617676774425e-05,,1.3225662285054224e-06,,,,,,,3.18212974706345e-05,,,,,,,,,
1979-05-05 00:00:00,-0.2641083418264897,0.2808149326482468,,-0.20310785643447785,-0.27947772325143305,272.11578287880803,279.2033185789571,0.8385117381987487,,,,,,,0.0012863147893600916,,,271.46014404296875,271.4602355957031,271.4600067138672,271.4599609375,0.17103477342594306,,,,,,0.023854046883667716,,,100989.03698224852,,,2.1597633136094676,140.93515809188932,0.15475370474821012,,276.8591203858866,,73881.46290218196,0.17321524535410504,0.0023681200467623197,0.016172600921089127,0.0010151383439464682,0.004395750147351146,,266.00383925579,-0.21177270426552677,-0.09317662165715145,3.172198370596416e-07,0.023397422873707125,0.009383026664779031,3.223474820822301e-07,0.0711300539282652,0.05186697479183152
1979-05-05 18:00:00,,,5.479388355503421,,,,,,243.43982397991678,1.941118720015125e-06,8.808472331547173e-09,1.8772597496326152e-06,6.043016028827464e-07,-2.22911231616545e-08,,5.405499785609499,0.14813412999260356,,,,,,5.71593994925008e-06,6.582918604450113e-06,551.208949704142,2.2227749140304925e-07,1.1632163849102674e-06,,277.4694101909209,1.4596525028612487e-06,,277.8644745053624,1.969311893338988e-06,,,,7.592626577298317e-06,,8.217020500341111e-07,,,,,,,8.524478187222453e-06,,,,,,,,,
1979-05-06 00:00:00,-0.40677923845821584,0.20979312467857225,,-0.21777453225039872,-0.32583104647122896,272.0666740462625,278.6799735345784,0.838562152442142,,,,,,,0.0,,,271.4601745605469,271.46014404296875,271.4599151611328,271.4599609375,0.16274834807807878,,,,,,0.00795563015006703,,,101186.09966715977,,,2.36094674556213,139.87658745579466,0.1545113106451091,,276.9156827305901,,73978.67090421598,0.1630144288553994,0.0015211500359710152,0.008154784433940458,1.1760190393797744e-05,0.0016562839936927931,,266.14770859938403,-0.10340742528791258,-0.11483448073708799,4.840280215556254e-08,0.006835293960234029,0.004966589106166234,2.5963903326071394e-07,0.024616446928809998,0.02458222519011187
1979-05-06 18:00:00,,,5.43365759539181,,,,,,190.72968394720732,1.6429301726042167e-07,3.0152257201234266e-08,2.8463546186685562e-08,1.480196707347441e-08,-5.360730217126358e-08,,5.298445176796095,0.19665455112795857,,,,,,1.145537788345969e-05,1.1806040120548045e-05,768.5295857988166,5.9285019276410165e-08,2.5377162462155493e-06,,277.9319656642936,2.722988819934913e-06,,278.2492054595044,3.325648209047035e-06,,,,1.1483681272472855e-05,,4.816811377480186e-07,,,,,,,1.1965191575902453e-05,,,,,,,,,
1979-05-07 00:00:00,-0.9878470911782169,-0.4478979957174267,,-0.4005383824455668,-0.5191870469313401,272.49748202893863,279.1169346916605,0.8375779524357361,,,,,,,0.0,,,271.4604034423828,271.4600830078125,271.460205078125,271.4599609375,0.22461407001201922,,,,,,0.0188409929444804,,,101318.89644970415,,,2.224852071005917,139.7842242901142,0.15443124150383403,,277.6229211931398,,74030.31286982249,0.22850126909786428,0.00249445085694804,0.003875833996654262,6.789639151307958e-06,0.0036834626508182324,,266.64537274061576,-0.26956400786631207,-0.2637509114643526,9.827667701067733e-08,0.008256178635817308,-0.0009258585216025629,2.340865912575126e-07,0.007364612430907213,-0.0006274422685775531
1979-05-07 18:00:00,,,5.057717453093218,,,,,,1053.9078979492188,0.0,0.0,0.0,0.0,4.024473154991755e-08,,4.905141345142613,0.041994083562546226,,,,,,9.625893879747955e-08,1.0124413219429332e-07,142.65477071005918,6.098027434751127e-09,2.4065423547428037e-08,,279.10327726285135,1.190596373101487e-08,,279.4937029054179,2.200800660975586e-08,,,,9.625893879747955e-08,,0.0,,,,,,,1.0124413219429332e-07,,,,,,,,,
1979-05-08 00:00:00,-1.7252467228816106,0.24099952088305232,,-1.0277583161754722,-0.25222341548761673,271.8390913743239,279.83827344905694,0.8347521826360352,,,,,,,0.0002944892680151223,,,271.46014404296875,271.4601593017578,271.46014404296875,271.4599609375,0.057352551341762203,,,,,,0.0018610531056421043,,,101270.83154585799,,,0.9526627218934911,142.92027273685974,0.15389467273238142,,277.73502255050386,,74157.05813147189,0.05872837044078218,0.0002236070012199808,0.004766780243822809,1.5025594707071429e-06,0.00010201493663900703,,268.21357474242444,-0.9841098277526494,-0.06418447663798135,2.1361424761601124e-07,0.0012054666752800258,-0.00018528546895501177,1.4094078286307088e-07,-0.0014106705343934912,0.00041560696426933333
1979-05-08 18:00:00,,,5.130873426177798,,,,,,974.1566853841146,2.61176741246641e-07,2.5496677600244094e-08,0.0,0.0,1.6786109951611323e-07,,4.967347997180103,0.2180939623590052,,,,,,1.8728208127459125e-06,2.398089500221275e-06,825.0728550295858,1.9255783078233166e-07,5.663267871331887e-07,,280.41958094489644,4.6880794523735725e-07,,280.85864835660135,1.0871317391917551e-06,,,,1.8749893064329611e-06,,4.517079810419026e-07,,,,,,,2.6637258437963633e-06,,,,,,,,,
1979-05-09 00:00:00,-1.2169040194629916,-0.20156253160104243,,-0.7366856964382195,-0.3969531256771652,277.85128802237426,281.88082903799926,0.8292931335917592,,,,,,,0.014790800196179272,,,271.46002197265625,271.460205078125,271.4601745605469,271.4599609375,0.2856373081545858,,,,,,0.05700864171135355,,,101419.07100591715,,,2.4201183431952664,146.39230491141595,0.1531452681185931,,280.26761857433434,,74222.10507581361,0.3215088251779771,0.0010274232491939025,0.03199342015647459,9.653166200987686e-05,0.0002907112505308975,,267.8077340210683,-0.6729612632616032,-0.2588471689167813,2.364509707294713e-08,0.007876923927309173,1.6521838818781473e-05,6.84981505562532e-07,0.1079182850979489,-0.022618780827381203
1979-05-09 18:00:00,,,5.7258128329846985,,,,,,651.8436733669705,0.00017100396240956684,4.006208047358947e-05,3.231515399781028e-09,3.5992311038209135e-10,1.4778212040556682e-07,,5.438926719349517,0.26406083868805474,,,,,,2.6898717606914113e-06,3.80260880882218e-05,993.0761834319527,1.1403047474178337e-05,4.79853623849753e-07,,281.15813522790313,4.0687664726076746e-05,,281.5261418269231,0.00010349094515016094,,,,2.693282936275358e-06,,1.0621375762499297e-06,,,,,,,0.00020904265917264498,,,,,,,,,
1979-05-10 00:00:00,-1.404794653491861,0.034084630435740455,,-0.9245599204971946,-0.19962529176791038,278.5272440712833,281.6118785248706,0.8289190481400349,,,,,,,0.06463993230514978,,,271.45989990234375,271.4595642089844,271.4600524902344,271.4599609375,0.2801426091843103,,,,,,0.08850025425295859,,,101330.33579881657,,,2.662721893491124,147.37728087295443,0.15230226516723633,,280.248273680196,,74205.19448039941,0.3584444847332655,0.009765173556536612,0.04391587330567438,0.002019216323039941,0.00971077461919841,,268.235857179179,-0.9250465257633367,-0.06575154976026547,1.788572122817501e-06,0.13233496310442863,-0.02449785992944029,1.5201790846564626e-06,0.24923649854880905,-0.022446689873757447
1979-05-10 18:00:00,,,5.721891854641705,,,,,,672.5227806739558,3.916686455878986e-05,5.583394561293563e-06,1.1975375505594106e-06,8.248197763452868e-08,-1.0110330581940579e-07,,5.3907532438018615,0.312444562742696,,,,,,1.1886100797258186e-05,0.0002210902039115951,1210.7903106508875,4.707091658778445e-05,1.5625939566708175e-06,,280.1074796597633,4.8502486133011136e-05,,280.4675957493528,8.082848328810472e-05,,,,1.3083572218404013e-05,,6.625990895829963e-06,,,,,,,0.00026024516517594013,,,,,,,,,
1979-05-11 00:00:00,-1.092719196567874,-0.3752961017676359,,-0.6900625906047031,-0.3141601720505212,277.85769779724484,281.32131939950074,0.8297625586125977,,,,,,,0.00724392953003652,,,271.45973205566406,271.46002197265625,271.4600830078125,271.4599609375,0.3758243357641457,,,,,,0.22780947713456914,,,101322.31915680473,,,2.4319526627218937,143.9040467753213,0.15137352181609565,,279.88234733265534,,74208.68290033285,0.45976413577277014,0.0020584862613113675,0.12836067423296088,0.043413331522744084,0.004099986962312777,,268.48720022348255,-0.6544707992373133,-0.20420134279149524,2.395954867721585e-07,0.01681929366783991,-0.008259367660657895,6.022483384072748e-06,0.7864473125202989,-0.14190399717297075
1979-05-11 18:00:00,,,5.591942634808241,,,,,,478.5953340815927,2.4707139243741008e-05,6.1664796439853646e-06,0.0,0.0,1.9326855245713812e-07,,5.254612262432392,0.2517731796354937,,,,,,4.7011813424395384e-07,2.6547168133526865e-05,1004.0902366863905,6.48839762930334e-06,9.803754448361651e-08,,281.1458256286982,7.009651710295818e-06,,281.6370972401997,2.520346253581301e-05,,,,4.6941964231299223e-07,,5.49133139601826e-07,,,,,,,5.1249149283008464e-05,,,,,,,,,
1979-05-12 00:00:00,-1.1900230610864402,-0.045601912504117166,,-0.803945118153589,-0.19874443528214855,280.2854610646265,282.3335683247041,0.8367230610029232,,,,,,,0.0,,,271.4601135253906,271.4598693847656,271.4596405029297,271.4599609375,0.43418554159862227,,,,,,0.17753501756656806,,,101038.53605769231,,,2.42603550295858,144.38574056230354,0.15032874338725616,,280.6016332863351,,74049.23899778107,0.45657364682421175,0.0005344215934798563,0.11663349922167787,0.0053122932388937685,0.00031969815316284904,,268.66105462249214,-0.8574560097688754,-0.07491107240936459,1.7895725743891861e-07,0.0031864344508844545,-0.0009700694953548838,2.026499800808375e-06,0.5067574975670442,0.0468546508331976
1979-05-12 18:00:00,,,5.7004046863352755,,,,,,633.3400884522982,8.983425134737817e-05,2.1060983810199083e-05,1.1517539532226923e-08,0.0,9.889519260576293e-08,,5.4481967271432366,0.37685741898576186,,,,,,4.272632433112556e-06,0.00010282030472388634,1355.2577662721894,2.4211829936010597e-05,8.602775412903735e-07,,281.5057149130917,3.1228425234732544e-05,,281.8283070220044,6.613276413911899e-05,,,,4.284149972644783e-06,,2.400629971859723e-06,,,,,,,0.00019265279262023564,,,,,,,,,
1979-05-13 00:00:00,-1.2901145664192515,0.2631206456020739,,-0.8482328900218715,-0.1248895092123359,280.30373405140534,283.8051309980584,0.840080854808085,,,,,,,0.22797010071884247,,,271.45994567871094,271.45994567871094,271.4601135253906,271.4599609375,0.4453306884589066,,,,,,0.15516211154192863,,,101093.45118343196,,,2.3491124260355027,143.47056859484792,0.14938469610270663,,281.65760216346155,,74089.30561205621,0.5886813330094842,0.0035066518398034854,0.08995032866248454,0.0106400935607549,0.0021965856382832726,,269.47582574426775,-0.8607138853806716,-0.04899836997308674,3.791806973811768e-07,0.045948048623708576,0.0131679178606829,1.0399930916186532e-06,0.35691188937383733,0.08967099528340898
1979-05-13 18:00:00,,,5.1339828107484,,,,,,756.5562017668718,4.984341429535454e-05,1.4784464822012997e-05,7.98722078814309e-07,0.0,1.988230760831981e-09,,4.899632318485418,0.39056649292714496,,,,,,1.6001279096631608e-06,3.7279531095154894e-05,1294.478550295858,1.0775832029489371e-05,3.588705505492419e-07,,282.106968264608,1.1379880136286718e-05,,282.45544650286615,4.33391896930672e-05,,,,2.4007952953936784e-06,,2.0168148554288423e-06,,,,,,,8.712797122594168e-05,,,,,,,,,
1979-05-14 00:00:00,-0.8203027262490177,0.026030529180222008,,-0.6490083276872805,-0.26183768842347277,280.01783526719674,283.21005772697856,0.8407536099648335,,,,,,,0.09486014462081638,,,271.46043395996094,271.4603576660156,271.4600067138672,271.4599609375,0.4316832412629438,,,,,,0.20953856783329383,,,101147.03698224852,,,2.201183431952663,142.20332562147513,0.1484687878535344,,282.3851282243898,,74147.92039571005,0.5250329272986869,0.00995784561546208,0.11725938620497665,0.0037873285056571285,0.008475190789036496,,269.9030256102071,-0.6982004571948531,-0.18117215647499943,-4.030500790765564e-07,0.1276783124934992,0.06795113467605862,1.1872055185352557e-06,0.4143757728429941,0.06875594233620096
1979-05-14 18:00:00,,,5.109265959474462,,,,,,756.7033470797252,0.00010299523906594903,2.1971894439155533e-05,5.2400456518265444e-09,8.610342408822486e-09,5.7934263577139195e-08,,4.890998388888568,0.3479721701356786,,,,,,3.0738659776174104e-06,6.712082575058796e-05,1270.7684911242604,1.5713935773048175e-05,9.839739870919279e-07,,283.40234808385725,2.534802143390362e-05,,283.79028609236315,6.43366892662274e-05,,,,3.0798451787621314e-06,,2.240662920404468e-06,,,,,,,0.00017013105415028228,,,,,,,,,
1979-05-15 00:00:00,-1.0340211631278315,0.45389817593365733,,-0.7131274917421961,-0.11073598918124769,281.98664160734097,284.9763429178994,0.8408758827215116,,,,,,,0.16806851900540865,,,271.4602355957031,271.45947265625,271.4604034423828,271.4599609375,0.3917599288669564,,,,,,0.20284242589114862,,,101253.86575443787,,,2.029585798816568,142.3095109025402,0.14752220119950335,,283.7171565851516,,74239.40195081361,0.5237329045211422,0.014479857224684495,0.10678947130466133,0.005837536422458626,0.012236916807276257,,270.66602140347635,-0.7013044921604134,-0.025695208261704305,-1.1783662202531065e-06,0.15729781697482179,0.14613170736640163,1.5683518653768584e-06,0.33456521979450476,0.27091986605120527
1979-05-15 18:00:00,,,4.673443675746579,,,,,,988.4724623517292,7.0564492919741295e-06,1.5771644707967543e-06,1.9463832412995177e-09,0.0,5.228448248972576e-09,,4.4851602069019565,0.3136632795164571,,,,,,2.0722671241097198e-06,6.80685043334961e-05,1202.8210059171597,1.4484942664761515e-05,5.361428429212796e-07,,283.3627655209874,9.778027351085957e-06,,283.740234375,2.5837643612065963e-05,,,,2.074209675633696e-06,,2.0338101147194587e-06,,,,,,,7.511384388398842e-05,,,,,,,,,
1979-05-16 00:00:00,-0.5056530258359289,0.4350913177580523,,-0.415023600561379,-0.16950447601679514,281.99254287629435,285.6270239113351,0.8396701128525141,,,,,,,0.04492503510424371,,,271.4603729248047,271.4602966308594,271.4596405029297,271.4599609375,0.3579242412860577,,,,,,0.12684414654793824,,,101070.3324704142,,,2.0414201183431953,141.85079233745145,0.14654558509059207,,283.49899310049926,,74077.7803716716,0.4223804813782139,0.0014928106725568603,0.08302767558254787,0.0035040138741216716,0.0007320889354457517,,270.87239101793637,-0.3744519476354475,-0.007751210906801844,8.353711526597072e-08,0.01174471928523137,0.009100123742573272,-4.193040517505986e-07,0.33836710095934613,0.12621171679898832
1979-05-16 18:00:00,,,5.014909682189219,,,,,,378.3732874515283,2.3739048715173847e-05,2.7526588834954435e-06,3.0770498333421685e-08,9.612271909398088e-09,6.934450426105872e-08,,4.811478930817553,0.2848923361513036,,,,,,5.200196652722782e-06,5.928069882138946e-05,1073.5436390532545,1.1624889613608637e-05,1.1666881791233312e-06,,283.27928387342826,9.764052001682259e-06,,283.6429580598188,3.31375373185739e-05,,,,5.230494945712344e-06,,7.651569927937885e-06,,,,,,,8.302151098759217e-05,,,,,,,,,
1979-05-17 00:00:00,1.0652082206229487,0.2979569068321815,,0.4656541700193868,-0.06825441439476239,282.2840005547337,285.62692134338016,0.8380222673246847,,,,,,,0.0,,,271.4591369628906,271.4598846435547,271.4600830078125,271.4599609375,0.39195007685373523,,,,,,0.059462507800943046,,,100790.95044378698,,,2.059171597633136,142.49488442325028,0.1455289795553896,,283.59497359236315,,73879.17222170858,0.40154848719489644,0.00091153206909902,0.058290289703910876,0.006489161203598835,0.0005450291041086411,,270.90658226238907,0.4878337961682201,0.05302696679470807,-5.16389511348597e-08,0.002759129323458613,0.0022704877171489087,1.081204718287439e-06,0.1904513500189993,0.07840294986081546
1979-05-17 18:00:00,,,5.114862927318325,,,,,,290.97654981111225,1.6043987676236756e-06,1.5474172562537108e-06,0.0,0.0,2.5730455409977915e-08,,4.899196359532825,0.15901770958533654,,,,,,1.828753824770098e-06,3.529071102480917e-05,681.2995562130177,6.7213935964911645e-06,4.989491808696611e-07,,281.7124586838942,4.531716453958545e-06,,282.3239673862796,1.2596595216784958e-05,,,,1.828753824770098e-06,,3.6644953242420445e-06,,,,,,,3.689474608065814e-05,,,,,,,,,
1979-05-18 00:00:00,1.5637811570477909,0.5095695373574658,,0.6152738593739165,-0.06332659298146265,277.3456549108381,283.9057718310836,0.8436566570101405,,,,,,,0.0002471173303367118,,,271.46006774902344,271.46043395996094,271.4597473144531,271.4599609375,0.21398988983334874,,,,,,0.05295377652320636,,,100869.55880177514,,,2.06508875739645,134.6335216273923,0.14443144431480995,,281.75881939950074,,73949.36707193048,0.21738465438933063,0.0005173330476298134,0.04463060367742234,0.0036454285390278294,0.0006829352068477833,,269.62464516543776,0.5561248078148746,0.08281390624638846,5.480163722683847e-08,0.0024528331798363543,0.0014263918201753197,1.1322599837071532e-06,0.16891289862649814,0.07750372941324697
1979-05-18 18:00:00,,,4.640150741712581,,,,,,773.6858041654757,7.1049882815434384e-06,7.078492429834851e-06,2.895669251151339e-07,6.400087308248825e-08,-4.3174784436626305e-08,,4.458993572102496,0.1511921177248983,,,,,,5.561130992054234e-06,1.2193558484139528e-05,709.9467455621302,1.3405644505687014e-06,5.886399534327039e-07,,280.91574837046966,2.1783359481032782e-06,,281.4415593796228,9.686195638758191e-06,,,,5.850821909819834e-06,,3.2242938611634382e-06,,,,,,,1.9292418773357684e-05,,,,,,,,,
1979-05-19 00:00:00,-0.500734583160581,0.0212321986813517,,-0.22591975172595866,-0.19549209549582217,275.98857306305473,281.35220102163464,0.8470801107982207,,,,,,,0.0020714370456672983,,,271.4601745605469,271.4599304199219,271.46034240722656,271.4599609375,0.20292519112310467,,,,,,0.099515023316152,,,101018.93232248521,,,1.9940828402366864,137.55484189366447,0.14368501640635833,,281.1596434102256,,73948.56619822486,0.2450509155995747,0.002772782681256356,0.022953056019438794,0.00024954383895242003,0.0028251557660526074,,268.8523073817146,-0.12926784492808685,-0.034601030970466205,2.3972620107281744e-07,0.016837596694922307,0.005396700447656699,7.440542950575273e-07,0.08052048073894173,-0.009981856190946681
1979-05-19 18:00:00,,,5.149004817714353,,,,,,1429.3392256174657,5.388356877501899e-06,3.2187389904225364e-06,1.0077674878684022e-08,0.0,-4.008943398418346e-08,,4.986348733394103,0.1412775163819804,,,,,,7.551483060481281e-07,3.8261949663331526e-05,649.3646449704142,6.591206824285744e-06,9.038099831730656e-08,,281.5872954419379,6.316461153989713e-06,,281.9532506818602,1.4585767977336455e-05,,,,7.652275308349428e-07,,1.4393948591672456e-06,,,,,,,4.366675072167752e-05,,,,,,,,,
1979-05-20 00:00:00,-1.3833760143031735,-0.06927425339377138,,-0.829287969149076,-0.2957461599767561,277.3351039547892,283.057669193787,0.8453780317447595,,,,,,,0.03572895117765348,,,271.4600067138672,271.4592590332031,271.4600372314453,271.4599609375,0.23337198291304548,,,,,,0.17837388981023483,,,100983.08431952662,,,1.9053254437869822,135.85060742620885,0.14301318388718826,,281.69653031388685,,74000.10089219674,0.33935718423516087,0.0023339457765838806,0.09414559744502357,0.005764763736160549,0.004702776846801035,,268.66170433992465,-0.7952662530030019,-0.15273038311117498,-2.3469402608578783e-07,0.018033061274354893,-0.0035070014467253486,1.0903702722311285e-06,0.34007294529073556,-0.1985098426863992
1979-05-20 18:00:00,,,4.9438761366894965,,,,,,697.3960377461201,1.9701318980674065e-05,2.8931838873575425e-06,1.2718780329946936e-06,1.025573521323458e-06,-4.20304947979087e-09,,4.629501591067342,0.28849891798030697,,,,,,8.224757641730223e-06,7.120550736873107e-05,1140.6775147928995,2.0407845635385907e-05,1.3900623166349513e-06,,282.5706158700074,1.666752191690298e-05,,283.0343776003144,3.238798245875793e-05,,,,9.499446174802159e-06,,1.4213503465144592e-05,,,,,,,9.092194794197759e-05,,,,,,,,,
1979-05-21 00:00:00,-0.9920212841598239,-0.20308619279127854,,-0.6985769328281018,-0.2716977948973165,279.2678728272929,282.63791056074336,0.8480046112861859,,,,,,,0.017077067899986132,,,271.4595642089844,271.4596862792969,271.4601287841797,271.4599609375,0.37870526737009985,,,,,,0.17588390824357433,,,101223.27570266272,,,2.3195266272189348,138.30964958597218,0.14248045238517446,,282.75865615754435,,74170.78157359468,0.4196049616887019,0.002629294197940262,0.07040869776995097,0.004222023416553023,0.0029007725461700257,,269.31930704511836,-0.6994338007368279,-0.10954130612886868,-8.953418878882506e-08,0.01903981969901223,0.0019755471475730985,1.8023411353196557e-06,0.3400519361730511,-0.03479608064572487
1979-05-21 18:00:00,,,4.923361321172771,,,,,,722.6482261888908,4.5733228766706564e-06,3.106770871659002e-06,5.507960188141941e-08,1.2961089522880914e-07,5.9363865470940784e-08,,4.7422801587708605,0.22768695537860578,,,,,,3.5087109581958612e-06,2.899157577717798e-05,847.3065828402367,4.525632547908986e-06,6.672003190721986e-07,,281.2837491910133,4.921218699957492e-06,,281.71705401719674,1.3979273082236567e-05,,,,3.5633283430302635e-06,,2.7453405617256843e-06,,,,,,,3.356120642825697e-05,,,,,,,,,
1979-05-22 00:00:00,-0.8271252615211984,0.319325243932961,,-0.5866752996952576,-0.13188800586045846,279.44450802774827,283.07397894323225,0.8485645535429553,,,,,,,0.0,,,271.45953369140625,271.4597473144531,271.4598388671875,271.4599609375,0.3247984034069896,,,,,,0.05977626100799741,,,101284.51035502959,,,2.544378698224852,136.5938119380432,0.1420007288103273,,281.70610235992973,,74175.26278198964,0.33723351416472874,0.0010854132782072712,0.05695533684658757,0.0028805478790102624,0.001213305095243736,,268.1226474378236,-0.5419612523366714,0.024518667593510193,1.5298734155907873e-08,0.003296612267924566,0.0012386128438647683,1.8702190336302893e-06,0.2253056773199485,0.03405718620006855
1979-05-22 18:00:00,,,5.3892788350934815,,,,,,1146.5594024658203,1.4095440418762569e-05,3.3191454833781224e-07,1.5951482270508124e-08,0.0,-7.46854661534039e-08,,5.279990207514114,0.16545502250716532,,,,,,1.2038617268116516e-05,2.6556293992601203e-05,714.7736686390532,2.277485982200803e-06,1.8800482065719966e-06,,280.82105792344674,4.717209459056516e-06,,281.2269337671043,1.3695401552866196e-05,,,,1.2054532413651957e-05,,2.377484677105966e-06,,,,,,,4.0642784897392315e-05,,,,,,,,,
1979-05-23 00:00:00,-0.646007250046589,0.6689590758825901,,-0.5042899205134466,-0.03126254448523888,277.90668916420117,281.47873087324336,0.851604991410611,,,,,,,0.0,,,271.4601745605469,271.45973205566406,271.4600372314453,271.4599609375,0.2556556837093195,,,,,,0.07754823583117604,,,101290.61575443787,,,2.591715976331361,134.87533930490707,0.14151408968592535,,280.9198395317123,,74145.86563886834,0.2791200886816668,0.002075494393794494,0.03372131938324172,0.000984682839297684,0.0027177630091559956,,267.86473327275564,-0.4831960328231902,0.15584691177458454,7.909456730858814e-08,0.008929562991892797,0.010830783265137896,4.18195716751541e-07,0.1378744540614842,0.09150429923065315
1979-05-23 18:00:00,,,5.2216713470820135,,,,,,513.4449058981503,7.838154068359962e-07,7.164226459151894e-08,3.414647378159698e-07,2.202440119353977e-07,-1.533460807118609e-07,,4.980053072144999,0.18241864266480215,,,,,,1.4634924174765864e-05,1.7655451269544793e-05,796.3413461538462,5.820490552123482e-07,2.645837837422388e-06,,280.28071404632027,3.2618498572936424e-06,,280.69744042390903,4.391290644216819e-06,,,,1.4977033674364259e-05,,7.879319628314859e-07,,,,,,,1.8431766498723678e-05,,,,,,,,,
1979-05-24 00:00:00,-0.1101898385222847,0.2889462476651344,,-0.03568762717162364,-0.1483568665543957,276.05985201322113,281.35643086630915,0.8515869908078888,,,,,,,0.0,,,271.4593811035156,271.4598693847656,271.4599914550781,271.4599609375,0.22739342683871117,,,,,,0.05133223674706453,,,101273.44341715977,,,2.3905325443786984,133.98933708597218,0.14130673041710487,,280.63249034994453,,74091.54116586539,0.25184486885747964,0.0028175912665192194,0.015256215834758691,7.528454594358185e-05,0.002250132476084331,,267.8671574338653,0.017875643171502288,0.11384130511763534,1.0940387648545458e-07,0.010270203126197648,0.01547442101823516,1.8533572171244373e-07,0.022617962057068505,0.05143340522720969
1979-05-24 18:00:00,,,4.461935551208858,,,,,,472.5182223112687,4.5422640954249004e-07,8.816841835453666e-08,2.021355741828151e-08,2.0138300767928892e-08,-3.8079843551923446e-08,,4.270231579887796,0.13538094244059726,,,,,,2.6591188279834725e-06,3.5381991658690415e-06,664.6708579881657,1.574706660925284e-07,4.272111663980597e-07,,279.5520756286982,5.9639087178298e-07,,280.08055340467826,1.0466798258250987e-06,,,,2.6817295766441074e-06,,9.180966918990457e-07,,,,,,,3.995924923546921e-06,,,,,,,,,
1979-05-25 00:00:00,-0.28689143502500636,-0.3936141651763013,,-0.14449170355260724,-0.5036254126644699,275.05453870423446,281.18252328725964,0.8477434205585683,,,,,,,0.0,,,271.4597473144531,271.45970153808594,271.4597625732422,271.4599609375,0.17058188534347263,,,,,,0.018356774685650886,,,101297.96375739644,,,2.3254437869822486,133.16736038478874,0.14097522983889607,,279.70271328356137,,74104.10144693048,0.17732536722217085,0.0008072528613389596,0.012317589754183617,3.3720005193405604e-05,0.000406846492248174,,267.1534827418581,-0.0744796222483618,-0.27622863950108634,3.1332403601298953e-08,0.0022661613077255924,0.0019190342457601304,3.5072523439592357e-07,0.021457498793947625,0.017670536446853503
1979-05-25 18:00:00,,,4.557399445031521,,,,,,608.4116908482143,1.084853029815403e-06,7.87470434632527e-08,2.176153677455067e-07,0.0,-1.9686723194434997e-08,,4.370154612163115,0.12831368530995746,,,,,,3.502075973699784e-06,8.096047759761471e-06,618.4238165680473,1.1353759017921764e-06,7.95636039513808e-07,,281.11652297522187,1.3250791462215446e-06,,281.5755998058432,3.243956340135202e-06,,,,3.7198291110569204e-06,,2.7137307020334097e-06,,,,,,,9.180658315060407e-06,,,,,,,,,
1979-05-26 00:00:00,-1.0993046168039535,0.173239064639842,,-0.5582337125518618,-0.24632623209755802,275.8922444179919,281.8051772258691,0.8477731057878076,,,,,,,0.0,,,271.4600524902344,271.46002197265625,271.4598846435547,271.4599609375,0.20901958759014422,,,,,,0.03107276329627404,,,101423.89681952662,,,2.195266272189349,133.05253050313195,0.14058008701843622,,281.28609236316566,,74240.41919378698,0.21841845992048817,0.0008953816791963295,0.022844077567377035,0.00012437408492409972,0.00046738506068844766,,268.1264055240789,-0.46613222607494104,-0.038163574489616076,2.872308180124992e-08,0.0023800889270334676,0.0012922187104336257,2.2553636160501438e-07,0.0630760416264519,0.018692680342486626
1979-05-26 18:00:00,,,5.307370067348142,,,,,,1137.6000691902739,6.37550920953412e-07,7.318735078594388e-08,1.3936085064382948e-08,8.607587016589895e-09,-8.178079489083994e-10,,5.023951231375248,0.16647212463017752,,,,,,7.12888304298446e-06,1.4978841211668838e-05,785.3975591715977,1.2060351802047189e-06,1.0108073743490072e-06,,281.7147426266642,2.1828988776404475e-06,,282.1813430334689,4.598705549917278e-06,,,,7.142053817856241e-06,,2.6123322678740912e-06,,,,,,,1.5614080358539108e-05,,,,,,,,,
1979-05-27 00:00:00,-0.13375576854457516,0.3308962252013077,,-0.09168368119459885,-0.15529920363567284,278.4321130154401,283.52797938239644,0.8488180200023764,,,,,,,0.0003048456632173978,,,271.46088456499155,271.4597473144531,271.4598388671875,271.4599609375,0.2615518062072393,,,,,,0.028878116043361688,,,101451.07673816568,,,2.2189349112426036,135.68025794396033,0.14015683619933722,,282.7937257303994,,74283.90687407544,0.2738904783711631,0.0014397364396315354,0.02476284771981324,0.00046243611172106137,0.0011072116490651869,,268.7034341484837,-0.03800752177040958,0.0626169915735369,5.4789995089222915e-08,0.0043211150239359526,0.005768578433426174,2.2839616813466845e-07,0.06967165506144878,0.06397704160689602
1979-05-27 18:00:00,,,5.166127255682409,,,,,,257.42411705755416,1.3036477054364583e-06,5.388031741218454e-08,1.2330242471229396e-07,2.364815383620516e-08,1.8387071410477845e-08,,4.96688185358894,0.08822938817492604,,,,,,1.5183699113377452e-06,5.812973842112975e-06,434.65236686390534,1.2760552076193003e-06,2.1717588268440856e-07,,281.0886981670673,5.3359548280225e-07,,281.6281550480769,3.149567623815593e-06,,,,1.641260404911267e-06,,1.9953889254282213e-06,,,,,,,7.111248532695883e-06,,,,,,,,,
1979-05-28 00:00:00,0.14907937924537432,0.5056997784496059,,-0.06578532901741344,-0.10894629235803728,275.8831123487484,281.82092357387205,0.8490728852311535,,,,,,,0.0,,,271.45989990234375,271.4601287841797,271.4600067138672,271.4599609375,0.1317885359363443,,,,,,0.019489310902251294,,,101278.9049556213,,,1.8579881656804733,132.61859004455206,0.13966178047586475,,281.2771357248521,,74193.66138128698,0.13456075995631472,0.00045477638583211506,0.016638513147478273,0.0001990569413766353,0.000290539137710481,,268.6489741759893,-0.055746225210336536,0.06451280582585983,1.4108526807056414e-08,0.0017274088967975901,0.0018684010803726187,4.0930693442333965e-07,0.039947815219625094,0.03295364109633942
1979-05-28 18:00:00,,,4.955677703992855,,,,,,251.3066375732422,2.143975001478777e-09,4.32217714084676e-08,1.403635550984705e-09,2.5562462589797183e-08,3.559261233409448e-08,,4.775972546910393,0.11453689484906619,,,,,,1.5115420493853869e-06,2.3486081665084205e-06,584.2847633136095,3.04680251510891e-07,2.118152670959044e-07,,280.7956701876849,3.1037426955953855e-07,,281.32848037629435,6.642038300192568e-07,,,,1.5141651827908126e-06,,1.1654868281099218e-06,,,,,,,2.3519917881700414e-06,,,,,,,,,
1979-05-29 00:00:00,0.44051560847716925,-0.001914848237348026,,0.05099987842627531,-0.3558426072611611,276.01541264099484,281.69235247549926,0.8482536398447477,,,,,,,0.0,,,271.4601287841797,271.46038818359375,271.45973205566406,271.4599609375,0.2045488526835244,,,,,,0.014115237625392936,,,101355.36168639053,,,2.230769230769231,133.82194618360532,0.13928988417224772,,281.2690270779401,,74212.24634800295,0.2057808418951091,0.0006100553027271519,0.017480116624098558,0.0001938766276342629,0.0003477384352825097,,267.7863808355388,0.07615594468878571,-0.09698454162778233,-4.862557588664873e-09,0.001119138405588731,0.0014014188873584343,2.7277545183559483e-07,0.03168429764946537,0.023470631100722318
1979-05-29 18:00:00,,,5.5207252333150105,,,,,,155.80832279089725,0.0,4.9463423663342494e-08,6.559986163746324e-10,0.0,1.3336184511743707e-08,,5.279559739242644,0.12489788348858173,,,,,,4.569377154993588e-06,6.191895381938776e-06,572.5029585798817,3.194767077999002e-07,7.27690822450367e-07,,280.5665131518121,9.403988366296305e-07,,281.1123884754068,1.7073402214332445e-06,,,,4.570446247179833e-06,,2.0210912241738225e-06,,,,,,,6.178713585498065e-06,,,,,,,,,
1979-05-30 00:00:00,0.9323669467452009,0.44877693356846915,,0.3226185465705465,-0.14797629407171667,273.778727514504,280.71216109236315,0.8475489753943223,,,,,,,0.0,,,271.46003306974495,271.46018981933594,271.4597473144531,271.4599609375,0.1896587123532267,,,,,,0.006751066128883136,,,101199.1775147929,,,2.1775147928994083,134.91292251496625,0.13882156518789437,,280.79923117372414,,74117.49965329142,0.18985355535202478,0.0006053511207625711,0.012832754462428347,8.703054055659729e-05,0.0005180384280413566,,267.41249689406897,0.27060690998325687,0.03525540955673308,-2.351922522614226e-08,0.001218092984646647,0.0021246055667371263,3.9735108840598906e-07,0.025312844421383898,0.0341848528684949
1979-05-30 18:00:00,,,4.517620792050334,,,,,,480.1121819390191,0.0,3.387942116641434e-06,0.0,0.0,-8.075128994143661e-09,,4.259415705528485,0.08804149740546413,,,,,,4.492391496015018e-07,1.5794018492896176e-06,393.97596153846155,4.616329038636924e-07,1.1225261301154921e-07,,279.81796499399036,1.3926923385209585e-07,,280.41794708071376,7.880091138139984e-07,,,,4.492391496015018e-07,,6.137581090249959e-07,,,,,,,1.5794018492896176e-06,,,,,,,,,
1979-05-31 00:00:00,0.4585091404660919,0.02595323077320347,,0.0998518960715751,-0.29066661405845506,273.83937009551823,280.88404476007764,0.8474464515257164,,,,,,,0.0,,,271.4600067138672,271.4599304199219,271.4598846435547,271.4599609375,0.10267052283653846,,,,,,0.02235958844246949,,,101209.125,,,1.4497041420118344,129.1602413019485,0.13842243837887014,,280.12722615800664,,74107.13008505917,0.1105724086422892,0.00029319842186199845,0.010463737171782544,0.0003182789277748243,0.00022830906704332702,,268.6847245255871,0.07583624371410122,-0.12491399437718137,-4.286111505161736e-09,0.0009873009785546882,0.0003260528012977902,2.8890075522665065e-07,0.024700889264690804,0.0019686952145141962
1979-05-31 18:00:00,,,4.2837230750089565,,,,,,280.0302442467731,3.4925974244196736e-08,2.7059243314144525e-09,0.0,0.0,4.091369450201154e-08,,4.158908409479807,0.10496204985669379,,,,,,6.563454513719096e-07,1.950090277124439e-06,477.6028106508876,2.755502448279477e-07,1.690226480276627e-07,,280.509294679179,3.3199721010478994e-07,,281.0810084596894,8.264909217343528e-07,,,,6.563454513719096e-07,,1.1214556602331309e-06,,,,,,,1.987773021297342e-06,,,,,,,,,
1979-06-01 00:00:00,-0.6611642555372249,0.03885250542996198,,-0.36993839895936864,-0.35263183413172616,273.8905995385887,281.462385008321,0.8505567040669142,,,,,,,0.0,,,271.46038818359375,271.46006774902344,271.46014589256436,271.4599609375,0.12890968097032174,,,,,,0.017065556091669747,,,101334.17122781066,,,1.834319526627219,127.86479936407868,0.13791069053333893,,280.91360600036984,,74235.24468380178,0.13222869331314718,0.00015552403658804809,0.015491237301798261,5.56823769970053e-05,1.727608886696178e-05,,269.22056326781507,-0.2955814564721824,-0.17544661188972066,-6.488667517819872e-09,-0.0004018822577423774,-0.0002296622195033103,2.112238910379847e-07,0.02258133548780306,0.006438020065691344
1979-06-01 18:00:00,,,5.00316508705094,,,,,,390.0571313155325,1.919561220035398e-09,0.0,1.919561220035398e-09,0.0,3.4890428608071236e-08,,4.659546084657928,0.09201708912144047,,,,,,9.313873263329444e-07,3.5778657924494095e-06,452.9996301775148,5.216067711982501e-07,1.696567326651875e-07,,281.3953070104475,5.907946701585894e-07,,281.9784795095229,1.1388366744363097e-06,,,,9.33066737898708e-07,,1.774913460545286e-06,,,,,,,3.579783545443292e-06,,,,,,,,,
1979-06-02 00:00:00,-0.2987824840658515,-0.03817168354282718,,-0.21591575329120344,-0.3928361136532394,275.16787484975964,281.6996622480584,0.8535938802555468,,,,,,,0.0,,,271.45985412597656,271.4596252441406,271.4598693847656,271.4599609375,0.19347349990754437,,,,,,0.026390030539247412,,,101384.98372781066,,,1.7455621301775148,128.42979566585382,0.13731919802152193,,281.9503108820266,,74255.39099482249,0.19843278693024224,0.0004810500427110661,0.02256544666177422,0.0004931906976643398,0.00034310267521784856,,268.64245406833624,-0.1490039091843825,-0.21988579789562337,4.524347823408633e-08,0.001723122787138326,0.0005038029296577153,4.7402493600573766e-07,0.07808180777879553,0.014502672048715444
1979-06-02 18:00:00,,,4.810227377174874,,,,,,424.07926621547966,1.550541871045468e-07,0.0,0.0,0.0,6.528866376394417e-08,,4.623728780351447,0.1679812098395895,,,,,,1.1019474832263924e-06,3.807489159544544e-06,718.2755177514792,6.345558095965865e-07,3.253952903155039e-07,,282.4012935119268,5.652466733780133e-07,,282.8878397744083,1.7899138158595068e-06,,,,1.1019474832263924e-06,,2.168758204702795e-06,,,,,,,3.956081951863667e-06,,,,,,,,,
1979-06-03 00:00:00,-1.09362518716846,0.07729344678348338,,-0.6181541815311951,-0.2864841540184247,278.76954569619085,283.867239506287,0.8600975292674183,,,,,,,0.0,,,271.4601593017578,271.45982360839844,271.45989990234375,271.4599609375,0.22843147593842456,,,,,,0.02713337734606139,,,101219.41974852071,,,1.727810650887574,124.69440365401951,0.1366803801271337,,283.21532769739275,,74164.3641595784,0.23751903285641643,0.00026131346380922215,0.024577665611131658,0.00037066612017930614,0.0001455213896621614,,270.10372220552887,-0.5085359381500786,-0.12307589152860923,-1.4844948434219772e-08,0.0008148582583843019,-0.00042297185492321584,4.5609209531010266e-07,0.053821941187395854,-0.02172973840194341
1979-06-03 18:00:00,,,4.7211939851207845,,,,,,405.304692586263,2.6117260815829217e-06,5.582975741674208e-07,2.1162273406365213e-08,0.0,3.0938964063939214e-08,,4.521223914693799,0.16805885811529217,,,,,,3.3984181179097417e-06,1.9144112541830752e-05,692.9034763313609,2.708815082290469e-06,6.627186736058907e-07,,282.96069624861315,2.709255945047683e-06,,283.48880131286984,6.704684897992738e-06,,,,3.4197724077123156e-06,,3.4835211624055218e-06,,,,,,,2.1722630636226497e-05,,,,,,,,,
1979-06-04 00:00:00,-0.734064920414129,0.31982547714865417,,-0.46640179425301637,-0.1852643334653956,278.74352088341345,283.9488561506102,0.8593477772537773,,,,,,,0.0,,,271.46009826660156,271.4600372314453,271.4599914550781,271.4599609375,0.2315055350580159,,,,,,0.03504131249422152,,,101243.17085798817,,,1.8461538461538463,126.01249721910827,0.1359517955215725,,283.44986305011093,,74192.43740754438,0.23933871116863906,0.0007271943007700542,0.03463117610773391,0.0007882033579448271,0.0005637484894701715,,269.2822205131576,-0.36658515027288857,0.028912888476129113,-3.953984254804876e-08,0.0027074362253790897,0.0018472163625797805,1.1262316267955332e-06,0.1108232102833534,0.06104210636319493
1979-06-04 18:00:00,,,4.394666355742506,,,,,,826.1100282830707,8.109064232668227e-07,8.851697547195931e-08,0.0,1.1476869942873893e-06,3.280275617209511e-08,,4.221683479625092,0.14629007373335798,,,,,,4.58931517318861e-06,1.3406812791993632e-05,663.8920118343195,1.0746029707101675e-06,1.0067597031593323e-06,,282.7594579211354,1.987255007557615e-06,,283.2493759245562,4.863950627795338e-06,,,,4.58931517318861e-06,,2.403671924884503e-06,,,,,,,1.422016049277853e-05,,,,,,,,,
1979-06-05 00:00:00,-1.2235716024094079,-0.023514555756156966,,-0.6347491755288028,-0.264959307111932,279.7184697438979,284.087158203125,0.8592897431384883,,,,,,,0.0,,,271.4606170654297,271.4601593017578,271.4599304199219,271.4599609375,0.2091040075177977,,,,,,0.08620963011973003,,,101143.71264792899,,,1.9171597633136095,127.01836815106093,0.1353724383743557,,283.78939187315086,,74098.7755870932,0.24102972809379622,0.0018161203734268097,0.03043401593992696,0.0006421303608008391,0.00279327257145086,,269.2056169679179,-0.5465415299996822,-0.09515203103511291,1.4521927735010526e-07,0.006163552447536288,0.005947643250348212,3.730603039110377e-07,0.04091692396257756,0.03480126166484765
1979-06-05 18:00:00,,,4.163167733412522,,,,,,1573.5438093377288,2.5172491927118697e-06,6.348919674489625e-07,3.0214391296079173e-07,1.9781167492182297e-07,1.964371660732032e-08,,3.988721836248093,0.1557279507789386,,,,,,3.894669769783697e-06,9.116093964266354e-06,758.7422337278107,4.1227280740907206e-07,6.169488532303353e-07,,284.33757858727813,1.3061055153079287e-06,,284.76793494591345,4.2308000682373726e-06,,,,4.1967379094580925e-06,,6.997263466818093e-07,,,,,,,1.1632097719689093e-05,,,,,,,,,
1979-06-06 00:00:00,-1.5847757779634917,0.10072141004031931,,-0.7817041972685143,-0.23085262930604833,279.78440938193415,285.36051624907543,0.8586732075059202,,,,,,,0.000605653728959123,,,271.4596405029297,271.46006774902344,271.4600830078125,271.4599609375,0.2622318606404863,,,,,,0.22488283723063723,,,101213.05214497041,,,2.230769230769231,133.1255242161497,0.13479094533525274,,285.07813077847635,,74161.72270247781,0.3890308867148041,0.0032451994272469703,0.041306679721194256,0.00026054636261166905,0.002921155218541975,,270.3675688794379,-0.7252364130415154,-0.0640805035653199,-2.6805079907189902e-08,-0.0020375615040931477,0.0016355867216572958,-4.6696692345920155e-08,-0.00443041783112746,-0.03475111864022249
1979-06-06 18:00:00,,,4.66855433424549,,,,,,1158.889766993667,8.436138107931825e-05,1.449062979432958e-05,0.0,0.0,5.51564514929065e-08,,4.501958418174608,0.2200441078321468,,,,,,8.407197672234484e-07,2.072964238344565e-06,906.6882396449704,5.488989312620558e-07,2.2341615724316715e-07,,284.1846208741679,1.3084806634124215e-05,,284.71679254114275,2.7241967838896804e-05,,,,8.410889897826155e-07,,8.843376262653509e-07,,,,,,,8.644683826604538e-05,,,,,,,,,
1979-06-07 00:00:00,-1.485716983411439,0.0174067401321682,,-0.9810910648142798,-0.18013761734821387,280.81693209134613,285.49217449842826,0.8563196475689228,,,,,,,0.06861967730098928,,,271.4595642089844,271.46002197265625,271.45997619628906,271.4599609375,0.28502081696098375,,,,,,0.12495350132327109,,,101203.79105029585,,,2.3254437869822486,133.05826275165265,0.13423433811706903,,284.3379339635725,,74165.04465606509,0.4363892398906883,0.01053422820175308,0.04085521161357856,0.0017277362078604614,0.012842234775159486,,269.98398206360946,-0.9457351639425966,-0.020725949981508875,1.7493141445843778e-07,0.07419295828464337,0.07526958996110414,-1.674010135927761e-07,0.07541101145938303,-0.03433863545310568
1979-06-07 18:00:00,,,4.686202348336666,,,,,,526.6996684779782,0.0005120264707937748,0.00013319733580188637,0.0,0.0,6.83826305350909e-08,,4.472069926515839,0.5152858756703033,,,,,,2.389354906843964e-06,5.657503590781308e-05,1809.4637573964496,1.8670405509203848e-05,8.043320573998627e-07,,283.47701322115387,0.00013164937848875508,,283.9473479682877,0.00020751022022856764,,,,2.39274403929005e-06,,1.5887591613114937e-06,,,,,,,0.0005685873990933571,,,,,,,,,
1979-06-08 00:00:00,-1.0148569761648687,-0.20833165546846108,,-0.6054639872714612,-0.33473678453434147,283.3267222748706,285.07099580482617,0.8528155839654821,,,,,,,0.25963136571398854,,,271.45985412597656,271.4600372314453,271.4602508544922,271.4599609375,0.5056370861784241,,,,,,0.263032560998618,,,101102.0512204142,,,2.4023668639053253,132.149978727984,0.13360897323788976,,284.0181299694896,,74124.94006564349,0.6648315614717599,0.040159471068929,0.14558861756520952,0.007482190103925897,0.03502892037115154,,270.41757436899036,-0.5964107908440764,-0.23597822810065816,-3.108278760058287e-07,0.4292933729273328,0.2377870779418381,-1.1223109512033282e-06,0.3957580834538979,0.03482946665329341
1979-06-08 18:00:00,,,4.5833720145140875,,,,,,711.567534407215,0.00019511915522919603,7.333293468994501e-05,6.995720447167842e-07,1.7242969052326046e-07,5.572758187586717e-08,,4.375615656023195,0.31814954407821744,,,,,,7.496937315844925e-06,3.342065938125701e-05,1183.548865013574,7.047874511346309e-06,1.3788203163259834e-06,,283.02770057091345,2.516369671511227e-05,,283.4242730676775,9.171655897558088e-05,,,,8.197269848817904e-06,,3.432954204153027e-06,,,,,,,0.00022854325333995933,,,,,,,,,
1979-06-09 00:00:00,-0.917527548660188,-0.19147393266124837,,-0.5539508853438337,-0.2872060911189875,282.662807126017,284.4290099736501,0.8552981625647235,,,,,,,0.2611393674590884,,,271.46083068847656,271.4599914550781,271.460205078125,271.4599609375,0.43001993560403057,,,,,,0.3494191106254532,,,100880.77662721893,,,2.242603550295858,131.8677117161497,0.13327321216199525,,283.5148030117419,,73952.95723927514,0.6504393565584217,0.026131528060464464,0.07914337717801244,0.0044939278145513595,0.036650245083418825,,270.28482687684914,-0.49812690463997206,-0.15803903658714522,-1.786675196714126e-06,0.4842332491772415,0.1634387380828235,-1.0274168787270608e-07,0.35156082355323626,0.09940126577954321
1979-06-09 18:00:00,,,4.636978730647521,,,,,,554.5124788569833,5.2612649618521245e-05,9.290521314158243e-06,1.7828842591957228e-05,7.236409469469059e-06,1.306605489839133e-07,,4.527716382720767,0.3841624965329142,,,,,,2.0098558368062127e-05,2.6857469385192238e-05,1568.7318596473108,2.4312258472104046e-06,4.528839824467721e-06,,282.8573655348558,9.738239487247354e-06,,283.327828853088,3.391336759871985e-05,,,,3.7927996124741596e-05,,0.0,,,,,,,7.948261746288052e-05,,,,,,,,,
1979-06-10 00:00:00,-2.074538733126849,-0.32739964321520204,,-1.1679647039379595,-0.38781106824705586,282.6965779863166,284.62243435650885,0.8539573821795763,,,,,,,0.07367512178138869,,,271.45989990234375,271.46026611328125,271.4598846435547,271.4599609375,0.48591443481882646,,,,,,0.4442139216340505,,,101082.62093195267,,,2.396449704142012,132.97704048833904,0.13344886034903441,,283.49743435650885,,74088.46042899408,0.679421684093024,0.016041153202869394,0.08011209333078528,0.0011282644328281018,0.03092744364540958,,270.93546164247414,-1.1283696191550712,-0.27766562354635205,5.080349145446127e-08,-0.0046349464083564355,0.012092939495334964,-2.1700392037729277e-06,-0.16830305517072508,0.013842901534582737
1979-06-10 18:00:00,,,4.927703552697537,,,,,,917.2917481404872,1.3106585254330607e-05,3.025652124331548e-06,3.3016487427011747e-07,5.0961668189813397e-08,2.1653571243754973e-07,,4.9205707685481865,0.355421438725037,,,,,,3.0317856274412936e-06,9.205280500050832e-06,1465.4144460802247,8.061836809801632e-07,5.637174306889258e-07,,282.92648333487426,1.6332697674367554e-06,,283.33981485761836,1.6436421659571178e-05,,,,3.3618320198454095e-06,,0.0,,,,,,,2.2318456652601795e-05,,,,,,,,,
1979-06-11 00:00:00,-1.5709511344954812,-0.11930395160201034,,-0.9846317189684987,-0.12708594530997191,282.8624765971709,285.21178115754435,0.844940511079935,,,,,,,0.33455369092066656,,,271.45989990234375,271.4598846435547,271.45977783203125,271.4599609375,0.36622364733494905,,,,,,0.33299925127590196,,,101097.33025147929,,,1.6331360946745561,135.46502125756982,0.13319103534405047,,283.41603873890534,,74147.33912721893,0.7368690928763891,0.015421956066337011,0.032368596639420794,0.000392586521848419,0.021080603966346152,,270.4989324264978,-0.9698124891202126,0.05273465715216462,-2.2183958315820924e-07,0.06669824184662491,0.003277899598228861,-1.7697571745120298e-06,-0.14912335548175157,0.012383262433949306
1979-06-11 18:00:00,,,4.4231770193788424,,,,,,321.8057236444382,2.8036931562705858e-05,7.740844636273807e-06,0.0,0.0,1.9556709581410191e-07,,4.362347529484675,0.5274572642905825,,,,,,3.063009732221005e-06,2.2571203271312825e-05,1980.3013096194295,8.700514686178174e-06,9.020272443985798e-07,,282.98154065735946,7.924552147205059e-06,,283.3454329812315,2.50607552613027e-05,,,,3.063009732221005e-06,,1.4107715863370773e-09,,,,,,,5.0595702504265235e-05,,,,,,,,,
1979-06-12 00:00:00,-1.7065344251824555,0.4322055564124203,,-1.0957052016399316,0.020617033602923333,282.47681097448225,284.20501022790313,0.8367672915289388,,,,,,,0.3583149651228037,,,271.459716796875,271.45957946777344,271.45997619628906,271.4599609375,0.6145220066933237,,,,,,0.2088378364517844,,,101007.47762573964,,,2.3550295857988166,135.90437036999583,0.13289864669890095,,283.90701420349484,,74063.40726701183,0.7942925310699191,0.005465831352103661,0.09718160802421309,0.002872602474054641,0.007885836990627311,,271.29900292390903,-1.1117636437952165,0.09766328123194226,2.757404960510073e-08,0.013046851172249699,0.008869520349968114,-1.1544834275470948e-06,-0.4094862458268566,0.10467611105572543
1979-06-12 18:00:00,,,4.834515718313364,,,,,,317.4855439677041,8.378102934572118e-05,1.4716329482885507e-05,1.586434299115246e-08,3.636945535004492e-08,1.1348157714516442e-07,,4.742651211439505,0.6465306391597853,,,,,,5.009953351415826e-06,6.987338974473784e-05,2440.118104742829,2.5564749565350233e-05,1.4911466360797543e-06,,282.48563615245934,2.8013587879711353e-05,,282.7870270317123,7.365220749871971e-05,,,,5.025626022434799e-06,,9.923710449207464e-07,,,,,,,0.0001536521198908801,,,,,,,,,
1979-06-13 00:00:00,-1.025510725890391,0.2604605375662358,,-0.6273223944669645,-0.04501797602726863,283.0097006171413,284.8946598210984,0.8300521401963996,,,,,,,0.5859463554338591,,,271.4603576660156,271.4596862792969,271.46009826660156,271.4599609375,0.6497316129902411,,,,,,0.39225823674681626,,,100934.7699704142,,,2.4142011834319526,135.05336260372366,0.13188724969265728,,283.3693110900518,,74000.10336538461,0.9025266639579682,0.02117718935712687,0.1269996080040579,0.010169181598008737,0.0324730611172575,,270.65015948594674,-0.583348641028771,0.030331910714595275,-3.022253423355404e-07,0.04785218594606812,0.07398634547224411,-1.6694814765814845e-06,-0.35264768544033437,0.2248188138184463
1979-06-13 18:00:00,,,3.7983246978218035,,,,,,379.17830725675503,0.000299167350904476,5.846757155198317e-05,4.0917919077993146e-08,1.473445996377595e-07,8.854232629136487e-08,,3.714456998384916,0.49378808400422863,,,,,,5.205498027378285e-06,3.4110256906091815e-05,1921.5233108249643,8.86754656331779e-06,9.969449960268462e-07,,283.01814586029957,6.198512731924565e-05,,283.367954592733,0.0001160285529300306,,,,5.246476220661366e-06,,9.732927091022921e-07,,,,,,,0.00033330458861130936,,,,,,,,,
1979-06-14 00:00:00,-0.8734621747711001,0.09475601918598604,,-0.5010360683915178,-0.12333011062892936,283.29870677699705,285.65747648160135,0.8330407435372031,,,,,,,0.2661182471280973,,,271.4602508544922,271.45985412597656,271.45989990234375,271.4599609375,0.4689838781376981,,,,,,0.21972677444614822,,,100872.86815828402,,,2.36094674556213,132.14683523685974,0.13134826569867558,,283.64806334365755,,73963.75016179733,0.6855923842263998,0.033714773929705455,0.09137925287411058,0.008035118057882998,0.059273623855861685,,270.9751048793454,-0.4816316345034266,-0.0497920132247654,-1.355986208682494e-06,0.024467321189902944,0.13244803767849708,-7.418277928297072e-07,0.06802373807105792,0.08544527355735825
1979-06-14 18:00:00,,,4.145018729937853,,,,,,382.5466613769531,7.044210941833857e-05,1.56761538347549e-05,3.5956490939185465e-08,1.5446177777453993e-07,4.0173677949044724e-08,,3.95552832135082,0.4186585556120562,,,,,,7.800868100668552e-06,1.9336218488286937e-05,1735.6446049255733,2.722046475791367e-06,1.315435273407479e-06,,283.26756512342826,1.3904150068407228e-05,,283.52698548446745,3.865325944663505e-05,,,,7.837107019311578e-06,,1.8187352186124e-06,,,,,,,8.978161233416676e-05,,,,,,,,,
1979-06-15 00:00:00,-0.7809881345760188,0.22729277187550562,,-0.5274246881699421,-0.028011197874531945,283.07760638174926,285.4398677306768,0.8389984291686109,,,,,,,0.10043167926856046,,,271.4600830078125,271.45948791503906,271.4600067138672,271.4599609375,0.4567808193435683,,,,,,0.17200093101379435,,,100951.58006656804,,,2.2662721893491122,130.2597235504692,0.13081500092907064,,283.48220807137574,,74004.40345321746,0.5558242233547234,0.007651571691388914,0.06640668213367462,0.0010628333458533655,0.0069675445556640625,,270.9563580575074,-0.5062663399961573,0.09665947411892682,7.25438698303759e-08,0.033043192502541036,0.03421777314451363,-1.4741563709375597e-07,0.103899447170235,0.05185142071289424
1979-06-15 18:00:00,,,4.033686355726253,,,,,,424.09699317795076,1.3022931546149169e-05,5.257056926834513e-06,1.382474999698485e-09,4.056755373441785e-09,-2.3305774824804015e-09,,3.9456411508413463,0.36244499612842085,,,,,,3.7659158015392236e-06,9.481679405686418e-06,1414.1253698224853,1.333681480771691e-06,7.632408930352453e-07,,282.5848511464497,4.54806144068227e-06,,282.9255443324704,1.0579130088789223e-05,,,,3.766599138812906e-06,,2.2017788252181554e-06,,,,,,,2.2530247121167608e-05,,,,,,,,,
1979-06-16 00:00:00,-0.7670093570235212,0.3080014505329922,,-0.49914362867908363,-0.03804596782436032,280.9623315574149,282.9532680172892,0.8471201143321201,,,,,,,0.00012175148055398253,,,271.460205078125,271.4595947265625,271.4601593017578,271.4599609375,0.3985417401693629,,,,,,0.09888972897501387,,,101182.75425295858,,,2.301775147928994,128.25819803271773,0.13015243710850824,,283.2817281689164,,74158.3784670858,0.4396260118652025,0.0006863421942355365,0.05749058143439642,0.0012770432692307692,0.00022766293858635355,,270.0193853434726,-0.44579115986118656,0.07005808903620793,2.3779962624940875e-08,0.0019828410331468433,0.0004499040904989433,1.6449190061070996e-07,0.12403746856343464,0.001466907693084175
1979-06-16 18:00:00,,,4.3763709378665725,,,,,,369.2748674797289,2.238401294459958e-05,3.6500791120811327e-06,5.665000324198127e-09,1.763800834512239e-10,6.218643552502194e-08,,4.193503199244392,0.37999133950859837,,,,,,8.086965986962855e-07,1.0376234026350213e-05,1559.612426035503,1.8568147392667963e-06,2.459986631334181e-07,,282.8705491286058,2.50503729433703e-06,,283.28609380778477,1.504946742537459e-05,,,,8.149733822021258e-07,,8.225947971174703e-07,,,,,,,3.276685991230801e-05,,,,,,,,,
1979-06-17 00:00:00,-0.746953010559082,0.3262805430846807,,-0.5188568555391752,-0.08418824122502254,282.69239581407174,284.96973811945264,0.8494763099230253,,,,,,,0.009292828260794193,,,271.4604949951172,271.4601593017578,271.460300791678,271.4599609375,0.4178056886210244,,,,,,0.12691849928635818,,,101178.44323224852,,,2.076923076923077,126.63712739662306,0.12948785872149043,,284.1072210729475,,74183.90703587278,0.48135583215123096,0.0010540525792867063,0.08768393084979974,0.0009210180248734514,0.0005569500330637193,,270.6850571491309,-0.4689849537505201,0.05146594865787664,4.355359604329814e-08,0.0035289643751181795,0.0007350490202565165,4.531720361018625e-07,0.24348946647531183,-0.008200830609135373
1979-06-17 18:00:00,,,4.193540601335334,,,,,,485.8557307991439,0.00015917790711984128,3.310879306680352e-05,1.0604347438501888e-06,3.4119746476940854e-07,4.10589479365384e-08,,3.967904773689586,0.4181567310581546,,,,,,1.7762553365625574e-06,4.57354551236305e-05,1601.0008320385182,1.01032738502209e-05,3.0142613328420197e-07,,284.189470460429,2.6332027108006223e-05,,284.5319246371117,8.337843347583297e-05,,,,2.8372935113116833e-06,,0.0,,,,,,,0.00020490525036873902,,,,,,,,,
1979-06-18 00:00:00,-1.3275967321452304,0.22941705037856244,,-0.8052042278312367,-0.03161303390412641,283.52730618990387,286.2887114575629,0.8536052432285963,,,,,,,0.2893019456129808,,,271.459716796875,271.4598846435547,271.4603271484375,271.4599609375,0.4557109895512219,,,,,,0.34467383300797383,,,101166.7799556213,,,1.9289940828402368,125.68169100609052,0.12892859927295933,,284.7030614367604,,74225.85274130917,0.6957943361891797,0.01702041852213208,0.11471327694998117,0.012380746694711538,0.04007007666593473,,271.8472163634893,-0.8166564061091497,0.09431441154705703,5.0097685894507296e-08,0.006452336951473055,-2.4819162470349193e-05,-2.831300974499087e-07,0.19184001239799184,-0.05805686486543283
1979-06-18 18:00:00,,,3.9986686988695133,,,,,,247.09745328101886,0.00029690907551692083,4.958251171563504e-05,7.217231939530232e-06,7.852371892280127e-07,3.894518201684403e-08,,3.874841486913918,0.7031010406962513,,,,,,5.074605874761322e-06,0.00013829265120466786,2545.0236209666236,3.196228538039168e-05,9.852566221761986e-07,,284.29500132904957,5.155740052285279e-05,,284.62867511094674,0.0001471397874204171,,,,1.2291914965274066e-05,,5.5793827102029115e-06,,,,,,,0.00043520137403138293,,,,,,,,,
1979-06-19 00:00:00,-1.5579295694475344,0.062319981275930914,,-0.8898183664626623,-0.14295993895220332,284.2853180473373,286.06306484606137,0.8534828621960251,,,,,,,0.48925900344665235,,,271.46051025390625,271.460205078125,271.46009826660156,271.4599609375,0.6397615442570497,,,,,,0.4701789290197855,,,101152.7838387574,,,1.8520710059171597,124.15358449721478,0.12907591656114928,,285.2276763013129,,74218.21248613166,0.8909575995608899,0.03839730714535969,0.10653960693781898,0.019418208556767753,0.08204847434260083,,272.6478517069619,-0.8987881643532296,-0.09254999555779632,-3.047629078962432e-07,-0.027276886990789832,0.05994010077425714,-1.3309198889065776e-06,0.06062713988433928,-0.01015150370682485
1979-06-19 18:00:00,,,4.060022433128583,,,,,,320.6693360819619,0.00035010745539467716,0.00010858449710191354,5.73397123602015e-07,0.0,4.3530919891743355e-08,,3.9651794546454617,0.7086627666766827,,,,,,4.548568432853067e-06,0.00018767915533844537,2572.3565088757396,5.024680371820574e-05,1.235071503551754e-06,,284.6523365269046,0.00011122632308824528,,284.95916061852813,0.0002687927886579164,,,,5.121800232921126e-06,,5.19279015840158e-06,,,,,,,0.0005377971914392956,,,,,,,,,
1979-06-20 00:00:00,-1.1340358779275206,-0.46542536718605537,,-0.7052117635512493,-0.48851898577086317,285.3317249907544,286.96532914201185,0.8498607351935121,,,,,,,0.47277525049694896,,,271.45965576171875,271.4598693847656,271.45997619628906,271.4599609375,0.644278983392659,,,,,,0.34387396637504625,,,100973.13147189349,,,1.8520710059171597,126.02867695283608,0.12856921077479977,,285.51697571884245,,74107.94988905326,0.9006855720599022,0.055761434590480476,0.14391700328278118,0.020697734765047153,0.11640000202246671,,272.588963254669,-0.7010811461499457,-0.4545278605624769,3.4808531031908035e-07,-0.05698330056737866,-0.04982127275692641,7.339082789171994e-07,0.1205821312390841,-0.0002207505632434371
1979-06-20 18:00:00,,,4.600417424941204,,,,,,219.60149586694482,0.00052015421658578,0.00012058725018473067,4.5144346338757395e-08,0.0,1.1428531730309073e-07,,4.402986644993167,0.7797856334398484,,,,,,2.4984794608234654e-06,0.0005144582428527606,2744.027167506472,0.00017758692510029268,5.72631124561355e-07,,285.17879039154957,0.0002491050923364402,,285.43258829511836,0.0004047709103872085,,,,2.5436127855932926e-06,,8.861517765112882e-06,,,,,,,0.0010346466703885005,,,,,,,,,
1979-06-21 00:00:00,-1.8078639690692608,0.373304372708473,,-0.9740646633170765,0.0021107013408954325,284.97701033191566,286.30858797152365,0.8432414873817263,,,,,,,0.5008135011210244,,,271.46014404296875,271.4602355957031,271.45982360839844,271.4599609375,0.6657523188365282,,,,,,0.3197958975997285,,,100883.85539940829,,,1.4792899408284024,124.74613257413785,0.12755888876830332,,285.45556207239275,,74039.52482433432,0.8391462804297724,0.04079998270663593,0.17006924020997166,0.032720712515024036,0.06803984331661428,,272.65436621671597,-0.8854325085702027,0.039378318560899364,-1.1224697360623568e-06,0.10467097604063136,-0.0071867429293118994,-1.7561173802186576e-07,-0.02448773560439341,0.3097353526694182
1979-06-21 18:00:00,,,4.183147035406892,,,,,,281.6482536722217,0.0006320610554260615,0.00013868396098797137,6.427038488523848e-09,1.9443812766305263e-09,6.59525841329875e-08,,4.075888611155854,0.7741805417077429,,,,,,1.433704974206947e-06,0.00022716385389850942,2803.767872827293,7.006473089816302e-05,3.747478094414846e-07,,284.24059264053255,0.0001376971337922226,,284.5068604960244,0.00027586863591120794,,,,1.43998451310502e-06,,8.118179070173636e-06,,,,,,,0.0008592118878336348,,,,,,,,,
1979-06-22 00:00:00,-0.5978876204180295,0.17348647822995159,,-0.2563108861799071,-0.08694092902911485,284.71209030602813,286.40469847910504,0.8437208402791673,,,,,,,0.6546839602600188,,,271.46044921875,271.46002197265625,271.4603271484375,271.4599609375,0.6478789886735248,,,,,,0.33575241893706237,,,100795.53143491125,,,1.8224852071005917,127.47311112443371,0.12760574859980295,,285.0217834111501,,73938.44688424557,0.930739311776923,0.056469995551880384,0.18529872344972115,0.02664396748740292,0.10385700654701369,,272.4879814915403,-0.11147810016158065,0.05943583313530013,5.5325537321217e-07,-0.07081725893641365,0.002914072493829671,1.4502790890160133e-06,0.5563882104391177,0.13265169583834135
1979-06-22 18:00:00,,,4.537979255766558,,,,,,492.489892993453,0.00011288414340047441,2.6465608523442195e-05,9.862099878886747e-08,0.0,6.691487022600576e-08,,4.298574142907498,0.6325222860426593,,,,,,1.0781915935538929e-05,0.00010449742560615706,2546.6099600707284,1.859163657183773e-05,1.7645642073196773e-06,,285.5877996139978,3.2204385190403085e-05,,285.83764359513685,8.53629605660377e-05,,,,1.088181543632372e-05,,8.252818556226922e-06,,,,,,,0.00021737874748498532,,,,,,,,,
1979-06-23 00:00:00,-0.9092336857812644,-0.03440494650214381,,-0.4255986636912329,-0.1057662568854157,285.5921392497226,287.5588566706731,0.8432542928577175,,,,,,,0.7155563520961965,,,271.45957946777344,271.46009826660156,271.4598388671875,271.4599609375,0.4920083261012326,,,,,,0.3147081355371419,,,100598.06157544379,,,1.378698224852071,123.8523640830136,0.12642607886410323,,286.1822733681583,,73848.87409855769,0.9351878458931602,0.031987404414954096,0.08907531483991611,0.006353841998037288,0.09283574432900628,,272.95750833545213,-0.3367875059680826,0.05110578141974274,-4.099961215238908e-08,-0.04785969024579201,0.05231774699758496,8.043338656260153e-07,0.13022326752984312,0.1747666185820949
1979-06-23 18:00:00,,,3.5639795213056034,,,,,,869.9971514820347,6.74858601135615e-05,2.3172716417256192e-05,4.889409074328355e-08,1.2520502304889746e-08,5.548653864972547e-08,,3.3778426774154755,0.3828229734883506,,,,,,2.0431233404656135e-06,1.912824148257103e-05,1460.1690104445056,5.063121399935886e-06,3.080914270948376e-07,,286.2688696144601,1.1575821588730671e-05,,286.5825123081546,3.3364669811090776e-05,,,,2.09191582612032e-06,,2.5274221008345924e-06,,,,,,,8.660484347823104e-05,,,,,,,,,
1979-06-24 00:00:00,-1.1990850098739714,0.7985887301744089,,-0.6161437401404748,0.18873911425912168,285.8262614413831,287.74771461261093,0.8468086860589021,,,,,,,0.43424175194734654,,,271.4604797363281,271.45953369140625,271.4599304199219,271.4599609375,0.4247561121833395,,,,,,0.1702300736349291,,,100747.06675295858,,,0.9704142011834319,120.98808893508459,0.12538862228393555,,286.61352105676775,,73963.14275147929,0.8014902705271568,0.009927414540895784,0.09464378606461914,0.002818942775387736,0.007952898917113536,,272.9931586451784,-0.555947523850661,0.3407266369232765,-2.498502709445428e-07,-0.04107701566797742,-0.0007139327963428385,-4.325165019298975e-07,-0.04818121110193828,0.148225763867769
1979-06-24 18:00:00,,,4.9968514922102525,,,,,,502.21656916691705,3.879389466618645e-05,1.3445785059731388e-05,0.0,0.0,8.980150487451215e-08,,4.864552932378103,0.3486481615777552,,,,,,3.348145986626134e-07,5.29394611804443e-06,1279.8661351344995,1.8656898576479691e-06,2.514846490685051e-08,,285.4635060327293,2.0314625205372916e-06,,285.834751467733,3.372723534262392e-05,,,,3.348145986626134e-07,,1.5736320579545738e-07,,,,,,,4.4076047705475396e-05,,,,,,,,,
1979-06-25 00:00:00,-1.2549409471319977,0.6523977031369181,,-0.7357726351043882,-0.01999798611070983,285.4072713456916,287.46431790865387,0.8520537269185986,,,,,,,0.4580568395439293,,,271.46006774902344,271.4595031738281,271.4597473144531,271.4599609375,0.4107917643774896,,,,,,0.21428508353392048,,,100878.91346153847,,,1.2899408284023668,120.4493038019485,0.12436257311578333,,285.96868210290313,,74029.39187315089,0.7823133225271688,0.012915953787142885,0.07419762295290563,0.0026526253604324613,0.006759733843380178,,272.61130139954696,-0.6109877366286057,0.15075552675145618,-8.657914255718155e-07,-0.0537301012750208,-0.0009389181108869745,-2.0925421612171908e-07,-0.30061395069551183,0.16116126705258643
1979-06-25 18:00:00,,,5.3821949817725185,,,,,,402.6082907230896,2.1033473974148903e-05,4.400493654273671e-06,0.0,0.0,7.034938267033867e-08,,5.120702890249399,0.4143165723811945,,,,,,1.4541747831028593e-06,1.2088544975371051e-05,1658.6999925410253,2.080420329725954e-06,2.5758646516757605e-07,,285.2203853088018,3.853140498054098e-06,,285.61563453448593,1.4061802590387108e-05,,,,1.4495677672899687e-06,,9.323255373881414e-07,,,,,,,3.313683193816236e-05,,,,,,,,,
1979-06-26 00:00:00,-1.285673677568605,0.5085913246199929,,-0.7953526028514614,0.019421837033604727,285.8725166997966,287.94665599574705,0.8560411799588853,,,,,,,0.39171090210683246,,,271.4596252441406,271.4606475830078,271.4595947265625,271.4599609375,0.4457202829949602,,,,,,0.2368586889120954,,,100654.03568786982,,,1.349112426035503,119.94486593212602,0.12346882227609848,,285.9340805866309,,73869.16607340977,0.7219113016269616,0.006525549026135185,0.09440241555666783,0.0014165364778958834,0.006689918111767289,,272.7472646137666,-0.75148916526659,0.1760408864218808,8.389923407953817e-08,0.012912036575509246,0.00771896457354698,-1.0679775439808971e-06,0.007482334706910263,0.21423925335943347
1979-06-26 18:00:00,,,3.9518367609328773,,,,,,252.31818231887365,0.00014769043442765635,3.228252808723224e-05,3.966045450176713e-06,1.5528949760121e-06,4.305929239991637e-08,,3.6872446127897183,0.5813327766734467,,,,,,3.088050736830785e-07,3.406174682838029e-05,2401.606306629068,7.105252799197767e-06,1.1228154462999141e-07,,285.77091663970043,3.320410759491328e-05,,286.0340251132581,5.5846554287791955e-05,,,,4.275057178277236e-06,,3.4221089803255522e-06,,,,,,,0.0001817335038495487,,,,,,,,,
1979-06-27 00:00:00,-0.8211498486219778,0.114728470525798,,-0.49013311058811887,-0.0511595483362322,286.4463150656435,287.88260736409023,0.8561722717341587,,,,,,,0.6632265734249319,,,271.4600524902344,271.4599304199219,271.45997619628906,271.4599609375,0.5620350000288712,,,,,,0.34207127479141985,,,100452.45266272189,,,1.3254437869822486,119.69204603567631,0.12264065488555728,,286.3207545534394,,73750.70943509616,0.8689467116925843,0.006772494347237006,0.13844125444543431,0.003623736680612056,0.004862447659493309,,272.99978475175664,-0.46080751249776086,0.025148357865373058,-1.0180750227334893e-07,0.005728873628131031,-0.0002801208453770925,-9.823504583248814e-07,-0.16084106716178578,-0.05761321656097322
1979-06-27 18:00:00,,,3.6678254167003743,,,,,,382.00235229131033,0.00013438114047755855,4.4634753077693236e-05,2.38892506565568e-06,2.7240468905522275e-06,1.355664169994864e-07,,3.6722883980655108,0.7641682254492178,,,,,,3.473006585645958e-06,9.333946295743863e-05,2647.3470336191754,3.086568335809651e-05,8.67031007652452e-07,,285.99448877819896,3.839672140821197e-05,,286.281755616679,8.687773752494677e-05,,,,5.86199778071522e-06,,5.187389589625703e-06,,,,,,,0.0002277526982437224,,,,,,,,,
1979-06-28 00:00:00,-0.9260229754024709,-0.11077958733372434,,-0.5289541616947693,-0.32451734034972785,285.3861235669379,286.79860565366124,0.8523735139496933,,,,,,,0.6140742883218463,,,271.4606018066406,271.4597625732422,271.460205078125,271.4599609375,0.7533011781657941,,,,,,0.43102602986894417,,,100410.03457840237,,,1.2958579881656804,123.78246763330945,0.12218008097812269,,286.76283688517015,,73715.80223742603,0.9023311586069638,0.029516516630582582,0.18442652048267558,0.015308515559992141,0.04698655167980307,,273.10435386522283,-0.48406514049281735,-0.3176049396131166,2.4804659764703982e-08,0.027402951167179987,-0.030329846418820895,-4.5397067470090276e-07,-0.08446732921713203,-0.11480683335185757
1979-06-28 18:00:00,,,2.9947099177795047,,,,,,482.7730021279239,1.639859563500218e-05,4.825540460073031e-06,0.0,0.0,7.622366958522439e-08,,2.8828595121936686,0.46352842432507396,,,,,,2.4594493298488257e-07,4.263442648938422e-05,1722.5062869822484,8.530253489341962e-06,3.5269020577154214e-09,,286.63304219443415,7.167645900912539e-06,,286.96449415218194,2.270174273372402e-05,,,,2.4594493298488257e-07,,6.624007013422498e-06,,,,,,,5.9055858815210106e-05,,,,,,,,,
1979-06-29 00:00:00,-0.05150746452737842,0.027172551352596847,,0.030778834100305682,-0.10358624768680369,285.776332516642,288.0211116632766,0.8444385574414179,,,,,,,0.0532459507327108,,,271.4601745605469,271.46083068847656,271.45970153808594,271.4599609375,0.4951727502929741,,,,,,0.22713420800203402,,,100236.01775147929,,,1.0,124.68797798833903,0.12108515282354411,,287.02852400379066,,73610.81649870562,0.6315334262932546,0.001513616573175735,0.1339039454710554,0.00615073661127034,0.0015139043683836445,,272.71707640879254,0.05271472592325606,-0.07211864629440759,3.4833060480728637e-08,-0.006211141510122626,-0.005707038577491715,-1.6725764709067415e-07,-0.14344192820893237,-0.057786179012095436
1979-06-29 18:00:00,,,3.823382529986681,,,,,,486.03389347234423,3.0182346084414148e-05,7.896821879776272e-06,3.049237592994461e-08,1.0051670864488951e-07,5.452985471449813e-08,,3.596013413378473,0.4402951573479105,,,,,,2.256241908087533e-06,6.050109510591044e-05,1785.8804424895338,1.3198240621555487e-05,3.756481338534835e-07,,286.91280423677887,1.4941720567511383e-05,,287.1676523784209,3.144008344447119e-05,,,,2.2872180275663116e-06,,9.556714246964314e-06,,,,,,,9.068538098645634e-05,,,,,,,,,
1979-06-30 00:00:00,1.1652664792608227,0.19392559232091058,,0.6219147260372455,0.03525139170990893,286.12351493158286,288.08337619036615,0.8436746949980245,,,,,,,0.1954787214832193,,,271.4591827392578,271.4599304199219,271.4602355957031,271.4599609375,0.47069959860493443,,,,,,0.25884779328728347,,,100082.52496301776,,,0.9644970414201184,122.38065550313193,0.12004273318680081,,287.15442977995565,,73488.05140532544,0.7164204233496853,0.002545920192379747,0.13599476246879652,0.0050344410732653016,0.006340884598049186,,272.9569337382119,0.6598150261055084,0.1655843215581228,-1.8452581937132767e-08,0.007347647527772823,-0.00521908989231262,-3.3640471829883977e-07,0.02594985623331465,-0.010609551647005703
1979-06-30 18:00:00,,,3.7635653851300304,,,,,,303.5455072165946,0.00010935300906028973,2.224099706615922e-05,2.4688314404007953e-09,1.6929129877034024e-08,4.8179582872925405e-08,,3.7031182791354387,0.6057443110900518,,,,,,1.8208844245538205e-06,0.0002820456521750907,2243.9323408138116,6.609555532241008e-05,2.87363989025178e-07,,286.0701781504253,6.51993695095446e-05,,286.32805710290313,0.00012799868216881386,,,,1.8237059461999927e-06,,1.7277191023854813e-06,,,,,,,0.0003913774998230342,,,,,,,,,
1979-07-01 00:00:00,1.016461812532865,0.7389746163723737,,0.43278748890351965,0.3482193026316942,286.00816065319896,287.5564687153291,0.8447098696725608,,,,,,,0.7368390131851977,,,271.460205078125,271.45973205566406,271.4598846435547,271.4599609375,0.6726230914820228,,,,,,0.4813036010242425,,,99716.59356508875,,,1.2899408284023668,121.36540032561714,0.11908394909469333,,285.9550622341901,,73224.36919840977,0.9313664051908008,0.014079643093798992,0.2852034356731635,0.04163798495862611,0.01774713850012545,,272.93159150795117,0.42358519762930785,0.41660224544931446,-3.1172059079943524e-08,0.05174548985690055,-0.009432839924061793,-3.370256287172525e-07,1.4811363139096096,-0.3508238707773784
1979-07-01 18:00:00,,,6.5941994853273656,,,,,,243.5629821416189,0.0003319454969033687,4.723862078062882e-05,0.00010442927744261612,3.13021374877388e-05,2.3196527828082177e-09,,5.9177341969055535,0.9386119955390163,,,,,,0.00043468785709177956,0.001498151107652653,3332.033284023669,0.00022827873568563066,9.513289265378693e-05,,285.64835804595043,0.00034936895263947075,,285.89616078032543,0.0006219150698695111,,,,0.0005391173108794986,,0.000103618971694856,,,,,,,0.001830089690932486,,,,,,,,,
1979-07-02 00:00:00,-0.024559291862171782,0.9044897429336457,,-0.04954990973839393,0.5764310444600483,285.6210388544749,287.529244868713,0.8653269022174136,,,,,,,0.9100538506310367,,,271.4597473144531,271.4605712890625,271.4596710205078,271.4599609375,0.8015844314937761,,,,,,0.7551148600832245,,,99849.7461168639,,,2.1538461538461537,125.89591068064672,0.1208324799170861,,286.02717617418637,,73289.84351886094,0.985973365208101,0.12443199423940841,0.26914429920312216,0.07189153002228205,0.5618109535561088,,273.1573588128626,-0.0034014854205430614,0.6258319965481053,3.895253224088948e-06,1.4355914535651193,0.5493652452246325,4.700582733477009e-06,2.4372465230039593,0.2172329637425891
1979-07-02 18:00:00,,,4.680673102655354,,,,,,429.3535597761707,1.8219667426227817e-05,3.195263048600868e-06,3.026329950820765e-07,2.1081161547518342e-08,1.12541950722473e-07,,4.442545507081162,0.5562926523784208,,,,,,9.200082728143274e-05,0.00029764513997636603,2131.3043639053253,4.153068249042217e-05,1.9528853470051783e-05,,285.1003750231139,5.802759052028318e-05,,285.3660563632581,9.282171373536601e-05,,,,9.230290644267607e-05,,4.838433491407767e-05,,,,,,,0.00031588804086989905,,,,,,,,,
1979-07-03 00:00:00,0.8522631233260476,0.5611939909895496,,0.28338053099502475,0.21989400852361374,284.378627438517,286.38560350406806,0.8523894777664771,,,,,,,0.140478010008321,,,271.45965576171875,271.459716796875,271.46014404296875,271.4599609375,0.5677666421428588,,,,,,0.4422334949954374,,,100347.5924556213,,,1.8047337278106508,128.8361843492858,0.12140201534745255,,285.4141173955251,,73649.99646357249,0.7074076889534674,0.012943412109757581,0.11927569412885333,0.010483352390266735,0.07207872740615755,,272.6625904331546,0.2493752022466716,0.3038772210566955,6.419609154584217e-08,0.08609062962278106,0.02137592783164696,6.910373894883507e-07,0.5332535399487738,0.1994970387961032
1979-07-03 18:00:00,,,4.10318749896168,,,,,,670.0324588753062,1.3979273082236567e-05,2.3385124093682105e-06,0.0,4.232282469258506e-09,1.4563429754188825e-07,,3.8564172778609236,0.4562896186783469,,,,,,3.8804299027256715e-05,0.00010142735475619164,1739.5357681364703,1.224073079916147e-05,1.0400790081927058e-05,,285.32654892058065,2.107989682248358e-05,,285.59206268491124,3.8707705997151034e-05,,,,3.8804299027256715e-05,,1.6353803978869195e-05,,,,,,,0.00011532881556177986,,,,,,,,,
1979-07-04 00:00:00,-0.4594820124157787,0.5637785386757033,,-0.24970695111878524,0.16859150497165656,284.56530545025885,286.42699906388685,0.8387934748943036,,,,,,,0.003463581468932022,,,271.46043395996094,271.45989990234375,271.4602813720703,271.4599609375,0.44560485478688977,,,,,,0.36314359598258544,,,100605.63350591715,,,1.7337278106508875,129.71617695283607,0.11986055599867239,,285.53904949842826,,73830.23268768491,0.6225288453892138,0.005715997888260251,0.09987787554073616,0.0016018568411381288,0.016237969934587648,,272.4686488766642,-0.18411004895994648,0.28987912172396507,1.7150143009352844e-07,0.03561031183547522,0.024383560425089396,6.547965765131649e-07,0.37675169052985996,0.12603965877781254
1979-07-04 18:00:00,,,3.3947977406033396,,,,,,598.3793073642754,3.512168424369316e-05,5.77184134686487e-06,5.620207979217083e-08,6.226600924804366e-08,1.4384362658783437e-07,,3.226338871837368,0.2871306831314719,,,,,,2.948501141819023e-06,5.905599107403727e-06,1143.6220414201184,8.5826334956835e-07,4.776899520991116e-07,,284.0489740315274,5.397262305197631e-06,,284.46415900055473,2.2921733249574017e-05,,,,3.0041931296241353e-06,,7.90378751134026e-07,,,,,,,4.101081712711492e-05,,,,,,,,,
1979-07-05 00:00:00,-0.1763457349066198,0.6167749596770699,,-0.1721550303803393,0.08210515129495655,283.01195133367236,285.3215404262204,0.8287661065011335,,,,,,,0.023296739928115755,,,271.46002197265625,271.4593811035156,271.45994567871094,271.4599609375,0.35826704260953784,,,,,,0.13696190649671094,,,100832.9761464497,,,2.1597633136094676,130.52137295875323,0.1185878070853871,,284.20571375739644,,73932.80112795858,0.4322060738089522,0.004418102301073056,0.05819385844839395,0.00047935395551151075,0.0029126285801272423,,271.463928583811,-0.15082415744397767,0.23395738869729127,-1.1674470959448934e-07,0.01976746527929983,0.011713693264221564,-4.152077091403151e-07,0.17971811101898638,0.02510796531417666
1979-07-05 18:00:00,,,3.262711005803396,,,,,,1147.0236346905049,4.270020321276061e-06,3.254187111494809e-08,1.1954096989077929e-08,0.0,1.588101309195517e-07,,3.131762583580243,0.27753750953448597,,,,,,7.311378181333372e-06,8.72271212600392e-06,1175.5166420118344,3.4860120369837836e-07,1.474085247375556e-06,,284.20424024593194,1.7996238180871545e-06,,284.6435460197855,3.474439389606905e-06,,,,7.324251373844034e-06,,0.0,,,,,,,1.3032211707188533e-05,,,,,,,,,
1979-07-06 00:00:00,-0.6807288841382991,0.3389835414096449,,-0.3409261082756449,-0.16889029282789964,284.4004469651442,287.0727437939164,0.8288622858256278,,,,,,,0.2223655204095784,,,271.4608154296875,271.46034240722656,271.4600372314453,271.4599609375,0.3267473751271265,,,,,,0.1782500014775405,,,100889.7599852071,,,1.952662721893491,128.899978727984,0.11738994135659121,,284.8829815204327,,73992.0898668639,0.580759670607437,0.0033163743137696084,0.057500739444113345,0.00014350435437535393,0.003140641387397721,,271.32979642427887,-0.2869438363250191,0.018625693913747573,-3.2121302467321746e-08,6.97762303098419e-06,0.007519339634237822,2.034867173591188e-07,-0.06203072593056944,0.08953226426996555
1979-07-06 18:00:00,,,3.7805223013522355,,,,,,942.0084691331876,2.9899797143315423e-05,1.1767894470480067e-06,1.721864444969674e-05,3.40004379932697e-06,2.3471550393093124e-07,,3.866421485440971,0.35840548001802885,,,,,,1.4800071363618388e-05,3.124941030197595e-05,1261.364275147929,4.002471735491555e-06,2.6013327420815913e-06,,284.6289336977626,8.2509228463709e-06,,285.06934893907174,2.5739066699552818e-05,,,,3.201942119372667e-05,,0.0,,,,,,,6.113787727243096e-05,,,,,,,,,
1979-07-07 00:00:00,-0.4353342789870042,-0.7650558934409237,,-0.2572942711192475,-0.6921862370869112,284.62926162629435,287.2615280602811,0.8369044961308586,,,,,,,0.018152993106277736,,,271.45953369140625,271.46006774902344,271.45977783203125,271.4599609375,0.3755395652274408,,,,,,0.19124368970563427,,,100902.25480769231,,,1.6627218934911243,125.14604936407868,0.11654311242188223,,285.1815828402367,,74025.30979567308,0.4459468398750181,0.008792196173918677,0.022271797252466252,0.0006428216336041513,0.027210303312222635,,271.94766867372414,-0.2199107119317591,-0.4861223232111282,-1.061726516934481e-07,-0.003837424622484918,-0.011213522338302882,-4.7116998370224335e-07,-0.04304792401353283,-0.03585233314502874
1979-07-07 18:00:00,,,4.7494231737577,,,,,,1329.5965839556068,0.0005249920681383483,0.00014919853774753548,0.0,0.0,1.3765862076409503e-07,,4.642892086999656,0.39660834137504625,,,,,,2.4728612015409582e-08,3.3119550118079554e-05,1237.1653106508875,1.4113626007497664e-05,1.5210884501992246e-08,,285.053030521912,0.00010260692714939456,,285.47470471985946,0.00024004624440119817,,,,2.4728612015409582e-08,,1.0720413169939314e-09,,,,,,,0.0005580899278087728,,,,,,,,,
1979-07-08 00:00:00,-1.604522377781614,-0.5293724466357711,,-0.7414151648797932,-0.45681292629806247,284.67956470737795,287.18887094350964,0.8456948935632875,,,,,,,0.7220346119100526,,,271.46014404296875,271.4598693847656,271.45977783203125,271.4599609375,0.3461049096824149,,,,,,0.13112762270594489,,,101045.12204142012,,,1.1597633136094674,122.09302606526211,0.11537757286658654,,284.96009095321745,,74219.55404031066,0.7997845263391204,0.04311116621312395,0.055193071534647746,0.004422791610808062,0.06055175058940459,,272.20971246301775,-0.7615630810077374,-0.3167202910022623,-1.0829196647260773e-06,-0.11813933468429294,0.05980835334789118,-3.869793399859815e-07,-0.14597371908334586,-0.0624342045840427
1979-07-08 18:00:00,,,4.337925910949707,,,,,,171.81974172881155,8.126299762161526e-05,2.0336558127544337e-05,0.0,0.0,1.0273109681993427e-07,,4.141294744593152,0.5274280796389608,,,,,,7.665363421454232e-08,7.63175755562867e-05,1972.9078510781012,2.1318094970206536e-05,9.447712566257184e-10,,285.60380743805473,2.04491544757369e-05,,285.9605315620377,6.738216919306467e-05,,,,7.665363421454232e-08,,0.0,,,,,,,0.00015758939043304624,,,,,,,,,
1979-07-09 00:00:00,-1.423647564543775,0.7438635685034758,,-0.8609175315270057,0.21647014843641654,285.0458550989275,287.14232965051775,0.8475461605737901,,,,,,,0.5545083240071345,,,271.46046447753906,271.45985412597656,271.45997619628906,271.4599609375,0.5744813724404433,,,,,,0.2712659666524131,,,101106.08431952662,,,1.2781065088757397,120.77465513330945,0.10507628198206072,,285.93073340421597,,74236.11122411242,0.8371069262013633,0.02214632868553586,0.143059685329556,0.01139395900026581,0.02109663020929641,,272.5536639873798,-0.8384805487457817,0.32128359086414765,-5.386415531462025e-07,0.12927939365865918,-0.1305663776115553,-9.510892418560368e-07,-0.33288428063928727,0.1639788849113961
1979-07-09 18:00:00,,,4.637891064028768,,,,,,265.59518633631177,0.0003854329064047548,0.00010246003167869071,0.0,0.0,4.933803717188328e-08,,4.45964191369051,0.6246522079558062,,,,,,2.100239177206917e-07,0.00013928159454165126,2308.3487642728364,3.756282950294088e-05,5.476342062272969e-08,,285.3591294147559,9.383869594370825e-05,,285.6707279724482,0.00019120270683920594,,,,2.100239177206917e-07,,1.0201740547044744e-05,,,,,,,0.0005247116794247599,,,,,,,,,
1979-07-10 00:00:00,-0.5038410897791032,0.6731073785815719,,-0.3496592595027043,0.16712777854422844,285.57286514191935,287.47031018860946,0.84867881599968,,,,,,,0.46173483944503513,,,271.4593811035156,271.45970153808594,271.4598846435547,271.4599609375,0.5991071645148407,,,,,,0.2636478582077478,,,100888.03309911242,,,1.4319526627218935,143.05479566585382,0.10516451378545817,,285.7126450397559,,74051.00993897929,0.8104677316705151,0.03150674620072892,0.17017501484624734,0.012229016546666974,0.026545417379345414,,272.8114584296413,-0.3020433843488524,0.213233383449577,1.0229286892042006e-06,0.02411929037443985,-0.1127248388775707,-1.782764552471768e-07,0.19938853435967802,0.1263279177733427
1979-07-10 18:00:00,,,3.5417830676016724,,,,,,201.97373808911567,0.0003061019457303561,0.0001038097770961784,3.6874422307550555e-06,2.759359997405103e-07,1.0849318067215059e-07,,3.2043421592938124,0.9228023188353995,,,,,,3.1026774609582664e-05,0.00044055369184228463,3347.61755009939,0.00013124269391681932,4.438540110221276e-06,,285.27553797614644,0.0001381738903346855,,285.508352787537,0.00030963723662815823,,,,3.471494426388712e-05,,2.2228300218751444e-05,,,,,,,0.0007466663613762347,,,,,,,,,
1979-07-11 00:00:00,-1.3608898072553104,-0.17784761959279077,,-0.7379036852593958,-0.2722735489613911,285.0710434772559,286.59250618296966,0.8322520502925624,,,,,,,0.31502058943347816,,,271.4597930908203,271.45985412597656,271.46009826660156,271.4599609375,0.8200726445610002,,,,,,0.6633978126317086,,,100923.47855029585,,,1.5857988165680474,142.59598464514377,0.10514630086323214,,285.77505113951554,,74054.05145155326,0.9467383743037839,0.03583610493320553,0.2658371410205872,0.026724143846500556,0.08124052316007913,,273.0491853070682,-0.7299550750551844,-0.27796810195290833,6.743395833998433e-07,0.05714208416684845,-0.01594052935493063,-4.117191630035374e-06,-0.44151316874126006,0.2532120491625995
1979-07-11 18:00:00,,,3.8865624715590616,,,,,,476.24457392043615,0.0002677408901192027,4.503783389661439e-05,2.8980995071004834e-06,3.5269020577154215e-10,1.5113299655805624e-07,,3.8572025411933133,0.7569743310206035,,,,,,8.655238081012252e-06,0.0009066823620882665,3012.579393375555,0.0002661915220452484,2.7749224527347723e-06,,285.2039310974482,0.0003070104757004236,,285.39966976007764,0.0004506828327991371,,,,1.1554307486178607e-05,,1.9931581598767162e-05,,,,,,,0.0011744447663100213,,,,,,,,,
1979-07-12 00:00:00,-1.898537235147149,-0.22285412331304608,,-0.9934224687384431,-0.2968534153594068,285.4607511441383,286.90377681213016,0.8118275894215826,,,,,,,0.724054202305142,,,271.45989990234375,271.46046447753906,271.4598693847656,271.4599609375,0.6472597690244045,,,,,,0.5811791609374796,,,100955.02477810651,,,1.4615384615384615,142.9953467013568,0.10735172350731122,,285.13053000184914,,74098.90072577662,0.9297417359944631,0.11619551757740797,0.1630511938238836,0.1980518589358358,0.4341587628755056,,272.37996443347816,-0.9603629648332765,-0.1821406155648316,6.419750476068647e-07,0.06997954034240994,0.5275662594072564,-3.611718196994983e-07,-0.47021394650611653,0.26311411695367487
1979-07-12 18:00:00,,,4.884528792116064,,,,,,230.10805976461376,5.824899179695626e-05,1.0018870675352198e-05,1.1604830358155381e-05,4.72009711011627e-06,2.9986939587066853e-07,,4.724403437778089,0.702294303423907,,,,,,5.4177976924286794e-05,0.0002654039745117678,2712.6634283122225,4.068888571176143e-05,1.0965380971953714e-05,,285.22494163738907,6.146154863536297e-05,,285.4701700605584,0.0001074618640336658,,,,6.578501159622824e-05,,5.435247040359226e-05,,,,,,,0.00032363877052794175,,,,,,,,,
1979-07-13 00:00:00,-1.5906466421996348,0.6672434327165051,,-0.890483432972925,0.21595961666671482,285.8899633644601,287.6039490107249,0.8000328159896579,,,,,,,0.9855021252434635,,,271.4596710205078,271.4597473144531,271.46014404296875,271.4599609375,0.5978788323700428,,,,,,0.5788324894989736,,,101084.76941568048,,,1.7159763313609468,142.5792964054988,0.10656810794356307,,285.0151208279401,,74178.29900147929,0.9983937599249846,0.06936604948438836,0.10025041594484149,0.030882379809306994,0.2016894368540231,,272.96411909295256,-0.7629268973536746,0.3203669384386412,3.393257784894144e-07,-0.030553394873466717,0.1881797087968454,1.6713442939427302e-07,-0.08477566510262574,0.42523394643670753
1979-07-13 18:00:00,,,6.032593196665747,,,,,,304.84354080109904,0.00017897264491876906,3.471582598940155e-05,2.3018822250281565e-07,4.0206683457955806e-08,1.2289324896575432e-07,,5.924469513300608,0.8145321212576692,,,,,,1.0207383590337087e-05,0.0003309140274867808,2967.29377195821,8.268014701186258e-05,2.400927554220843e-06,,285.1261614737426,9.38640896385238e-05,,285.36191319572856,0.00017690487537074605,,,,1.0437932769222373e-05,,1.5165237985419098e-05,,,,,,,0.000509897253111723,,,,,,,,,
1979-07-14 00:00:00,-1.5941566546287762,0.8931006764519144,,-0.9710116076046194,0.31099001190366127,285.53352527505547,286.86245492788464,0.7864689065154488,,,,,,,0.80460180051228,,,271.45994567871094,271.459716796875,271.4596710205078,271.4599609375,0.6858969470982016,,,,,,0.4681259531241197,,,100972.91309171598,,,1.4733727810650887,142.37459965993668,0.10383895445152147,,285.2091389492419,,74120.50501571746,0.9607581051849049,0.055413926258606055,0.23078870358904438,0.027000291813054734,0.051263662484975964,,272.46191189557135,-0.8850782044540496,0.34728507424247335,4.6142702440031357e-07,-0.1661397493802584,0.14931208468400514,-5.773307646062644e-06,-1.8118126208965595,0.8683375274024067
1979-07-14 18:00:00,,,4.247529949662248,,,,,,221.46823472243088,0.00026603457490368,4.864215145449667e-05,8.459230499154717e-06,8.739993946086725e-07,7.493601310805324e-08,,3.982824207057614,0.8321504617583823,,,,,,4.762089287740944e-06,0.0017564243549783153,3049.922990245932,0.0005493481483685195,1.0794910365307825e-06,,285.182913334412,0.0005144642654960678,,285.4208969928809,0.0007513345597328747,,,,1.32219149516179e-05,,2.1780560002524473e-05,,,,,,,0.0020224134328454507,,,,,,,,,
1979-07-15 00:00:00,-0.6501858446019642,0.6085336673894578,,-0.3967199212700658,0.19637422730936807,285.75528586122414,286.9152470876479,0.773254884770636,,,,,,,0.7752760271348896,,,271.4595947265625,271.4600372314453,271.46022033691406,271.4599609375,0.6476199474163662,,,,,,0.6394943188897957,,,100971.9648668639,,,1.455621301775148,142.3598992161497,0.10294443897947052,,285.00723898622414,,74116.2148206361,0.935004839530358,0.15355258624030818,0.2433934231308019,0.3358966895109098,0.9601126225036982,,272.40868923932135,-0.37734850482827814,0.21143100106504542,1.7480576857263167e-06,-0.06942169482891376,0.16575464553381564,-4.977334932060416e-06,0.023091327509231117,0.7412609292205269
1979-07-15 18:00:00,,,4.511212777809279,,,,,,369.9871746244885,0.00020987430267785427,3.8810911968614926e-05,5.381088152792327e-07,4.385172295764353e-08,3.2457797187246724e-07,,4.256202376100439,0.7790546626646138,,,,,,1.144992220683916e-06,0.00010732504037710336,2775.241405961076,2.8768344920062455e-05,2.152595073866421e-07,,284.3111695058247,5.082574469097973e-05,,284.6982335197855,0.00016203275799045902,,,,1.6826574178137018e-06,,5.264879485382836e-07,,,,,,,0.0003171700697678786,,,,,,,,,
1979-07-16 00:00:00,0.20743487995757154,-0.1895077440160266,,0.039996406735753165,-0.24283015798534868,284.89220396865755,286.0425339196561,0.7915283808341393,,,,,,,0.42529712202986314,,,271.459228515625,271.4604187011719,271.46002197265625,271.4599609375,0.519078139899045,,,,,,0.3559277777135725,,,101191.52181952662,,,1.6272189349112427,137.60495284041005,0.10305375037108652,,284.3222569572855,,74240.00374445267,0.8348605470544488,0.027193173361007406,0.06427175519552589,0.02363554824738813,0.06877714078101886,,272.62277456430286,-0.011705195410011788,-0.1754190061219345,1.2433998164970197e-06,0.0033267718800426235,-0.06675247892120181,9.012615897819488e-07,0.08926831335711057,-0.12406061951225326
1979-07-16 18:00:00,,,3.415135829406377,,,,,,511.22901340872943,0.00011358317538831361,2.6294245169712947e-05,0.0,0.0,9.49378970704512e-08,,3.104458329240246,0.6373545629738351,,,,,,4.433426102237588e-08,0.00010848539115409174,2458.896227853538,2.1916566163125122e-05,1.8730811973118923e-08,,284.6165258644601,2.4382928772085517e-05,,284.9642124514608,7.910206473085302e-05,,,,4.245163927945865e-08,,2.0436457628329124e-05,,,,,,,0.0002220615127382899,,,,,,,,,
1979-07-17 00:00:00,-0.43770165979509523,0.21854502773849216,,-0.12161934305224899,0.19191411825326773,284.7779678254438,286.46677520571376,0.8144987257274651,,,,,,,0.7535335960957779,,,271.4605255126953,271.4593048095703,271.46002197265625,271.4599609375,0.5255623236987409,,,,,,0.12283596061390532,,,100948.16475591715,,,1.3254437869822486,129.42415587295443,0.10128656929061258,,284.4917974528476,,74136.72887389053,0.8249503665069151,0.030575109424087435,0.0957497251170967,0.0017616932208721454,0.05503447944595969,,271.91600262342826,-0.11398077857564892,0.3083745734931449,-1.0579041744025765e-06,0.023392533056834745,0.07112939331746666,-7.436093261200913e-07,-0.0027603256631885055,-0.08899799324351655
1979-07-17 18:00:00,,,4.056397522694966,,,,,,892.5148167356232,0.00023180969368071246,5.353299471048208e-05,2.0841522329657743e-05,5.00793640430157e-06,1.970544620574202e-08,,3.945960197223009,0.7124734912398298,,,,,,0.00010703865593001687,0.0010348607802532128,2608.9961370152128,0.0002380045207999867,2.4411276247374406e-05,,284.83613396819527,0.0002663223701115896,,285.1167266665126,0.00039789168792363455,,,,0.00012788264709111502,,1.7614583291951016e-05,,,,,,,0.001266661480333678,,,,,,,,,
1979-07-18 00:00:00,-0.5285041402782914,0.9865934721816926,,-0.4072340226032325,0.453448397168041,284.6525257720044,285.9318255362426,0.8403576238620916,,,,,,,0.9623489972402358,,,271.46006774902344,271.4599151611328,271.46018981933594,271.4599609375,0.6555674469825872,,,,,,0.4692738549949149,,,100940.54844674557,,,1.5798816568047338,122.72842732265856,0.10074023805426423,,284.9773527066383,,74119.3697993713,0.9794958205618096,0.10349340123240147,0.24946559519271405,0.08696922889122596,0.34877274621037985,,272.6175775471524,-0.4282384116268722,0.5251958451327488,5.220497866056462e-07,0.36908464001480645,0.2505591321273668,-4.530247399368538e-06,-0.770476967625364,0.22959274653146958
1979-07-18 18:00:00,,,4.5015601491081645,,,,,,278.66027768829167,0.00014019276968826205,3.3534225627515445e-05,9.186125013249865e-06,5.714992094322069e-06,-9.194808997821404e-08,,4.270769440916163,0.8906017055172892,,,,,,0.0002240767845740685,0.0012465388326991134,3201.6309333214394,0.00032024447029158917,5.7042438603011813e-05,,285.20906382904957,0.0003371739528588289,,285.4064493574334,0.0005049402191794131,,,,0.0002332629536735941,,3.5377472815428964e-05,,,,,,,0.0013867148496026012,,,,,,,,,
1979-07-19 00:00:00,-0.00761622931124896,0.2058668757331442,,-0.011537896105523646,0.054192655890651004,285.49315972864275,286.818063228088,0.8500160426783139,,,,,,,0.972927519555628,,,271.46075439453125,271.46009826660156,271.4600524902344,271.4599609375,0.7977470452263511,,,,,,0.9235748525201921,,,100862.11076183432,,,1.8047337278106508,122.45381101348697,0.1014200187999116,,285.5066163553994,,74025.83859559911,0.9986954225590948,0.17992576718683073,0.3491347951927503,0.24855093172849183,0.7213112247898381,,272.9788166475014,0.04902247141098835,0.10484714620917507,-6.20230783697372e-07,1.05626155920988,0.40712354380703536,-4.62791124378061e-06,-0.49537736001099353,0.7600046586708205
1979-07-19 18:00:00,,,3.3337824612679565,,,,,,298.6057298648992,0.00026570899923742417,6.802027394785683e-05,4.467235867088363e-05,9.259506619188208e-06,1.3207592724163923e-07,,3.0846504854732717,0.9325576061327782,,,,,,7.158429664972971e-05,0.0006996037396492117,3411.0274217594306,0.000190018549473328,1.4545473121327056e-05,,284.53212110530694,0.00023787780543989894,,284.76468021911984,0.00038602047831541825,,,,0.00011625251121069553,,2.5975545482522637e-05,,,,,,,0.0009652965428471598,,,,,,,,,
1979-07-20 00:00:00,-1.1953320305728348,-0.4805633894790559,,-0.5674037820488743,-0.37266940619113176,285.39269080528845,286.477748532267,0.8465560131524441,,,,,,,0.8776078143063382,,,271.4603271484375,271.4593505859375,271.46022033691406,271.4599609375,0.8460995435009341,,,,,,0.8236409827802308,,,100946.78328402367,,,2.331360946745562,135.7390134912976,0.10449246683064298,,284.64188326322113,,74049.53920118343,0.9942804881806909,0.09721794310053425,0.23449098916184266,0.08714127055703387,0.29259647594312943,,273.01670954777643,-0.5233530744293032,-0.3292156253340682,1.2518351376828181e-06,0.16564019156630927,0.0026731632164949497,-9.598305515019145e-07,-0.7961424144767445,0.31585104084579196
1979-07-20 18:00:00,,,4.990819987460706,,,,,,99.23688060151049,0.00037382622442301913,9.613682532451561e-05,1.3315730546353131e-05,3.1079612011034815e-06,1.076676134283919e-07,,4.810444781060755,0.9624678905193622,,,,,,0.0003123784206322664,0.0026060046577896234,3457.4174876918455,0.0007072190428990734,7.994464163244124e-05,,285.11128045257027,0.0007907916784796128,,285.33206158700074,0.001050830300752788,,,,0.00032569459204137677,,6.705310923107983e-05,,,,,,,0.0029798187048427766,,,,,,,,,
1979-07-21 00:00:00,-1.1976708519388233,1.0863416886188575,,-0.7813600506302874,0.4800222329134066,284.9991953471709,285.9744157960429,0.8251578560947667,,,,,,,0.9452834961682381,,,271.4600830078125,271.46022033691406,271.45994567871094,271.4599609375,0.9242960824768924,,,,,,0.7258298831534457,,,101131.15440088758,,,1.7100591715976332,137.21097632413785,0.10325735137307432,,285.234165530233,,74233.35576923077,0.9975262545269622,0.23152698598493485,0.3580667791810967,0.4210555813850875,1.584374926463541,,273.0410744932276,-0.786236469562237,0.5447098711538597,1.315566817554783e-05,0.23167330273509731,0.7277508476782127,-7.163841565299404e-07,-0.12009208160039236,1.636807896792007
1979-07-21 18:00:00,,,3.959221738330006,,,,,,134.21002052803718,0.00017301870521003679,2.5194777539495886e-05,3.1522763465922436e-09,6.4362518313015704e-09,2.2162520072661264e-07,,3.806512956788554,0.8002245694222535,,,,,,9.158152271304611e-06,0.00018994316089410913,2892.401242950259,8.154726592746712e-05,2.338269934851742e-06,,284.5577529816938,8.501368161489272e-05,,284.8079321144601,0.00014813180922677212,,,,9.161282396880832e-06,,1.1257959540779069e-05,,,,,,,0.0003629754446770681,,,,,,,,,
1979-07-22 00:00:00,-0.9564210282274958,0.9127103668698192,,-0.6212586961554353,0.31453590668164766,285.637729983358,286.794904539571,0.8114497241889231,,,,,,,0.874529383238956,,,271.46067810058594,271.4601745605469,271.46006774902344,271.4599609375,0.7707243187893071,,,,,,0.4228463792986066,,,101158.40088757397,,,1.7514792899408285,137.6374278773923,0.10490176522520167,,283.9973563470784,,74229.18511926776,0.9721472855855727,0.016535326152400682,0.14947905093872335,0.007998054549538877,0.02512006925628383,,272.8944088185327,-0.5330285743848812,0.3072524292934576,-4.10435477425978e-08,0.03902801077746781,-0.009183550727437938,6.305881308876639e-07,0.1662349073139168,0.2008155788013921
1979-07-22 18:00:00,,,3.9928966894657654,,,,,,148.66410430366471,0.00022548648732653736,5.6061078105452496e-05,5.204076244986269e-06,2.1650770006800546e-06,1.7729401799399659e-07,,3.811728522622374,0.8319291666414611,,,,,,4.5028509649299305e-06,0.0004893669162041848,3022.584949380547,0.00013725163014760206,9.920293762839052e-07,,285.1472789154956,0.0001316957420763961,,285.35205367048815,0.00023418682709105257,,,,9.707687698172394e-06,,5.812299322094438e-05,,,,,,,0.0007148474077972241,,,,,,,,,
1979-07-23 00:00:00,-0.6301838688596466,1.2949645593321535,,-0.4283139099030805,0.6348735795923944,285.93392601238907,287.05843484190086,0.794240588267174,,,,,,,0.9909208462788508,,,271.46051025390625,271.45973205566406,271.4600524902344,271.4599609375,0.7699496393373026,,,,,,0.5268181457939233,,,100913.49352810651,,,1.485207100591716,137.69447299573548,0.1028162205713035,,284.94173706776996,,74091.55043454142,0.9970495690255475,0.060349647021857945,0.2784422979464192,0.07501410309379623,0.18063594247820683,,272.4705160468288,-0.4193271603104631,0.6081158547006416,9.462178214029519e-07,-0.13189140297252044,0.05298475365666948,-1.8352358849972663e-06,0.10106866599540033,0.6654705634483924
1979-07-23 18:00:00,,,5.3594865347506735,,,,,,121.84255584175065,0.0005016185828214567,0.00012278239402545275,2.032963658225607e-05,4.232370641809949e-06,5.1301367151738314e-08,,4.952152613352037,0.9589546023035896,,,,,,0.000435824930315187,0.002125603398022286,3457.6826576368344,0.0006029514251643313,9.728941691697701e-05,,284.7617779793824,0.0007728892152373143,,284.9302942400148,0.0009786609278404747,,,,0.0004561539937758587,,0.00012327933452538483,,,,,,,0.0026272346776911506,,,,,,,,,
1979-07-24 00:00:00,-1.0013927877302,0.8981941381149744,,-0.6494435925455488,0.3491745107978053,285.4656469582101,285.99618909485946,0.8091771831879249,,,,,,,0.9947699107361968,,,271.4596710205078,271.4593963623047,271.4603271484375,271.4599609375,0.85527239537098,,,,,,0.8614334996635392,,,101095.89349112425,,,2.035502958579882,133.95041326940412,0.10619134733662802,,284.80342634754066,,74184.27662721893,0.999735248512065,0.23183774377202845,0.3023003235503414,0.2866013535546737,1.2163025024594993,,273.11206569333046,-0.600301550690239,0.3969113703310137,7.27005074208481e-06,0.3265261621870233,1.1276279077727414,1.4772172672839384e-06,0.853250512004604,1.1349724234913934
1979-07-24 18:00:00,,,3.93854032324616,,,,,,153.48571307842548,8.633274298447829e-05,2.1150038087156397e-05,0.0,0.0,2.1986378395217663e-07,,3.762515372778537,0.7377264892252592,,,,,,4.447048761435514e-06,7.571163617119166e-05,2647.6548299394417,1.6621936707807012e-05,5.956827359792043e-07,,284.35108866494085,2.5662356579797508e-05,,284.561069827108,5.071720428015353e-05,,,,4.44782027126064e-06,,6.991157517630673e-06,,,,,,,0.00016201206957691,,,,,,,,,
1979-07-25 00:00:00,0.03144461163402309,0.9002278574119659,,-0.08999401295678855,0.39914821308745435,284.8779571352626,286.2499003212833,0.7987473233211675,,,,,,,0.7900791171739793,,,271.4602966308594,271.45953369140625,271.459716796875,271.4599609375,0.7952665933490505,,,,,,0.3587021348052851,,,101109.99371301776,,,1.5680473372781065,134.38960058449288,0.10614753474850626,,284.0380238188794,,74195.18428716715,0.9607859394959444,0.011599373860427966,0.17282686960062332,0.013459786860900517,0.022065066726955438,,272.53275384846523,-0.10482867652847921,0.40968929310522134,5.149997872994117e-07,0.01689605485405442,-0.011396093128700933,2.293962538903634e-06,0.5926514394889922,0.13183571389440954
1979-07-25 18:00:00,,,3.5678584251178087,,,,,,80.9472361005975,5.4641015078189105e-05,1.3873003114610028e-05,5.238717036134393e-07,0.0,7.49187865249741e-08,,3.293856423282059,0.8922694931192511,,,,,,2.5325801950940015e-06,0.00023230496518790566,3229.046232144508,6.0601964504761104e-05,5.807429992941005e-07,,285.0748442700629,6.061078175990539e-05,,285.2732439210429,0.00012007452679809029,,,,3.0549805192552374e-06,,4.175146655923516e-05,,,,,,,0.0002868477058429761,,,,,,,,,
1979-07-26 00:00:00,0.4546076644807172,0.6592123974004441,,0.18112539257523577,0.4042180617885477,285.57697363859097,286.6486238558617,0.7846138406787398,,,,,,,0.34909223086757246,,,271.45994567871094,271.4604187011719,271.46009826660156,271.4599609375,0.8711278212846384,,,,,,0.3664840704502439,,,100781.28346893491,,,1.3550295857988166,137.08243989662307,0.10420298999583227,,285.1484909509061,,73983.07687684911,0.9203184910074493,0.010082353764770211,0.2397671161803621,0.022177408432819436,0.024529399415984414,,272.48896816637387,0.19834304772890532,0.4568165889858494,-7.562616890118618e-08,0.005241148879189463,0.007161358713045628,1.4399269081861575e-06,0.5202608411834084,0.2697825622276442
1979-07-26 18:00:00,,,3.4475599435659556,,,,,,82.73976640870585,0.0003020227308104024,3.5440428017159184e-05,6.869281008398744e-06,0.0,3.973586657346287e-08,,3.261235874785474,0.8945377821753011,,,,,,3.409844178419847e-05,0.0004887190742699565,3277.4947083602997,0.00011462396418554543,1.2257263152557011e-05,,285.0900329950999,0.00012118584575083949,,285.2947947485207,0.0003154046631716153,,,,4.0968317957319454e-05,,3.956143672649677e-05,,,,,,,0.0007907412656638947,,,,,,,,,
1979-07-27 00:00:00,-0.062015008644239436,0.819482041533882,,-0.13198342972253202,0.44646894014798677,285.6121342224482,286.7277933154586,0.7716296054202424,,,,,,,0.5600905559472078,,,271.4597473144531,271.4600524902344,271.459716796875,271.4599609375,0.8737081881810927,,,,,,0.4896301630686021,,,100609.19249260356,,,1.3668639053254439,137.52222817325028,0.1023146471328284,,285.2538629114275,,73859.63738905326,0.9439864031661896,0.030320709404454995,0.3118727773912912,0.0636327619383321,0.15424884141549555,,272.62557315262114,-0.08567641895903638,0.5026225380643585,-1.6082966143607035e-07,-0.05454198742759298,0.06572867544180543,2.3174467469020003e-07,0.5040459685777066,0.2832807288367367
1979-07-27 18:00:00,,,4.662429352483806,,,,,,137.84760496602257,0.0003005232684005647,6.643607771608251e-05,1.0947283555770061e-05,8.262264040800242e-07,-5.1269766247070796e-08,,4.410995810694948,0.9425867827686333,,,,,,0.0002415688080195139,0.0019132809529065315,3387.542026858358,0.0005805701778515157,4.996050744367069e-05,,285.22831193370934,0.0006014411971413877,,285.45608502450074,0.0008299879190163133,,,,0.0002525184281478972,,8.871110938709869e-05,,,,,,,0.0022137366422612104,,,,,,,,,
1979-07-28 00:00:00,-1.20711706940239,1.1414585508538422,,-0.7652535015309351,0.5529460794121556,285.79927884615387,286.8988665518676,0.812875331153531,,,,,,,0.9108912871390052,,,271.46075439453125,271.460693359375,271.45957946777344,271.4599609375,0.8991992713431635,,,,,,0.7515501611419684,,,100778.3611316568,,,1.514792899408284,128.51369914218517,0.10203812108237363,,285.3397512943787,,73964.30921782544,0.9963754478996322,0.2443809824232453,0.43966863196365225,0.27840446156157544,1.2539466993343196,,272.95003062592457,-0.7567465404081627,0.6263506493624851,-4.1028341421714197e-07,-0.17151908761650853,1.1684552120739187,-7.391900472348479e-06,-0.4165687561035156,1.1977207587050969
1979-07-28 18:00:00,,,4.838131786098142,,,,,,194.33142378767567,0.00020302805674851998,7.008659769092086e-05,1.3299374538060475e-05,3.506313766953508e-06,-4.0351546051934055e-08,,4.554473013567502,0.8834352105326907,,,,,,4.460155611207499e-05,0.0009885133805422293,3173.95506223419,0.00031932685154771183,1.5761019915518677e-05,,285.12807126017015,0.0002881643653794361,,285.3319503513314,0.00047470389464734637,,,,5.7903796258057365e-05,,5.575467848918847e-05,,,,,,,0.001191547799254623,,,,,,,,,
1979-07-29 00:00:00,-1.3621398993497769,0.8010687122683553,,-0.8036632199259199,0.2685410539074057,285.6001395502034,286.8727955112796,0.8296000961015916,,,,,,,0.7641501211555752,,,271.4600067138672,271.4594421386719,271.45970153808594,271.4599609375,0.852204694197728,,,,,,0.8084284088315343,,,100809.91771449705,,,1.4023668639053255,123.81568231526211,0.10295586896365916,,284.77823219073593,,74004.12969212278,0.9594398363102117,0.038017897811558475,0.3611784657165849,0.11098754827464247,0.13240420664026892,,273.02309982028936,-0.7945703811194065,0.2621707320213318,5.675488843127242e-07,-0.025271367744581233,0.0045178885290608605,1.9456982680116974e-06,-0.5760895373553214,1.2528322274251098
1979-07-29 18:00:00,,,3.81950159467889,,,,,,209.65434355425413,9.858343728195281e-05,1.2181919707349065e-05,9.666191491149586e-07,0.0,5.815524388154274e-09,,3.5717455282719177,0.7643070150409225,,,,,,1.9991031941577527e-06,0.0001336505427163028,2756.592117128993,3.353140410586927e-05,1.9865138070470484e-07,,284.8367696005917,3.200513724039292e-05,,285.0814880732249,9.202639732135118e-05,,,,2.9672929168452877e-06,,1.5514930324441583e-05,,,,,,,0.0002322429735985028,,,,,,,,,
1979-07-30 00:00:00,-1.0176793273384048,0.2971696345763799,,-0.5619783514350124,-0.001727928071332401,285.73350389469306,287.0615306605954,0.8297296173473787,,,,,,,0.6139769243770803,,,271.4596710205078,271.4598846435547,271.4600524902344,271.4599609375,0.7141628988395782,,,,,,0.3239431754636341,,,100924.59227071005,,,1.4319526627218935,123.46966715254023,0.10234341254601112,,284.7479731994268,,74066.62206453402,0.9219890099305373,0.005821637182424848,0.15055695143059866,0.011965689574473004,0.00738961033567169,,272.8623650003467,-0.48317639503253285,0.06945197539922049,1.4608339418604771e-07,-0.0030733791769608945,-0.015200236845298632,1.1931584842558868e-06,0.06576879243173543,0.08853569503366594
1979-07-30 18:00:00,,,4.258222416307799,,,,,,274.85207868045603,0.00016180668356855947,3.305090778678127e-05,2.0077551257680858e-05,2.6523846493670222e-06,-5.526068281470495e-08,,4.062405789392234,0.8158179486291648,,,,,,4.464837573689117e-05,0.00040013472452834136,2981.8882139307507,9.386859189258844e-05,8.75725372303167e-06,,285.41550422984466,9.900972178962742e-05,,285.57862483820264,0.0001979209980093471,,,,6.472623559850207e-05,,3.571138226774317e-05,,,,,,,0.000562024944620188,,,,,,,,,
1979-07-31 00:00:00,-1.153272865791998,-0.032940678342559634,,-0.5537743201622596,-0.1707523447522045,286.181902101054,287.6592519184541,0.8332978412949827,,,,,,,0.8026878766759613,,,271.4598388671875,271.4598693847656,271.4597625732422,271.4599609375,0.6616129952774951,,,,,,0.6272264757805323,,,100821.98705621302,,,1.5857988165680474,126.06408745579466,0.10172336905665652,,285.4640044263129,,74011.30912536982,0.9581008581720161,0.06279744999758767,0.20157167650538788,0.0363100943480723,0.18813619609321494,,273.1041917067308,-0.4613427325818666,-0.08163991623376249,4.807936431311026e-07,-0.035934103311166254,-0.1732596504617725,-5.842265039241526e-07,0.14442752275241197,0.054057244013047075
1979-07-31 18:00:00,,,3.7773680263722436,,,,,,313.7039458145051,0.00010060876078859588,1.4855245337683773e-05,3.129314388749162e-05,5.235763255661056e-06,-1.5390975216194195e-08,,3.3630409805026984,0.6321792151095599,,,,,,1.863500422979953e-05,0.0001318200805483485,2484.8091012627415,2.198774345527739e-05,3.20263647821528e-06,,285.6374410595414,3.533761882217678e-05,,285.8229561529216,8.344509192472379e-05,,,,4.992541476819642e-05,,2.457607074602116e-05,,,,,,,0.00023239762825373361,,,,,,,,,
1979-08-01 00:00:00,-1.248636048221024,0.08887127870638695,,-0.6497255641327807,-0.09604039841149686,285.3652603781435,286.6757162421413,0.8246829506208205,,,,,,,0.6915951561645644,,,271.4603271484375,271.4603576660156,271.4598083496094,271.4599609375,0.5779804989651462,,,,,,0.6595252477205716,,,100851.81360946746,,,1.5384615384615385,131.27373057709644,0.10106427852924053,,285.3873861640163,,74019.01273576183,0.9407266925072529,0.021759906459941403,0.15755715512136031,0.009246397300584781,0.053095755492441755,,273.01315361790404,-0.5745205455983179,-0.02201852290588018,-2.1209072021315612e-08,0.002614027649693235,-0.017969797701525264,-8.462136210949496e-08,0.06570908092182769,0.0178376771289216
1979-08-01 18:00:00,,,4.185633433641061,,,,,,259.4895686764689,6.566082055752094e-05,1.706127848850905e-05,7.987022399902344e-06,4.7529413855287454e-06,-5.438029732501421e-08,,3.8938637851963382,0.7790553016070079,,,,,,0.00014628178974580484,0.00044707288466855506,2900.774535410503,6.731965485409167e-05,3.127938896946653e-05,,285.35965092224484,0.00010216183210971087,,285.5554531481139,0.00016889804919090497,,,,0.0001542695175261187,,4.643801401352741e-05,,,,,,,0.0005127282035611115,,,,,,,,,
1979-08-02 00:00:00,-1.4150900586822328,-0.9631499623405863,,-0.6726941159491003,-0.6448627957225551,285.50315215883876,287.4888966577293,0.8152592499580609,,,,,,,0.9008525853326335,,,271.46038818359375,271.4598693847656,271.4602508544922,271.4599609375,0.6001288679431154,,,,,,0.7708807005684757,,,100880.52366863906,,,1.8698224852071006,133.4698289498775,0.10057612142619296,,285.475882084412,,74004.53131934171,0.9898172585216499,0.06850006290265089,0.16267745132894207,0.030826952330459505,0.26323030497768574,,273.14567037729114,-0.5852668694490512,-0.5977658717589971,2.771110884217027e-07,-0.0818136486076039,-0.025214502444634072,-5.231939094139748e-07,-0.1237215981680966,0.0855418711724366
1979-08-02 18:00:00,,,5.83423905682987,,,,,,544.5061236500035,8.923979200555023e-05,2.2493964116248858e-05,7.306528691004014e-07,5.888190539278223e-07,-1.0791518972579049e-07,,5.425683382700181,0.7660795496280729,,,,,,0.00010423406341372157,0.0009087304040850573,2785.989330043454,0.00023274908404378496,2.68354923767451e-05,,284.90402095275516,0.0002641766028996755,,285.11280452570264,0.0003378300380973213,,,,0.00010496589559069752,,2.3072552398817073e-05,,,,,,,0.0009979643933038542,,,,,,,,,
1979-08-03 00:00:00,-1.7583055947659283,-1.1332401918941701,,-0.8267562629203119,-0.722705124397955,284.739763429179,286.35094420303255,0.8109747428865828,,,,,,,0.8197867049568349,,,271.4598693847656,271.4603271484375,271.4600372314453,271.4599609375,0.48071187164650997,,,,,,0.7334590444903402,,,101059.32581360947,,,1.9289940828402368,134.0059790978065,0.10006943539049498,,284.73978509846523,,74131.96186205621,0.9878493910710487,0.19074547581358112,0.1072632136820821,0.1352125540287537,0.7992135581089261,,272.44021588387574,-0.7614939029400165,-0.6310200267994898,3.7020706081178767e-06,-0.4040598558956349,0.3062907676019612,-1.544443843610717e-07,-0.43980014394726274,0.0016654426529562685
1979-08-03 18:00:00,,,4.127384326867098,,,,,,2197.351782134085,3.4161490669264595e-07,3.8229689531072356e-08,1.3152658167851746e-07,4.359547148001265e-08,6.564409321707193e-08,,3.9638149780634593,0.35061302410780326,,,,,,4.474986234360193e-05,8.13424410904653e-05,1311.715976331361,8.520863112613295e-06,1.0862042741662652e-05,,284.3110611593935,1.9697042611929086e-05,,284.54659185465977,2.3347562586767433e-05,,,,4.4881503962906155e-05,,2.4828343437268186e-06,,,,,,,8.167908389187423e-05,,,,,,,,,
1979-08-04 00:00:00,-1.618218111568654,-0.40973250259309124,,-0.8468451584584614,-0.5562112853371886,284.3270588711169,286.54378640440086,0.8085146437029866,,,,,,,0.4698119037398881,,,271.45933532714844,271.46014404296875,271.4601593017578,271.4599609375,0.3291990742880917,,,,,,0.3307354266826923,,,100962.56656804733,,,1.970414201183432,132.52983264810234,0.0995881881939589,,283.93273131240755,,74024.11663276626,0.7705206557138432,0.0231457347540769,0.030357380926653126,0.0020572052904840052,0.07642576680380918,,272.4877156816291,-0.7518127994424493,-0.342251472924588,1.0405325995704445e-06,-0.006629991813524235,0.0901123006530547,1.5397945497482575e-07,-0.09508127397334082,0.0345541235257888
1979-08-04 18:00:00,,,3.851100255751751,,,,,,787.9117645912982,2.0074024355623143e-06,4.2777119986933364e-08,0.0,0.0,1.0976784254195921e-07,,3.78483270046979,0.33079718414848375,,,,,,9.019680034655792e-07,2.2897584992047596e-06,1287.946375739645,1.8916318755178056e-07,1.4108572618143092e-07,,284.58737922984466,3.429044302574982e-07,,284.9451218102811,1.5935866085029919e-06,,,,8.976778577594362e-07,,3.809200602545012e-09,,,,,,,4.307714087017895e-06,,,,,,,,,
1979-08-05 00:00:00,-0.5232744273349378,-0.7968118261303422,,-0.26971454733222194,-0.5756941575270432,284.5543696838018,286.9742915588018,0.8342388251124049,,,,,,,0.1447782798631657,,,271.46055603027344,271.45948791503906,271.46026611328125,271.4599609375,0.35215425209180845,,,,,,0.16473515076044748,,,100676.80325443787,,,1.378698224852071,123.79989551792484,0.09815857960627629,,283.72732381425664,,73843.01576368343,0.5411599522247117,0.0015904397150895888,0.017264820820360564,0.000177109382561678,0.0017344147495969512,,272.3029207308617,-0.16498983259031758,-0.34894200612807413,-2.0465918518871499e-07,-0.010650355787672235,-0.0012362212515794314,-1.129549194386328e-06,-0.05463898040839201,-0.02427411255751841
1979-08-05 18:00:00,,,3.9872093595696625,,,,,,1986.0239224405684,6.887828104594756e-05,1.0677784152284882e-05,1.2457591189435247e-05,3.1339280175034112e-06,4.2860341442958316e-08,,3.8729675112391364,0.39933587249214125,,,,,,7.200104421412451e-06,5.7884706900669975e-05,1628.2888313609467,9.650948661318897e-06,1.5410936310799163e-06,,285.58468790449336,1.9538684709537663e-05,,285.79942908653845,6.32176032433143e-05,,,,1.9656439151989638e-05,,2.0757086090082248e-06,,,,,,,0.0001267674406604654,,,,,,,,,
1979-08-06 00:00:00,-1.376033043720313,-0.9890779009937535,,-0.6471281559509638,-0.7375027357473881,285.2948149731879,287.4909090121117,0.8313784324205838,,,,,,,0.843669874428292,,,271.4599304199219,271.4601745605469,271.4601745605469,271.4599609375,0.3376865725545488,,,,,,0.3016723091080344,,,100479.74075443787,,,1.4792899408284024,122.75285872058755,0.09782128926564956,,285.0535765879253,,73721.17358542899,0.9651450423093942,0.022571713100159926,0.020703851823976053,0.00097914983534954,0.046839651976816755,,273.05617148495287,-0.5570116212382119,-0.5034575659847824,-2.665270617856512e-07,-0.1236815664189807,0.014062318223467945,-9.29034630369847e-08,-0.0640057307728649,-0.034546318491535076
1979-08-06 18:00:00,,,3.522319488976834,,,,,,851.9652848016648,7.307547083973179e-05,1.4475772719411455e-05,6.887929503028915e-07,1.2664747088265843e-07,6.215073053181926e-08,,3.3393300806982276,0.4101069523737981,,,,,,2.7586491062090945e-06,8.89488225857887e-05,1610.8365384615386,1.535145841406647e-05,6.240632759748831e-07,,286.2157293014978,1.9601904428922215e-05,,286.4229252380732,6.406308983910013e-05,,,,3.447127941797471e-06,,1.35763686084183e-06,,,,,,,0.00016204986346543893,,,,,,,,,
1979-08-07 00:00:00,-1.2199659065382016,-1.2765960749789809,,-0.46270761546298594,-0.9033855404374163,285.5969079373151,287.6528739252034,0.8287264267368429,,,,,,,0.6869307918220582,,,271.45970153808594,271.46038818359375,271.45994567871094,271.4599609375,0.3791256515232064,,,,,,0.31334167119313977,,,100426.08764792899,,,1.1715976331360947,123.22195542916744,0.09666942562577287,,285.3914758806398,,73688.55995747041,0.8502181775471163,0.014870605964665494,0.03255234946518828,0.008054247974644047,0.0493738298585429,,273.0002390844582,-0.3915210475583048,-0.6322512090558836,6.067342213654654e-07,-0.09690458076240042,0.009988684978710829,3.380575231083575e-07,-0.1535743094054905,-0.012273782103724734
1979-08-07 18:00:00,,,6.462850085376988,,,,,,836.1845613739195,0.00013942372869457718,3.588129077437361e-05,0.0,0.0,1.1114201750775623e-07,,5.975244742173415,0.51285042847402,,,,,,2.0008005157730284e-06,3.4307102127188056e-05,1763.5827509944256,1.255114226651615e-05,5.224003241612361e-07,,285.58457811344306,1.887573733837647e-05,,285.92835267196745,0.00011573493833372578,,,,2.0008005157730284e-06,,2.575120695772961e-07,,,,,,,0.00017371932430380196,,,,,,,,,
1979-08-08 00:00:00,-2.883723146111302,-0.3783497274274657,,-1.559789053787141,-0.497045895051674,284.7805623613166,287.8978480954142,0.830434264515984,,,,,,,0.7733765639496978,,,271.45989990234375,271.4595642089844,271.46018981933594,271.4599609375,0.4841230489029797,,,,,,0.43762975893694267,,,100644.57803254438,,,1.4201183431952662,122.49305842472957,0.09566090092856504,,285.2395106208395,,73855.28395432692,0.9554384721101389,0.04027783914094449,0.08223177906065166,0.015574494762533515,0.06855800468199087,,272.77957243609006,-1.462864277630868,-0.2900038104085527,5.73556435860338e-07,-0.3009855958837024,0.1853805525592093,-1.190290094033633e-06,-0.9036189479940742,0.242303845621425
1979-08-08 18:00:00,,,5.563545994504669,,,,,,397.8965763791778,4.44006990398881e-05,1.1799934171360625e-05,5.6914941093625404e-06,2.4744634621242093e-06,6.623762154677778e-08,,5.502226575591861,0.6267262164216775,,,,,,6.585409479028375e-06,6.167608252643833e-05,2296.6253400272167,1.2254926579943775e-05,2.5192551182571954e-06,,285.3943058894231,2.0442188844172913e-05,,285.64937505778477,4.281147697268153e-05,,,,1.227763101194032e-05,,4.7259936494940133e-07,,,,,,,0.00010604988893813636,,,,,,,,,
1979-08-09 00:00:00,-2.6005001858141297,0.47681065847182413,,-1.5041117019201877,0.07295582562508668,284.5904577131102,286.59097777598004,0.8268894246344031,,,,,,,0.493059248115162,,,271.4604187011719,271.46031188964844,271.46002197265625,271.4599609375,0.4750840917626429,,,,,,0.6341480492840151,,,100730.03735207101,,,1.7100591715976332,123.41151256674141,0.09495018219806739,,285.3024252265163,,73918.09654678254,0.8928713530478393,0.04661016281110031,0.08641947350277394,0.006747477153349205,0.09470106775194927,,272.7228111853966,-1.3809267529369107,0.16573964632474458,2.0979289530319046e-07,0.016158430886691843,0.0044755805173569176,-1.0062750124444183e-06,-0.5390311585375543,0.32221701276108355
1979-08-09 18:00:00,,,4.1419602004734015,,,,,,406.7050065260667,0.0004157561522263747,7.480964858151046e-05,9.446586730212149e-07,6.140165562058121e-10,4.953818184063741e-08,,3.7488725425223626,0.7601605477417714,,,,,,3.6724749401476257e-06,5.255360008067537e-05,2732.0979733438885,1.56113910957201e-05,3.8984667002802065e-07,,285.2088110207101,7.568114607997194e-05,,285.4708201391457,0.00018098826944475344,,,,4.616362103343716e-06,,4.942953233888163e-07,,,,,,,0.0004682972758910209,,,,,,,,,
1979-08-10 00:00:00,-0.7455630104922684,0.6318858671470506,,-0.39758864521274906,0.16389580450114413,284.99795297475964,286.67056906434914,0.8320282644774082,,,,,,,0.6467710032662344,,,271.45965576171875,271.46022033691406,271.46022033691406,271.4599609375,0.47977772736425933,,,,,,0.6019814050365129,,,100803.87906804733,,,1.5798816568047338,122.37570912739228,0.0944800574398605,,284.6956649870562,,73963.9092779216,0.9324576357412621,0.03031658392796326,0.14718666917385434,0.014993419308634199,0.040871354676893304,,272.34760857757027,-0.3353683031522311,0.14445639503072705,6.769356418476088e-07,-0.04372158382065903,-0.029722408430110772,-9.662969404357602e-07,-0.4342121541852782,0.5091514733548348
1979-08-10 18:00:00,,,3.559953379207814,,,,,,1094.052890935593,1.9547656266646977e-05,2.916725958592793e-06,3.422020807774109e-06,8.387165970703554e-07,2.6096524336628793e-08,,3.3275324864500373,0.4962580754206731,,,,,,7.165580458894989e-05,0.00015556098088710267,1900.8191568047337,2.261374652738402e-05,1.9922587998519988e-05,,285.33244296643863,4.1611889410301076e-05,,285.5327870747041,5.7403637459997595e-05,,,,7.507848669085983e-05,,5.968311834617479e-06,,,,,,,0.0001751119215812909,,,,,,,,,
1979-08-11 00:00:00,0.7233931863096339,0.6884784673798013,,0.32833594154324053,0.20641114725869084,284.79662797013685,286.58102579511836,0.8388217140936992,,,,,,,0.907545924892087,,,271.4599304199219,271.45985412597656,271.46042529167335,271.4599609375,0.44338808680427144,,,,,,0.5490709474453559,,,100804.59338017751,,,1.982248520710059,121.74948409041004,0.09432330498328576,,284.9274656758506,,73957.68544286242,0.9676244590409409,0.08212817817397372,0.04834341626206534,0.0017024807676055728,0.17710572470271596,,273.07564820058246,0.3275066991529521,0.3808818858050736,-4.98741923710166e-07,0.08614408511381882,-0.42450596736027646,5.845805718260404e-08,0.11540813805788931,0.03842312767660829
1979-08-11 18:00:00,,,3.4965161035752157,,,,,,1142.5289889002693,4.675292228100568e-05,2.5339248265035052e-06,2.4382179305398252e-05,1.2230502783194096e-05,-5.560471398512056e-08,,3.2205724994811784,0.5411821173492973,,,,,,4.9336730728487996e-05,0.00011319433443645048,2029.153511543951,1.2795644751667272e-05,9.697966674375816e-06,,284.8402598002959,2.5771403982794497e-05,,285.0421554294564,6.588253043812408e-05,,,,7.371842508485332e-05,,5.245120567682932e-06,,,,,,,0.00015989395641010894,,,,,,,,,
1979-08-12 00:00:00,0.5052213781684108,0.2549526677329159,,0.25680724438830943,0.0735782533002323,284.36414513221155,286.0458623220229,0.8432006405655449,,,,,,,0.8536192968752258,,,271.4593963623047,271.4609516081373,271.45970153808594,271.4599609375,0.40785984739044007,,,,,,0.5623456777993744,,,100857.64718934911,,,1.9644970414201184,122.70099111703726,0.09519781304534371,,284.56677462786615,,73965.20587555473,0.9474789366214234,0.0450389678121583,0.028159492453505124,0.006552380217602972,0.11827846141201416,,272.9913929595044,0.3158169268856387,0.20743464400782388,-1.1364655625509076e-07,-0.050853361744852464,-0.19251777222876013,-5.918897663590295e-07,0.08798502487014737,-0.07596063437546499
1979-08-12 18:00:00,,,3.3722225618080275,,,,,,246.78914123174002,0.000111500010687924,2.0507568791067813e-05,2.9775694277159562e-05,8.24020988137059e-06,4.7983019225252514e-08,,3.09787884548571,0.7288061217928427,,,,,,4.910604929077555e-06,5.2951408561164814e-05,2606.148200040738,1.1014184479177351e-05,8.720017352400447e-07,,285.39932882997414,1.8144390110433453e-05,,285.55762874445264,9.16629500643036e-05,,,,3.468443656108789e-05,,4.769121048718514e-06,,,,,,,0.00016440918459694766,,,,,,,,,
1979-08-13 00:00:00,1.0964631995505836,-0.051999458899864785,,0.5546235018933313,-0.09407869386955126,285.4960663022374,287.39500797429736,0.8307663988784926,,,,,,,0.7917989136199274,,,271.4601745605469,271.4602355957031,271.4600830078125,271.4599609375,0.5110263464941895,,,,,,0.386547254453573,,,100502.96449704142,,,1.455621301775148,123.10372780342779,0.0943525303044968,,284.92554144323225,,73761.35137758875,0.9572561485527535,0.009917533472552344,0.0731574964927256,0.0020089121259881195,0.010149318843352548,,272.78358233750924,0.559416298682873,-5.055179257364668e-05,3.366720666881574e-08,-0.009474768441104325,-0.022402964047426303,-1.0651144116067124e-07,0.14749158601436388,-0.09403300814374664
1979-08-13 18:00:00,,,4.200869571527786,,,,,,382.83856851250465,0.00016181867503555568,4.910884876928386e-05,1.4234797136318048e-05,2.9482807104404155e-06,-1.5171028183877866e-08,,3.8339689638487684,0.8396380723580806,,,,,,1.1183630079912716e-05,0.0006223627801477556,3096.248567118447,0.00019989881289781197,1.9543666458694187e-06,,285.7563014284394,0.0001964756017605934,,285.9039920603735,0.00029006759090536443,,,,2.5414503537691555e-05,,6.812497885269526e-06,,,,,,,0.0007841911541639701,,,,,,,,,
1979-08-14 00:00:00,0.6227399724475026,-0.12014220311091496,,0.33963837143937514,-0.02776035331410064,285.6590251132581,287.1532032983543,0.8241246134571775,,,,,,,0.8964294325670547,,,271.46083068847656,271.4600524902344,271.4603729248047,271.4599609375,0.5181010771079881,,,,,,0.8077756695493439,,,100500.70118343196,,,1.3372781065088757,122.09291049573548,0.09359158284565401,,285.54020374907543,,73772.98342732988,0.9892195078748218,0.061236032665040366,0.24183352205615777,0.13527828419702292,0.25390733346431216,,273.08427970931376,0.33091856600970204,-0.017275923102565066,1.0059585728677067e-06,-0.038102465973803276,-0.12638669324344431,-8.008082551584088e-07,-0.007080281274558524,-0.0059187003141324196
1979-08-14 18:00:00,,,3.6098865700896674,,,,,,1626.5205619857156,7.520095836481399e-05,5.417619143012008e-06,3.61590343114187e-05,7.171690816709981e-06,5.234182775041568e-08,,3.3653098055596886,0.46470181617511097,,,,,,1.2120243007614767e-05,7.714251794758632e-05,1758.5366124260354,1.7743425432746932e-05,2.607218259890404e-06,,285.0458146495932,2.597684602765642e-05,,285.2411748220229,7.726111002927701e-05,,,,4.827958592296352e-05,,1.9547303576441207e-06,,,,,,,0.00015233695154359355,,,,,,,,,
1979-08-15 00:00:00,1.306717043092265,-0.09211254119873047,,0.6538053327763574,-0.23965213143613917,284.8507318440274,286.1391095945821,0.8248835290677449,,,,,,,0.9062123958175704,,,271.4599609375,271.45994567871094,271.46002197265625,271.4599609375,0.4460826625485392,,,,,,0.6185141734822968,,,100506.71579142012,,,1.4260355029585798,121.58525979307277,0.09331974898569682,,284.4193252473188,,73747.35787259616,0.9798906011694282,0.028135573417058534,0.11467495776668808,0.005814467661479521,0.05996673425780775,,272.82343721107617,0.6470598976992996,-0.08555079564540344,8.656822431545991e-08,-0.08563004196042845,-0.055115071626809925,-1.1010824622773737e-06,-0.059817630863754,-0.12692896431014383
1979-08-15 18:00:00,,,3.5584011190741727,,,,,,445.76100321211055,0.00017594003818444245,5.1638254752525914e-05,1.1241339014832084e-06,0.0,1.4170431151560282e-07,,3.2848672979682156,0.6736257189124294,,,,,,5.5003053640957765e-08,0.00010268504802997295,2302.294963859242,4.3885594994358766e-05,2.0041948145795505e-08,,284.90857005824705,3.3824577839416866e-05,,285.25350609051407,0.00014250165612034543,,,,1.1791315304457084e-06,,0.0,,,,,,,0.0002786182087554029,,,,,,,,,
1979-08-16 00:00:00,0.045144775210047616,-0.22624111739841438,,-0.015611355121319111,-0.20447325847558015,285.0533411150148,286.6032136996117,0.8290053620140934,,,,,,,0.9106751927257289,,,271.46031188964844,271.46042529167335,271.45977783203125,271.4599609375,0.5291175616563425,,,,,,0.3856611357734555,,,100684.74926035503,,,1.4497041420118344,120.01372225609052,0.09269891547028129,,284.4071817793084,,73912.42240661982,0.9840889728280919,0.03964923224539342,0.10791826528116796,0.08145195774778106,0.12338373403021165,,272.27925787028477,0.0634983841484115,-0.10684004337829951,-1.4114808415189475e-06,-0.37599673637977016,0.059659841497974285,-5.051165322508641e-06,-0.9499628360454853,0.044996837187095504
1979-08-16 18:00:00,,,3.438274332757532,,,,,,483.3765954011996,1.8024144793403218e-05,1.0099173826578805e-06,1.2280438756625328e-08,0.0,4.5692410852976433e-08,,3.285186153897167,0.6422521828194342,,,,,,6.253114686562465e-07,3.263125052818885e-05,2512.803120088295,7.99116650982016e-06,6.106500265866341e-08,,285.4288366193602,6.4768029387886e-06,,285.67929311899036,1.9448572361963035e-05,,,,6.375922518369008e-07,,1.1047194078123782e-07,,,,,,,5.062083168142646e-05,,,,,,,,,
1979-08-17 00:00:00,-1.184106234262681,0.11323927140094825,,-0.6224161181929548,-0.08758195229535977,286.05641815366124,287.3311110276442,0.8381783701259004,,,,,,,0.7867224413967697,,,271.4607696533203,271.4596862792969,271.4599151611328,271.4599609375,0.5123911791166963,,,,,,0.5168172787632462,,,100870.81083579881,,,1.349112426035503,116.9790051702917,0.0922041080407137,,285.0277496879623,,74069.75804363906,0.9451742574308045,0.00629647647736032,0.1515205724484469,0.003143688630775587,0.006130613518889839,,272.74368015266737,-0.545154413527991,-0.017746132859111537,5.880982174879745e-08,-0.02464970399642132,-0.0058067677950365305,1.081715326910541e-06,-0.4953936345478487,-0.06259527185259486
1979-08-17 18:00:00,,,3.5091818239561903,,,,,,198.1234860392012,3.0854088667581774e-05,7.331746040716679e-06,0.0,0.0,3.1183001375008305e-08,,3.338751696975979,0.7172666492502717,,,,,,1.2187513153581223e-07,3.835738302023293e-05,2560.029005061945,1.17863115121627e-05,1.5043838847891465e-08,,285.2221029608913,9.495280021746482e-06,,285.4977752866124,3.3864960867977706e-05,,,,1.2152209690601164e-07,,9.806165416565168e-08,,,,,,,6.919639418151797e-05,,,,,,,,,
1979-08-18 00:00:00,-0.6270862895356127,0.2478906699186246,,-0.34230119377903684,-0.061662803740191036,285.95568775425295,287.01400413738907,0.8445451047998913,,,,,,,0.7070396901752397,,,271.46043395996094,271.4601745605469,271.4601745605469,271.4599609375,0.6599688057363386,,,,,,0.17843474438909948,,,100813.98021449705,,,1.4319526627218935,114.77336075461122,0.09175671628241003,,284.87436147836536,,74001.86961446005,0.9490335114608855,0.00323626780756763,0.11357818627674904,0.0012313176894329003,0.0009475741866072254,,272.7383700940736,-0.3070738301474667,-0.006062360910268931,-3.6245477499048355e-08,-0.015374139678725125,-0.006322574024722421,-1.1584065033442523e-07,-0.19179599242802908,0.06855930661308694
1979-08-18 18:00:00,,,2.9772161506336823,,,,,,143.4245691243008,0.00015433617597500953,3.840805158107238e-05,7.906609032986432e-06,7.276990886270647e-07,4.017169078384573e-08,,2.738567685234476,0.8581340090762934,,,,,,3.5493419720576358e-06,0.0001023891937649573,3078.59149783885,3.19551434037248e-05,9.320940844406037e-07,,285.74136695636093,3.5669888891119e-05,,285.9984759268676,0.0001166740905595356,,,,1.1453129483397896e-05,,2.0895792535070838e-06,,,,,,,0.0002567291801358158,,,,,,,,,
1979-08-19 00:00:00,0.2795929824106792,-0.4164904870930508,,0.13531386922802446,-0.2590351499749359,285.011020998983,285.7515471870377,0.8576198696384768,,,,,,,0.5889846999528845,,,271.45977783203125,271.4601287841797,271.4602508544922,271.4599609375,0.8448824028997026,,,,,,0.37796478621529406,,,100579.39829881657,,,1.301775147928994,113.70117602827986,0.0916690911061665,,285.2775069919564,,73848.23072300295,0.9217384715052046,0.012249327621549457,0.23034205102532573,0.00868261213133321,0.014289847141153802,,272.91298156377127,0.07758772584813586,-0.22961021739350268,1.2768083445751246e-07,0.0030989847945038385,-0.013913062549907075,9.198728220374736e-07,0.16747743843575202,-0.17120522719163161
1979-08-19 18:00:00,,,4.774846799274873,,,,,,151.72354550333418,0.00029816535802987905,7.455976757072133e-05,2.4174180256544486e-05,5.184942801323162e-06,5.572481538403208e-08,,4.510055920076088,0.9130422190801631,,,,,,8.90094853011814e-05,0.0005633348204077745,3262.708692561945,0.00013351938254374957,2.8448080170084034e-05,,285.8474366678994,0.00017394244158505475,,286.10664900379066,0.0002990271838224323,,,,0.00011318075586352829,,2.5038271260684765e-05,,,,,,,0.0008615083537711682,,,,,,,,,
1979-08-20 00:00:00,1.0989420117711175,0.8468872273462058,,0.45711370050554445,0.5141459153248713,286.3024310049926,287.48060743343194,0.8570476826831434,,,,,,,0.9085548862197695,,,271.46046447753906,271.4602813720703,271.4601593017578,271.4599609375,0.8517521667189499,,,,,,0.5793334281171215,,,100428.68472633135,,,1.485207100591716,115.46536796614969,0.09171554463854908,,285.80432923446745,,73742.38345968934,0.9800272894328868,0.10176503728462463,0.2903159761129046,0.04268903563008506,0.38488360793757204,,272.97839066544935,0.4407593935904418,0.4949412515177529,-3.1160568879068603e-06,0.3805130504997524,0.11026302173998229,-2.403963307613099e-06,1.5578614981437222,0.24615345339803302
1979-08-20 18:00:00,,,5.430263479785807,,,,,,233.36694534572624,0.00010806454356605485,1.3295076126177635e-05,3.293474045025526e-05,6.955866453915658e-06,-1.1234143673967206e-07,,4.902580255587425,0.8782974044246786,,,,,,0.0002405541182975092,0.0011338728043741887,3087.057140463203,0.00020323820419642874,4.7624992901051535e-05,,285.3217123358913,0.00024962596290800334,,285.49340386926775,0.000412574806400241,,,,0.0002734876243320442,,6.390958142703807e-05,,,,,,,0.0012419080009894753,,,,,,,,,
1979-08-21 00:00:00,0.9839384485278609,1.2403692024699329,,0.43124127811228735,0.6936340134524734,285.04371272882764,286.28009863859097,0.8607054987602686,,,,,,,0.9535228765222448,,,271.46026611328125,271.45965576171875,271.46034240722656,271.4599609375,0.762893279981331,,,,,,0.6820851677268215,,,100646.37352071005,,,2.1893491124260356,120.50704233745147,0.09549273259540987,,284.82558969350964,,73847.5763683432,0.9941228335425698,0.10074141271103769,0.24461863991892593,0.0888901208279401,0.3722259404920262,,273.1315266084389,0.4001512471035387,0.6474882752232297,1.2621226529012153e-06,0.2916790994666737,0.07992724554073176,3.7509134657868356e-06,1.3959036532062046,0.22072956406858546
1979-08-21 18:00:00,,,4.208432677229481,,,,,,194.26862827278453,7.395208234617696e-05,1.8125190537356766e-05,5.650207312149409e-07,3.009659827813594e-07,4.177728932028493e-09,,3.8560974470962432,0.7735037714816057,,,,,,4.418017948872945e-06,0.00027130165043667224,2844.7072681675295,8.64886320554293e-05,9.5428050269742e-07,,284.4420635516827,6.50704612393351e-05,,284.6835041836169,0.00013059677456962992,,,,4.9828513134160694e-06,,1.1492498527617145e-05,,,,,,,0.000345229397158651,,,,,,,,,
1979-08-22 00:00:00,0.6944312654303376,0.7264278270083772,,0.18360659321384318,0.36876429538049643,284.8696534647744,286.71670008552144,0.8458072119915979,,,,,,,0.6214120549827638,,,271.4597473144531,271.45973205566406,271.4597473144531,271.4599609375,0.7435017404471629,,,,,,0.34745557883963785,,,100799.10188609468,,,1.8106508875739644,121.71800295135678,0.09438357832869129,,284.07844859467457,,73967.9136464497,0.9372915286989607,0.007450710670724952,0.19565707936706628,0.020424792047083026,0.016865160338272005,,272.4264927248983,0.15244002984120295,0.355383480794331,2.6118567474489515e-08,-0.004188971053919143,0.01239440887725565,5.620470602539252e-07,0.607381772313311,0.21158044401710555
1979-08-22 18:00:00,,,3.1232455721973666,,,,,,176.71194439950074,1.1936777971199984e-05,3.9781030465865274e-06,5.00773702584174e-10,0.0,2.074681293034975e-07,,3.025777297612478,0.5372921193139792,,,,,,3.03397340887397e-06,2.157943841268325e-05,2055.9493485004946,5.689995175988011e-06,8.455857899062027e-07,,283.9720870700814,4.490650088124021e-06,,284.1637562407544,1.333680378614798e-05,,,,3.03397340887397e-06,,1.1350838302155218e-07,,,,,,,3.35347546628241e-05,,,,,,,,,
1979-08-23 00:00:00,0.7624518254099513,0.7613469954778457,,0.24128918922864473,0.3131646940694053,284.19911473742604,285.9996980746117,0.8346601308450191,,,,,,,0.31538734210313424,,,271.4601593017578,271.4597625732422,271.4599304199219,271.4599609375,0.7202061224265917,,,,,,0.17034415521565274,,,101057.45839497041,,,2.1834319526627217,123.3567326111201,0.09303516749094223,,283.1900150818232,,74115.18063517012,0.8494697773950339,0.0018531752471466268,0.15262776941678227,0.002230632939987634,0.0006098754307222084,,271.7920470830251,0.17754465588451138,0.31490895310802575,-4.122166407296121e-08,0.0032374746601521614,0.0034184371225932644,-4.625028328551255e-07,0.45294868749891515,0.049592879749614106
1979-08-23 18:00:00,,,3.3585487399580916,,,,,,199.01054535814995,3.241020194172154e-05,1.2858026831813113e-05,0.0,0.0,3.059609704001484e-07,,3.1069321494836073,0.6249348115638869,,,,,,4.446500438381229e-07,5.30636522191516e-05,2334.39629928318,1.1805687430342274e-05,1.3725263116186893e-07,,284.2942876872226,9.592556389125847e-06,,284.5867681559726,3.574118459013087e-05,,,,4.446500438381229e-07,,7.587110282048671e-08,,,,,,,8.544987122688068e-05,,,,,,,,,
1979-08-24 00:00:00,0.6324954794708794,0.44265664117576103,,0.20346317065538033,0.1757210217989408,285.02591068786984,286.3394262550851,0.8292079507951906,,,,,,,0.4043126755212186,,,271.4600830078125,271.46002197265625,271.4600372314453,271.4599609375,0.6842823683245648,,,,,,0.18069647614067122,,,101052.82045118343,,,1.893491124260355,121.86577014810234,0.0918222291935125,,283.8673897466716,,74167.07193047338,0.8222384345690175,0.0012610166447824635,0.14445100248565335,0.002273424137273484,0.0003897586517785428,,271.88709435096155,0.13607562963779157,0.18141184473884175,-1.1590787759960006e-07,-0.003828722212088884,0.002588439136247575,1.24536694052282e-06,0.3508237315088334,-0.08912780052106056
1979-08-24 18:00:00,,,3.2401749414099745,,,,,,311.62062975640833,1.3562767992358236e-05,2.6652578418776832e-06,0.0,0.0,1.1875840765748719e-07,,2.9820854194770905,0.5880107089612611,,,,,,7.360355278267662e-07,7.573052270877995e-05,2161.037352071006,1.7466982440835626e-05,2.217085029070194e-07,,284.4423813678809,1.5334088421432224e-05,,284.75588826738164,3.431896133535712e-05,,,,7.360355278267662e-07,,2.2534286526180583e-08,,,,,,,8.92785879281851e-05,,,,,,,,,
1979-08-25 00:00:00,0.7432974753295176,0.20893824876412836,,0.24134704699883094,-0.006916525801257975,284.88468617095043,286.2708617441753,0.8362994800657916,,,,,,,0.6351104679368657,,,271.4597930908203,271.4601593017578,271.46014404296875,271.4599609375,0.6414038197043732,,,,,,0.1439092511961446,,,100919.27773668639,,,1.9881656804733727,119.29991863183015,0.09089571766599396,,283.95723494129066,,74089.5547106139,0.911400820376605,0.0037722317840299187,0.11717072824710573,0.0034232280663484653,0.0015186304171409832,,272.177917119314,0.17706679804085274,0.040866710730558316,-9.687686779539063e-08,-0.015689103913730417,0.008371989777278618,2.3298208797577845e-07,0.15897990965984277,-0.046557894825229984
1979-08-25 18:00:00,,,3.3152110534306813,,,,,,257.1093277790137,5.277444625041894e-05,1.0502276688637819e-05,4.932108010060689e-06,2.1635560241676647e-06,3.0021682024002095e-08,,3.0019689368073053,0.6396410338272004,,,,,,7.92167000692977e-07,9.039097283718854e-05,2214.7396449704142,1.753716779178416e-05,3.146699260501467e-07,,285.16975574380547,1.9342236264922915e-05,,285.3679213664941,5.362222533254229e-05,,,,5.723941608293522e-06,,1.5095140807022004e-06,,,,,,,0.00014315378031081702,,,,,,,,,
1979-08-26 00:00:00,-0.10151336602205356,0.7308231761469643,,-0.1921115457658937,0.2133626098463521,285.4675567446376,286.5813595021265,0.8437018532019395,,,,,,,0.9300001627550676,,,271.46055603027344,271.4602966308594,271.45994567871094,271.4599609375,0.5536433056261413,,,,,,0.2599079199796598,,,100839.81656804733,,,1.6568047337278107,115.70843379455205,0.09037387723753439,,284.8349797175481,,74021.68324704142,0.9807423000504985,0.021568942087641835,0.1361760003106481,0.004959174161832008,0.017803683154389658,,272.75113041443234,-0.09051726978911451,0.1842536428976341,-1.732321070233696e-07,-0.0888088715852365,0.014919309110860148,5.03185187423734e-07,0.15801083724174272,0.07368973902696689
1979-08-26 18:00:00,,,3.6667973727164185,,,,,,431.3884377564199,0.00011375846242058207,2.731942742533938e-05,4.716096280594549e-06,5.865789200427265e-07,1.7527070172601546e-08,,3.3024155035526794,0.718053693602071,,,,,,1.0758506123130844e-05,0.00014043030654184918,2623.0699739174024,3.418551217874832e-05,2.705695978283177e-06,,285.01181265024036,4.8300747335309815e-05,,285.2125814765163,0.00010353935188090308,,,,1.5473489225263425e-05,,1.3944709442070955e-06,,,,,,,0.00025417519038950905,,,,,,,,,
1979-08-27 00:00:00,-0.4530652345284908,0.4588782180695844,,-0.2479138853987293,0.2130823459850966,284.68781348234097,286.12937430658286,0.8559168820550456,,,,,,,0.8436940460515445,,,271.45977783203125,271.4602508544922,271.4600067138672,271.4599609375,0.5438496064857619,,,,,,0.694923570170205,,,101085.48280325443,,,1.5739644970414202,113.7277339054988,0.09028467765221229,,284.69029822716345,,74190.52921597633,0.9784035573344259,0.033501012879010486,0.169054053547467,0.01564646613668408,0.059582205030505035,,272.8878361628606,-0.24907999207987588,0.20978990496968378,1.6826327914956228e-07,-0.07913488819754336,0.004102758754639936,-1.4008351253103135e-06,0.23044370441041753,0.07976579101833366
1979-08-27 18:00:00,,,3.108897621109641,,,,,,261.08613315559705,6.408786632605558e-05,8.381759891143212e-06,1.0799814963481835e-05,1.8035419858418977e-06,2.6632803313147564e-09,,2.8478548117643276,0.6928257870559509,,,,,,2.9279844912551563e-06,6.355574497809776e-05,2481.408494938055,1.1250597132733587e-05,5.210281388294062e-07,,284.5907639723558,1.6364737375248112e-05,,284.7774188701923,6.232908844242434e-05,,,,1.37278931380729e-05,,1.3409598493540782e-07,,,,,,,0.00012761848212699214,,,,,,,,,
1979-08-28 00:00:00,-0.7200841170090896,0.5589569147521928,,-0.375123768868531,0.1886902705452146,284.54145623382027,286.25851314025516,0.8534031933581335,,,,,,,0.4693243263741217,,,271.46009826660156,271.4599304199219,271.4599304199219,271.4599609375,0.5657800505455781,,,,,,0.47409132336811904,,,101430.22318786982,,,1.6390532544378698,114.80315457857571,0.09025704649073132,,284.2332727556398,,74427.18699149408,0.8276793029181351,0.009809924783574323,0.13875840222958982,0.00564067321416189,0.01454800261548285,,272.7131087624815,-0.3339461208095212,0.14834834802785568,-1.0851470818302247e-07,-0.01688264389715251,0.002592811129502291,6.097549654043296e-07,0.11655703874734732,0.08897299110095881
1979-08-28 18:00:00,,,3.387279510498047,,,,,,314.6109899938459,3.538646641567614e-05,8.457896889314143e-06,2.6886345895789783e-06,1.0057953158779257e-06,4.525973368603467e-08,,3.1009806627352563,0.6333276513060169,,,,,,2.616322075826882e-06,4.273030626878748e-05,2295.8133292113534,1.0338606390021961e-05,4.3186915696725336e-07,,284.79684466299926,9.672099052096259e-06,,284.9900509083765,3.222160085418521e-05,,,,5.305099945801955e-06,,9.482572152769778e-07,,,,,,,7.811033608820828e-05,,,,,,,,,
1979-08-29 00:00:00,-0.2512587710950502,0.46621221621361003,,-0.12056474854960245,0.13792458934896795,284.35335816151996,285.7835830598188,0.8483656348561394,,,,,,,0.8898726528918249,,,271.46031188964844,271.45941162109375,271.45989990234375,271.4599609375,0.5983128721809247,,,,,,0.416678195631892,,,101445.75092455621,,,1.5917159763313609,115.68883320283608,0.09007042822753183,,284.3752354729105,,74442.19464219674,0.974971088431996,0.009817812591791153,0.16050436032506135,0.0045269226886816985,0.008825984254435322,,272.71048966808434,-0.0867874213224332,0.15953767652342304,-1.650282764564869e-07,-0.012884059953971728,0.010833536379436064,6.74576261905697e-07,0.3041930457455872,0.06772852614081118
1979-08-29 18:00:00,,,4.004974472452197,,,,,,376.60505240304127,0.00011116442595713237,2.2034100174198488e-05,0.0,0.0,3.8637844450533637e-08,,3.7372802136212413,0.7294805701050533,,,,,,7.952877579356086e-06,0.00024110572577933589,2550.7830554126986,7.492392020818045e-05,1.4754794758452466e-06,,284.7725360576923,6.107659734917816e-05,,284.9780360114645,0.00012507734919440817,,,,7.952877579356086e-06,,4.532906783403024e-06,,,,,,,0.0003522655667637932,,,,,,,,,
1979-08-30 00:00:00,-0.08845706239959897,0.4045894442225349,,-0.11732480088634605,0.06627247601571168,284.96295852209687,285.79199652135725,0.850539776347798,,,,,,,0.8786156470253623,,,271.45982360839844,271.4598083496094,271.45997619628906,271.4599609375,0.6668829605776883,,,,,,0.6258091458819321,,,101281.14922337278,,,1.485207100591716,114.9924574631911,0.09021838035809218,,284.4867557322485,,74337.90650425295,0.9797725956115497,0.08355521955169164,0.23212113846561833,0.05418377938355214,0.180111154448241,,272.7712539582563,-0.09971840988249468,0.04730681131577351,1.19528338139513e-06,-0.4341592111531094,-0.340067603884364,-2.237506963026065e-06,0.6727764197355192,-0.13267277260503826
1979-08-30 18:00:00,,,3.3595955809192546,,,,,,322.07680010372366,9.183620912788888e-05,2.1712468749672702e-05,6.840823317420553e-06,1.5176810632795976e-06,3.5557948948191885e-08,,3.16774068640534,0.6605422941626177,,,,,,1.6312803742448255e-06,8.48162632722121e-05,2460.244822485207,1.743541666741907e-05,3.975121712190865e-07,,285.1411566198225,1.88106219091359e-05,,285.31295072115387,0.00011220256957782091,,,,8.47333810738558e-06,,5.91119806442035e-07,,,,,,,0.0001766136764774661,,,,,,,,,
1979-08-31 00:00:00,-0.31690302403015497,-0.6988142340846316,,-0.2154042678471853,-0.5187568946702946,284.658883540588,285.9408255131287,0.8468701652521212,,,,,,,0.8867607931413594,,,271.46018981933594,271.4600372314453,271.45997619628906,271.4599609375,0.6745880098032528,,,,,,0.6520643847933888,,,101260.67603550295,,,1.2958579881656804,114.62466900165265,0.0900485191119493,,285.1207687107064,,74342.00318971893,0.9883776592785085,0.06235870778748005,0.2099351375060674,0.053929390991933245,0.14074383474357383,,272.9383386013776,-0.1970170715151454,-0.4446945529012285,1.0095062910526792e-06,-0.39082178420569064,-0.18482037267741366,-1.4046335196089462e-06,0.17628781047798472,-0.33416530789708243
1979-08-31 18:00:00,,,3.6558408567891316,,,,,,203.4168219030256,0.00021811173512385442,7.55615841002154e-05,0.0,0.0,5.3622483442362454e-08,,3.387038687982503,0.798906809126837,,,,,,7.424714352340389e-08,6.964335427481747e-05,2804.5014590652736,2.2938133344142395e-05,4.551494659404077e-08,,284.6986885747966,5.020315830524151e-05,,284.9715265578772,0.00013864216719858746,,,,7.424714352340389e-08,,4.1951122280408643e-07,,,,,,,0.0002877740464972321,,,,,,,,,
1979-09-01 00:00:00,-1.0373889200786162,0.060943231074767706,,-0.5286608645196497,-0.19933658803003074,284.8203139446191,285.67979006795485,0.844752654521423,,,,,,,0.8196013672112008,,,271.4597930908203,271.4599609375,271.4601135253906,271.4599609375,0.6647096451746641,,,,,,0.34944260111574593,,,101193.08154585799,,,1.4260355029585798,124.78829233745147,0.0902823442538109,,284.1671019785503,,74307.60116956361,0.9583172061034209,0.02562260792656807,0.13037464210003086,0.010516815636990338,0.029447900231486083,,272.7109512238813,-0.4656888295912884,-0.11551833293847079,6.458692563650854e-07,-0.1609963637131911,0.013337385526599263,3.297126455199436e-07,-0.11879313591669297,-0.026640102002747666
1979-09-01 18:00:00,,,3.640658068233693,,,,,,187.90232370591022,0.00021649994088347846,6.660307652851534e-05,1.1015749541965462e-05,1.5578767251686232e-06,1.4983536153823806e-07,,3.511772663635615,0.766405975677558,,,,,,4.885431665640611e-06,0.0001130772180684386,2728.3262455505733,2.4398050364657973e-05,9.194854095842711e-07,,284.95982225406806,4.5537605242195115e-05,,285.1824366101146,0.00012714773860078116,,,,1.5901214272312864e-05,,5.2322914614479925e-06,,,,,,,0.0003295638523589456,,,,,,,,,
1979-09-02 00:00:00,-0.7931486840784197,0.6849795855008639,,-0.46676485072931595,0.17441816724969086,285.5571823571561,286.89607410318047,0.8278059091793715,,,,,,,0.8851183624662591,,,271.45912170410156,271.4603729248047,271.46014404296875,271.4599609375,0.6385223568367535,,,,,,0.3453769898758485,,,101105.75443786982,,,1.4378698224852071,127.62501571023253,0.09045034611718894,,284.3549385747966,,74220.53441660503,0.9567819431688659,0.025333686368043958,0.17936560564492582,0.01482097919170673,0.02214553652430427,,272.3335697693232,-0.4222355961094241,0.13163648977787537,-1.496830181485268e-07,0.02232961718147323,0.015482721971513251,-3.594780284305208e-07,0.06159990602696436,0.2692788293331685
1979-09-02 18:00:00,,,4.321677100728955,,,,,,200.00451751526245,0.0002221398099639712,2.907494292456723e-05,4.7355824144634267e-07,2.779674126639874e-08,1.4142057562611836e-07,,3.8897738936384756,0.8026866680066261,,,,,,6.0373178776904675e-06,0.000130318094781114,2888.691810743343,3.123124675637872e-05,1.5253465644706636e-06,,284.3541035849667,4.499634112395154e-05,,284.56299983820264,0.0001496342777179897,,,,6.5128655123287405e-06,,3.23289068492912e-06,,,,,,,0.0003524642531687891,,,,,,,,,
1979-09-03 00:00:00,-0.13156412339069434,1.1424733841207606,,-0.15745396585859492,0.5365540000813953,284.81285537629435,285.80338011973004,0.8149948603302769,,,,,,,0.469133004634338,,,271.46046447753906,271.4602508544922,271.4601135253906,271.4599609375,0.7391606188825601,,,,,,0.3159788701705326,,,100834.56952662722,,,1.7751479289940828,127.41874721910827,0.09036013924863917,,283.85604515301407,,73992.51775147929,0.8902183816983149,0.030314191072330583,0.16621138653635273,0.016282414543558155,0.0720737156562904,,271.81831386949887,-0.1568837927643364,0.47800753666804385,8.133811852584742e-07,0.11379285380877996,-0.0012395413669608754,-2.5574104121979875e-07,0.5710031016338506,0.12669690050316987
1979-09-03 18:00:00,,,4.518132537074343,,,,,,96.59662921612079,0.0002001601563402887,5.002399168070957e-05,1.146276233464303e-06,1.4801622649445337e-10,6.21464298668012e-08,,4.048932188361354,0.8115704599216845,,,,,,7.413228499818836e-06,0.00024741615669553586,2968.5515208949705,4.785159635825975e-05,1.7232333238308247e-06,,284.0884525818232,8.947829116999427e-05,,284.3010181675296,0.00019135567921494813,,,,8.559107956801646e-06,,3.5069750610893295e-06,,,,,,,0.0004475572677647129,,,,,,,,,
1979-09-04 00:00:00,0.5190961826482469,0.3704751934525529,,0.18120369544396034,0.1882622002144537,283.8898680196006,284.6702194665311,0.8041828179500512,,,,,,,0.6759452026271255,,,271.4603729248047,271.4599914550781,271.46006774902344,271.4599609375,0.7816777402127283,,,,,,0.32339540236359515,,,100569.67418639053,,,2.059171597633136,129.81147558449288,0.09080843953691291,,283.65372047198593,,73792.01190366125,0.9053621870526195,0.031663347061822666,0.26644908577291926,0.01881334203234791,0.0458532480093149,,271.6410071017474,0.11236441911324947,0.12142312315088757,-1.8140216896685181e-06,0.2736782568931227,0.03386518165204652,1.2563538087322514e-06,1.3426466954530343,-0.04657427657990766
1979-09-04 18:00:00,,,4.660037605014779,,,,,,144.92491899136297,8.11249194060557e-05,2.3524613070064747e-05,5.002690137490718e-07,2.1163065581632085e-07,1.7612572260588542e-07,,4.301147510666819,0.6326995448997388,,,,,,3.731175816270727e-06,0.00017606506686238847,2246.0866347995734,5.0797529474518e-05,9.223317297605367e-07,,283.0338286450629,5.210318861628425e-05,,283.2838777621117,0.00010085379230905566,,,,4.230210414299598e-06,,3.1170760386088895e-06,,,,,,,0.0002571912206841644,,,,,,,,,
1979-09-05 00:00:00,0.6407903129532493,0.2176728163950542,,0.16527814131516677,0.0803945078652286,283.11056536612426,284.3863677075629,0.7955043996579548,,,,,,,0.3821109568578957,,,271.4597625732422,271.45985412597656,271.4600524902344,271.4599609375,0.6292035592907279,,,,,,0.19419770551151072,,,100687.1961908284,,,2.366863905325444,129.75087092472955,0.09029581419814973,,281.5918676613351,,73826.45303254438,0.724258865830461,0.003106049532015648,0.1455309815448571,0.01186695888903014,0.0020270516886513614,,269.9564071745562,0.09989355266446898,0.16264591202933407,3.2141811841928e-09,0.024426544911762667,0.009333773950092803,3.978023312423797e-06,0.7489968530155895,-0.06681200174184945
1979-09-05 18:00:00,,,3.8307875740457566,,,,,,198.54489768423684,1.8803149285401115e-05,4.126310083993088e-06,0.0,0.0,1.0704410906651019e-07,,3.52385883218438,0.4229884401580991,,,,,,1.4442884357723259e-05,5.688699039481801e-05,1675.6283543152217,1.0783591214016344e-05,2.425681998038433e-06,,282.49247064534023,7.384892046098879e-06,,282.88027574889054,2.9186613460969643e-05,,,,1.4442884357723259e-05,,7.046419664247502e-07,,,,,,,7.568423211927244e-05,,,,,,,,,
1979-09-06 00:00:00,0.033156880260219235,0.5160557447805912,,-0.10846997435981705,0.03573908608340653,282.09192833533655,283.2790599574704,0.7875011263514412,,,,,,,0.013023060454419378,,,271.4591369628906,271.4598388671875,271.45997619628906,271.4599609375,0.512294807443781,,,,,,0.16644269051636465,,,101113.77792159763,,,2.3550295857988166,128.99941474869405,0.08980101241162543,,281.1774194480399,,74123.04477163461,0.5359195324884364,0.002035967697053266,0.12662192718428972,0.003936643431172568,0.004861967098078079,,268.44651875693415,-0.16927146911621094,0.09475531874323738,5.356554075773839e-08,0.009586503286983752,0.003916631864670377,1.4015985304075046e-06,0.5391844422859553,0.020941951923821804
1979-09-06 18:00:00,,,3.8362210967837003,,,,,,194.37735259461545,6.771360981393848e-05,1.4413170207887006e-05,2.3362970740132078e-08,1.1991466996232433e-08,4.473942779430368e-08,,3.491532884405915,0.5333595050157175,,,,,,2.412169554529811e-06,3.136518086202046e-05,2117.356422650038,7.106288826677221e-06,5.182424372822575e-07,,282.84040137296597,1.4257832215382503e-05,,283.13249034994453,4.123129259199786e-05,,,,2.4362406610737186e-06,,1.1523532510332807e-07,,,,,,,9.911926187707123e-05,,,,,,,,,
1979-09-07 00:00:00,-0.8515446736262395,0.3222521381265313,,-0.5167112801907331,-0.05995579443034336,283.22265913923815,284.24328541050295,0.8047327244070155,,,,,,,0.008959346974389793,,,271.4601745605469,271.4596405029297,271.4600524902344,271.4599609375,0.5568345848845659,,,,,,0.20383033526719674,,,101413.63942307692,,,2.2840236686390534,126.55872502975916,0.08951129856899645,,281.96960521449705,,74358.8480723003,0.605100898700353,0.0017614167117508206,0.13548720841841586,0.002070235077446029,0.001844547204011996,,269.98721078725964,-0.4926915817712186,0.010478537816267747,1.1448323218284186e-07,0.0048792404535959455,0.001393957461709895,6.787471830815259e-07,0.3824762850118107,-0.08545028987015493
1979-09-07 18:00:00,,,2.6961223895733175,,,,,,305.02969489040146,5.9535870185265176e-06,1.269844553527042e-06,0.0,0.0,4.454293624017823e-08,,2.5276870501817332,0.3169511422603088,,,,,,8.562712009841874e-07,2.635179980266729e-06,1294.8680205373369,2.501792819983155e-07,1.615414136921513e-07,,283.6504166281435,9.497589040437394e-07,,283.8728186251849,5.237019714519117e-06,,,,8.562712009841874e-07,,8.089762710078933e-08,,,,,,,8.582583898623313e-06,,,,,,,,,
1979-09-08 00:00:00,-0.717076532939482,0.49133803223717143,,-0.3867501591789652,0.005264187352897147,283.69997139654214,284.5573094836354,0.8137662544758362,,,,,,,0.02450696956476516,,,271.46002197265625,271.460205078125,271.4601287841797,271.4599609375,0.41681503544192344,,,,,,0.09120119535006009,,,101534.49482248521,,,1.9763313609467457,125.03997965254023,0.089381122024807,,282.1832874907544,,74459.2422106139,0.4606181680054002,0.0009700490172798111,0.06522519835656697,0.0001220419209384354,0.00034832672254573666,,269.9846653684356,-0.32405619649492073,0.05686420801828599,-3.278630353402661e-08,0.001697683685697538,0.00028367310530952447,2.2898107547879208e-07,0.05507545076178376,-0.012712458534353583
1979-09-08 18:00:00,,,3.3557289958705563,,,,,,223.95616881240755,2.399858462034598e-05,9.367969879031886e-06,1.558777049580622e-09,2.116141234629253e-09,4.7193497085854016e-08,,3.180157102776702,0.5605627658099113,,,,,,2.0539244780173667e-06,3.728464510313858e-05,1924.9105029585799,1.6331408150802703e-05,7.663572416503049e-07,,283.24185668223004,1.0725573675166925e-05,,283.49412617880915,2.533638265711316e-05,,,,2.055032145694868e-06,,6.272305993462456e-08,,,,,,,6.127401569185878e-05,,,,,,,,,
1979-09-09 00:00:00,-0.5859354007878953,0.34470564373851525,,-0.3243187165119239,-0.1189411547057022,282.80837994637574,284.1550711908284,0.8299786476693916,,,,,,,0.2361353586411335,,,271.4596710205078,271.4601745605469,271.4600372314453,271.4599609375,0.5304894624333057,,,,,,0.12738786505524224,,,101692.12999260356,,,2.3076923076923075,128.1376359025402,0.0899337508974696,,281.96006639469306,,74562.8797614645,0.6610364875144507,0.0007347199803626129,0.09424473358505576,0.003967849460579234,0.00028273692497840297,,270.4500970784024,-0.29365005718885795,-0.030163527945795004,-2.5790714815595826e-08,0.0017062153587305159,0.00010815720051835627,-2.7949983051209296e-08,0.05008409361867509,0.015081628892548691
1979-09-09 18:00:00,,,3.710078707813511,,,,,,143.72780731020595,5.341281552286543e-05,9.887934436459513e-06,6.5549747941233e-08,1.0017142355574305e-08,1.0173493621367884e-07,,3.5782879823763696,0.6051031542203483,,,,,,4.0745527962961145e-06,4.430511999412401e-05,2284.540336654031,1.0182430758278751e-05,1.1186148508413304e-06,,282.9886062892936,1.1200823727444078e-05,,283.2854105029586,3.49023991082547e-05,,,,4.141062454006376e-06,,4.1746396637527193e-07,,,,,,,9.771581937575481e-05,,,,,,,,,
1979-09-10 00:00:00,-0.22878005236563598,0.050257869020721616,,-0.20687205974872297,-0.12899681520179884,282.7832652436206,284.0672730214497,0.8211489774771696,,,,,,,0.04178515552769046,,,271.4598693847656,271.46002197265625,271.46002197265625,271.4599609375,0.61197575479305,,,,,,0.19733000083787908,,,101546.29178994083,,,2.473372781065089,129.01522465993668,0.08948956156623435,,281.94545985114644,,74459.88755085059,0.6371956438751969,0.003571166089300573,0.14770692412758016,0.005379874325362888,0.0032478930682120237,,270.30006327431585,-0.3104396966787485,-0.11431525303767277,6.83199557886988e-08,0.012227165395636442,0.0022148780260213027,-1.5502016662107506e-06,0.1117477699144352,0.056579184602703565
1979-09-10 18:00:00,,,3.9551208484807665,,,,,,148.1414210153911,2.7543209360901422e-05,9.549969046778933e-06,2.4688314404007953e-09,2.116141234629253e-09,6.169196740571222e-08,,3.737717627068243,0.607067257364297,,,,,,5.402574701422065e-06,9.52025489694268e-05,2212.258247330344,2.639701027841963e-05,1.5512031651812898e-06,,282.0347315319896,1.5462732173987396e-05,,282.3731133274778,4.640045250661274e-05,,,,5.404977403448884e-06,,8.917826960778095e-09,,,,,,,0.00012275770571104874,,,,,,,,,
1979-09-11 00:00:00,0.1770399195202709,0.315628254907371,,-0.03780085659591404,-0.06231449059480746,282.01070173816566,282.98518687592457,0.8427598927853376,,,,,,,1.3798651610605816e-05,,,271.4596710205078,271.4598846435547,271.45985412597656,271.4599609375,0.611514145343085,,,,,,0.09996348725268121,,,101255.20155325443,,,2.5207100591715976,121.51554825461122,0.08927829166841225,,281.46316510262574,,74206.20888036242,0.6189013168921133,0.0007214207621015741,0.1153888832626192,0.008255998058431952,0.0004975019827396912,,269.3554586376664,-0.07038825221315644,-0.03382132039267636,1.844459594131021e-08,0.0021596349908049994,0.0012076375689137088,-1.8211420537275676e-10,0.4134073759699185,0.0025317598376753767
1979-09-11 18:00:00,,,5.209637038101106,,,,,,249.6110521124665,0.00014353115883099257,2.618521980985382e-05,0.0,0.0,5.123244467454538e-08,,4.7397868760238735,0.5148349739390717,,,,,,7.086912908497647e-06,5.909818163990269e-05,1783.6479485867292,1.1516172857679559e-05,1.484417968247769e-06,,281.5436087162537,1.853228320736857e-05,,281.86531960752586,8.909986216641036e-05,,,,7.086912908497647e-06,,0.0,,,,,,,0.00020262334473739713,,,,,,,,,
1979-09-12 00:00:00,-0.45240375135071886,0.414489108429858,,-0.305432680795884,-0.0886386724618765,281.0613717524963,282.4471948386649,0.847849903374734,,,,,,,0.11078571567873984,,,271.4599151611328,271.460205078125,271.4603576660156,271.4599609375,0.43263684164666566,,,,,,0.19213948986966978,,,101239.18269230769,,,2.5384615384615383,123.69658791807277,0.08954581988633738,,280.09819364829883,,74194.46301775148,0.5179881624348418,0.012710386337491976,0.13479720095734624,0.006134507218761557,0.012066632332886464,,268.0561997453137,-0.3579841421906059,-0.054256123198560005,-9.27267326097164e-07,0.16937680623339788,0.028686021861052638,8.714466959171923e-07,0.9126815000361592,0.10074611951613567
1979-09-12 18:00:00,,,4.816912775208964,,,,,,215.15974775567113,3.427575678515011e-05,6.806083332152056e-06,2.720828592424562e-06,1.949922198198251e-07,8.811151842860857e-08,,4.538657447995519,0.5140238203240569,,,,,,1.2936103626115788e-05,7.74266099083353e-05,1873.7525887573966,1.439434536815395e-05,2.5761374355067867e-06,,281.33095789802144,1.5763797350889126e-05,,281.589372804179,3.966900723925709e-05,,,,1.565640318323169e-05,,0.0,,,,,,,0.00011169769354825894,,,,,,,,,
1979-09-13 00:00:00,0.18424544249765973,1.2208294840254021,,-0.044316765824718586,0.41302156166212095,279.93010788415313,281.79801769369453,0.8429936177631807,,,,,,,0.00554659239639192,,,271.4596405029297,271.46006774902344,271.45989990234375,271.4599609375,0.5867448673754402,,,,,,0.11604381312985391,,,101318.32655325443,,,2.668639053254438,123.97611593212602,0.08966020155235155,,279.71385563054736,,74235.61529215977,0.5948224397673763,0.0022506785948517385,0.10494289772320517,0.004178583269288554,0.0051314337013741215,,267.36580581213593,-0.0700964504445093,0.3371042115448495,5.286378218012603e-08,0.016699074288091715,0.011481814972295829,1.0667559580557799e-06,0.4655843547727229,0.1370858285554062
1979-09-13 18:00:00,,,3.484156704513279,,,,,,295.2167965941634,1.3973607995806362e-05,1.1394671081791263e-05,2.116141234629253e-09,1.1109741481803579e-08,1.0291459209881703e-07,,3.322825849408934,0.335027570555196,,,,,,1.8463607811363492e-06,1.7853949725980588e-05,1233.2417702759512,2.402674472896305e-06,4.6754046481036574e-07,,280.4556588618713,2.605972822601273e-06,,280.7726602949334,1.2725415314443012e-05,,,,1.8460301340684384e-06,,9.488055383312631e-08,,,,,,,3.1828615792404265e-05,,,,,,,,,
1979-09-14 00:00:00,-0.35326265301224746,0.565136480613573,,-0.24082214874628732,0.0037864453693818765,280.3038033931213,282.55662906804736,0.8411585342954602,,,,,,,0.0,,,271.45970153808594,271.4601745605469,271.4601593017578,271.4599609375,0.2831485712757477,,,,,,0.08346684021357248,,,101483.87315088758,,,2.804733727810651,121.70948547724436,0.08965519899447288,,278.582291552301,,74326.57969674557,0.3032474451692852,0.0015972182595518213,0.054851499223563624,0.0021145160381610575,0.001719988309420072,,267.01117367716233,-0.18683120343812118,0.07299923367754242,6.10528455667622e-08,0.0088828273073456,0.0008541046250501328,7.28791983742694e-07,0.22933723012635693,-0.007795274257659912
1979-09-14 18:00:00,,,4.249734788251346,,,,,,159.5309297744542,0.000139491974249394,2.7813502317349587e-05,0.0,0.0,1.7363437209012277e-07,,4.127349215851733,0.520638279660919,,,,,,2.1907297023654688e-07,1.892674515938618e-05,1882.6619822485206,3.808712553695814e-06,1.5930162423108456e-07,,279.83555323132396,2.7138188745848527e-05,,280.16123682507396,4.901794286874624e-05,,,,2.1907297023654688e-07,,0.0,,,,,,,0.00015840145963183521,,,,,,,,,
1979-09-15 00:00:00,-1.0874258357392261,-0.5579450370291986,,-0.5281483971860987,-0.5116981416058963,279.7281790287537,281.6969940366124,0.8494906774639378,,,,,,,0.019805953347471338,,,271.45977783203125,271.4603271484375,271.4601593017578,271.4599609375,0.5576794774398296,,,,,,0.12977717472956732,,,101673.53883136094,,,2.36094674556213,119.45991308449288,0.08986468286909295,,278.72184726331363,,74495.7586908284,0.6041068261015344,0.0033297623402973606,0.07617214242798893,0.001995052811662121,0.0026762584257408006,,267.4124928310778,-0.40564559620513013,-0.2769039819931843,2.529363640612983e-07,0.024424965525068034,-0.0025271768047964785,8.877901273511609e-07,0.2501536191567867,-0.07232915967173831
1979-09-15 18:00:00,,,3.534734370440421,,,,,,350.86799770448266,2.672126483635084e-05,9.017759526269676e-06,1.4552948500454072e-07,1.0509238187113457e-08,1.1026427058198906e-07,,3.387393108133734,0.39558582193047337,,,,,,2.5783582816462543e-06,5.097470119507355e-06,1506.7279222477118,2.4507354019132594e-07,6.757227472476e-07,,280.5100704396265,3.8931487932713075e-06,,280.8381708811021,1.4565400117953147e-05,,,,2.7239972934920405e-06,,0.0,,,,,,,3.18083361055724e-05,,,,,,,,,
1979-09-16 00:00:00,-0.7051684588370238,0.045079908427402116,,-0.28654601305899535,-0.2980312200692984,280.6761005108173,282.2073490661982,0.8437886400335639,,,,,,,0.06426144210544564,,,271.4599151611328,271.4601287841797,271.4600372314453,271.4599609375,0.42691671970360995,,,,,,0.09660799738251158,,,101783.70303254438,,,2.5207100591715976,120.05365152754023,0.08985347578511435,,279.6089676174186,,74563.37208764793,0.4957768299214586,0.005385184915465385,0.050430162120080065,9.430124914857763e-05,0.0035546855813652807,,269.09996619591345,-0.18424222031993978,-0.10394730088273449,1.0454818652357256e-07,0.025008643132816318,0.007493528275689959,6.702736469733765e-08,0.0330506898242341,0.008747093070893597
1979-09-16 18:00:00,,,3.794867691909068,,,,,,686.1398086096408,6.200624464531622e-06,3.109515242322662e-06,8.716941645820817e-09,7.400918957231754e-10,1.4876991215402945e-07,,3.6669793894305034,0.2784568290033284,,,,,,2.889717603928944e-06,2.9113639653081724e-06,1056.6442307692307,1.190983850134195e-08,7.761567941255118e-07,,280.46951275887574,5.598709031322298e-07,,280.733590571838,5.993352839227259e-06,,,,2.898419132599464e-06,,0.0,,,,,,,9.114176211272471e-06,,,,,,,,,
1979-09-17 00:00:00,-0.1371322101389868,0.45337277474488025,,-0.1458883285522461,-0.16424241150624652,280.21207008136093,282.4143658700074,0.8426737485552681,,,,,,,0.006424491927468565,,,271.4599609375,271.46022033691406,271.4600372314453,271.4599609375,0.2737580248590052,,,,,,0.04471926717363166,,,101690.2899408284,,,2.7041420118343193,123.06855999647513,0.08990790293766902,,279.0232511441383,,74462.30843195267,0.3088022309779768,0.0011331944420903415,0.030854229677534668,1.5717639020208776e-05,0.000502623044527494,,267.6118178508691,-0.061307003512185,-0.051168610358379295,1.8838761325403096e-08,0.0021302093415570683,0.0027337271640781235,1.5793557395227253e-07,0.01789702889481945,0.054823570044369566
1979-09-17 18:00:00,,,3.8222152156942695,,,,,,782.6246911025629,4.8953180129711445e-06,2.127691838868271e-06,8.599794422932102e-09,5.68695735605158e-09,6.627167146942253e-08,,3.6746882658738356,0.22587016630454881,,,,,,4.511128163196632e-06,4.73107459277091e-06,994.4744822485208,4.9610837147786065e-08,1.0789068933774733e-06,,280.4497705944896,1.3227260412549126e-06,,280.72571739783655,3.816868514704281e-06,,,,4.519471490876915e-06,,1.5296043343180736e-08,,,,,,,9.62381355861235e-06,,,,,,,,,
1979-09-18 00:00:00,-0.23609280445166594,0.5765253778040056,,-0.15104116067378479,-0.052215903468385956,279.6791905510355,281.65522576507027,0.8352340819567619,,,,,,,0.0038566815077200442,,,271.46028414470027,271.4600067138672,271.4600067138672,271.4599609375,0.25101300109227426,,,,,,0.06720404088849852,,,101688.28846153847,,,2.4497041420118344,122.11015346910827,0.08977559332311506,,278.54305542714496,,74429.12594767012,0.2932296590383589,0.0013479764747037965,0.04687138510173595,9.164619727952946e-05,0.0006242616642156296,,267.64821502866124,-0.0717031151585325,0.028430525015091756,-7.271685141735275e-08,0.005710976828181063,0.0026299685416136974,3.533535664515382e-07,0.09270744554742553,0.06090284381392439
1979-09-18 18:00:00,,,4.106629721511751,,,,,,579.7630773580299,2.2755748421482786e-05,4.495852268659151e-06,1.3754896498588328e-09,7.053857931685386e-10,5.3760377125685056e-08,,3.989319524821445,0.2274931958441198,,,,,,1.9652614667570804e-06,7.139397619744024e-06,878.5553619565343,1.5715269382888749e-06,4.398529059611834e-07,,280.6830722425111,4.308551726256602e-06,,281.0230749006102,1.6293229436027934e-05,,,,1.966843061898587e-06,,0.0,,,,,,,2.988992181755382e-05,,,,,,,,,
1979-09-19 00:00:00,-0.4143006533560668,0.5175304299980931,,-0.21248470396685176,-0.13323217312965166,280.8224490916235,282.64587185650885,0.8302220920839253,,,,,,,0.2070159912109375,,,271.4600830078125,271.46014589256436,271.45989990234375,271.4599609375,0.2750665438333912,,,,,,0.1829934899003614,,,101629.04585798817,,,2.603550295857988,121.87061251126804,0.08963526212252103,,278.81808634199336,,74415.25166420119,0.5134491306790233,0.005718131520122031,0.05172694605477595,0.0005969211194642197,0.0050009552543685285,,266.949442033937,-0.15875056227283366,-0.051418304443359375,-6.762101664466194e-07,0.06838774914292207,0.028220687326065887,2.2668224420486646e-07,0.15902026791191665,0.02844175890352599
1979-09-19 18:00:00,,,3.935772597084384,,,,,,1048.299859309542,3.2760235949380864e-07,5.20266272877095e-08,0.0,0.0,6.060567554451536e-08,,3.875044905222379,0.22863372261002218,,,,,,7.082834927993413e-06,1.3621336609654172e-05,883.928624260355,1.6325037683960954e-06,1.3969783511387525e-06,,280.9178589589497,2.5174916672283376e-06,,281.18549920257027,3.7003374664035774e-06,,,,7.082834927993413e-06,,1.2078606275588097e-08,,,,,,,1.3982535466639954e-05,,,,,,,,,
1979-09-20 00:00:00,0.07182048481596998,0.38219563072249735,,0.01729807769053081,-0.154617608651607,280.125715086446,281.86320179595043,0.8310863417986583,,,,,,,0.0011652150803063749,,,271.4604034423828,271.45977783203125,271.4601135253906,271.4599609375,0.2686364890555658,,,,,,0.06195032243897929,,,101607.10854289941,,,2.2485207100591715,120.85161288109052,0.08972890560443585,,279.31907879530326,,74451.31629068048,0.29318555027312604,0.0008501082482422598,0.02752283917656981,0.0002936611514119707,0.0007537666862532938,,268.81930415588016,0.016725658665041953,-0.015149413481266541,1.3851001229599227e-08,0.0032481921495065183,0.0033111626367751485,3.1063026271914767e-07,0.05443237210519215,0.05775140333898674
1979-09-20 18:00:00,,,4.014125899450313,,,,,,1474.5540335518974,3.3505216858090735e-05,1.6540288925170898e-06,0.0,0.0,3.128222633461804e-08,,3.92405397757976,0.2892211372330344,,,,,,1.021238738263147e-05,2.5434254189214762e-05,1034.534023668639,3.215123915813378e-06,2.1714309351684073e-06,,281.30942873982985,5.244525402960693e-06,,281.5838066868528,2.1245352615266156e-05,,,,1.021419491993605e-05,,0.0,,,,,,,5.894017642771704e-05,,,,,,,,,
1979-09-21 00:00:00,0.40583709287925585,0.07184405016475881,,0.17074250892774592,-0.26108573033259463,280.6473352556398,282.2151153383876,0.8353349873300134,,,,,,,0.031402881328876205,,,271.45994567871094,271.45965576171875,271.45982360839844,271.4599609375,0.3116238385262574,,,,,,0.20324798399918664,,,101469.94397189349,,,2.5384615384615383,119.81741585816152,0.08973654628505368,,279.9107167622041,,74366.30750739644,0.3911276371521357,0.0037063677635418594,0.045382678704391395,0.0020335835112622502,0.006654491085977949,,268.43309391179736,0.07665059164430968,-0.07852530056202905,-3.395800280023763e-09,0.04824567241070671,0.021679262910313774,-1.7453412134090118e-07,0.2204848014992061,0.08286518927597435
1979-09-21 18:00:00,,,4.113527429527079,,,,,,290.35926675388953,1.619046432732125e-05,5.00242561983639e-06,5.486669272360717e-06,4.815378573519238e-07,4.939170812253879e-08,,3.939426151605753,0.3343623234675481,,,,,,1.4084242504729321e-05,0.00010295803024924012,1125.6634615384614,2.019561430406288e-05,2.99425167444895e-06,,281.1927165195081,2.1767510464910925e-05,,281.55813436113164,4.552401734527046e-05,,,,1.9567781651513817e-05,,0.0,,,,,,,0.00011913522460756923,,,,,,,,,
1979-09-22 00:00:00,0.4700489664924215,-0.0013750798603486734,,0.07247254975448698,-0.25713686971269417,280.7230448525333,282.51441007535135,0.8365397583803481,,,,,,,0.0019337467893340884,,,271.46031188964844,271.4598846435547,271.4600067138672,271.4599609375,0.32699476614506284,,,,,,0.07169156949195636,,,101515.87832840237,,,2.1479289940828403,121.90753697502542,0.08993990745770156,,279.3366858126849,,74361.54044933432,0.3334704517612796,0.0029935921437641575,0.056579680132442675,0.004736759253507535,0.007520596656573595,,268.6780069565632,0.07289313106141852,-0.1280780713233722,1.7673633629304617e-07,0.03659575060974344,0.008549631075911533,1.071985089771185e-06,0.2150628471074725,0.07997652341628216
1979-09-22 18:00:00,,,3.681592986428526,,,,,,142.24811160925663,1.012159169778316e-05,2.2995539185916178e-07,0.0,0.0,6.376219261196558e-08,,3.5380552393444895,0.30159213274893676,,,,,,2.0371055638296365e-06,2.4587356832605846e-05,1048.8461538461538,4.178056350121131e-06,5.408807398652184e-07,,280.00968617095043,2.2416217969014096e-06,,280.40293748844306,1.4802055246025853e-05,,,,2.0371055638296365e-06,,0.0,,,,,,,3.471018294610921e-05,,,,,,,,,
1979-09-23 00:00:00,0.009381683620475452,-0.3338554766051163,,-0.06835466305885089,-0.541680719725479,279.00814990884453,281.4997024084689,0.8294280633418518,,,,,,,0.0,,,271.4598846435547,271.4599304199219,271.4600372314453,271.4599609375,0.30967044266017935,,,,,,0.060025277222401995,,,101459.1163091716,,,2.0059171597633134,123.27920857265856,0.08980344738480607,,278.3492433446399,,74364.29613535503,0.3114623120550573,0.0009774682084484213,0.04780379978157359,0.0031838501698872044,0.0017010841143907174,,266.9850521651951,-0.039450639803734054,-0.2239263466829379,2.8019954945365817e-08,0.005769831189037075,7.263143387066542e-05,3.9251251201305163e-07,0.1316310131947163,0.01684804860304093
1979-09-23 18:00:00,,,3.9812264357798197,,,,,,248.3330883588947,3.65794851229741e-06,1.0406978692881454e-07,2.0102825092934293e-08,8.690162677560332e-08,-1.583963594869187e-08,,3.860606323332476,0.3420966334596893,,,,,,6.291971227826452e-06,3.182314909421481e-05,1271.4215976331361,3.9466695319971386e-06,1.318918089189473e-06,,280.91163265070264,4.687296920979516e-06,,281.2534454165126,1.3691654219429874e-05,,,,6.3118982244525434e-06,,1.8456994870005274e-08,,,,,,,3.5481604598683016e-05,,,,,,,,,
1979-09-24 00:00:00,-0.4240711990898178,-0.02686273698976054,,-0.21043902741381404,-0.3504938035321659,280.7014868019601,282.50137094350964,0.8277154822321333,,,,,,,0.0,,,271.4600067138672,271.45960998535156,271.4600372314453,271.4599609375,0.3774449275090144,,,,,,0.06558372000970784,,,101290.23631656804,,,2.3550295857988166,122.01128373907868,0.08965770450569469,,279.847377438517,,74239.18641364644,0.38475424862472263,0.0010440490654939731,0.056530247073201735,0.002006728268233982,0.0010286365035017567,,268.76186754576554,-0.10317810893764157,-0.17725012852595404,2.026734441023588e-08,0.002735600654451182,0.0010666754289623901,1.9259668611811153e-07,0.09598379385293897,0.037044182684294574
1979-09-24 18:00:00,,,4.707849265555658,,,,,,527.3792939453125,1.0836819881165521e-07,0.0,7.898676258748805e-09,6.487926198913545e-10,3.76053671621216e-08,,4.528910896481847,0.22454698551335983,,,,,,2.2066448479009097e-06,5.483671405611659e-06,821.9955621301775,9.782028180607677e-07,5.533337350604097e-07,,280.34504726793637,8.043127696542345e-07,,280.63892757257764,2.600010153809948e-06,,,,2.2145969098841652e-06,,8.09964767971335e-09,,,,,,,5.5945153243442965e-06,,,,,,,,,
1979-09-25 00:00:00,-0.3627920094326403,0.38862658393453564,,-0.11524767565304006,-0.22087397377871903,279.5616332285503,282.53574709920485,0.8332618686574451,,,,,,,0.03228703335192076,,,271.45997619628906,271.4599151611328,271.4598846435547,271.4599609375,0.2567756246532914,,,,,,0.1712087597367326,,,101296.67048816568,,,2.171597633136095,120.25120607635678,0.08956397919965213,,278.53174405972635,,74241.31434911242,0.38179404354659763,0.001672301066697702,0.025229075956626757,0.0001601862484181421,0.000704721586238703,,268.0055690065644,-0.1023788790731035,-0.15517668752275274,-5.918528699349149e-08,0.03274793432303567,0.006116031880470506,2.917874483570743e-07,0.037778032249247535,0.03433183056010297
1979-09-25 18:00:00,,,4.588648124559391,,,,,,952.1183764840674,2.56633788303158e-08,6.775896976971944e-10,2.179790795202086e-08,9.316885251463695e-10,3.022336999998709e-08,,4.4094994900494635,0.13498376248150887,,,,,,1.7030858958261252e-06,1.843577834981433e-06,585.5588017751479,3.1929829615284e-08,3.802344842246298e-07,,280.34929589265903,3.263431452435149e-07,,280.69894427237426,4.584807351496093e-07,,,,1.7252502709450807e-06,,0.0,,,,,,,1.869059702348427e-06,,,,,,,,,
1979-09-26 00:00:00,-0.25108464935122154,0.39275836380275747,,-0.17130759763999803,-0.19093225129257294,279.23250855214496,281.2977172129253,0.8472761321349962,,,,,,,0.01897071522368482,,,271.4599609375,271.46006774902344,271.4601745605469,271.4599609375,0.1748412544205344,,,,,,0.031812949998844306,,,101363.4101331361,,,2.289940828402367,117.92599342842779,0.0894617244336732,,278.2027797360392,,74247.03591900888,0.2115914326315448,0.0009034738032775518,0.0201864434453003,3.74033253573807e-05,0.000499921437551284,,267.41089020678277,-0.07731481839919231,-0.08956410334660457,-1.2022706793831969e-07,0.007851792277613952,0.004082877255050388,1.8678052669815366e-07,0.057855004587998755,0.0415352757292739
1979-09-26 18:00:00,,,4.953465760812252,,,,,,1542.112594042819,3.161603177087547e-05,1.0086939885066106e-05,9.49430667944032e-09,0.0,-6.085057717406318e-10,,4.685113043474728,0.23090349005524224,,,,,,8.060117445048496e-06,4.8696598005012645e-05,906.0284763313609,1.3263973258656157e-05,1.8535743980012701e-06,,280.9053918962648,1.7046840233210275e-05,,281.23464803300664,4.645317969237559e-05,,,,8.06666425699313e-06,,0.0,,,,,,,8.031514269360424e-05,,,,,,,,,
1979-09-27 00:00:00,0.14898544514672996,-0.67603365204038,,0.0588416488918327,-0.5662422575188811,280.2440770617604,282.2764090814534,0.8490148246640989,,,,,,,0.19504127276719674,,,271.4597625732422,271.46034240722656,271.45985412597656,271.4599609375,0.18419597558015902,,,,,,0.3792159402158839,,,101352.59837278107,,,2.603550295857988,122.08892334706684,0.0896125093719663,,279.5248763406065,,74199.97228642751,0.5430136695283757,0.0240934364351798,0.04560680298228368,0.024686057186691014,0.10230232554779956,,266.88098460541676,0.02767159388615535,-0.3957660776623607,-3.913559361234219e-07,0.25774740045421796,0.1262898720957934,4.917588126267025e-07,0.21736172450012003,0.15095792198140373
1979-09-27 18:00:00,,,3.80642216022198,,,,,,1040.243428156926,1.1709211504406478e-08,0.0,1.0891032223341733e-08,0.0,8.170408587431784e-08,,3.5715933071791066,0.16137424446421966,,,,,,3.7613308288641933e-06,3.986622719369697e-06,665.1619822485208,2.495696514668549e-08,8.55097403893104e-07,,280.61513180704515,7.263957881010496e-07,,280.97370070959687,1.0495536999236902e-06,,,,3.7722752468120417e-06,,0.0,,,,,,,3.993125445038609e-06,,,,,,,,,
1979-09-28 00:00:00,-0.29035631439389564,0.07452697302462787,,-0.1313988047944018,-0.3571019426605405,278.4403040056398,280.51065551035504,0.8425583976965684,,,,,,,0.002781405251407059,,,271.4600067138672,271.4598388671875,271.45994567871094,271.4599609375,0.1898201485357341,,,,,,0.021009659626074796,,,101194.69563609468,,,2.3136094674556213,124.02867695283608,0.08967997477604793,,278.68019022744085,,74088.51752034023,0.2048446342704498,0.0006642228752903684,0.014826317330183098,2.042323174561269e-05,0.00045257630432851215,,266.9423889521311,-0.10672802332590317,-0.13733140921451636,-3.77335056822975e-08,0.0014753198270415942,0.0009371204489081569,-2.3264371827534075e-07,0.0216176808100833,0.01754081665852366
1979-09-28 18:00:00,,,3.8525719388702213,,,,,,918.0029589410365,5.730951326133231e-06,1.440375778802048e-06,4.937684407303407e-09,0.0,8.235583211183581e-08,,3.71197233820808,0.2640993016711354,,,,,,1.615704141953993e-06,1.9642447270232543e-06,899.6889792899408,1.9727092919617715e-07,5.50141613158954e-07,,281.64024939903845,9.11206833621454e-07,,282.0387605746117,7.921399978490976e-06,,,,1.6214629117201066e-06,,0.0,,,,,,,7.691578223155095e-06,,,,,,,,,
1979-09-29 00:00:00,-0.7579979304025865,-0.329136075352776,,-0.3277782519188153,-0.4174721339750572,279.943586180196,282.0014070589867,0.8457070680765005,,,,,,,0.5483775844235392,,,271.4602966308594,271.460205078125,271.4601233557484,271.4599609375,0.25743888538970044,,,,,,0.045754020736062315,,,101379.38054733728,,,2.526627218934911,123.13864135742188,0.08954683845565165,,279.6748205783099,,74266.03376941568,0.7103783704296371,0.005578502257163058,0.034747032649793036,1.4851872737591084e-05,0.0016562896367360853,,267.217544284798,-0.2919113791200536,-0.3018554710072173,-5.266059998742487e-07,0.028342512232312083,0.07108598767735681,-1.0732878628979056e-07,-0.00619370133213743,0.017713274123400628
1979-09-29 18:00:00,,,5.107240992890307,,,,,,596.5323238937107,0.00018293758821205276,5.0534246235909546e-05,2.5254891931834307e-09,0.0,1.9287959715918815e-08,,5.037321914582563,0.6379808053462463,,,,,,8.756570385757988e-06,0.0001369723554193621,2252.7732744837654,3.8609437688567934e-05,2.41596648502632e-06,,283.29014307507396,5.710239593799297e-05,,283.52890538322856,0.0001368173480739255,,,,8.758840828957643e-06,,6.283754648188867e-07,,,,,,,0.00031992070068269086,,,,,,,,,
1979-09-30 00:00:00,-1.5040973178028354,-0.1419626946985369,,-0.8739181326691216,-0.25840527348264436,281.3406585151627,283.2576492580436,0.8468580362359448,,,,,,,0.9457384386711573,,,271.45982360839844,271.45994567871094,271.46028414470027,271.4599609375,0.5307116988142566,,,,,,0.6277873022316476,,,101392.0650887574,,,2.467455621301775,122.14148436777691,0.08946129556238298,,282.4101721408099,,74349.10484467456,0.9679750539141999,0.07899086772513812,0.18525953557805197,0.03179231903256749,0.12515554987114563,,270.0643808940459,-0.8949050113294251,-0.22785442397439268,-2.4271314204587828e-06,-0.05060295240413508,0.4859592271362536,-1.9241511007528422e-06,-1.1709956332776674,0.5842836421622327
1979-09-30 18:00:00,,,4.102348355851936,,,,,,266.9646042140983,0.00018660609538738543,3.901194538590471e-05,6.008735505213752e-09,2.9603245298890673e-10,4.324684709227181e-08,,3.9113047616721612,0.7192570450743274,,,,,,4.7359571478070595e-06,4.696114551122194e-05,2724.0765113604843,1.0732318875352306e-05,1.13670951163275e-06,,283.5147827870747,3.5417150463578266e-05,,283.68105699889054,9.888356264504196e-05,,,,4.742327614648808e-06,,2.1053263201163365e-08,,,,,,,0.000233553530066858,,,,,,,,,
1979-10-01 00:00:00,-1.2138367827827408,0.22850034928180762,,-0.6429106243968715,-0.09320914815868851,282.60841288369085,284.0823375092456,0.8511395436772228,,,,,,,0.8467605233897825,,,271.4599609375,271.4597473144531,271.460205078125,271.4599609375,0.6583019914711721,,,,,,0.6504710585584302,,,101393.58413461539,,,2.1597633136094676,118.24399453789525,0.08966452412351349,,282.9035716762204,,74351.30246856509,0.9782011371392471,0.04509856391108468,0.12944170547037567,0.011840910601192677,0.08883094037166582,,271.8521728515625,-0.557153171336157,0.015952708453116332,-3.4169297900943626e-06,0.2786028620583066,0.23678534259859849,1.4492329871337089e-07,-0.4217570773243199,0.5177961692169926
1979-10-01 18:00:00,,,3.9116175386327257,,,,,,217.46713238340436,0.00013986917642446665,2.8079959767809986e-05,1.8995536281865025e-07,3.8800873730287574e-09,6.992474573591349e-08,,3.668838704126121,0.7528633496465063,,,,,,9.430969167037828e-06,5.960054658150119e-05,2676.113399708765,1.2645795500490088e-05,2.1138101728004818e-06,,283.00321138822113,3.495397304983757e-05,,283.3017491447855,6.516982470380001e-05,,,,9.61951514672951e-06,,1.2987747942731225e-07,,,,,,,0.00019946178747633797,,,,,,,,,
1979-10-02 00:00:00,-0.3339965414013383,0.4668006336195229,,-0.2509634819256483,-0.003726744792870516,282.4733987842086,283.9991837902182,0.8526196306979162,,,,,,,0.34778942582169936,,,271.4599304199219,271.45989990234375,271.460205078125,271.4599609375,0.747666491206581,,,,,,0.2523567740469289,,,101297.05011094674,,,2.437869822485207,120.11018813996625,0.08992908410066684,,282.4296687199519,,74276.74563147189,0.8557189145737146,0.014735177925308427,0.16999774225629294,0.007254211154915172,0.01890429354487359,,270.83681871764054,-0.2606322271584054,0.056514570698935604,-9.890254013899565e-07,0.0879476606658489,0.04276250056735069,-4.123523693597881e-07,0.3189099533318063,0.33005124147562587
1979-10-02 18:00:00,,,4.235316349909856,,,,,,293.38095977602626,3.0480457480842545e-05,5.712765737398136e-06,6.320245513009161e-09,2.2077795528646934e-09,6.904909607662252e-08,,4.074666164330477,0.5254707878466541,,,,,,8.359617559162117e-06,4.0741218140014226e-05,2086.170251248151,5.725242153427305e-06,1.7594777532583158e-06,,282.8758248774963,1.0610023546501024e-05,,283.1955147466716,2.2664666175842285e-05,,,,8.36550307697093e-06,,1.3941423636833592e-08,,,,,,,7.122667513139541e-05,,,,,,,,,
1979-10-03 00:00:00,-0.2561406807081234,0.41181656876964684,,-0.2557542846047667,-0.06115050005489552,283.03136268028845,284.5058232595229,0.8484017386944336,,,,,,,0.7804619247567725,,,271.46006774902344,271.460205078125,271.4599609375,271.4599609375,0.5942046214005298,,,,,,0.15663324510568433,,,101274.72596153847,,,2.4497041420118344,121.05756933449288,0.08988572577753011,,281.630615234375,,74268.76502403847,0.9136717728609164,0.013535769116243667,0.1082410749114124,0.00262323639096593,0.017329740806444158,,270.52607392982617,-0.2513395569028234,-0.0005161748129940598,-1.0914303555763629e-06,0.12400369099258671,0.04798110541419165,4.83362701963964e-07,0.3958710691941208,0.1858216350865082
1979-10-03 18:00:00,,,4.1877054180619275,,,,,,181.8641442293246,8.973144215239575e-05,1.9542740646904037e-05,1.4022707707695002e-08,3.1742118519438795e-09,5.242265841407707e-08,,3.9650386437861878,0.7118846630379998,,,,,,1.0254269344566841e-05,8.310739105269754e-05,2504.4121821476865,1.9151651294979116e-05,2.2286053239946535e-06,,282.8212645039756,2.5046206790314622e-05,,283.05721413877586,6.606107985479592e-05,,,,1.0269104376347107e-05,,0.0,,,,,,,0.0001728337191971096,,,,,,,,,
1979-10-04 00:00:00,0.09263174068292923,0.5202623094327351,,-0.07431835535715317,0.07903266094140048,282.4412979035688,284.16069364829883,0.8455664642463775,,,,,,,0.5894845815805289,,,271.4599914550781,271.4600372314453,271.4598083496094,271.4599609375,0.6734728569815145,,,,,,0.14348635730125595,,,101210.6423816568,,,2.408284023668639,119.06015809188933,0.08971871991129317,,282.0950212647929,,74204.24516919379,0.8553869332787554,0.009001436099801323,0.15920956582712703,0.007908454308143029,0.007815174802520572,,270.6915694919564,-0.11449255745791824,0.11807219939824393,1.0059398340478749e-07,0.0804782249088559,0.02951198349992356,2.1339777496108817e-06,0.5811854188479263,0.22281272735821425
1979-10-04 18:00:00,,,4.654867002949912,,,,,,141.67217999194042,3.325515950219871e-06,1.3065160687505846e-06,5.0219606619173955e-09,0.0,5.915531234876594e-08,,4.54644550797502,0.5720480292506472,,,,,,1.2170082542317859e-05,3.971688493469058e-05,1846.6595474333453,6.623896797733194e-06,2.2987686318053294e-06,,282.6153600568602,6.463025977625649e-06,,282.8759693394046,1.3844721768734723e-05,,,,1.2182184225003396e-05,,0.0,,,,,,,4.304548692421095e-05,,,,,,,,,
1979-10-05 00:00:00,-0.23550236718894463,0.777752735205656,,-0.22679600348839393,0.1352635671401165,281.8944951345229,283.48069988905326,0.8453603658450426,,,,,,,0.07369986088318232,,,271.4604187011719,271.4601135253906,271.45985412597656,271.4599609375,0.571017410628189,,,,,,0.11233980980145156,,,101217.18916420119,,,2.473372781065089,118.39406156822069,0.08963186783198068,,281.4711206199149,,74218.1775379068,0.6034947912368549,0.002109378047243378,0.10705239336783363,0.001414925389035919,0.0032952664166512576,,270.0951064973188,-0.2980135629868366,0.1810612255299585,1.1681116459641149e-07,0.013764906197165678,0.010245328591364993,1.9839869401577485e-06,0.2657835822794917,0.20385529691651022
1979-10-05 18:00:00,,,4.65144659640521,,,,,,207.99100773508957,3.780830188615788e-05,1.0556370548948029e-05,2.115838141483668e-07,1.832873997217893e-09,6.709726158508941e-08,,4.468804173215607,0.4776964720404712,,,,,,2.1569254482991598e-05,3.297362454544158e-05,1758.686914206962,1.7062601076780692e-06,4.108697616842372e-06,,281.98403406989644,8.475299946655183e-06,,282.26782659948225,2.7191444966920028e-05,,,,2.1781044951557407e-05,,0.0,,,,,,,7.080070718505678e-05,,,,,,,,,
1979-10-06 00:00:00,0.2016212361804127,0.9561223595805423,,-0.03271794742381079,0.24694029113950108,281.22876265486315,282.97546603411615,0.8440478144312752,,,,,,,0.3616397112784301,,,271.459716796875,271.4597473144531,271.46034240722656,271.4599609375,0.49927736858468086,,,,,,0.1413108329095784,,,101190.9900147929,,,2.5502958579881656,117.77744035890116,0.08983189114452114,,281.02671389607985,,74160.97293361687,0.6552407922741224,0.005560925726354475,0.09119393171731537,0.0007953545045570509,0.007440589588774732,,268.7806669156227,-0.04464694028775368,0.2501368445052198,5.935560521403102e-07,0.056406353824887664,0.04837230230218692,1.049086919258288e-06,0.22788259265779037,0.1470486807399953
1979-10-06 18:00:00,,,3.4750798524484128,,,,,,427.39603508843317,6.304612967389575e-07,3.1132763527201475e-07,1.0580706173146265e-09,0.0,6.279760755582357e-08,,3.2696564215174795,0.2160612027320636,,,,,,1.065816575958884e-05,1.102972489136916e-05,828.5917159763313,3.279522943073476e-07,1.870801110239424e-06,,280.1160390278291,1.6327793076193544e-06,,280.43898651303624,3.4830141702347254e-06,,,,1.0659620606687647e-05,,0.0,,,,,,,1.1671003858013266e-05,,,,,,,,,
1979-10-07 00:00:00,0.3251961194551908,0.40702624010616506,,0.05472720551067555,0.0015747307320318278,277.96976701183434,280.13700045072113,0.8412416750157373,,,,,,,0.0,,,271.4601135253906,271.46006774902344,271.4602508544922,271.4599609375,0.26519159432180284,,,,,,0.07060088208441198,,,101297.06545857988,,,2.3550295857988166,117.28980629825028,0.0902338422967132,,278.62246469350964,,74195.11651719674,0.2936260595576033,0.0019874967766936712,0.01890300387053712,3.574285986860828e-05,0.002731210381321653,,268.0427138650206,0.014197207061496712,0.05869702897833649,9.004831699497402e-08,0.0077470686801946196,0.001778648358896463,3.610907724201569e-07,0.03834110877570316,0.0006122537089522774
1979-10-07 18:00:00,,,3.619019344713561,,,,,,780.2235507341771,1.8019493691314607e-06,7.979175042823927e-07,1.7634617921086194e-09,0.0,1.0077952806003575e-07,,3.5395436032989323,0.273889936639007,,,,,,6.591711061064308e-07,1.1850435000199537e-05,1136.0798816568047,1.2278193111955767e-06,1.388669465861377e-07,,279.9256006726146,1.6249484828943332e-06,,280.2013076691938,6.426280066811827e-06,,,,6.609910426760566e-07,,0.0,,,,,,,1.364723729664052e-05,,,,,,,,,
1979-10-08 00:00:00,-1.0361903658985385,-0.3274424118403147,,-0.42517523793779183,-0.34764363215519833,279.1612960544564,281.51942579280694,0.840639083695835,,,,,,,0.0010071703668176775,,,271.4600830078125,271.45960998535156,271.45994567871094,271.4599609375,0.272571812014608,,,,,,0.10506543040980953,,,101527.57969674557,,,1.9467455621301775,115.98634383523253,0.09020747235540807,,278.2374130339312,,74386.70471985947,0.3293862032026229,0.0018332046869943834,0.046691352799093935,0.0005642718817355365,0.0020133701301890718,,268.5104251839,-0.2958988889434634,-0.11157047678027633,-1.948529904422911e-08,0.004345004545998644,-0.0026211375315513836,1.4350024625774715e-07,0.05593503791199633,-0.04219583893668722
1979-10-08 18:00:00,,,4.568898421067458,,,,,,355.90326776448086,5.0412832632572696e-05,1.9424236737764797e-05,3.9800648858561316e-06,1.419600121368318e-06,-7.742621498313297e-08,,4.351237319630279,0.5071515867696006,,,,,,1.7988875772826066e-05,0.00011451374849624183,1837.258875739645,2.3598413495622443e-05,3.4332407649452164e-06,,280.9638050688794,2.936833708949343e-05,,281.1738021218565,5.8318471767493255e-05,,,,2.1968632054752148e-05,,1.4511548732159406e-07,,,,,,,0.0001649094756538346,,,,,,,,,
1979-10-09 00:00:00,-1.1054422333395693,0.45504176687206743,,-0.6365423315375515,0.11597233834351309,280.02599158653845,281.4727140347633,0.8430690056473545,,,,,,,0.006334869113899547,,,271.4598083496094,271.4596862792969,271.46014404296875,271.4599609375,0.5009255468977626,,,,,,0.3129694109132304,,,101721.78846153847,,,2.769230769230769,118.15825350609052,0.09026278828728128,,280.0174423308062,,74525.2456776997,0.6354464080912121,0.00853238973520991,0.17720428078308614,0.009568118484767936,0.0227697248289571,,268.63868487657174,-0.618275845544578,0.05791343598676151,2.2979505171037705e-07,0.028483601289762725,-0.008221695761708819,3.2554735352433995e-07,0.5081909839835392,-0.0641408851866186
1979-10-09 18:00:00,,,3.824300150899492,,,,,,225.22299546461838,0.00033954967408490603,9.697975491630961e-05,1.5963640438734428e-06,3.4633076049872406e-07,2.0166904107218377e-08,,3.5754332232052053,0.6444274504288766,,,,,,8.042262503381311e-06,0.000146050570938664,2224.132234652367,3.808573681927292e-05,1.6375516469662007e-06,,280.2210570566753,8.868589203738602e-05,,280.451852290588,0.00017064457108988566,,,,9.631242096071412e-06,,7.726450467250756e-07,,,,,,,0.00048562228816143076,,,,,,,,,
1979-10-10 00:00:00,-0.9877653404100407,0.471196637351132,,-0.5020228786581367,-0.016087103172166814,279.35865702431585,280.9922409509061,0.8410986150510212,,,,,,,0.06573693992118158,,,271.460205078125,271.4603729248047,271.460205078125,271.4599609375,0.6026953154149846,,,,,,0.3844285469155031,,,101773.58394970415,,,2.8106508875739644,120.76255500387158,0.09047825943083453,,279.11142202524036,,74544.14101793639,0.7240261242851703,0.017922489289414777,0.20187928817874184,0.018916135708961262,0.025011096480330067,,267.67848223624145,-0.44795673415505677,-0.022973111395299787,7.64913550661064e-07,0.1694835859554759,-0.0881166345269017,-3.4264533728162743e-07,0.6272146714088016,-0.05264583000769982
1979-10-10 18:00:00,,,5.985706069765712,,,,,,264.6253672944018,0.0004191596127120701,7.066571500879774e-05,6.840955576247718e-05,2.221445712817491e-05,-3.0921361439781454e-08,,5.580187746758997,0.7154730939300809,,,,,,0.00012531188818124624,0.00033620531002480467,2534.071988258136,5.64576782418426e-05,2.7207227853628305e-05,,280.09298724112426,0.00011898709472114518,,280.4085816151997,0.0002813086111007855,,,,0.0001937193278024888,,5.518323218328713e-06,,,,,,,0.0007553891698440975,,,,,,,,,
1979-10-11 00:00:00,-1.0967131168884638,1.025337309526974,,-0.6800784274671204,0.33058561516936713,278.82644490800664,280.52810650887574,0.8496969606749405,,,,,,,0.06808688372549926,,,271.4602508544922,271.4600524902344,271.46014404296875,271.4599609375,0.6034707275368053,,,,,,0.3622411328130925,,,101604.12962278107,,,2.8875739644970415,119.38013544026211,0.09249664622651049,,278.97560905140534,,74405.49154031066,0.6802278136360574,0.018005882155635124,0.14326154696204033,0.010028929400020802,0.04718301987506934,,268.982631344767,-0.6283755556366147,0.2533545522294806,-9.08644458767407e-08,0.21088847886087628,-0.010238323691328603,-2.8107527983733094e-06,1.0640853312329428,-0.015270383400324534
1979-10-11 18:00:00,,,4.612481997563289,,,,,,271.73382771809895,6.431394074795514e-05,1.029639378101868e-05,8.769311319441485e-07,3.262556615401302e-08,2.268283445726992e-07,,4.165015790589463,0.46751141971384985,,,,,,1.3768408425460906e-05,6.0495716580272424e-05,1637.9708130966276,7.992885874573295e-06,4.1400539804492475e-06,,277.19816273345043,1.593987793612057e-05,,277.75156885632396,5.569525018951596e-05,,,,1.4645901657420503e-05,,3.4622054480942045e-07,,,,,,,0.00012482517569728152,,,,,,,,,
1979-10-12 00:00:00,-0.4799196141711354,0.15614439608782707,,-0.3598560750837157,-0.23191263548721222,276.6871215098003,278.81961908284023,0.8467926823881251,,,,,,,0.06701091337486131,,,271.4598846435547,271.46009826660156,271.45985412597656,271.4599609375,0.5626716687834474,,,,,,0.1669721434102256,,,101718.93565088758,,,2.8461538461538463,124.99378651274732,0.09418062063363883,,275.3493002265163,,74415.79507211539,0.608721971864531,0.005457087176505438,0.09190804040687676,0.0026124017478446285,0.012613872099204882,,266.0113032414363,-0.36135999126547186,-0.12815808967725764,-2.7700271862992995e-07,0.06347186748798077,0.00010374023099622784,2.471659161679491e-07,0.5459706556305466,-0.027262193564127183
1979-10-12 18:00:00,,,4.040034802002315,,,,,,316.82910573260386,1.9333066319572856e-05,2.518659953534956e-06,9.978708078169964e-07,2.0083795665327968e-09,2.6445870938505594e-07,,3.962404268027763,0.37226244683801774,,,,,,8.044532946580965e-06,2.1850084059337188e-05,1442.7599852071005,2.999233423605473e-06,1.8510284155783568e-06,,276.32619498890534,4.32101712071684e-06,,276.6859181421043,1.7221201453688583e-05,,,,9.043594083842441e-06,,1.4646838490779584e-07,,,,,,,4.116238574304524e-05,,,,,,,,,
1979-10-13 00:00:00,-0.8747129948181513,0.1116013780853452,,-0.45409703677927954,-0.3265384301631408,276.33741534532174,278.44677300989275,0.8394180458678296,,,,,,,0.01543604833839913,,,271.46006774902344,271.4601745605469,271.4599304199219,271.4599609375,0.4205163059723095,,,,,,0.0765292376456176,,,101864.55843195267,,,2.8402366863905324,125.84737147946329,0.09440858829656296,,274.5062536657209,,74487.15026349852,0.4466504369746651,0.003035964540029551,0.053424817012600906,0.0009570883575981186,0.003959373609554132,,265.82872677413667,-0.360149366615792,-0.11994202179316232,-9.126186815328819e-08,0.026250835227058133,0.0038953407849433154,9.180735024749632e-07,0.22135095772493255,-0.02642393464872823
1979-10-13 18:00:00,,,3.8438773691301513,,,,,,219.96487973060138,8.767459695861185e-06,2.2912519217948235e-06,7.378165444811068e-09,7.406494321202385e-09,2.458181149810525e-07,,3.7004835647944163,0.32662060980260726,,,,,,5.53077759122002e-06,1.8259918195961496e-05,1217.359142596905,3.0778061885100146e-06,1.494348401854024e-06,,276.4655573918269,2.7544884639378834e-06,,276.7773177468565,1.1386471034507074e-05,,,,5.5384706463334125e-06,,0.0,,,,,,,2.701430631107127e-05,,,,,,,,,
1979-10-14 00:00:00,-0.6085367315619655,0.2597877118714462,,-0.2959521479860565,-0.25243607357408876,275.6005795270028,278.18435506425664,0.8315432759431692,,,,,,,0.0,,,271.4600067138672,271.45997619628906,271.4600372314453,271.4599609375,0.38725079712871263,,,,,,0.05825254903037167,,,102006.59578402367,,,2.7514792899408285,126.26011648685974,0.09441248763947797,,274.15100756763707,,74593.82583672338,0.39764838299807714,0.0017343893559021357,0.053358972739406235,0.0011031754623503376,0.004173007942515718,,265.1315728362495,-0.28161996356128943,-0.1327923204771866,5.419409846592165e-09,0.005892110061308247,0.0017079901853962057,9.491436766218063e-07,0.17954887986354,0.015629956994712705
1979-10-14 18:00:00,,,4.126343777899206,,,,,,219.53347348813656,4.4152680674248194e-07,5.34422100472027e-08,1.6258880716456465e-07,2.367639660658921e-08,2.811206469399105e-07,,4.006420662769904,0.3214653060281065,,,,,,6.2874082982892825e-06,2.3369385293249548e-05,1152.2244822485206,2.5787826120500734e-06,1.5738028922729945e-06,,275.57921830577965,3.067919841179481e-06,,275.89522845928485,7.145459482655723e-06,,,,6.451100640042999e-06,,0.0,,,,,,,2.382779438820111e-05,,,,,,,,,
1979-10-15 00:00:00,-0.05845994215745192,0.2006471915357917,,-0.13023827344002809,-0.3141424641806698,273.94783814560026,277.0396821512978,0.8242546178885466,,,,,,,0.0,,,271.4596710205078,271.4599151611328,271.4598846435547,271.4599609375,0.3793109287273624,,,,,,0.04023453751964682,,,102015.04696745562,,,2.7455621301775146,126.73062314366447,0.09437963666295159,,273.6234560633552,,74603.21542159763,0.3857546521463712,0.0014276038965529943,0.03318499548900762,0.0007183989124185235,0.0026600967497515254,,264.52941036788667,-0.07184284749115713,-0.11846092607848038,3.7923640191355086e-08,0.004762350222007675,0.0017822534162771596,1.4241127434707406e-07,0.10034810143285955,0.014467354555278134
1979-10-15 18:00:00,,,4.170339375557984,,,,,,293.21339632770207,8.238225998963125e-06,7.262497523127223e-07,5.247677571674776e-06,6.677086889391115e-07,2.048639614188757e-07,,3.988984198259884,0.33910275069919565,,,,,,9.870299926170936e-06,5.524900890666352e-05,1118.041050295858,1.0751893181772627e-05,2.5559569427952962e-06,,276.07259906114206,9.73048030272038e-06,,276.39110614844327,2.3165794871967925e-05,,,,1.5117977497845712e-05,,0.0,,,,,,,6.34914671880959e-05,,,,,,,,,
1979-10-16 00:00:00,-0.42639759447447645,0.2565141768145138,,-0.31528420984392336,-0.2594117497551371,273.1651923727002,277.1168332071699,0.8178768249658438,,,,,,,0.0010061461544601169,,,271.46009826660156,271.4598083496094,271.4599609375,271.4599609375,0.3738342826888406,,,,,,0.05891481659116124,,,101900.81028106509,,,2.591715976331361,126.16747595431536,0.09437416008943637,,273.7755424905811,,74504.68283099112,0.37863330728203587,0.0023818213558761325,0.0496049934031873,0.0043239932088456915,0.003876782027927376,,263.9441939133864,-0.19991301361625716,-0.17132150209867036,2.333925714573035e-07,0.026692229148121718,0.006494379380563572,4.926751527560533e-07,0.15786421781725432,0.03986945413273467
1979-10-16 18:00:00,,,4.216839948349451,,,,,,588.8489799216942,6.710195682457919e-06,6.226662921129599e-07,5.686647374425414e-08,0.0,2.7830602453757056e-07,,4.03491445688101,0.23966510479266828,,,,,,9.575406827870205e-06,3.108558570139507e-05,902.7877218934912,6.253858642465264e-06,2.379997594822088e-06,,275.16221465161567,5.253827607137917e-06,,275.5039845302966,1.4896223530966854e-05,,,,9.632101778447981e-06,,0.0,,,,,,,3.779772117998473e-05,,,,,,,,,
1979-10-17 00:00:00,-0.4739539919520271,-0.09546162531926082,,-0.27016734512599966,-0.37386820866511417,272.47477189464684,276.35696140266737,0.813958745383652,,,,,,,0.0,,,271.45970153808594,271.4602966308594,271.4599609375,271.4599609375,0.2923329370261649,,,,,,0.07311108831823225,,,101880.30732248521,,,2.603550295857988,125.71004021097217,0.09467951362655008,,273.18337877262275,,74462.92631286982,0.30504034005502273,0.0028156810963647604,0.03879117874288105,0.0009287348865757327,0.007597658055773854,,263.4082459218403,-0.16350129370153302,-0.15111740947475094,1.2656481987893163e-07,0.013894328284049792,0.004334602064105886,8.510534352617415e-07,0.14325910762569607,0.017258928724999963
1979-10-17 18:00:00,,,4.457109451293945,,,,,,430.48583326882465,3.914684938961232e-06,1.054006413771556e-07,4.982231350163736e-08,0.0,2.4606009438797867e-07,,4.345071871605145,0.2025527502658099,,,,,,1.1908099848843185e-05,1.7918954939531855e-05,803.5972633136095,1.2507717284930529e-06,2.32933144244922e-06,,275.2101663442758,3.641173684385401e-06,,275.64140355939696,5.646900841470301e-06,,,,1.1958270030614186e-05,,0.0,,,,,,,2.1838401196271005e-05,,,,,,,,,
1979-10-18 00:00:00,0.06738242877305613,0.17262489838007639,,-0.035246809558755546,-0.349808173772146,273.79977570482964,277.09937588844076,0.8075453127629658,,,,,,,0.0,,,271.45997619628906,271.45982360839844,271.460205078125,271.4599609375,0.26135470599112426,,,,,,0.03996755385539941,,,101890.06619822486,,,2.4615384615384617,126.05949934558755,0.09475650730923083,,272.6255907589162,,74480.7435049926,0.2675268410225592,0.0018906706183619752,0.02852602025189853,0.0003128771245832274,0.0037680292975973096,,264.25610803005964,-0.01566755418946757,-0.15573647283238068,1.8484236321703237e-08,0.006341364242177121,0.003761983768650766,5.354801495628398e-07,0.0860037719004253,0.02323548564103228
1979-10-18 18:00:00,,,3.9106884775077098,,,,,,512.2554463704427,1.585799870053692e-06,6.749719028642192e-07,0.0,1.5968049066306572e-06,2.846203233544527e-07,,3.793309381374946,0.19354076498358913,,,,,,5.473267044541398e-06,2.213373515732895e-05,756.7034023668639,3.6086600560408374e-06,1.1242330956035818e-06,,275.1802842179699,3.2553085561334734e-06,,275.4737818791316,7.460213448168963e-06,,,,5.471724024891148e-06,,0.0,,,,,,,2.3710568981057794e-05,,,,,,,,,
1979-10-19 00:00:00,0.05503639808067909,0.10699174531112761,,-0.050743571399937015,-0.31081381351990106,272.50674926035504,275.90700165336654,0.8025568945873418,,,,,,,0.00785755405764608,,,271.4598388671875,271.4601593017578,271.4597473144531,271.4599609375,0.22934312086838943,,,,,,0.05590404984513683,,,102016.54493343196,,,2.544378698224852,126.00434956748104,0.09471928015263123,,272.52860706938793,,74596.72022928995,0.24686337081638313,0.002124659408479047,0.03360314905290773,0.0017034372634436251,0.004269865137585521,,264.0362189479128,-0.011841326070255077,-0.15538472959981162,1.0359440104431092e-07,0.015267766911547477,0.002647347859872957,2.0913853270095394e-07,0.07714233986107555,0.016176421261398045
1979-10-19 18:00:00,,,3.767131286259939,,,,,,704.5547006835938,7.711461133505466e-07,3.727219073024727e-07,2.7901652825654613e-07,3.1253311937377297e-07,2.8466880641817035e-07,,3.7145499731662004,0.1568879799024593,,,,,,4.708579570584043e-06,6.135277582343513e-06,649.4349112426036,1.9875470791342697e-07,8.542955847534202e-07,,275.2023883345564,1.04733009839199e-06,,275.62104282717735,2.1196681366869685e-06,,,,4.98777795472794e-06,,0.0,,,,,,,6.907591982000678e-06,,,,,,,,,
1979-10-20 00:00:00,-0.46522257878230167,0.19323460731280626,,-0.2607094917071642,-0.3179406555446647,273.11476279715816,275.75388737966324,0.802818218279167,,,,,,,0.0,,,271.4599609375,271.4601287841797,271.4603761621922,271.4599609375,0.2156906579373151,,,,,,0.04920246191984098,,,102326.90458579881,,,2.42603550295858,124.6309444269485,0.09459290419809917,,272.9863204504611,,74826.20550573224,0.23694064349112426,0.0013963019354103585,0.02714794634979109,0.00019913806012396276,0.0011745458523902668,,264.09554421690086,-0.12723273532630425,-0.13256905911236824,6.961906941011052e-08,0.003464822938456338,0.0037647233022233616,1.0399920152935624e-07,0.011100670995091546,0.014393155391399678
1979-10-20 18:00:00,,,4.356746713085287,,,,,,517.3022680109198,8.831968938810586e-07,3.2185047820827665e-08,3.682967473769329e-07,5.805749203679124e-08,3.0226381019428756e-07,,4.221423730342345,0.21786751831776996,,,,,,3.911224166317099e-06,3.91093760552491e-06,927.478550295858,0.0,8.53463456299178e-07,,274.8417946177827,7.607913493404727e-07,,275.1852569580078,1.1734829763688985e-06,,,,4.280358552932739e-06,,0.0,,,,,,,4.7724826272422745e-06,,,,,,,,,
1979-10-21 00:00:00,-0.3159580682156354,0.19003225360396345,,-0.21134656420826206,-0.3807765238383818,274.3128353322046,277.43471974028637,0.8027309500254117,,,,,,,0.0,,,271.4601745605469,271.4600830078125,271.4600067138672,271.4599609375,0.2601197372526812,,,,,,0.014393845958822577,,,102568.8888683432,,,2.514792899408284,123.73506101348697,0.09446633920161682,,272.9963939599032,,74952.50552422338,0.2675849869406435,0.0009979496340779862,0.011363791684846025,1.4446190828402367e-06,0.0006126680317715075,,264.47348564193095,-0.09214511319730409,-0.1340282823912491,7.736998607862872e-08,0.0025193951004487875,0.0033405459631983873,3.7850489438313046e-08,-0.006186044075079924,0.020612585429961864
1979-10-21 18:00:00,,,3.7771960602709527,,,,,,534.576884343074,0.0,0.0,0.0,0.0,2.0495139668763135e-07,,3.6684020958708587,0.10657325157752404,,,,,,6.952433235193851e-07,6.850841923578251e-07,470.80288461538464,0.0,2.772475664432232e-07,,274.2725372314453,1.8801005590244157e-07,,274.57376062517335,3.590441402598951e-07,,,,6.952433235193851e-07,,0.0,,,,,,,6.850841923578251e-07,,,,,,,,,
1979-10-22 00:00:00,-0.030408870539016274,-0.2295964257956962,,-0.12553372467763324,-0.49691678786418847,271.5369217550966,275.00576827370907,0.7996530603374955,,,,,,,0.0,,,271.4599914550781,271.4601287841797,271.4600067138672,271.4599609375,0.1211869279308432,,,,,,0.005842818310980261,,,102493.03457840237,,,2.0473372781065087,123.20871116141596,0.09440999341434275,,271.9743999955217,,74920.61942954881,0.12431723690597263,0.00014743402864806046,0.0056944465846410185,0.0,8.114555178309333e-05,,263.50422415648694,-0.061170087763543664,-0.20945371184828718,-9.798495759413844e-08,0.00012281005540807572,0.0006857032187767988,9.347945302773058e-08,0.0002852850676288266,0.0002658516389025739
1979-10-22 18:00:00,,,3.7310141169813256,,,,,,2694.003159211811,2.4837277796582355e-09,0.0,0.0,0.0,2.0331045129885687e-07,,3.5880894724433943,0.06694066877195821,,,,,,1.535690306911807e-07,3.0339141679409696e-07,362.17862426035504,0.0,3.835264890945169e-08,,275.63526952619384,3.2509150832186086e-08,,275.9810768443452,1.0804306252820957e-07,,,,1.535690306911807e-07,,0.0,,,,,,,3.0700373601102263e-07,,,,,,,,,
1979-10-23 00:00:00,0.10774414920242581,0.056287635712933964,,-0.08898369941485704,-0.3169974490735658,272.387672108306,275.544427724985,0.7991406772969037,,,,,,,0.12205649833002034,,,271.4600830078125,271.46006774902344,271.459716796875,271.4599609375,0.10440072505431768,,,,,,0.24612959461099299,,,102313.65865384616,,,1.6449704142011834,122.24214542546922,0.09423068853525016,,272.84177439311554,,74858.0702893861,0.34461632000624076,0.0021916084740994245,0.006842009414582563,3.958506697028346e-06,0.0008676108523938782,,265.06345633783286,-0.04097420329878316,-0.14303399825237206,2.3283771510971656e-07,0.041653762907671504,0.0039451529076267805,2.417837740776278e-07,0.009464255899201924,0.0002398871811183952
1979-10-23 18:00:00,,,4.270626690966138,,,,,,428.18564397638494,9.022873534253362e-06,4.193651870157592e-07,7.112791552346134e-06,4.879358781159982e-07,1.7175220307644688e-07,,4.141638924384258,0.13280545748197115,,,,,,2.1463182903605804e-06,1.0744266256072817e-05,578.4045857988166,1.073820439316112e-06,7.602016954026984e-07,,275.46370845997825,2.3147719498922133e-06,,275.7671707424186,4.655797276976546e-06,,,,9.259705007428954e-06,,1.0574534094545263e-06,,,,,,,1.9771283900243996e-05,,,,,,,,,
1979-10-24 00:00:00,0.5012645721435547,-0.2273314718664045,,0.07326641872789733,-0.369940644890599,272.36911435099046,276.1311306925215,0.7962536131136516,,,,,,,0.14808113053000185,,,271.4601745605469,271.4597930908203,271.4600067138672,271.4599609375,0.2032365968241494,,,,,,0.042431261412490755,,,102236.31065088758,,,2.100591715976331,122.9164127146704,0.09405173634636331,,272.9571636132235,,74803.60604659763,0.33116809009800297,0.0005324648682182358,0.026963318593403292,0.0009306789149899455,0.0009738989835660133,,263.9166150516307,0.005411081412840172,-0.1962326038518601,3.932482575735173e-08,0.0037922492248561378,0.00023377341626090763,4.809717641703884e-07,0.09237958761979137,-0.0006256805369134486
1979-10-24 18:00:00,,,3.815607889164129,,,,,,2745.623986028856,7.785636292406794e-06,2.679696097176456e-06,0.0,0.0,1.8582874890153806e-07,,3.736234134470923,0.23559516139284392,,,,,,9.207039817991342e-08,2.7590337589647645e-05,827.4604289940828,4.1110452110245384e-06,1.6831959247831585e-08,,276.5656985672268,3.593869110536293e-06,,276.90605822681675,1.5140020635706433e-05,,,,9.207039817991342e-08,,0.0,,,,,,,3.5372006117239507e-05,,,,,,,,,
1979-10-25 00:00:00,-1.1189753289758806,-0.39088427526711006,,-0.4897245091094068,-0.47853282499595506,273.6503731089936,277.60967232066497,0.8019313039864309,,,,,,,0.2748761600291235,,,271.4601287841797,271.45985412597656,271.4599151611328,271.4599609375,0.2103440324230307,,,,,,0.0702996790056398,,,102242.58191568048,,,1.816568047337278,121.03466345431536,0.09390768073719634,,273.7789986514481,,74827.29319988906,0.46256892638799,0.0019699920564008183,0.049584744244637574,0.0019821641007824057,0.0005647727018277321,,265.61355681109006,-0.29435762145815514,-0.2286364369138458,7.155985253196231e-07,0.06712680454040429,-0.003975146268246442,6.681993209685271e-07,0.12652734052059214,-0.030110108076468023
1979-10-25 18:00:00,,,4.234490654172276,,,,,,570.1510184959129,6.853141022857124e-05,1.3732434024472209e-05,1.6289702533970217e-05,2.0045588707782813e-06,1.608576822144044e-07,,4.068363302558131,0.30943551148183246,,,,,,1.882237090161566e-05,0.00010538930018272625,1135.1475591715975,2.047904497067604e-05,4.686304979775785e-06,,276.34084523217916,2.5368124775632597e-05,,276.66810219668776,5.798720749172233e-05,,,,3.511145622772578e-05,,0.0,,,,,,,0.0001739058974226551,,,,,,,,,
1979-10-26 00:00:00,-0.3386088546211197,0.09954518538254958,,-0.19675305609166974,-0.2614353902241182,273.6724276570879,277.03005800867925,0.8042207811711103,,,,,,,0.03515837178427792,,,271.4596710205078,271.45965576171875,271.46043395996094,271.4599609375,0.3537854979024131,,,,,,0.13698446962254993,,,101901.24463757397,,,2.5976331360946747,120.22289154233312,0.0941298812098757,,274.1532224395571,,74508.2877681213,0.3919220873590052,0.01109860211434449,0.05888470531215329,0.006637257231763128,0.016667563534347264,,264.15060099765395,-0.12682334629036265,-0.10400927842721432,8.549040959067863e-07,0.20870428817467584,0.016399673824115883,5.913586645061976e-07,0.1900407689562916,0.08542014226405578
1979-10-26 18:00:00,,,4.255043746451654,,,,,,925.5375407691141,4.108840897238466e-06,2.498837661813702e-07,0.0,0.0,3.3685880370979536e-07,,4.16864421663905,0.13399808082354844,,,,,,9.686064757627143e-08,3.880782592931443e-06,543.5340236686391,9.810463828448007e-07,2.5204950447618608e-08,,274.9535016844259,2.132962904209216e-07,,275.3595570220044,4.957126971532608e-06,,,,9.686064757627143e-08,,0.0,,,,,,,8.003543731728954e-06,,,,,,,,,
1979-10-27 00:00:00,-1.132570097432334,-0.993399343547031,,-0.4479055630384818,-0.6755283570148536,273.3228143093854,276.5211680034209,0.8068791465646417,,,,,,,0.018485436072716348,,,271.4602355957031,271.46031188964844,271.4601135253906,271.4599609375,0.17997615295049002,,,,,,0.07072683481069711,,,101897.29900147929,,,1.7988165680473374,121.00901857635678,0.09480578236325958,,271.9318947876699,,74500.5204095784,0.21705293373243342,0.0004017183766562558,0.0430414323976054,0.0006097646859975961,0.00021946782896504598,,263.5939843894462,-0.2805006151368632,-0.34676656215148566,-1.617607149294131e-07,0.01164495636923955,-0.0015650844344725977,2.4350813297918564e-07,0.11840156240928808,-0.052704102188877805
1979-10-27 18:00:00,,,3.6321363336235812,,,,,,1339.2702564912684,2.3912924986619215e-05,5.4930617823403264e-06,3.4143497957985784e-06,8.967368913120066e-07,1.5829199900610935e-07,,3.4699232112726515,0.1578554232444989,,,,,,9.741876604994374e-06,2.499872587136263e-05,638.5902366863905,2.519673937876549e-06,1.8677481356457141e-06,,275.78427503235946,8.902165311328053e-06,,276.08673926359097,1.662987223743687e-05,,,,1.315860705968191e-05,,0.0,,,,,,,4.8907550834339754e-05,,,,,,,,,
1979-10-28 00:00:00,-0.864799002923909,0.05243877546321711,,-0.3679397176708695,-0.3300197195019242,271.9823966844547,276.9686792136649,0.8025282550845626,,,,,,,0.14254196034468844,,,271.4602813720703,271.4599914550781,271.4600830078125,271.4599609375,0.17067253519092085,,,,,,0.17727543757512018,,,101983.59375,,,2.260355029585799,121.8251127886349,0.09472605744762534,,273.54801977033446,,74558.08170765532,0.3535620995174498,0.010920020021992796,0.03711918174267124,0.0011868871880706246,0.01582875900719998,,264.66618076301893,-0.22902563196667552,-0.13824825174004368,3.6438143188368045e-07,0.18371937725108844,0.02753229536248382,-2.1717361163846686e-08,0.0547981522316058,0.02561630581962992
1979-10-28 18:00:00,,,3.644052632461638,,,,,,1101.6587776337694,8.341123366496972e-07,1.3905913519436086e-07,1.8847158410140043e-07,5.0805988528672055e-08,2.3068543087853638e-07,,3.5928054106306044,0.17595839641503327,,,,,,2.394369720707278e-06,2.6271893427922177e-06,750.4548816568048,7.72618870498866e-08,5.118609488715787e-07,,274.7432243753467,5.888796725569392e-07,,275.0558474388348,1.140434801931212e-06,,,,2.581912737626296e-06,,0.0,,,,,,,3.4503241967872755e-06,,,,,,,,,
1979-10-29 00:00:00,-0.183818664776503,-0.6205801427717039,,-0.12276622388489852,-0.6184312041694596,273.7220125819099,275.33683704624514,0.8028560115035469,,,,,,,0.029896482208071375,,,271.4602508544922,271.4602966308594,271.4598693847656,271.4599609375,0.22211424697785687,,,,,,0.09888444708649223,,,102157.66457100592,,,2.3254437869822486,122.34254067325028,0.0949433089713373,,273.234096188517,,74677.81314718934,0.29251333383413464,0.0021836404969706336,0.026657478123546453,0.0001122136793193027,0.0017622039162901026,,264.0105019292888,-0.05991545231384639,-0.28300568055824415,1.913798037336412e-08,0.009746868339692348,-0.007624784870260566,-7.564779227226146e-08,-0.01619399757780267,-0.0029696106205325157
1979-10-29 18:00:00,,,3.7429777969270064,,,,,,2056.1628643798826,4.555664118930433e-05,5.414477995866855e-06,6.089416834024282e-06,2.6285890820463736e-07,3.539635744956156e-07,,3.7267704235731496,0.1557665040507119,,,,,,6.190418491702108e-06,1.788734507983958e-05,626.8306213017752,2.8057828457397823e-06,1.5245254575853517e-06,,275.6374497272559,9.524707610790547e-06,,275.96939574473004,2.9007270491334814e-05,,,,1.2278953600211961e-05,,0.0,,,,,,,6.343874000233306e-05,,,,,,,,,
1979-10-30 00:00:00,-0.39656623298599875,-1.2007693397928272,,-0.19165571765786799,-0.8312229235496746,274.61351238905326,276.06372503698225,0.8116152342959974,,,,,,,0.08613902436205621,,,271.4604187011719,271.4598846435547,271.45960998535156,271.4599609375,0.12954206297383505,,,,,,0.11139358430219119,,,102281.41401627219,,,2.201183431952663,122.95115291437453,0.09536664443608572,,272.3533429027309,,74774.52979382397,0.2589444313680522,0.004435290951700605,0.013360096858097957,0.0001640838278821234,0.005600404457227718,,263.8165494478666,-0.08724704120286117,-0.39861836518056293,2.4707513352816087e-07,0.02540552263429179,-0.0169459271007741,-1.2658444128533792e-09,-0.013097419541263016,-0.007303775062222452
1979-10-30 18:00:00,,,3.7718153846334426,,,,,,1963.9308652010832,5.860124113997059e-06,1.7314554142528738e-06,0.0,0.0,2.416746458130175e-07,,3.744707756493924,0.027098616199380546,,,,,,5.801495566920063e-08,3.391522748847685e-07,131.66900887573965,2.5595527296588267e-08,1.8750530248783396e-08,,274.5944174140163,7.400652889669294e-07,,274.9182750092456,1.82423498150865e-06,,,,5.801495566920063e-08,,0.0,,,,,,,6.199103488019232e-06,,,,,,,,,
1979-10-31 00:00:00,-0.6985158525275056,-0.5530600745297043,,-0.29254147569103356,-0.624802245190863,271.4695346990281,275.12512423724115,0.8062677919511965,,,,,,,0.026229248949761926,,,271.45953369140625,271.4602813720703,271.4600067138672,271.4599609375,0.07772628513313609,,,,,,0.03731243426983173,,,102126.80843195267,,,0.5325443786982249,125.82085983005501,0.09528748382478071,,270.93121193428715,,74714.6723141642,0.12261746197762574,0.0012204379019652599,0.006406027889816013,4.7151858990009015e-05,0.0009164189445901905,,262.7728527904262,-0.1131539849134592,-0.29611924414098617,5.812555345391149e-08,0.010290963882470184,-0.009370082228846804,-1.808870333204178e-08,-0.0019784848806420727,-0.004443259986900014
1979-10-31 18:00:00,,,3.7950240422988077,,,,,,417.76042508212004,7.061431041130652e-06,4.782038327504897e-07,1.1449646667615902e-06,0.0,2.4229609977560115e-07,,3.704784336880114,0.18576952691614276,,,,,,3.938612765109046e-06,4.5456587386554514e-06,752.2559171597633,1.6113120467352443e-07,8.564199921647472e-07,,275.153024165588,9.514011178143631e-07,,275.48801544008876,6.4335102160301435e-06,,,,5.084117488748223e-06,,0.0,,,,,,,1.1604433581673887e-05,,,,,,,,,
1979-11-01 00:00:00,-0.16493760622464693,0.2461941566693007,,-0.2120715880535058,-0.351708756396051,272.435020401633,275.38624491494085,0.8018054715275059,,,,,,,0.0,,,271.4599609375,271.4600372314453,271.46026611328125,271.4599609375,0.21724723499907544,,,,,,0.026466031046308708,,,101884.93953402367,,,2.5384615384615383,126.89073316585383,0.09522760831392728,,272.84295672354614,,74481.95638406066,0.23048464080991124,0.001052120028162849,0.017222353692590838,5.91724229282176e-05,0.0006472909238916882,,264.3071917471801,-0.05215528942424165,-0.13197641083474695,9.350959181203248e-08,0.0027673794268341127,0.0010462453445562949,-2.2491750158589974e-09,0.02764139862279215,0.013520988641229607
1979-11-01 18:00:00,,,4.0983518905188205,,,,,,892.3149473608994,9.845258921561156e-06,1.92293313128003e-06,5.563798211735381e-07,2.617140427319961e-08,2.0488995197900715e-07,,3.9345056770821296,0.20625892052283654,,,,,,1.9019789244296283e-05,3.1854626695079915e-05,837.4134615384615,2.809287704659637e-06,4.3623810689124835e-06,,275.8242173053809,7.401865262251634e-06,,276.16214837971523,1.0441349455590784e-05,,,,1.9576378475279498e-05,,0.0,,,,,,,4.169882754602376e-05,,,,,,,,,
1979-11-02 00:00:00,-0.11060733343722552,0.06075377718231382,,-0.11717619698428543,-0.3065494616356122,272.6940536950467,275.92113968888685,0.797546059422239,,,,,,,0.06288806080112797,,,271.46022033691406,271.4599609375,271.4602966308594,271.4599609375,0.2616810093264608,,,,,,0.07332326674602441,,,101787.04918639053,,,2.63905325443787,127.05639052532128,0.09530665042132315,,273.2272848095414,,74382.59892751479,0.3451960379334949,0.0037050472914114505,0.03137747467269559,0.0003317361752662433,0.007047190468692215,,264.5427445631761,-0.05766846583439754,-0.14673276483659914,1.2240972068193838e-07,0.019352522407267134,0.001965226682685536,-1.2953868457846365e-07,0.09341406979261947,0.019981269212164116
1979-11-02 18:00:00,,,3.7839816336095686,,,,,,993.294065320814,7.524799842100877e-06,1.6299908506799732e-06,1.7214919159398277e-06,2.8121808665038564e-07,2.86157678507561e-07,,3.740706883943998,0.17384970399754993,,,,,,2.8712950514618463e-06,1.1262764944832706e-05,723.5480769230769,1.444079025962649e-06,6.945186553622138e-07,,274.85870704425156,2.289279060956289e-06,,275.3344385271242,6.72185650238624e-06,,,,4.592202824248364e-06,,0.0,,,,,,,1.8792789010606574e-05,,,,,,,,,
1979-11-03 00:00:00,-0.35614096060307066,-0.4365115588938696,,-0.23071778878657775,-0.48032848651592547,273.189759835689,275.8663402309079,0.7952604198596886,,,,,,,0.001478268549992488,,,271.46070861816406,271.45989990234375,271.4601593017578,271.4599609375,0.1910062693500307,,,,,,0.1524490959633737,,,101782.84338017751,,,2.366863905325444,126.28776071762897,0.09556844530726326,,272.4683973323664,,74408.71401164941,0.2800020409318117,0.0034488149568681005,0.03362427660699427,0.0004731522509332239,0.008091808070797893,,264.0890629333857,-0.11393979385759703,-0.236469285727958,7.861534970676108e-08,0.024161479882234653,-0.00617724480713613,-1.3921825909579295e-07,0.12598432295614048,-0.04323094483663344
1979-11-03 18:00:00,,,3.769532062598234,,,,,,993.0718491987749,1.790220215475771e-05,2.348255476302649e-06,5.291730782689427e-07,2.5424555208556044e-07,2.087413361163239e-07,,3.7016045384153107,0.23131990150587092,,,,,,1.6723864177274986e-05,5.681125017312857e-05,952.3494822485208,8.1409275884459e-06,3.7533952992343337e-06,,276.04212220321745,1.185475545522024e-05,,276.3546626525518,2.0755421833173762e-05,,,,1.7252723140829413e-05,,0.0,,,,,,,7.471001359838e-05,,,,,,,,,
1979-11-04 00:00:00,-1.0356049848026072,-0.7933201648779875,,-0.4375709386972281,-0.6272800095687957,273.9706996940297,276.9148859328772,0.7945119445845925,,,,,,,0.3098288993158284,,,271.4598846435547,271.4599914550781,271.46018981933594,271.4599609375,0.3522419224123983,,,,,,0.29046287762342826,,,102024.65735946746,,,2.544378698224852,126.16865476348697,0.09584920364018729,,274.250818196133,,74568.97674741125,0.6231396495855066,0.007920945501599058,0.06134791628143491,0.002762890426364876,0.018291044517381658,,265.4335072534324,-0.22532567470031378,-0.24887731089394474,2.7533697101119465e-07,0.10028655598623425,-0.010538594257196731,1.6932582727925488e-07,0.2137638052275195,-0.06695177075425549
1979-11-04 18:00:00,,,4.05845239740857,,,,,,1514.2606721314244,2.7905234835556976e-07,3.726667994578209e-09,2.646609347247513e-07,5.945723129094705e-08,3.245753004538254e-07,,3.860668107602723,0.151492056761973,,,,,,1.5566952129792885e-05,1.6517628579450078e-05,622.258875739645,1.987987941891484e-07,3.044399813082091e-06,,274.98075045072113,3.197996397695598e-06,,275.4969807461169,3.899849907180967e-06,,,,1.5831646129224426e-05,,0.0,,,,,,,1.6792991457606208e-05,,,,,,,,,
1979-11-05 00:00:00,0.008252538872893745,-0.3157304673505253,,-0.043429634274815665,-0.563339667912771,272.39473512186805,275.2886161127034,0.7935706655654682,,,,,,,0.17600354076137203,,,271.4599914550781,271.4603576660156,271.4602508544922,271.4599609375,0.1915740063909948,,,,,,0.11888799723788832,,,102087.72928994083,,,2.4615384615384617,126.23203309188933,0.09578691290680473,,272.3104423206939,,74623.29359282544,0.4002716840415664,0.003846146538560885,0.021673268383677453,4.6627408654026734e-05,0.006248338688054734,,263.74389377571424,-0.028882772964838693,-0.23998383516390648,2.0706101001058456e-07,0.030938751193744368,0.0033636724895979527,3.2207644189785084e-07,0.04677741062006301,0.007233932526153925
1979-11-05 18:00:00,,,4.26164806523972,,,,,,709.5133887396919,7.299254455509975e-07,0.0,7.298262514306244e-07,2.0437295267567833e-07,2.363961296116311e-07,,4.136368147720247,0.17961662337624815,,,,,,7.847114603900346e-06,7.943850914402121e-06,753.4082840236687,8.092759199131875e-09,1.4563598091433035e-06,,275.4520400910688,1.6840296031455317e-06,,275.78258193879435,2.033821136288389e-06,,,,8.577205372985299e-06,,0.0,,,,,,,8.67263011678436e-06,,,,,,,,,
1979-11-06 00:00:00,0.2028897810264452,-0.16124798137055346,,-0.012316495003784901,-0.5495102955744817,272.9947112495377,275.777535884338,0.7982134409910123,,,,,,,0.0005471579421906782,,,271.4596405029297,271.4597473144531,271.4600372314453,271.4599609375,0.2282678728272929,,,,,,0.024267772245689257,,,102045.01201923077,,,2.4615384615384617,124.78732155342779,0.0956894914074057,,273.025384756235,,74584.76255085059,0.23954312476886094,0.002338510998607387,0.01793445021788226,3.5820539886429466e-06,0.0016234132665148854,,264.48995141023715,-0.004295850999256563,-0.2321199439686431,1.451916736477439e-08,0.00800579679038406,0.005252822340857347,3.3459825731935145e-09,0.042316176614465094,0.024232980459046788
1979-11-06 18:00:00,,,4.1317814821322285,,,,,,1065.2009238106864,4.935486120937844e-07,0.0,2.430393718756162e-07,4.747265277529609e-08,2.265284117866623e-07,,4.029986161452073,0.1750187619903384,,,,,,4.294620463128626e-06,4.381889245919222e-06,724.5721153846154,2.619758049940922e-08,9.886898408980059e-07,,274.619948257356,9.133959927502468e-07,,274.98104515301407,1.5984691635391416e-06,,,,4.537006807045119e-06,,0.0,,,,,,,4.873825953556941e-06,,,,,,,,,
1979-11-07 00:00:00,-0.07264375968797672,-0.2054216339743349,,-0.15504878230348845,-0.4879298407650558,270.6368728727984,273.84688978928784,0.7957849139292564,,,,,,,0.0,,,271.46044921875,271.46038818359375,271.46031188964844,271.4599609375,0.1874693921331823,,,,,,0.04670047195705437,,,101848.69045857988,,,2.4615384615384617,125.33881933449288,0.0957723002461992,,272.0034686207066,,74403.55152089497,0.21905616352323598,0.0012236967594665888,0.014420245083864535,6.38483896763367e-06,0.001098745673365847,,263.13209028074726,-0.0608711288525508,-0.208448319745487,3.490369061494853e-08,0.0033302191939733965,-0.0008434154666387117,2.0029898686403375e-08,0.03129421242859942,-0.011596826759315807
1979-11-07 18:00:00,,,4.428972103186613,,,,,,625.9452827328541,0.0,0.0,4.5152913886480606e-10,0.0,1.9879546632650812e-07,,4.369069912024504,0.15706259823409763,,,,,,7.764563052611943e-06,2.8270588824029505e-05,658.4426775147929,4.082345045529879e-06,1.912462640796187e-06,,274.3704896283573,5.103669752030683e-06,,274.6796889446191,7.241148744109115e-06,,,,7.76535660557493e-06,,0.0,,,,,,,2.8270588824029505e-05,,,,,,,,,
1979-11-08 00:00:00,0.007745991091756426,-0.5605918444119967,,-0.11983240003416525,-0.626290637360522,271.0666976116113,275.32111426359097,0.7913374153114635,,,,,,,0.0,,,271.4596862792969,271.46009826660156,271.4601593017578,271.4599609375,0.2324599768283099,,,,,,0.08397570728550297,,,101858.11094674557,,,2.2840236686390534,125.65531804011418,0.09572525701579257,,271.62222858857825,,74440.95975869083,0.26177229119475776,0.0017388727537979035,0.03624825855474589,0.0009080249176928278,0.007140481260401258,,263.46768089159,-0.044586791089300574,-0.2872306101420927,2.031096430084139e-07,0.010771864031843797,-0.001458598400008749,6.217788836020513e-07,0.15871446956632404,-0.030551881479793753
1979-11-08 18:00:00,,,4.76476713045109,,,,,,644.0264129638672,4.106636583452394e-06,7.701459059701164e-08,1.4384910905149562e-06,1.926878852957099e-06,1.6181028508147247e-07,,4.642102307821872,0.1758885129669009,,,,,,5.46017342065213e-06,2.7408525788572412e-05,689.3720414201183,3.694429905456904e-06,1.3405754721376317e-06,,275.0354740661982,3.5534419956997302e-06,,275.37967045349484,1.1359269802386943e-05,,,,6.898708597442808e-06,,0.0,,,,,,,3.151375161120172e-05,,,,,,,,,
1979-11-09 00:00:00,0.5432571941578882,0.2859350633339064,,0.12835061338526257,-0.21438011756310096,269.32323460324983,274.5223424787352,0.7864078568989004,,,,,,,2.820534113596177e-05,,,271.4595031738281,271.4598388671875,271.460205078125,271.4599609375,0.18159855046921228,,,,,,0.06719970703125,,,101769.20987426036,,,2.2840236686390534,125.65443971171182,0.0957067365477071,,271.7959638065135,,74434.36043823964,0.19732819506402552,0.0007602477214745516,0.027757844054598236,0.0018815091375768537,0.0016476106361524594,,262.41034639798676,0.02578677792520918,-0.10494557781332343,5.845689313701828e-07,0.013170789670217755,0.003518738566219983,2.859104442797304e-07,0.07660523984173434,-0.0031059849897079918
1979-11-09 18:00:00,,,5.982563571817071,,,,,,236.82874004657452,8.656604755559617e-06,1.437047264985079e-07,6.518420383069642e-06,6.467456648335655e-07,2.3500631104764864e-07,,5.8348368131197414,0.23008105035364276,,,,,,1.8033270652477557e-05,5.3858086907652006e-05,912.5972633136095,6.096955587172649e-06,4.039360926701473e-06,,274.9684592704096,1.0992119298178769e-05,,275.3067215236686,1.5621310507757424e-05,,,,2.4552264157131578e-05,,0.0,,,,,,,6.251910029078376e-05,,,,,,,,,
1979-11-10 00:00:00,0.30326720243374977,1.0110794101241072,,-0.008291069572493875,0.0257112796490009,272.14109540408884,276.2168673001803,0.7841936180577476,,,,,,,0.0003874795676688471,,,271.4600524902344,271.4595947265625,271.45985412597656,271.4599609375,0.2459684292945636,,,,,,0.04624713243112056,,,101503.48687130178,,,2.502958579881657,125.55715328419703,0.09587684326623319,,271.74281672189926,,74231.17279955621,0.2516017214080991,0.002344746561445428,0.033555070324056954,0.0022794734796828774,0.007521905842617418,,263.5519141925157,-0.0405150549651603,-0.021452873416200897,3.4189501491591565e-07,0.02201023304245308,0.015638943945423468,4.443566806713593e-07,0.14377032511333038,0.09488938228618464
1979-11-10 18:00:00,,,5.414728300105891,,,,,,369.22878344305633,8.903840589805467e-06,9.470799739456035e-09,1.2849826784528925e-06,5.617142605358327e-07,9.859809997255952e-08,,5.308749695501384,0.21190873546713201,,,,,,1.3305061667628542e-05,2.6607125468508028e-05,766.9097633136095,2.623772656423806e-06,2.8746456084166757e-06,,274.0635396742962,5.431737772811799e-06,,274.3277193329038,9.353785119818512e-06,,,,1.4589735742151384e-05,,0.0,,,,,,,3.550743915625578e-05,,,,,,,,,
1979-11-11 00:00:00,-0.29683922874856983,0.48608113463813735,,-0.24171569079337035,-0.2339727525880351,268.70839172002127,272.37984028652573,0.7822745435336638,,,,,,,0.0,,,271.460205078125,271.4598083496094,271.4604034423828,271.4599609375,0.23923840043107433,,,,,,0.03613813953286797,,,101710.53180473374,,,2.502958579881657,125.3206749188124,0.09610632044323802,,270.96813973872617,,74330.63362148669,0.24163267598349666,0.0022025785502597425,0.03212846383540588,0.0012762476001265486,0.004387105005027274,,261.6608408188679,-0.13761210582665437,-0.1444952812420546,2.5186816522487873e-07,0.023375150000110968,0.012909443406219396,3.626729057242091e-07,0.10348444154276651,0.053610722341481044
1979-11-11 18:00:00,,,5.365600010347084,,,,,,314.7300155074508,6.894432228697828e-07,2.314942784210634e-08,5.782025276556523e-07,1.799822206327901e-07,1.4621448520048846e-07,,5.316566038413866,0.19059365176590237,,,,,,1.3758400840872138e-05,2.1716723075279824e-05,641.6309171597633,1.848317109621488e-06,2.496881333328563e-06,,274.376953125,4.129671662516848e-06,,274.6918136325814,5.70308879987728e-06,,,,1.4336460088131696e-05,,0.0,,,,,,,2.240385176867423e-05,,,,,,,,,
1979-11-12 00:00:00,-0.6331406091091901,0.3260082493166952,,-0.31220844088221444,-0.3474404318092843,268.1772558449288,273.35892427884613,0.7791880859425787,,,,,,,0.0,,,271.46043395996094,271.4599609375,271.4598693847656,271.4599609375,0.23603477703749076,,,,,,0.03578556218796228,,,102071.72707100592,,,2.100591715976331,124.88456175313193,0.09624281155287161,,271.0687776825132,,74625.64254345415,0.2396139111039201,0.0017563887601773414,0.02384835869602903,0.00034236907958984375,0.004937098576472356,,262.4666019417125,-0.20122232380703356,-0.2186751224585539,1.2613810003341104e-07,0.008564362144590212,0.007711839160920512,5.611889277854879e-07,0.07673905375441151,0.053268975760104385
1979-11-12 18:00:00,,,6.306570673835348,,,,,,837.3920858877676,3.3041781927706926e-06,2.1042103862621374e-07,2.6086290207134903e-06,7.421483654947676e-07,2.0387291356496866e-07,,6.217236061773357,0.17795395710059173,,,,,,9.286465376791869e-06,1.4397519580005895e-05,697.0207100591716,4.199989272292549e-07,1.916143844818928e-06,,274.31381460336536,2.7683535976522774e-06,,274.6162730561206,4.612570683631672e-06,,,,1.189509439750536e-05,,0.0,,,,,,,1.7701080564916485e-05,,,,,,,,,
1979-11-13 00:00:00,0.1017510622916137,0.5938642490544969,,-0.06366760773066232,-0.24181078735893294,268.36601329555174,273.4691061888926,0.7849595899412618,,,,,,,0.09997098121417344,,,271.4604034423828,271.45994567871094,271.4602355957031,271.4599609375,0.21248820829673631,,,,,,0.02196425940158099,,,102169.74093934911,,,2.2781065088757395,123.9847374188124,0.09629435228878225,,270.2872709014712,,74701.20580621302,0.3150632959851146,0.0010187103903505224,0.021673100939869176,0.0006278139599681606,0.0010752762563129854,,262.92323908156897,-0.017837953285352717,-0.13460358501186032,2.3103178152952278e-07,0.007672693587880246,0.004860782058986686,5.289542829044736e-07,0.09386773539718087,0.05119231477732489
1979-11-13 18:00:00,,,5.595045236440805,,,,,,337.74075971330916,3.531965090942806e-08,3.4933207148807287e-08,0.0,0.0,1.1488139174207659e-07,,5.466511528872879,0.13544658232017381,,,,,,6.890949412915834e-06,1.3341609190201618e-05,566.2688609467456,1.0863078769142106e-06,1.4645681226041896e-06,,273.692046125965,2.3102531066307656e-06,,273.99330021784857,3.834822650491839e-06,,,,6.890949412915834e-06,,0.0,,,,,,,1.3372910445963842e-05,,,,,,,,,
1979-11-14 00:00:00,0.20804773703129334,0.47623965585020167,,-0.0576208724072699,-0.24881985907018536,268.219218598315,274.7136808316383,0.7819295462066606,,,,,,,0.0,,,271.46006774902344,271.460205078125,271.45982360839844,271.4599609375,0.18117139466415497,,,,,,0.02894822521322578,,,102099.71153846153,,,2.5502958579881656,124.07381840993666,0.09638160502416848,,270.40129116442074,,74636.44094397189,0.18479973606809358,0.0009801895660761545,0.02164323795476609,0.000262755614060622,0.001972627357618343,,262.8260035768769,-0.033046634239557934,-0.11143969925197623,3.655554994014429e-08,0.005042719184944528,0.0025545492534595955,4.803570318579971e-07,0.09251728847887389,0.018569901144716162
1979-11-14 18:00:00,,,5.739910548960669,,,,,,1117.4683882190336,1.091730488827948e-06,6.133365340134096e-08,0.0,0.0,1.3302499303537746e-07,,5.577780407561353,0.18551039836815827,,,,,,1.4748975370057237e-05,4.437530534507255e-05,661.6157544378698,5.9378482180939626e-06,3.358360225632346e-06,,274.9980714335244,7.014214639832987e-06,,275.36258927745934,1.212460754891119e-05,,,,1.4748975370057237e-05,,1.9461610878007652e-07,,,,,,,4.546670518683259e-05,,,,,,,,,
1979-11-15 00:00:00,0.10176306504469651,0.5362260130030163,,-0.14752321412577432,-0.13191043695754553,269.7385243071607,274.23239009338016,0.781988227155787,,,,,,,0.09058186006263869,,,271.45989990234375,271.46006774902344,271.4599914550781,271.4599609375,0.25242307764538646,,,,,,0.0546939104971801,,,101853.78420857988,,,2.502958579881657,123.9769249188124,0.09654139061651286,,271.6476776303624,,74489.00966161242,0.3394425973384338,0.0018717184574646357,0.034761236969535876,0.002409872924082378,0.007662214471038277,,263.21285803078194,-0.07718653015836456,-0.0757231796986958,1.0967614368043741e-07,0.013827250321180774,0.002857435516704469,6.613619873553691e-07,0.17562805266069942,0.022410857320360883
1979-11-15 18:00:00,,,5.57769725731844,,,,,,1487.417580570735,2.168449600772745e-06,2.369912859250808e-07,0.0,0.0,1.2124963597251246e-07,,5.443983997818986,0.21929046811436761,,,,,,6.145979525774894e-06,2.3307532248412362e-05,689.987426035503,2.621634472051316e-06,1.6662407908919295e-06,,274.9184021357249,4.147350259081146e-06,,275.3080866887019,7.496716884466318e-06,,,,6.145979525774894e-06,,2.2001255898786015e-07,,,,,,,2.5474372700121277e-05,,,,,,,,,
1979-11-16 00:00:00,-0.18293015632403672,0.05405516314083302,,-0.18710310219307624,-0.37189019784419497,270.2720059727776,274.96650361732617,0.7872834434876075,,,,,,,0.2809741680438702,,,271.46055603027344,271.4603576660156,271.45997619628906,271.4599609375,0.21354937130177515,,,,,,0.06034887189695821,,,101869.57414940829,,,2.165680473372781,123.26157266289525,0.09641404688005617,,271.74672838922083,,74514.03765255178,0.39361749699658893,0.002357020180606278,0.034160599048017284,0.0014994976788582886,0.004078498253455529,,263.40172166090747,-0.15617508860029414,-0.1721981601602227,1.7185698870566713e-07,0.0691971355641382,0.0011048364127881427,8.554959024947423e-07,0.14276281736664387,0.000956127276787391
1979-11-16 18:00:00,,,5.30253788423256,,,,,,520.6461253064743,3.3132213900780536e-07,2.853594411759687e-07,0.0,0.0,1.5876281723600866e-07,,5.1390081778080505,0.1970363820092918,,,,,,1.2356060496448766e-06,2.5082886571714864e-05,674.5003698224853,7.577549071001584e-06,3.704349317494229e-07,,276.2063566128883,3.1725916813111166e-06,,276.5044205343935,1.124852507777468e-05,,,,1.2356060496448766e-06,,1.870867239653006e-06,,,,,,,2.5417765922094944e-05,,,,,,,,,
1979-11-17 00:00:00,-0.35119929680457485,0.22572626870059403,,-0.22904623471773589,-0.3115504168899807,272.09259638137365,276.1517543454142,0.7859387161463676,,,,,,,0.5002342022999504,,,271.4600372314453,271.46002197265625,271.46014404296875,271.4599609375,0.2248333812465329,,,,,,0.07697905591253698,,,101876.85965236687,,,2.4792899408284024,123.72502957857571,0.09632071376552243,,273.27116285696536,,74588.5038831361,0.5900357135477856,0.0017800528622237887,0.058014141737356695,0.00513532740124584,0.0032990811139168826,,264.0201811480099,-0.23990520499867096,-0.16191374761818428,4.854202436880763e-07,0.04388120188515567,-0.008843369737884701,1.3325143999491747e-06,0.2750166097336267,-0.002640832810712284
1979-11-17 18:00:00,,,4.928141142489642,,,,,,707.5308495253146,4.79620104358041e-07,1.1860861404407659e-07,0.0,0.0,1.9371169366002925e-07,,4.784132336723734,0.3001811913484652,,,,,,8.053584410065024e-07,2.8514606360147692e-05,996.7422337278107,7.226688445672481e-06,1.902422680348687e-07,,277.5494334203957,3.3875563617288714e-06,,277.8162964589497,1.4142612733784512e-05,,,,8.053584410065024e-07,,2.4257591490209455e-06,,,,,,,2.899192846738375e-05,,,,,,,,,
1979-11-18 00:00:00,0.003075955182137574,0.4482668080978845,,-0.11916982774903788,-0.1040955379869811,274.2389139931583,276.6084403314534,0.7900755701685799,,,,,,,0.8162660316602718,,,271.46067810058594,271.45985412597656,271.4602508544922,271.4599609375,0.33799978402944714,,,,,,0.11346589037652552,,,101875.49926035503,,,2.6508875739644973,123.67323131674141,0.09608109039667795,,274.82741162903915,,74649.68384800295,0.861738413021233,0.0010058103933842225,0.07154857456551854,0.0024251204270582935,0.0019916556996001293,,266.0055581719212,-0.10843132515630778,-0.04365623632126306,2.7954302141987945e-08,0.012204446503341463,0.0001525763841070367,1.5489836967379383e-06,0.29322602068619613,-0.028625237871203902
1979-11-18 18:00:00,,,5.115521683495426,,,,,,314.64515889485676,5.484746008582369e-08,3.2337283241678274e-07,1.4828315511698554e-08,0.0,1.4499026766052393e-07,,4.9792812882795845,0.4033728605191383,,,,,,5.517783161451126e-06,4.6517722000031784e-05,1381.6386834319526,1.1630532656900982e-05,1.362833530592495e-06,,278.15564037074705,5.5284189754689236e-06,,278.4325594027367,1.9591985016884887e-05,,,,5.53444777367383e-06,,9.137872584472747e-07,,,,,,,4.656736314649413e-05,,,,,,,,,
1979-11-19 00:00:00,0.8083913735384066,0.4565433299047707,,0.26962873921591857,0.02591324981147721,275.27723829280694,277.69174718010356,0.7987573693489888,,,,,,,0.02087537776789016,,,271.460205078125,271.46018981933594,271.46006243398205,271.4599609375,0.4347871859398114,,,,,,0.1879678760054549,,,101644.44286242603,,,2.7041420118343193,122.94017380934496,0.09590478479509523,,276.15752433460847,,74440.94015809911,0.46984314574645114,0.0009449452338134043,0.1344257783387187,0.004741093110756055,0.0012852538972211308,,266.8328824917946,0.19122351626672687,0.03031788034551948,-8.679425258453957e-08,0.004159233273839104,0.0004672778428658931,1.0751547380047436e-06,0.6388537231061233,-0.0699283780430901
1979-11-19 18:00:00,,,5.875328092180061,,,,,,265.870581845884,3.103691031991025e-08,7.645955127415925e-09,0.0,0.0,7.013074359505233e-08,,5.6673780192990275,0.3488926633575259,,,,,,8.15950995366249e-06,5.1300818398153994e-05,1209.0706360946745,1.0032140644344352e-05,2.0267177351127715e-06,,277.2051705806213,7.466407569907826e-06,,277.53089462370565,1.9462856315296782e-05,,,,8.15950995366249e-06,,9.214252057160146e-07,,,,,,,5.1335999246179706e-05,,,,,,,,,
1979-11-20 00:00:00,0.8087259100739067,0.30687854699129186,,0.26123213344777124,-0.13125451217741657,274.4126815344455,276.39345067492604,0.8021187147445227,,,,,,,0.0,,,271.46051025390625,271.4601135253906,271.4598083496094,271.4599609375,0.34920127010909763,,,,,,0.09587783362033099,,,101243.54622781066,,,2.7218934911242605,121.52601885372366,0.09586241400453466,,274.9213052783492,,74139.79352348374,0.35451638486963755,0.0008202636030298718,0.09357204098673262,0.002814366267277644,0.002312033839479706,,265.4836201865292,0.1502753309244235,-0.058758862625212356,6.768489236804449e-08,0.003972262087603204,-6.911026302879378e-05,1.4789545420865865e-06,0.48517364298803567,-0.032725399415168534
1979-11-20 18:00:00,,,5.589269149232898,,,,,,364.1207479542699,8.816263203084821e-07,1.4544337899727228e-07,2.3994515250442474e-10,0.0,1.36088026223413e-07,,5.4227377370264405,0.26432737090883873,,,,,,6.735545290997748e-06,2.4358989924368775e-05,955.1764053254437,3.7372817654581466e-06,1.64945494141099e-06,,276.3014515532544,4.025121059643446e-06,,276.7077911196376,7.834131195700381e-06,,,,6.735765722376355e-06,,1.0351347323705458e-06,,,,,,,2.524406599575246e-05,,,,,,,,,
1979-11-21 00:00:00,-0.06890166017430774,0.4619328086898172,,-0.09987548963558039,-0.19949478510568833,272.30157813800156,275.8603414501664,0.8037968824601033,,,,,,,0.0306360368897929,,,271.4597473144531,271.46022033691406,271.46006774902344,271.4599609375,0.26632401505870934,,,,,,0.03804088344235392,,,101399.43435650888,,,2.7041420118343193,121.52421596910827,0.09582382123145831,,273.7287399924013,,74273.28467085799,0.29126121024408286,0.0009568753327138325,0.036994708360299555,0.0017288422443457608,0.0022356157472147743,,265.88763165897166,-0.10272544093385956,-0.13503981483053173,-2.3912277959172475e-08,0.006882628025648945,0.0013899032891722474,9.981299007928672e-07,0.20201038608889607,0.010206016915789722
1979-11-21 18:00:00,,,4.946608374104697,,,,,,750.4455822443558,7.67418067659852e-08,0.0,7.3729474207706e-08,2.2675155954071756e-08,1.3184278782722492e-07,,4.829768733865411,0.25776880027274407,,,,,,5.710770833421741e-06,1.2032555405204818e-05,847.8975591715977,1.7157055922513883e-06,1.364233269846651e-06,,276.50719420303255,2.04914111710159e-06,,276.85257662259613,3.778282001879088e-06,,,,5.784901906047347e-06,,1.5512196975346854e-06,,,,,,,1.211385049763516e-05,,,,,,,,,
1979-11-22 00:00:00,-0.14863536767000277,0.14201268641906378,,-0.16674587994637574,-0.3027568681705633,274.7694720206176,277.5515772351146,0.8045562777293505,,,,,,,0.0035236968091253698,,,271.45948791503906,271.4601135253906,271.46002197265625,271.4599609375,0.28648241031804733,,,,,,0.08487326717941013,,,101709.81157544379,,,2.2366863905325443,120.40610391289525,0.09585387890155499,,274.2095499433709,,74480.7851793639,0.3065253263394508,0.002185968252328726,0.03330332824842214,0.000869784834822254,0.002856327937199519,,266.04723931487496,-0.0829314702361293,-0.11138637813590688,2.1794377605722853e-08,0.012620773308320775,0.005922908415279445,4.478506041282909e-07,0.14168960319275034,-0.010934872034738755
1979-11-22 18:00:00,,,5.287713519214878,,,,,,1369.7288906699732,6.760795705417204e-07,7.60681133651169e-08,3.211512974292569e-08,3.9251940049363314e-08,3.587959827469474e-08,,5.1968622264072035,0.34207893687592456,,,,,,1.2559496615765363e-05,4.1352573936507545e-05,1182.4312130177516,7.046838483866855e-06,3.2523162001688807e-06,,277.9456996579142,6.5229722910378815e-06,,278.1989760539941,1.4429834820109712e-05,,,,1.2591282820560523e-05,,2.2830518745106354e-06,,,,,,,4.2023478880436466e-05,,,,,,,,,
1979-11-23 00:00:00,-0.39747961033025436,0.543796855317065,,-0.21102886087090306,-0.06469707376152806,275.245065181213,277.4246053300666,0.8077417918916284,,,,,,,0.0654826869626017,,,271.4599914550781,271.45982360839844,271.45973205566406,271.4599609375,0.338098650147929,,,,,,0.16692221376317493,,,101690.29567307692,,,2.3846153846153846,121.37073963774732,0.09589000284319094,,275.75573432516063,,74487.56823224852,0.4747813530266285,0.004642785653560119,0.06329148059262076,0.002544515937037722,0.006235190397183571,,266.80506788626224,-0.17643912163006484,0.00231406533506495,-6.922689690919368e-07,0.0498618853868112,0.012825813805739555,-2.96355867152207e-07,0.3051065636809761,0.044079785516276164
1979-11-23 18:00:00,,,5.062381659739116,,,,,,262.2788705536814,5.326517609625879e-08,1.7589735164797518e-08,0.0,0.0,1.479455657522387e-08,,4.871174434232994,0.282612095217733,,,,,,9.305334302800647e-06,3.3374589223128096e-05,965.3117603550296,5.9975630785586564e-06,1.7240874954229276e-06,,277.19200865615755,5.322756499228393e-06,,277.52437505778477,1.1392576983694494e-05,,,,9.305334302800647e-06,,2.9623332108266254e-06,,,,,,,3.337873333304592e-05,,,,,,,,,
1979-11-24 00:00:00,0.3691126919357029,0.43340206146240234,,-0.014991782826079419,-0.18413552730041144,275.2114878998706,277.3946063701923,0.8097813408050312,,,,,,,0.00027147552670811763,,,271.4590759277344,271.4598693847656,271.4595642089844,271.4599609375,0.2922428289108728,,,,,,0.06526626496625369,,,101849.90218195267,,,2.5562130177514795,119.36396726348697,0.09595800151486368,,275.01899024015347,,74588.16376201923,0.299211129634338,0.0015760808301395212,0.0450431327142659,0.0014528833197418754,0.0024008440548146264,,266.66866939025516,-0.014353969393397224,-0.05310856908030764,-4.0739233304386355e-08,0.007511601631013682,0.0025213130435647346,6.392505674308839e-07,0.2029981443867881,-0.0007036398853776018
1979-11-24 18:00:00,,,5.855238643623668,,,,,,359.35174591687263,4.3300437856708054e-07,5.80792596354287e-07,0.0,0.0,7.110573806022927e-08,,5.79733712574434,0.2684533835868158,,,,,,3.97422345432304e-06,6.062109794842421e-05,903.5924556213017,1.1127772768573648e-05,9.94175826833093e-07,,277.64874953772187,8.903774460391885e-06,,277.9204708302515,1.881950529369377e-05,,,,3.97422345432304e-06,,3.620761738726373e-06,,,,,,,6.105437786621454e-05,,,,,,,,,
1979-11-25 00:00:00,-0.5648154873819746,0.6944958274886452,,-0.344399034624269,-0.10000722648124018,271.56718074640577,275.6038666674371,0.8135340326636501,,,,,,,0.03977817332250832,,,271.4592742919922,271.4600067138672,271.4600524902344,271.4599609375,0.2709980801012389,,,,,,0.06626160751433062,,,101983.36556952662,,,2.5384615384615383,120.43145986703726,0.09594272297514966,,274.59619953223233,,74688.30753051036,0.30890683335742564,0.0008475702895215277,0.06319943592205475,0.002513569487622504,0.0015283957035583857,,264.45791508601263,-0.31446102526060926,-0.04742992559128259,4.6179306910964993e-08,0.004395321261509013,0.0029188498025264084,1.7464849595035586e-06,0.26838511404906507,0.07733505858472113
1979-11-25 18:00:00,,,5.842243973320053,,,,,,927.0733444626267,7.976254327057381e-07,9.809196348021016e-08,0.0,0.0,3.4042069171458904e-08,,5.7247015371830505,0.2916918873081546,,,,,,6.372142120225895e-06,7.302362537948337e-05,998.8265532544378,1.8160283212831034e-05,1.364999268887311e-06,,277.4075140416975,1.2096921367758124e-05,,277.730224609375,3.0447745464257233e-05,,,,6.372142120225895e-06,,1.5364287520301412e-06,,,,,,,7.381991169156407e-05,,,,,,,,,
1979-11-26 00:00:00,0.4579462525407238,0.10416635253725673,,-0.002133183225372134,-0.2548163318069729,272.25189308301935,276.15422031018863,0.8132641809226493,,,,,,,0.2594813961954512,,,271.4605712890625,271.4597625732422,271.45989990234375,271.4599609375,0.3422142796262482,,,,,,0.07738002799671782,,,101952.03716715977,,,2.5088757396449703,120.15640439366447,0.09606023370866945,,274.7026381633691,,74610.6961908284,0.4806215184680104,0.0025887827901445197,0.0725363098572631,0.004619203375641411,0.002448821208886141,,264.68285464676177,-0.04282985777544552,-0.11477565624304777,2.532205216213708e-07,0.04361882857272619,0.003192655177313019,2.5436833925192526e-06,0.4390701100715166,0.015272193053770347
1979-11-26 18:00:00,,,5.289125041848809,,,,,,378.36583974410075,2.9673370031210095e-07,1.250286779460117e-07,0.0,0.0,9.485913328206034e-08,,5.208941707949666,0.24763985357340976,,,,,,3.46848774238451e-06,3.4244455529387885e-05,847.0122041420118,8.551414901688254e-06,1.2605147954274916e-06,,275.746111085429,4.88755882844417e-06,,276.0960223858173,1.3788247249535555e-05,,,,3.46848774238451e-06,,2.153967259198251e-06,,,,,,,3.453824647079558e-05,,,,,,,,,
1979-11-27 00:00:00,0.20719768591886442,-0.0004273984559188933,,-0.08342743484226205,-0.30290284241444965,271.44598849144205,275.5097742927145,0.8120368655616715,,,,,,,0.003262943064672707,,,271.45953369140625,271.46018981933594,271.46014404296875,271.4599609375,0.2260039741470969,,,,,,0.05498942538831361,,,101914.90846893491,,,2.1538461538461537,118.70531341733312,0.09606784617407083,,273.29779395831406,,74601.74008413461,0.23545891575559358,0.00038760371462127864,0.043718642737033096,0.0018639987742407082,0.002259971122064534,,265.5366050223627,-0.06603493775136372,-0.11076555308505628,5.92717562604781e-08,0.0032576950198589115,-0.0007401403238082073,1.7541902039986044e-06,0.17478545600845968,-0.02822060415730674
1979-11-27 18:00:00,,,4.845737248482789,,,,,,1456.867578811194,5.312061168738371e-05,1.0274394729433681e-05,1.4840886988759746e-08,4.07832492826253e-09,1.6803700332571175e-08,,4.570662425114558,0.3905021170892659,,,,,,8.261468283523469e-05,0.000158475877265253,1416.7740808464366,2.0289518071349555e-05,1.978029954362903e-05,,278.2676705806213,2.8859713726495144e-05,,278.6178765833025,8.215301135587975e-05,,,,8.262958399642854e-05,,7.548275783922545e-06,,,,,,,0.00021160142661551753,,,,,,,,,
1979-11-28 00:00:00,0.9750436805409087,0.504928848447179,,0.3841260932606353,-0.09862269452337682,273.8616020608936,279.05296551405326,0.8222285219903528,,,,,,,0.3213894635262574,,,271.4599151611328,271.459716796875,271.45973205566406,271.4599609375,0.31924221783700074,,,,,,0.8339441968844488,,,101833.59393491125,,,2.8106508875739644,116.35539200461122,0.096359320646207,,277.4722662028476,,74576.6041512574,0.9268043686652324,0.06908449788506214,0.12687330979567307,0.04249834591115015,0.18500406151780716,,268.52525194156806,0.3509702911743751,-0.010345673420020109,1.2040208162706808e-06,1.7202802519121114,0.044385423321695726,-1.1695535545590053e-05,1.7374670850195697,0.14916507167929022
1979-11-28 18:00:00,,,4.606459329819538,,,,,,453.05486769903274,4.992484164661205e-06,3.0078963767847364e-07,3.919380127325566e-07,4.007001600321933e-07,1.2716117932202197e-07,,4.437809317775026,0.3317210180519601,,,,,,7.111755524866679e-06,1.820939532398472e-05,1312.9317984496347,3.945677590793407e-06,2.1719875243993906e-06,,276.93358074842826,3.1509012336561667e-06,,277.16955783099115,8.356377217896592e-06,,,,7.503924990546774e-06,,1.0874320769451073e-06,,,,,,,2.3198815492483285e-05,,,,,,,,,
1979-11-29 00:00:00,1.1595316874910389,0.2974987030029297,,0.38975052015315853,-0.13753699127738997,275.0295395710059,277.18637319711536,0.8233675201969034,,,,,,,0.4727393155972633,,,271.46055603027344,271.46031188964844,271.4598388671875,271.4599609375,0.3949007223960916,,,,,,0.5926322407657818,,,101589.28615014793,,,2.7041420118343193,123.59940550313193,0.09683653306678908,,275.06236727562174,,74397.08693139793,0.881252971979288,0.027580972253923586,0.0561845181633845,0.0014313127867568878,0.0320523730396519,,267.1395023503953,0.3185011381228295,-0.039293655982384317,-3.8091491972586726e-06,0.6902254206189037,0.2222891434498087,1.630303243274343e-06,0.28398605529081145,0.004958528033375035
1979-11-29 18:00:00,,,5.162261234938041,,,,,,530.1831426676914,9.340039019048567e-05,3.850814947009792e-06,6.72294543339656e-05,1.4965791674055291e-05,-1.3116923098510254e-07,,4.952961968247002,0.6884010878099492,,,,,,0.0002462897427688689,0.00036799343379996936,2546.5198054567595,2.9380196297662498e-05,5.329775034323247e-05,,277.876726319804,9.361905811806402e-05,,278.07116915911615,0.000143562900949512,,,,0.00031351443578505657,,4.2517355384205924e-07,,,,,,,0.00046137855061611593,,,,,,,,,
1979-11-30 00:00:00,0.0029689348660982572,0.7196862937430658,,-0.030623847916281435,0.3677553650895519,276.47181981555104,278.143572022929,0.842825314702367,,,,,,,0.8453081162018183,,,271.46031188964844,271.4599609375,271.4603271484375,271.4599609375,0.5350625688463626,,,,,,0.7953796005813327,,,101428.54326923077,,,2.970414201183432,116.19024315106093,0.09945757149239264,,277.1904874722633,,74223.76245839497,0.9546391001114478,0.16107555112895175,0.044477552663226276,0.011742146057490062,0.32827848504633594,,269.61725684171597,0.0736562895351613,0.40595019216368183,-4.691449899816081e-06,2.5071846401903053,2.29998784446152,-2.1596333789005434e-08,0.22004611250536638,0.2662084867968362
1979-11-30 18:00:00,,,3.575254626528046,,,,,,519.9256219807461,3.717460575893786e-05,3.6133772875430314e-06,1.933143512737116e-05,7.704164854873567e-06,-2.029919522413543e-08,,3.3716835213836127,0.5862793329904771,,,,,,0.00015148185413970045,0.0001728980851596629,2162.960580047066,4.387554332349427e-06,3.944011129571136e-05,,275.0301101955436,4.6617797845919456e-05,,275.4133806397929,7.936182106740377e-05,,,,0.00017081350969845021,,0.0,,,,,,,0.00021004288859621307,,,,,,,,,
1979-12-01 00:00:00,0.7346404713286451,-0.22577908194276708,,0.3180125422731659,-0.21298393272083893,274.7595966045673,275.99697352302144,0.8594728588352541,,,,,,,0.07260465904100406,,,271.4602508544922,271.45973205566406,271.4599304199219,271.4599609375,0.4916569285711946,,,,,,0.47355620806744686,,,101692.54576553254,,,2.8579881656804735,116.7590763611201,0.10424229379236345,,273.6480753520537,,74320.11748798077,0.6553375114350629,0.053975398043523734,0.039237803438218234,0.0008930003149269601,0.08359098716600406,,268.4281056421043,0.18419555623150435,-0.0676692040008906,2.6030142201915296e-06,0.12724290068327454,0.11519956870897281,1.7064626290071644e-07,0.05768856077769099,0.04802459275581428
1979-12-01 18:00:00,,,5.457720954037277,,,,,,444.2210536147609,2.7665240172098375e-06,1.3745549691499337e-06,0.0,0.0,5.043399278427322e-07,,5.415523624984471,0.25268789438100964,,,,,,1.5376659231425743e-06,6.174371087339503e-06,960.2142445039467,1.0953180095147804e-06,4.1702310361805754e-07,,269.5124969482422,1.7090265214795897e-06,,269.9802605442747,4.517145939832608e-06,,,,1.5376659231425743e-06,,0.0,,,,,,,8.944003186987701e-06,,,,,,,,,
1979-12-02 00:00:00,0.8035045544776691,-0.8903323179165993,,0.20732582250290368,-0.569831204837596,267.16203705375716,270.409229346281,0.8561117123569962,,,,,,,0.0036553377230491863,,,271.45982360839844,271.4600067138672,271.4602508544922,271.4599609375,0.40466091900887574,,,,,,0.06125550580447948,,,102437.87204142012,,,2.3550295857988166,121.79002588035087,0.10456613111778124,,265.05569403834596,,74691.94954234468,0.4208986180773854,0.0008444264090272802,0.04714123086586041,0.0004785611079289363,0.001178628594212278,,260.1964869753144,0.10362958837543014,-0.25468743341208916,-8.481979878487055e-09,0.003476268406571633,-0.005976069255693424,-2.9294736085448566e-07,0.07438884829804743,-0.032049142044676834
1979-12-02 18:00:00,,,5.287597532103048,,,,,,551.1764016073258,2.4936079273562457e-06,8.194426284033871e-07,0.0,0.0,1.3052445305780006e-07,,5.2354083033003045,0.2151026979705991,,,,,,1.468996037921962e-07,1.911801346660366e-05,734.1686390532544,4.1356563744460336e-06,5.762420660821644e-08,,271.61733873356025,1.6410895705928463e-06,,271.89142252002245,1.0497383112032737e-05,,,,1.468996037921962e-07,,0.0,,,,,,,2.1610431064515424e-05,,,,,,,,,
1979-12-03 00:00:00,0.4259540569147415,0.21958808221760587,,0.05977944368441429,-0.18943163629114276,265.60442970772465,273.0391458364633,0.8510504146299419,,,,,,,0.1401070137701091,,,271.4604797363281,271.45997619628906,271.4600524902344,271.4599609375,0.22220760548608542,,,,,,0.06515250121348003,,,102118.23428254438,,,1.863905325443787,125.96224758893075,0.10452984917093311,,264.60405546109354,,74681.01888406066,0.3361416443432929,0.0006404289832481971,0.04767116569203032,0.0010296832880324865,0.0019158357699241863,,259.1300961646808,0.026903079106257513,-0.07736669912846131,2.8720960095414572e-08,0.011160697130839059,-0.0020452546032928153,-2.7356791232861356e-07,0.07515398073478563,0.0012393061225936257
1979-12-03 18:00:00,,,5.591682135000736,,,,,,386.876878437243,5.939876186777149e-06,1.5338937911761584e-06,1.554261650559465e-06,2.910190168217089e-07,3.376985579273063e-07,,5.463338603634806,0.3073533639399963,,,,,,7.234381500785873e-06,4.839738445169122e-05,1030.7655325443786,9.794691963308662e-06,1.9047475425449349e-06,,271.9666797705656,7.796305171131383e-06,,272.33532001563077,2.0825739442949466e-05,,,,8.788687237621059e-06,,0.0,,,,,,,5.43365111717811e-05,,,,,,,,,
1979-12-04 00:00:00,1.1969166987041044,0.20564170701969306,,0.3941517948398929,-0.10186610701521473,268.6493737034544,272.0230188313321,0.8462219777897265,,,,,,,0.004156462539582563,,,271.46031188964844,271.4600372314453,271.45965576171875,271.4599609375,0.3371097172015297,,,,,,0.11686896149223373,,,101976.25721153847,,,2.6568047337278107,128.71922798833904,0.10454804234250763,,266.65563251563077,,74525.58619175295,0.35736589511503747,0.0014820409244334204,0.07246051130116471,0.0029157322539380315,0.0050240691596939715,,261.0937425060385,0.17496824158719304,-0.03584698883034068,1.1800839597553555e-07,0.022019696426054343,0.0005015539302981112,1.0482107045283244e-06,0.25465127990509456,-0.03304334399262829
1979-12-04 18:00:00,,,5.859768043608355,,,,,,452.71850185706967,1.0499366994440202e-05,2.8656905836607576e-07,5.515281265303934e-06,1.040303848198885e-06,2.724345043365645e-07,,5.744717287594045,0.2678340031550481,,,,,,3.794042845449504e-06,1.6411777431442894e-05,895.3679733727811,2.6989728212356567e-06,1.0654330253601074e-06,,270.62285266402205,3.829620469956709e-06,,270.93331313274314,9.526449018681544e-06,,,,9.30969884409707e-06,,0.0,,,,,,,2.6877462511231913e-05,,,,,,,,,
1979-12-05 00:00:00,0.45844923956154365,0.19576278099646935,,0.15951570251284267,-0.2661751290044841,266.14669131668364,271.4001281557704,0.8417980621552327,,,,,,,0.0019006108391214404,,,271.4601135253906,271.4603576660156,271.45989990234375,271.4599609375,0.2816731831025795,,,,,,0.03749486257338665,,,102367.16734467456,,,2.1538461538461537,129.5070885652621,0.10476251748891977,,264.79855906469584,,74765.07826368343,0.2928281705055011,0.0016780492116713664,0.03496113613512389,0.0018676836815106092,0.001300286964551937,,259.5099638086804,0.037253703238696034,-0.13857453250320706,6.847449615973147e-07,0.03439358118012239,0.009277524094554712,3.8295478287763265e-07,0.08248242236447889,-0.003529558167655087
1979-12-05 18:00:00,,,5.860651981195755,,,,,,3214.2613773890903,4.319407971653007e-07,0.0,4.3214469619051237e-07,4.167530751792637e-08,2.1114524968157295e-07,,5.793045501031819,0.14517753646218565,,,,,,7.0313201148129075e-06,9.113404701447346e-06,472.3820266272189,5.850937636293604e-07,1.3698928454923913e-06,,269.6720124193902,1.52936392634578e-06,,269.98187111397465,2.580623214061444e-06,,,,7.463960781605286e-06,,0.0,,,,,,,9.547015266305596e-06,,,,,,,,,
1979-12-06 00:00:00,0.5610461714705066,0.38240440075214094,,0.11674347713854186,-0.24551732441377358,262.0934818425828,270.3511686607225,0.8374263157505961,,,,,,,0.29069663504877036,,,271.4600067138672,271.46026611328125,271.4599304199219,271.4599609375,0.16596912632327107,,,,,,0.07489889472193972,,,102543.40828402367,,,1.7041420118343196,129.82589866141595,0.10487672422059188,,263.8267731976932,,74853.91905510356,0.46279681504830805,0.002822289100060096,0.010123348800388314,7.514417524168477e-05,0.0017141872609155418,,258.7714598164756,0.058336893482321114,-0.20496492555155557,1.0247615847279202e-08,0.05406701416686486,0.0353585641552865,2.499410051497019e-07,0.005915162280290084,0.01155298771942861
1979-12-06 18:00:00,,,5.1767965350630725,,,,,,701.9374932183159,0.0,0.0,0.0,0.0,3.016209962239243e-07,,5.057795575384557,0.148523454835429,,,,,,1.0741070001083012e-06,1.5829507944851938e-06,504.0044378698225,2.3553919421850577e-07,2.1609163584088433e-07,,268.7209974661381,2.529512065843012e-07,,269.21156915969397,8.673093022679436e-07,,,,1.0741070001083012e-06,,0.0,,,,,,,1.5829507944851938e-06,,,,,,,,,
1979-12-07 00:00:00,0.33195211196086816,0.14798630483051728,,0.1901249462330835,-0.33798808600070207,264.90708381607686,269.7192540817712,0.8329965680308596,,,,,,,0.01507965629622781,,,271.4605407714844,271.4602813720703,271.4601135253906,271.4599609375,0.14176570734328772,,,,,,0.0014936684151372966,,,102481.65051775148,,,1.8106508875739644,130.0761298004692,0.10489438694609693,,263.3132475000867,,74747.71348002959,0.15614129241401628,0.00044116324926974504,0.008511808496960522,2.9499714191143328e-05,0.00023330598187869822,,258.7849722416443,0.07282441572324765,-0.21896993196927583,6.472181580943873e-08,0.006180513829279404,0.009953447536306356,9.526220794709278e-08,-0.0031493210933617585,0.0010523781973934738
1979-12-07 18:00:00,,,4.198507077595186,,,,,,2174.775106042381,1.8786374457489104e-06,0.0,1.87984981833125e-06,2.0561838996480908e-07,1.9256627993429488e-07,,4.168192412020892,0.24315232496995193,,,,,,1.8630507429675944e-05,1.864417417514959e-05,944.2511094674556,0.0,4.324268483551296e-06,,269.6018637030788,4.5942307929315515e-06,,269.91495076015855,6.571379021780025e-06,,,,2.0510125795059657e-05,,0.0,,,,,,,2.0522337693434496e-05,,,,,,,,,
1979-12-08 00:00:00,0.8640001285710984,-0.8786929881078958,,0.31988313776501537,-0.5518794821564262,268.35999979775335,271.43512197641223,0.8304358371616115,,,,,,,0.05199527176174187,,,271.4596252441406,271.45977783203125,271.46002197265625,271.4599609375,0.19504614835660133,,,,,,0.5020867522651628,,,102354.39940828402,,,2.224852071005917,129.69696929751063,0.10507707765116495,,266.6356501833222,,74571.99935281066,0.5540168355907914,0.02325728376941568,0.0009181259651861247,0.0,0.022635375254252958,,261.73368140226285,0.18816900006412754,-0.20361366250811244,-1.228151669620382e-07,-0.02399137810137145,-0.010057930762951191,2.0736310015572546e-08,0.00031991488129429565,-0.00034012581557917173
1979-12-08 18:00:00,,,4.681727787446693,,,,,,1056.7717512263807,0.0,0.0,0.0,0.0,3.197193794184004e-07,,4.631865975419445,0.07560576489691198,,,,,,1.050355519063374e-06,1.0386065265836096e-06,265.67048816568047,0.0,1.9547028037217947e-07,,267.05843258468354,1.9525673747415373e-07,,267.43386606069714,3.4233819715370086e-07,,,,1.050355519063374e-06,,0.0,,,,,,,1.0386065265836096e-06,,,,,,,,,
1979-12-09 00:00:00,0.887570076440213,-0.8557638755211463,,0.2614945067456488,-0.5295631984281822,262.8257525743112,267.0938941910422,0.8279051375106947,,,,,,,0.0,,,271.46043395996094,271.4596405029297,271.4599914550781,271.4599609375,0.08471815120539017,,,,,,0.024679511256471894,,,102347.86612426036,,,1.165680473372781,130.72821929751063,0.10516403976982162,,260.91780153534114,,74595.74336630917,0.10413635976215792,0.000767555462538138,0.0019547050521218565,0.0,0.001093638719186275,,256.8904975123659,0.16297810917069927,-0.25792847582574424,-1.82805206081086e-08,0.0034601164075198786,-0.0018485135580661029,-3.5666130719425367e-09,0.0025179469021114373,-0.001525748653348381
1979-12-09 18:00:00,,,5.08239879833876,,,,,,1224.6900410970052,2.569458364734988e-06,8.899572487237185e-08,0.0,0.0,1.8000765957631247e-07,,5.034575197118274,0.06334311581222263,,,,,,2.9802046848472055e-07,4.1508192979019777e-07,182.06582840236686,8.289080895703925e-09,1.853924332814809e-07,,267.182134775015,2.0787574505135858e-07,,267.4321625839324,1.205274691948524e-06,,,,2.9802046848472055e-07,,0.0,,,,,,,2.9878371213314803e-06,,,,,,,,,
1979-12-10 00:00:00,0.5290217597103684,-0.5462342606493708,,0.2126556430342635,-0.38156857010880874,261.9353877863235,267.8066360202767,0.823851769492471,,,,,,,0.0144675441042206,,,271.45957946777344,271.4600830078125,271.4600372314453,271.4599609375,0.06909224831846339,,,,,,0.026624600562823595,,,102305.41863905326,,,0.9112426035502958,130.47368897206684,0.10507217948958719,,260.9382350402471,,74645.46669286242,0.09644295054779956,0.0009924843466493506,0.0029441506199582796,5.546406175963272e-06,0.0008008987945917795,,257.2947136692747,0.0916359093062271,-0.2013732205481219,-6.679617544944734e-08,0.018016768197843133,-0.00841108687530608,-2.6064128565881676e-07,0.0024500768301049633,-0.0010741181098497831
1979-12-10 18:00:00,,,4.013070591808071,,,,,,3050.987936850706,7.006411369030292e-06,8.116352245123429e-08,4.449495549738055e-06,5.179145456065793e-07,1.6008883225765993e-07,,3.950563159920055,0.14407926480445635,,,,,,3.936044739548272e-06,6.154686565229879e-06,511.88720414201185,1.3757673417322734e-06,7.014870423184344e-07,,269.06282350438585,1.7556257149171546e-06,,269.44919346916606,6.445193079096326e-06,,,,8.386047281457123e-06,,0.0,,,,,,,1.3155036071348472e-05,,,,,,,,,
1979-12-11 00:00:00,0.27502106209478433,-0.24173418868928265,,0.06143132610433906,-0.48178391202667054,264.9877926075952,270.0371771818082,0.8198271161000404,,,,,,,0.7238238690167489,,,271.46087646484375,271.45997619628906,271.4600830078125,271.4599609375,0.20337699574126294,,,,,,0.5117759930311575,,,102281.90698964497,,,2.1242603550295858,131.07069803271773,0.10507082515919702,,264.2255530724159,,74651.9739737426,0.9255058268118187,0.01324473157767537,0.03862766965606509,0.0007148296875361154,0.007541439011031706,,259.05704547949796,0.009617589634551098,-0.22852643707094814,-4.105301940339733e-08,0.273155337805755,0.05543687108617563,7.796985064164773e-08,0.09028031875395916,-0.0034900335870550934
1979-12-11 18:00:00,,,4.243352319361896,,,,,,1471.9995771801198,1.4579728157562618e-05,8.873327376221764e-07,8.728465384985569e-06,1.0824503277885844e-06,3.207576207640256e-07,,4.076810136701933,0.21984393780048078,,,,,,1.773079471475274e-05,1.86812066467556e-05,821.6664201183432,1.7986098337455613e-07,4.3201905030470625e-06,,268.1412611741286,4.51200988871106e-06,,268.5788476706962,1.2327823236849181e-05,,,,2.6460670860561392e-05,,0.0,,,,,,,3.3266710106437725e-05,,,,,,,,,
1979-12-12 00:00:00,0.33214991191435145,-0.24909290336292877,,0.024725095760187454,-0.5298175303893682,264.2698581853562,267.7156346789479,0.8185410164517058,,,,,,,0.07042021441036428,,,271.4598693847656,271.4601135253906,271.45977783203125,271.4599609375,0.23555082964473928,,,,,,0.13670096312754254,,,102269.35817307692,,,2.7159763313609466,131.11223372058757,0.10534729195769722,,263.42708095573107,,74525.64217363166,0.33994749170788646,0.00782138215014215,0.024616986336792716,6.518138230905025e-05,0.0077104060607549,,258.97145468807787,-0.005267755872399144,-0.2246017230332956,-4.249223826188572e-09,0.08683998940082696,-0.006630076811863826,2.6318438891211206e-07,0.0672907684902115,0.022263248996621757
1979-12-12 18:00:00,,,4.503405480695194,,,,,,1049.594371428313,7.364965049472786e-06,8.67689546396041e-07,1.7939146453812277e-06,1.0314948592312943e-07,2.948987587616538e-07,,4.398359473640396,0.23634266147952107,,,,,,2.000234007130008e-05,2.0948916497315177e-05,916.0099852071006,3.561509784156754e-07,4.1160710464567825e-06,,266.9123633570925,4.748400499129436e-06,,267.1662980480307,8.487908621511515e-06,,,,2.1796342889232747e-05,,0.0,,,,,,,2.832366869999812e-05,,,,,,,,,
1979-12-13 00:00:00,0.27233708962886294,-0.31246472533637953,,0.06265024038461539,-0.5898776308319272,265.15086464063654,268.72790861411914,0.8171469061332342,,,,,,,0.0002247610035732653,,,271.45977783203125,271.4600830078125,271.45989990234375,271.4599609375,0.24472515399639422,,,,,,0.134382532027787,,,102114.48483727811,,,2.7810650887573964,130.16874721910827,0.10509871872219108,,262.7671981901812,,74334.34643121302,0.299172126869919,0.008287666817388592,0.014009949723644369,4.192119872076271e-05,0.007562264888244268,,258.59305540908724,-0.0011894318479052663,-0.2758103376309547,-4.0851030855221925e-08,0.03687795943762424,0.013884940046883194,1.2910065255623817e-07,0.01051716338953323,0.010883363636111367
1979-12-13 18:00:00,,,5.961379180998492,,,,,,1039.343569697166,2.3135375341720129e-07,0.0,9.347668149062162e-08,0.0,2.849532253234289e-07,,5.8596737765701565,0.19297420343703772,,,,,,1.3585406294941197e-05,1.6379903054096288e-05,680.1878698224853,7.206618168650295e-07,3.0143991024536495e-06,,264.36530814086194,2.9767494229875372e-06,,264.9640425281412,4.464925746240559e-06,,,,1.3679133717124984e-05,,0.0,,,,,,,1.6609283946674956e-05,,,,,,,,,
1979-12-14 00:00:00,0.23813485817090999,-0.7470679029205142,,0.03138652214637169,-0.5419786667682716,262.13071581597865,264.9998141858705,0.8150845233505294,,,,,,,0.0,,,271.45921325683594,271.46018981933594,271.4599151611328,271.4599609375,0.20727809928578034,,,,,,0.0687790368435651,,,102041.42899408285,,,2.0059171597633134,130.06524315106094,0.10530512713821683,,260.41424434142704,,74239.64515532544,0.23431739581407174,0.0014696600874500162,0.014416418131991956,3.2764214735764726e-05,0.0030728627944133693,,256.9060663527991,0.005170854591053618,-0.28852056469437637,4.872080240365581e-08,0.0029942215153032684,-0.003028326133299156,3.095311033914896e-07,0.009646958522719039,-0.0076854493491043
1979-12-14 18:00:00,,,5.526072716571876,,,,,,860.7776987062279,3.017661486857036e-06,6.524107512637709e-07,1.7034385860318968e-06,0.0,4.0198670251289546e-07,,5.47094736719978,0.21899874534832656,,,,,,2.0094921250315106e-05,2.536204086958304e-05,891.5728550295858,8.648900678877294e-07,4.299712427974453e-06,,267.92245402138616,5.0112208318428175e-06,,268.24991756642356,7.1214324623875366e-06,,,,2.1799517101084692e-05,,0.0,,,,,,,2.8375161470040767e-05,,,,,,,,,
1979-12-15 00:00:00,-0.15042068549161833,0.42097419535619973,,-0.15468561860936633,-0.2911581062000884,264.4992487980769,267.9783652943267,0.8123455520212297,,,,,,,0.0054797787638105585,,,271.4600524902344,271.4599914550781,271.45973205566406,271.4599609375,0.24451324643468011,,,,,,0.08044036323502218,,,101915.67455621302,,,2.804733727810651,130.22530694543963,0.1054723615477071,,263.3584306705633,,74303.11732618343,0.28003110264885356,0.0051774414333366076,0.03019655236995713,0.00030491479049772906,0.0054927239051231974,,259.1718333769127,-0.09349073601897652,-0.16971214565299672,-1.429049039418677e-07,0.02386781589474912,0.017628324631403184,-1.6567603042266556e-08,0.09944097506923921,0.006538293770784457
1979-12-15 18:00:00,,,5.683343718037802,,,,,,758.3036378559314,9.055717809665838e-06,4.4654024290967977e-07,1.4688224482113088e-06,1.6292083192859177e-07,2.7554089156290813e-07,,5.438004691219894,0.2932084664790588,,,,,,4.5665798807990624e-05,6.216420577122615e-05,1138.846523668639,2.9964339450971615e-06,1.0047879444776907e-05,,268.02633116231164,1.214563670243032e-05,,268.4273854092028,1.945580251118135e-05,,,,4.7132549201243025e-05,,0.0,,,,,,,7.121714614552154e-05,,,,,,,,,
1979-12-16 00:00:00,-0.18977537098720934,0.41471344197290183,,-0.24001681875195024,-0.30710114812004496,264.8645249767416,268.2550686266295,0.8119673626662711,,,,,,,0.001119308923123151,,,271.4601135253906,271.46038818359375,271.45997619628906,271.4599609375,0.3567503077038646,,,,,,0.19043576133233556,,,102015.26590236687,,,2.7514792899408285,128.21400424573548,0.10557488153672077,,263.23411298221384,,74275.07495839497,0.40637461082822474,0.012726371810281065,0.03450120553462463,0.00039629893895437026,0.015103808521519047,,259.5705968190932,-0.08980397888894617,-0.15151776646721293,-2.8708509166763554e-07,0.10114879697732099,0.0542225132327108,4.047497255540282e-07,0.1367150481490483,0.050678814656635714
1979-12-16 18:00:00,,,5.3909682211791266,,,,,,804.6752745529701,9.05514468808146e-06,1.2290592377002422e-06,4.0253414910220534e-06,3.4136829908782913e-07,2.599829621802459e-07,,5.32347967850386,0.1781997229220599,,,,,,1.1966117387692605e-05,1.3698223074512369e-05,725.7562869822485,4.0067536150210003e-07,2.0816327023082937e-06,,264.45907150358846,2.9754158131469636e-06,,264.87864811462765,7.90987141738982e-06,,,,1.5991591137541823e-05,,0.0,,,,,,,2.2751780656667856e-05,,,,,,,,,
1979-12-17 00:00:00,0.5115715625018058,-0.9192304046901726,,0.06081924212754831,-0.652969930298935,261.66054232444986,264.3088671441614,0.8132552888971813,,,,,,,2.617455093112923e-05,,,271.4604797363281,271.45933532714844,271.45997619628906,271.4599609375,0.21327751204812315,,,,,,0.06089584079719859,,,102241.66974852071,,,2.029585798816568,128.08218564366447,0.10599755958692562,,260.0223968325282,,74289.30082747781,0.24587299414640348,0.0012225088988535504,0.011360439323109282,3.9291981409287313e-05,0.0018116426185743344,,257.03615547496184,0.021032087901640222,-0.2893825677724985,2.5407794674241242e-08,0.003598854659378705,-0.004846812352626281,6.122266813959739e-08,0.04228870255442766,-0.008903325309414836
1979-12-17 18:00:00,,,4.811252514991534,,,,,,824.5176768242559,4.40107779742698e-07,3.472620830733395e-08,0.0,0.0,1.424140243576812e-07,,4.770813287362545,0.09092883950859837,,,,,,2.516400531904232e-06,3.0815094356706156e-06,301.27366863905326,9.480863809585571e-07,8.660032463496958e-07,,265.75008523252586,4.0863293426982047e-07,,266.0890409932334,1.5470370121256135e-06,,,,2.516400531904232e-06,,0.0,,,,,,,3.5211818634405645e-06,,,,,,,,,
1979-12-18 00:00:00,0.5841017785156972,-0.04015898281300562,,0.23228375022933329,-0.2624331874960273,260.8185853675978,266.5556530472795,0.8082638562783687,,,,,,,0.0015207945242435975,,,271.4603729248047,271.46014404296875,271.46022033691406,271.4599609375,0.11265455618412537,,,,,,0.042243731797799555,,,102014.76941568048,,,2.3195266272189348,129.64124167177098,0.10597651103544517,,259.1005758251664,,74319.35089219674,0.1347957814233543,0.0013616268451397235,0.016341260199010724,0.00011871622864311263,0.0019611381214751293,,255.8336353189141,0.10195546037346653,-0.12669555463734464,6.040486019068899e-08,0.006396998787717618,0.0026385503760456334,-2.2641951325018863e-08,0.018329699363934217,0.014516627294777413
1979-12-18 18:00:00,,,5.514252204161424,,,,,,1728.4909804494757,6.913168895879441e-06,4.041609326763266e-07,3.175358095112637e-06,2.4645605824402802e-08,3.0798844969177004e-07,,5.3774528887850295,0.32787300425873706,,,,,,3.152918180770422e-05,5.1291031244943835e-05,1118.4278846153845,5.752046609065942e-06,7.358396194390292e-06,,267.7566164456881,1.0295732486882859e-05,,268.12493011655187,1.525786325070985e-05,,,,3.470480442047119e-05,,2.7824501843142085e-07,,,,,,,5.8207286180123775e-05,,,,,,,,,
1979-12-19 00:00:00,0.4353160858154297,0.8691395866800342,,0.11122299510346362,-0.034253109136276695,263.2838655731382,268.3216708030926,0.8041863871749336,,,,,,,0.38004921456060464,,,271.4599609375,271.46014404296875,271.4600067138672,271.4599609375,0.29493893956291606,,,,,,0.30724718443740756,,,101714.53661242603,,,2.863905325443787,129.94498150165265,0.10621856091290537,,262.3638111543373,,74143.6583995932,0.7359420554877738,0.009019529677895807,0.045169130584897375,0.0010804960713584042,0.0123138427734375,,259.2466845089162,0.032216684000026544,-0.030378769840714494,-5.638467565302175e-07,0.13238632295848307,0.031356819635742765,1.1487334405937227e-06,0.21245221794891508,0.04506740661767813
1979-12-19 18:00:00,,,5.8298902285874945,,,,,,244.27076190450916,7.455650518631794e-07,9.024253985761891e-09,3.2408647900502357e-07,7.221469732783955e-08,2.128963979782906e-07,,5.684223136958286,0.27624927046736314,,,,,,3.8383451439219816e-05,4.942142046414889e-05,989.0591715976332,1.229081280838103e-06,8.644348770909055e-06,,265.1629872519589,1.0101752873708511e-05,,265.5658967509072,1.1576350624039328e-05,,,,3.870704470301521e-05,,8.394798407187828e-07,,,,,,,5.0160130100137383e-05,,,,,,,,,
1979-12-20 00:00:00,0.8445604538776466,0.2739183662911139,,0.17169563022590953,-0.2303451391366812,262.6681547447069,266.4868121626814,0.8028406176341356,,,,,,,0.0,,,271.45957946777344,271.46018981933594,271.4600067138672,271.4599609375,0.3048245582354845,,,,,,0.05000675359421228,,,101732.36834319527,,,2.6508875739644973,128.94517796984792,0.1062185383407322,,260.1730529062847,,73970.54387019231,0.30921701284555286,0.0073545896089993994,0.024808037210498336,0.0002491551743456598,0.012322510487934542,,257.3419092844224,0.08829512328085815,-0.09556669314232098,2.685054280270255e-07,0.035443667109457073,0.029209708902411737,2.1085251582863592e-07,0.07277810961399338,0.05390078413504115
1979-12-20 18:00:00,,,5.8226925325111525,,,,,,578.6709430973705,1.2864904290825658e-05,7.929467766948e-07,8.329837279912282e-06,7.561788227431167e-07,7.420147504979887e-08,,5.599738990061382,0.26858105179826186,,,,,,4.5675321443546455e-05,5.774385124973997e-05,1025.9297337278106,3.064437025397487e-06,1.0281184015894782e-05,,264.33190258861293,1.2580547812422352e-05,,264.8451197697566,1.7252194105520757e-05,,,,5.400445334304719e-05,,2.5462248974297878e-06,,,,,,,7.060258346196463e-05,,,,,,,,,
1979-12-21 00:00:00,1.223712588203024,-0.48167054892997063,,0.3642766264063367,-0.49661244725334575,260.9993129933374,265.87555581719215,0.8002254603177132,,,,,,,0.0,,,271.4601135253906,271.46026611328125,271.4599151611328,271.4599609375,0.2946321385851979,,,,,,0.08859261958556768,,,101985.41771449705,,,2.473372781065089,129.42613211185974,0.106409930618557,,258.96285658616284,,74052.68678346893,0.30890235675157174,0.007314478857277413,0.020955689560026813,0.0007662857777973604,0.01964600692839312,,256.3431702563043,0.17269164923380112,-0.2094408125567013,3.7539593473981965e-07,0.04205666491174884,0.0015603180467729737,1.5237870124670175e-07,0.07079181422137783,0.05060996597952391
1979-12-21 18:00:00,,,5.717164146829639,,,,,,367.3082224527995,0.0,0.0,0.0,0.0,8.71450968927803e-08,,5.589353713763536,0.04105192105445636,,,,,,2.8623100618153987e-08,2.7873806142903997e-08,120.6671597633136,0.0,1.1102551630196663e-08,,263.68520314594696,1.1427214330602327e-08,,264.03081002320056,1.2019322289583775e-08,,,,2.7917634100603633e-08,,0.0,,,,,,,2.7873806142903997e-08,,,,,,,,,
1979-12-22 00:00:00,0.6192057965069833,-0.3675694663143722,,0.16006667797382063,-0.39291873345008266,257.1906407824635,264.7410942845091,0.795654317331032,,,,,,,0.0,,,271.4591369628906,271.4596862792969,271.45977783203125,271.4599609375,0.029443052393444896,,,,,,0.0004480830311069827,,,102348.83875739644,,,0.47337278106508873,129.58188516289525,0.1063917205178526,,255.70741876906897,,74495.93890994822,0.029891155175203403,9.39740848964488e-06,0.0004727671132285214,0.0,0.0,,253.75165309567424,0.07541557740883009,-0.1478239714041264,-4.7479990957954594e-08,-6.358300484840884e-05,1.6795107598840838e-06,1.2986056800567377e-07,0.00033871075221111435,-0.00045484654362914123
1979-12-22 18:00:00,,,5.394755205459143,,,,,,529.1605210737748,0.0,0.0,0.0,0.0,1.9802184354068888e-07,,5.260730980416022,0.04057239780764608,,,,,,4.7186953043179396e-08,7.006080721962381e-07,128.3435650887574,1.243770276830041e-07,1.8825184157085136e-08,,266.58958254481206,1.3522913999106052e-07,,266.80235371787165,5.296029194572268e-07,,,,4.7186953043179396e-08,,0.0,,,,,,,7.006080721962381e-07,,,,,,,,,
1979-12-23 00:00:00,0.6254110562025442,-0.2928990753444694,,0.17071752153204742,-0.4193416065012915,261.3072568453275,267.28855173686554,0.7905990985723642,,,,,,,0.0,,,271.4597473144531,271.46014404296875,271.4597625732422,271.4599609375,0.02588044115777552,,,,,,0.007140887559518306,,,102072.84837278107,,,0.6331360946745562,130.30048492251063,0.10624606510591225,,259.6493246766943,,74517.58394970415,0.028199054785734097,1.1924279512032954e-05,0.004010217429618159,0.0002548849794286243,4.618147597510434e-07,,256.80475223699267,0.049142048203733545,-0.19750541766014326,-7.357735785531857e-09,0.000270843505859375,-0.0002254178154608786,3.121398409488253e-07,0.006924072688324212,-0.0020841451791616585
1979-12-23 18:00:00,,,5.424598090042024,,,,,,2712.566369297993,7.060857919546274e-06,2.429197878527218e-06,0.0,0.0,2.423937167433647e-07,,5.298139583429641,0.08119662132488906,,,,,,2.2138749971192265e-07,1.2155302618382245e-06,305.27034023668637,2.7331837711954965e-07,7.93105211748174e-08,,267.0373404237646,6.170756012730345e-07,,267.4639451066418,2.5957117419271073e-06,,,,2.2138749971192265e-07,,0.0,,,,,,,8.274905780363365e-06,,,,,,,,,
1979-12-24 00:00:00,0.7615190483409272,-0.2533728695480076,,0.24112996547179816,-0.30184193898940226,262.99792146400586,268.36115775023694,0.785429686131562,,,,,,,0.05740469306178347,,,271.4598846435547,271.45989990234375,271.46006774902344,271.4599609375,0.08917642627242049,,,,,,0.02582116663103273,,,102012.85040680473,,,0.9349112426035503,130.82816382413785,0.10609970995660364,,261.2817689794055,,74516.77172707101,0.14792086810049926,0.0007755657624916213,0.009683349428797615,0.0002453425932212694,0.0012445054816071098,,258.1188200098523,0.058986991467560534,-0.1905869816887308,1.3666738477534167e-07,0.023301028408187294,-0.0032311177112647064,3.041977511175368e-07,0.02942304069743927,-0.007336478614242825
1979-12-24 18:00:00,,,5.096338197324403,,,,,,4227.795209263909,2.4308290707289115e-06,1.0366887735897267e-07,2.6663379556328586e-07,3.953657206698988e-07,6.280038851077706e-08,,4.98844080458026,0.043838591265255175,,,,,,2.2713111482075686e-07,4.507863023401012e-07,163.89866863905326,8.969016982099184e-09,9.925887209071211e-08,,270.26489050148507,2.9738948366345737e-07,,270.51489321014583,1.627081156482358e-06,,,,4.93766288080159e-07,,0.0,,,,,,,2.8826031811843963e-06,,,,,,,,,
1979-12-25 00:00:00,0.42420278357330865,-0.03252124786376953,,0.12950901166927178,-0.3360362701867459,261.6964143832054,268.7423725015313,0.7818462816921211,,,,,,,0.8165646803802287,,,271.45994567871094,271.45936584472656,271.46018981933594,271.4599609375,0.05341334596893491,,,,,,0.3787031907301683,,,102031.28032544379,,,0.6982248520710059,131.02833024425618,0.10601756417539698,,264.2820490549302,,74581.49687962278,0.8743170492747832,0.013164202487041083,0.00803447475094767,8.908989866809732e-05,0.0059483178268522905,,260.1337582740558,0.024713597001408683,-0.15980546714286126,-1.3339812588359962e-06,0.627059407510172,0.057431917725759146,1.100427992042628e-07,0.02874393613468966,-0.003558309473229583
1979-12-25 18:00:00,,,5.587802683813332,,,,,,2587.794759792752,6.504797723871717e-06,1.1099546530542994e-07,2.5997676792934802e-06,2.97620936610995e-07,3.131319597461977e-07,,5.465873667474329,0.07871169592501849,,,,,,2.4665609972011408e-06,4.978552901533229e-06,295.47707100591714,6.24090829897209e-07,7.944016237936076e-07,,269.53353791547244,7.015118408485277e-07,,269.8995722482896,4.5450745955021425e-06,,,,5.0659539431509885e-06,,0.0,,,,,,,1.1501492127864319e-05,,,,,,,,,
1979-12-26 00:00:00,0.6594137835079397,-0.1423549257086579,,0.21380661507329998,-0.42374683131833046,264.7018675493771,270.18853037456086,0.7793844899482275,,,,,,,0.2300868288299741,,,271.4593048095703,271.45947265625,271.4600067138672,271.4599609375,0.10108595628004807,,,,,,0.03468959289189626,,,102017.52163461539,,,1.3550295857988166,131.26520154603134,0.10600889646089993,,263.15289992834687,,74526.08498982988,0.32611183301936947,0.0015456013425567447,0.009348242945925019,0.00036444466494949614,0.0016330064401118712,,259.8529817479602,0.04981751131588185,-0.20063342145208776,1.0985860769146469e-07,0.06294844136435605,0.009447807501230015,3.547523208682359e-07,0.048655017945893414,-0.0055555680094385995
1979-12-26 18:00:00,,,5.456269523801183,,,,,,603.676533092152,7.5956685303230964e-06,6.986641429761457e-08,6.631457594019422e-06,2.2499981892884835e-07,3.330111137220013e-07,,5.215744854077785,0.26343188765486314,,,,,,2.6867058150161653e-05,3.6773067959666955e-05,954.5188609467456,1.4082038190943249e-06,6.4933352921841414e-06,,268.91058114858777,7.572611408120782e-06,,269.26533842368946,1.1522697626486333e-05,,,,3.349992650500416e-05,,0.0,,,,,,,4.4358376215195517e-05,,,,,,,,,
1979-12-27 00:00:00,0.876267783035188,0.23256698021521935,,0.2549175059301613,-0.21806227667091865,265.4009245020398,268.97535353440503,0.7779321219088763,,,,,,,0.00019194247454581176,,,271.4596710205078,271.4607696533203,271.4596405029297,271.4599609375,0.26357689129530326,,,,,,0.048736030533468935,,,101678.02329881657,,,2.775147928994083,131.02056397206684,0.10630859849015636,,263.90799798909023,,74200.44214589497,0.2726319442839312,0.003748978383442354,0.021428572703274303,0.0005432868144921297,0.011121806308362611,,260.24487015763685,0.10408677822034035,-0.12993385946962255,9.243690301822609e-08,0.02594242997379001,0.0036524249428122706,4.359872628708739e-07,0.0877631422085412,0.02416495833347535
1979-12-27 18:00:00,,,5.55427081204025,,,,,,427.3662165715144,6.643801751221425e-06,3.433990231632481e-07,5.141363517772516e-06,1.2422300125720233e-06,1.6692786646446148e-07,,5.4701053404949125,0.3491507084411982,,,,,,1.2685737666293715e-05,4.057127695817214e-05,1148.8306213017752,5.7639499035107315e-06,2.89984091499148e-06,,268.17048717250486,6.4246929608858545e-06,,268.546778932831,1.789338489961342e-05,,,,1.7827167313479813e-05,,1.9240731748162643e-08,,,,,,,4.721772388593685e-05,,,,,,,,,
1979-12-28 00:00:00,-0.304516459357809,0.16784941656349678,,-0.24020993497950086,-0.21792495321239946,264.6173368374977,268.7107052774824,0.7759865910343869,,,,,,,0.003158242039426544,,,271.4598083496094,271.4605407714844,271.4597625732422,271.4599609375,0.36366100424140163,,,,,,0.10499094223835059,,,101883.91568047338,,,2.467455621301775,131.09732525165265,0.10645401125123514,,263.6023527066383,,74316.20927329881,0.37548042613373706,0.0017891522695326946,0.08774959406203772,0.0018012707050030048,0.0105568699582794,,259.0192534316926,-0.12245464324951172,-0.13341088266767695,1.6947458617006202e-07,0.0218639317339769,-0.004234651842060879,2.5084539807054417e-07,0.3243532801520895,-0.03066140554360384
1979-12-28 18:00:00,,,5.566692420011441,,,,,,378.738981340315,5.165941616487221e-06,1.3642498022000464e-07,3.5437871013167344e-06,1.608928632454054e-07,3.80648831713231e-07,,5.443807297204373,0.3181918894750832,,,,,,1.5132702313936674e-05,2.6474954813895142e-05,1049.0702662721894,2.0639100194682736e-06,3.5336252147629418e-06,,268.9184967582748,4.679736124693289e-06,,269.4022168943868,1.0259780129032022e-05,,,,1.8675210913257487e-05,,2.8310966341805882e-08,,,,,,,3.164019104997082e-05,,,,,,,,,
1979-12-29 00:00:00,-0.060156060393745374,0.4768157992842635,,-0.1986645128599991,-0.2043478361953645,264.79055289545005,268.0938882319885,0.7728968456652038,,,,,,,0.002869126359386557,,,271.4601135253906,271.4600524902344,271.459716796875,271.4599609375,0.32563610189765163,,,,,,0.08185482589450814,,,101858.13590976331,,,2.698224852071006,131.39801404603134,0.10666345844607382,,264.9947851056883,,74343.12449149408,0.33853293875970786,0.0024392844657220784,0.05595835849378236,0.0008838049758820844,0.005492960912941476,,260.1153998741737,-0.08116618698165262,-0.0949068870064775,1.2740589259467886e-08,0.013257867484904345,0.005660092336891671,8.332320749373919e-07,0.24412205017353655,-0.01175895139310487
1979-12-29 18:00:00,,,7.028207158195902,,,,,,1222.9392155754495,0.00018838744544418605,2.984684952617397e-05,5.906538145076594e-05,6.6810766973439055e-06,-3.0209603802075045e-08,,6.805482221072947,0.4028130706245377,,,,,,0.00015471725774234568,0.00016834397287763788,1568.5584319526627,3.5958089066680365e-06,3.029485426005527e-05,,271.34284837711493,5.691070881115614e-05,,271.65365555441593,0.00014268038188212017,,,,0.00021378087574208278,,1.1482494387268667e-08,,,,,,,0.00035673538608663885,,,,,,,,,
1979-12-30 00:00:00,-0.3320974090395594,1.0766582489013672,,-0.26060224002634985,0.32233936828974435,269.56707384459366,272.15303590311805,0.8008993564272774,,,,,,,0.5186940932414941,,,271.45957946777344,271.4596252441406,271.4598693847656,271.4599609375,0.4151875873994545,,,,,,0.7555141288280134,,,101485.86686390532,,,3.0,123.5345016569781,0.10852329265436478,,269.50993906957865,,74040.35003698224,0.9667758486680025,0.10695725179018353,0.03130124922259689,0.0043486758802064075,0.1671407639142677,,264.0815689718935,-0.0727713711162996,0.1852699193728746,-6.450453381186362e-06,2.485515324321724,0.6932595198500086,-1.6080983122259644e-06,0.2471436438330321,0.08635926317181107
1979-12-30 18:00:00,,,9.051704564743494,,,,,,210.29783328548893,4.006856942229722e-08,0.0,1.862645149230957e-08,0.0,2.073950475025316e-07,,8.665441513061523,0.23929284451275887,,,,,,4.3831677479151435e-06,1.0366535045691495e-05,804.4441568047338,9.483729417507465e-07,5.375494706560169e-07,,265.21646506405443,9.93765273390437e-07,,265.9550956410064,3.857714449160197e-06,,,,4.399788273862128e-06,,0.0,,,,,,,1.0402333101577308e-05,,,,,,,,,
1979-12-31 00:00:00,1.8029291446392353,-0.8212545552902674,,0.5177687244302422,-0.42436330558280266,262.51632058408836,266.33310740092804,0.8043990392656721,,,,,,,2.7027532193787703e-06,,,271.46026611328125,271.4604797363281,271.46009826660156,271.4599609375,0.20086083045372596,,,,,,0.020481448201738167,,,101609.2899408284,,,1.9408284023668638,125.38270108375323,0.10942907728387054,,260.3455110809507,,73906.84338017751,0.20449495033399592,0.0002841032468355619,0.011946796665530232,0.00024236447712373452,0.0007571835489668085,,257.80185803294887,0.33813637671386,-0.15233916749615642,-2.043252499476516e-08,9.471065634806481e-05,-0.00016542797434259448,1.8191619922741753e-07,0.007284336188841148,-0.0067333614332436105
